{"start": {"Count": {"BIKE_TRIP": 2, "FOOT": 28, "PASSENGER_CAR": 20, "RAIL_TRIP": 11}, "Duration": {"BIKE_TRIP": 1507.69, "FOOT": 110632.565, "PASSENGER_CAR": 38364.229999999996, "RAIL_TRIP": 9469.287}, "Distance": {"BIKE_TRIP": 4.417081541663009, "FOOT": 95.96137637634997, "PASSENGER_CAR": 560.933794424342, "RAIL_TRIP": 61.032824059345174}, "Total_Count": 47, "Total_Duration": 159973.772, "Total_Distance": 722.3450764017001, "Total_Emission": 105.00232076921931}, "start_percents_count": {"BIKE_TRIP": 0.0425531914893617, "FOOT": 0.5957446808510638, "PASSENGER_CAR": 0.425531914893617, "RAIL_TRIP": 0.23404255319148937}, "start_percents_duration": {"BIKE_TRIP": 0.009424607428772762, "FOOT": 0.6915668963534848, "PASSENGER_CAR": 0.23981574929670343, "RAIL_TRIP": 0.059192746921039034}, "start_percents_distance": {"BIKE_TRIP": 0.006114918874599825, "FOOT": 0.13284700001607724, "PASSENGER_CAR": 0.7765454666329082, "RAIL_TRIP": 0.0844926144764147}, "end": {"Count": {"BIKE_TRIP": 6, "BUS": 1, "FOOT": 33, "MOTORCYCLE": 2, "PASSENGER_CAR": 25, "RAIL_TRIP": 12, "SCOOTER": 1}, "Duration": {"BIKE_TRIP": 270837.777, "BUS": 180.269, "FOOT": 58960.518, "MOTORCYCLE": 4810.624, "PASSENGER_CAR": 64455.483, "RAIL_TRIP": 11559.758, "SCOOTER": 600.928}, "Distance": {"BIKE_TRIP": 135.416420877973, "BUS": 2.9938258120534096, "FOOT": 52.39999981708214, "MOTORCYCLE": 41.51795166239844, "PASSENGER_CAR": 943.9925189701311, "RAIL_TRIP": 36.54278372970303, "SCOOTER": 3.705181066996121}, "Total_Count": 52, "Total_Duration": 411405.35699999996, "Total_Distance": 1216.5686819363373, "Total_Emission": 173.61061080710218}, "end_percents_count": {"BIKE_TRIP": 0.11538461538461539, "BUS": 0.019230769230769232, "FOOT": 0.6346153846153846, "MOTORCYCLE": 0.038461538461538464, "PASSENGER_CAR": 0.4807692307692308, "RAIL_TRIP": 0.23076923076923078, "SCOOTER": 0.019230769230769232}, "end_percents_duration": {"BIKE_TRIP": 0.6583234087542521, "BUS": 0.0004381785432123093, "FOOT": 0.14331490097733462, "MOTORCYCLE": 0.011693148662621815, "PASSENGER_CAR": 0.1566714723162927, "RAIL_TRIP": 0.028098219440540733, "SCOOTER": 0.001460671305745783}, "end_percents_distance": {"BIKE_TRIP": 0.11131013225035437, "BUS": 0.00246087693732862, "FOOT": 0.04307196181779092, "MOTORCYCLE": 0.03412709227095743, "PASSENGER_CAR": 0.7759467533453487, "RAIL_TRIP": 0.030037583798014706, "SCOOTER": 0.0030455995802052154}}