{"start": {"Count": {"BIKE_TRIP": 1, "FOOT": 5, "RAIL_TRIP": 5}, "Duration": {"BIKE_TRIP": 688.201, "FOOT": 5157.527, "RAIL_TRIP": 5632.739}, "Distance": {"BIKE_TRIP": 1.452485487260699, "FOOT": 5.921608325622778, "RAIL_TRIP": 27.260731735016034}, "Total_Count": 9, "Total_Duration": 11478.466999999997, "Total_Distance": 34.63482554789951, "Total_Emission": 0.13630365867507982}, "start_percents_count": {"BIKE_TRIP": 0.1111111111111111, "FOOT": 0.5555555555555556, "RAIL_TRIP": 0.5555555555555556}, "start_percents_duration": {"BIKE_TRIP": 0.059955828596275115, "FOOT": 0.4493219347148013, "RAIL_TRIP": 0.4907222366889238}, "start_percents_distance": {"BIKE_TRIP": 0.0419371388272746, "FOOT": 0.17097266210950798, "RAIL_TRIP": 0.7870901990632174}, "end": {"Count": {"FOOT": 4, "PASSENGER_CAR": 1, "RAIL_TRIP": 1}, "Duration": {"FOOT": 19418.857, "PASSENGER_CAR": 746.118, "RAIL_TRIP": 5285.548}, "Distance": {"FOOT": 11.18496972131953, "PASSENGER_CAR": 4.480488772722333, "RAIL_TRIP": 32.94261912375707}, "Total_Count": 5, "Total_Duration": 25450.523, "Total_Distance": 48.60807761779893, "Total_Emission": 1.4246977503369735}, "end_percents_count": {"FOOT": 0.8, "PASSENGER_CAR": 0.2, "RAIL_TRIP": 0.2}, "end_percents_duration": {"FOOT": 0.7630042416024221, "PASSENGER_CAR": 0.029316411297323833, "RAIL_TRIP": 0.20767934710025407}, "end_percents_distance": {"FOOT": 0.23010516501528755, "PASSENGER_CAR": 0.0921758068268411, "RAIL_TRIP": 0.6777190281578713}}