{"start": {"Count": {"FOOT": 1, "PASSENGER_CAR": 4}, "Duration": {"FOOT": 960.427, "PASSENGER_CAR": 2447.8450000000003}, "Distance": {"FOOT": 0.5361244640000108, "PASSENGER_CAR": 9.740030730514912}, "Total_Count": 4, "Total_Duration": 3408.272, "Total_Distance": 10.276155194514923, "Total_Emission": 2.2284933751208733}, "start_percents_count": {"FOOT": 0.25, "PASSENGER_CAR": 1.0}, "start_percents_duration": {"FOOT": 0.2817929437556627, "PASSENGER_CAR": 0.7182070562443374}, "start_percents_distance": {"FOOT": 0.05217169786285211, "PASSENGER_CAR": 0.9478283021371479}, "end": {"Count": {"FOOT": 2, "PASSENGER_CAR": 3, "RAIL_TRIP": 1}, "Duration": {"FOOT": 1824.517, "PASSENGER_CAR": 4835.287, "RAIL_TRIP": 2283.69}, "Distance": {"FOOT": 3.193795650772763, "PASSENGER_CAR": 89.88749221449052, "RAIL_TRIP": 25.85691831310535}, "Total_Count": 4, "Total_Duration": 8943.494, "Total_Distance": 118.93820617836865, "Total_Emission": 18.85094287178424}, "end_percents_count": {"FOOT": 0.5, "PASSENGER_CAR": 0.75, "RAIL_TRIP": 0.25}, "end_percents_duration": {"FOOT": 0.2040049448235779, "PASSENGER_CAR": 0.5406485429520052, "RAIL_TRIP": 0.25534651222441695}, "end_percents_distance": {"FOOT": 0.026852562800410054, "PASSENGER_CAR": 0.7557495198783182, "RAIL_TRIP": 0.21739791732127167}}