{"start": {"Count": {"FOOT": 3, "MOTORCYCLE": 1, "PASSENGER_CAR": 8, "RAIL_TRIP": 2}, "Duration": {"FOOT": 1986.283, "MOTORCYCLE": 1617.83, "PASSENGER_CAR": 8291.825, "RAIL_TRIP": 3501.499}, "Distance": {"FOOT": 4.095956224294094, "MOTORCYCLE": 17.56188354863563, "PASSENGER_CAR": 100.12940554880477, "RAIL_TRIP": 16.317487001391473}, "Total_Count": 13, "Total_Duration": 15397.437, "Total_Distance": 138.10473232312597, "Total_Emission": 18.778008198916858}, "start_percents_count": {"FOOT": 0.23076923076923078, "MOTORCYCLE": 0.07692307692307693, "PASSENGER_CAR": 0.6153846153846154, "RAIL_TRIP": 0.15384615384615385}, "start_percents_duration": {"FOOT": 0.12900088501742205, "MOTORCYCLE": 0.10507138298406417, "PASSENGER_CAR": 0.538519819889505, "RAIL_TRIP": 0.2274079121090088}, "start_percents_distance": {"FOOT": 0.029658333609529873, "MOTORCYCLE": 0.12716351752194702, "PASSENGER_CAR": 0.7250251592720973, "RAIL_TRIP": 0.1181529895964258}, "end": {"Count": {"BIKE_TRIP": 3, "FOOT": 5, "MOTORCYCLE": 1, "PASSENGER_CAR": 9, "RAIL_TRIP": 2}, "Duration": {"BIKE_TRIP": 2017.632, "FOOT": 11022.242, "MOTORCYCLE": 828.805, "PASSENGER_CAR": 22071.400999999998, "RAIL_TRIP": 1428.142}, "Distance": {"BIKE_TRIP": 18.647230885095606, "FOOT": 24.109279646340838, "MOTORCYCLE": 12.758284243556158, "PASSENGER_CAR": 508.0051225931856, "RAIL_TRIP": 8.724091998528767}, "Total_Count": 16, "Total_Duration": 37368.222, "Total_Distance": 572.244009366707, "Total_Emission": 105.20940637046061}, "end_percents_count": {"BIKE_TRIP": 0.1875, "FOOT": 0.3125, "MOTORCYCLE": 0.0625, "PASSENGER_CAR": 0.5625, "RAIL_TRIP": 0.125}, "end_percents_duration": {"BIKE_TRIP": 0.05399325662323458, "FOOT": 0.29496297683095546, "MOTORCYCLE": 0.022179406876784234, "PASSENGER_CAR": 0.590646271583379, "RAIL_TRIP": 0.038218088085646675}, "end_percents_distance": {"BIKE_TRIP": 0.03258615307433657, "FOOT": 0.042131117585699464, "MOTORCYCLE": 0.02229518183628613, "PASSENGER_CAR": 0.8877421419498763, "RAIL_TRIP": 0.015245405553801385}}