{"start": {"Count": {"BIKE_TRIP": 1, "FOOT": 3, "PASSENGER_CAR": 4, "RAIL_TRIP": 2}, "Duration": {"BIKE_TRIP": 7353.011, "FOOT": 20197.536, "PASSENGER_CAR": 9913.524, "RAIL_TRIP": 2346.163}, "Distance": {"BIKE_TRIP": 6.343071202849069, "FOOT": 7.238696908393598, "PASSENGER_CAR": 206.3315988703037, "RAIL_TRIP": 10.796061175775453}, "Total_Count": 7, "Total_Duration": 39810.234000000004, "Total_Distance": 230.70942815732184, "Total_Emission": 27.06718518395496}, "start_percents_count": {"BIKE_TRIP": 0.14285714285714285, "FOOT": 0.42857142857142855, "PASSENGER_CAR": 0.5714285714285714, "RAIL_TRIP": 0.2857142857142857}, "start_percents_duration": {"BIKE_TRIP": 0.1847015267481221, "FOOT": 0.507345322310841, "PASSENGER_CAR": 0.2490194857935273, "RAIL_TRIP": 0.05893366514750955}, "start_percents_distance": {"BIKE_TRIP": 0.02749376674161621, "FOOT": 0.031375817478328176, "PASSENGER_CAR": 0.8943353573292429, "RAIL_TRIP": 0.046795058450812714}, "end": {"Count": {"BIKE_TRIP": 1, "FOOT": 4, "PASSENGER_CAR": 7, "RAIL_TRIP": 4}, "Duration": {"BIKE_TRIP": 7353.011, "FOOT": 19068.334, "PASSENGER_CAR": 14455.880000000001, "RAIL_TRIP": 5038.518}, "Distance": {"BIKE_TRIP": 6.343071202849069, "FOOT": 5.123451438951646, "PASSENGER_CAR": 264.34930961196585, "RAIL_TRIP": 28.50565180721471}, "Total_Count": 12, "Total_Duration": 45915.743, "Total_Distance": 304.32148406098116, "Total_Emission": 35.781210387867276}, "end_percents_count": {"BIKE_TRIP": 0.08333333333333333, "FOOT": 0.3333333333333333, "PASSENGER_CAR": 0.5833333333333334, "RAIL_TRIP": 0.3333333333333333}, "end_percents_duration": {"BIKE_TRIP": 0.16014139202756666, "FOOT": 0.4152896752645383, "PASSENGER_CAR": 0.31483493580840016, "RAIL_TRIP": 0.1097339968994948}, "end_percents_distance": {"BIKE_TRIP": 0.020843323705591613, "FOOT": 0.01683565475096391, "PASSENGER_CAR": 0.8686514868565588, "RAIL_TRIP": 0.09366953468688603}}