{"start": {"Count": {"BIKE_TRIP": 1, "BUS": 1, "FOOT": 15, "PASSENGER_CAR": 8, "RAIL_TRIP": 10, "UNKNOWN": 1}, "Duration": {"BIKE_TRIP": 557.818, "BUS": 541.114, "FOOT": 26342.717, "PASSENGER_CAR": 12204.112000000001, "RAIL_TRIP": 14921.476999999999, "UNKNOWN": 240.328}, "Distance": {"BIKE_TRIP": 2.8746717252543537, "BUS": 5.206776649789056, "FOOT": 46.36826029444318, "PASSENGER_CAR": 132.82083248374312, "RAIL_TRIP": 156.73333872658384, "UNKNOWN": 11.58878881988846}, "Total_Count": 22, "Total_Duration": 54807.566, "Total_Distance": 355.5926686997021, "Total_Emission": 23.872907588937153}, "start_percents_count": {"BIKE_TRIP": 0.045454545454545456, "BUS": 0.045454545454545456, "FOOT": 0.6818181818181818, "PASSENGER_CAR": 0.36363636363636365, "RAIL_TRIP": 0.45454545454545453, "UNKNOWN": 0.045454545454545456}, "start_percents_duration": {"BIKE_TRIP": 0.010177755385086796, "BUS": 0.009872979945870978, "FOOT": 0.4806401546822933, "PASSENGER_CAR": 0.22267203035434927, "RAIL_TRIP": 0.2722521375972069, "UNKNOWN": 0.004384942035192733}, "start_percents_distance": {"BIKE_TRIP": 0.008084170395768236, "BUS": 0.014642530929641235, "FOOT": 0.13039712113300392, "PASSENGER_CAR": 0.3735196031162, "RAIL_TRIP": 0.44076650764401754, "UNKNOWN": 0.03259006678136885}, "end": {"Count": {"BIKE_TRIP": 1, "FOOT": 18, "PASSENGER_CAR": 9, "RAIL_TRIP": 10, "UNKNOWN": 1}, "Duration": {"BIKE_TRIP": 1064.88, "FOOT": 36396.267, "PASSENGER_CAR": 16273.396999999999, "RAIL_TRIP": 13850.436, "UNKNOWN": 305.336}, "Distance": {"BIKE_TRIP": 6.143143847901376, "FOOT": 48.885224702720876, "PASSENGER_CAR": 102.59474021652798, "RAIL_TRIP": 93.77682102919779, "UNKNOWN": 20.807255728248023}, "Total_Count": 23, "Total_Duration": 67890.31599999999, "Total_Distance": 272.20718552459607, "Total_Emission": 17.76710407542376}, "end_percents_count": {"BIKE_TRIP": 0.043478260869565216, "FOOT": 0.782608695652174, "PASSENGER_CAR": 0.391304347826087, "RAIL_TRIP": 0.43478260869565216, "UNKNOWN": 0.043478260869565216}, "end_percents_duration": {"BIKE_TRIP": 0.01568530038952831, "FOOT": 0.5361039562696984, "PASSENGER_CAR": 0.23970129996154388, "RAIL_TRIP": 0.2040119536341531, "UNKNOWN": 0.004497489745076456}, "end_percents_distance": {"BIKE_TRIP": 0.022567897449372418, "FOOT": 0.17958829635047863, "PASSENGER_CAR": 0.37689945626823923, "RAIL_TRIP": 0.34450531071937596, "UNKNOWN": 0.07643903921253366}}