{"start": {"Count": {"BIKE_TRIP": 13, "BUS": 1, "FOOT": 109, "MOTORCYCLE": 1, "PASSENGER_CAR": 83, "RAIL_TRIP": 33, "UNKNOWN": 1}, "Duration": {"BIKE_TRIP": 39228.096000000005, "BUS": 1383.544, "FOOT": 218428.324, "MOTORCYCLE": 360.851, "PASSENGER_CAR": 165076.339, "RAIL_TRIP": 39541.695, "UNKNOWN": 225.01}, "Distance": {"BIKE_TRIP": 93.41024070776061, "BUS": 29.093591339363883, "FOOT": 140.65543448998048, "MOTORCYCLE": 0.265351895128176, "PASSENGER_CAR": 1682.8944036955174, "RAIL_TRIP": 198.2982917155882, "UNKNOWN": 34.49783157713018}, "Total_Count": 187, "Total_Duration": 464243.859, "Total_Distance": 2179.115145420469, "Total_Emission": 340.44887069020785}, "start_percents_count": {"BIKE_TRIP": 0.06951871657754011, "BUS": 0.0053475935828877, "FOOT": 0.5828877005347594, "MOTORCYCLE": 0.0053475935828877, "PASSENGER_CAR": 0.44385026737967914, "RAIL_TRIP": 0.17647058823529413, "UNKNOWN": 0.0053475935828877}, "start_percents_duration": {"BIKE_TRIP": 0.08449890125525604, "BUS": 0.002980209588512834, "FOOT": 0.47050342134951106, "MOTORCYCLE": 0.0007772876108200712, "PASSENGER_CAR": 0.35558109342702154, "RAIL_TRIP": 0.08517440615191853, "UNKNOWN": 0.00048468061695997576}, "start_percents_distance": {"BIKE_TRIP": 0.04286613348728606, "BUS": 0.013351103267996494, "FOOT": 0.0645470409333695, "MOTORCYCLE": 0.00012177047903403711, "PASSENGER_CAR": 0.7722833771460921, "RAIL_TRIP": 0.09099945550482864, "UNKNOWN": 0.01583111918139309}, "end": {"Count": {"BIKE_TRIP": 12, "BUS": 2, "FOOT": 149, "HIGH_SPEED_TRAIN": 1, "MOTORCYCLE": 6, "PASSENGER_CAR": 107, "RAIL_TRIP": 59, "UNKNOWN": 3}, "Duration": {"BIKE_TRIP": 10835.714, "BUS": 1494.607, "FOOT": 389119.55100000004, "HIGH_SPEED_TRAIN": 5175.065, "MOTORCYCLE": 4217.278, "PASSENGER_CAR": 260396.578, "RAIL_TRIP": 67744.394, "UNKNOWN": 646.211}, "Distance": {"BIKE_TRIP": 47.69198141473885, "BUS": 4.893184771529119, "FOOT": 304.6649025976709, "HIGH_SPEED_TRAIN": 221.69103153079223, "MOTORCYCLE": 38.57449990505032, "PASSENGER_CAR": 3597.5614516264905, "RAIL_TRIP": 603.2492449768217, "UNKNOWN": 66.26763985740727}, "Total_Count": 222, "Total_Duration": 739629.398, "Total_Distance": 4884.593936680501, "Total_Emission": 682.5410850890217}, "end_percents_count": {"BIKE_TRIP": 0.05405405405405406, "BUS": 0.009009009009009009, "FOOT": 0.6711711711711712, "HIGH_SPEED_TRAIN": 0.0045045045045045045, "MOTORCYCLE": 0.02702702702702703, "PASSENGER_CAR": 0.481981981981982, "RAIL_TRIP": 0.26576576576576577, "UNKNOWN": 0.013513513513513514}, "end_percents_duration": {"BIKE_TRIP": 0.014650193771773252, "BUS": 0.0020207512087019558, "FOOT": 0.5261007094258306, "HIGH_SPEED_TRAIN": 0.006996835190696408, "MOTORCYCLE": 0.005701879902832094, "PASSENGER_CAR": 0.35206358576893665, "RAIL_TRIP": 0.09159234906452433, "UNKNOWN": 0.000873695666704692}, "end_percents_distance": {"BIKE_TRIP": 0.009763755602405227, "BUS": 0.0010017587613136284, "FOOT": 0.06237261613699597, "HIGH_SPEED_TRAIN": 0.0453857647953128, "MOTORCYCLE": 0.00789717638868155, "PASSENGER_CAR": 0.7365118776017112, "RAIL_TRIP": 0.12350038770812975, "UNKNOWN": 0.013566663005449701}}