{"start": {"Count": {"FOOT": 7, "PASSENGER_CAR": 8, "RAIL_TRIP": 7}, "Duration": {"FOOT": 49264.894, "PASSENGER_CAR": 32523.138, "RAIL_TRIP": 16014.621}, "Distance": {"FOOT": 19.75691977158199, "PASSENGER_CAR": 338.83156406090484, "RAIL_TRIP": 203.4848168310285}, "Total_Count": 15, "Total_Duration": 97802.653, "Total_Distance": 562.0733006635154, "Total_Emission": 78.05373897788068}, "start_percents_count": {"FOOT": 0.4666666666666667, "PASSENGER_CAR": 0.5333333333333333, "RAIL_TRIP": 0.4666666666666667}, "start_percents_duration": {"FOOT": 0.5037173582602099, "PASSENGER_CAR": 0.33253840261367956, "RAIL_TRIP": 0.16374423912611039}, "start_percents_distance": {"FOOT": 0.03515007695305821, "PASSENGER_CAR": 0.6028245135659736, "RAIL_TRIP": 0.3620254094809682}, "end": {"Count": {"BIKE_TRIP": 1, "FOOT": 6, "PASSENGER_CAR": 7, "RAIL_TRIP": 5}, "Duration": {"BIKE_TRIP": 975.255, "FOOT": 40591.518000000004, "PASSENGER_CAR": 24545.754, "RAIL_TRIP": 10567.59}, "Distance": {"BIKE_TRIP": 1.8045498877448605, "FOOT": 10.438944592799308, "PASSENGER_CAR": 310.7543729197991, "RAIL_TRIP": 68.37068291341572}, "Total_Count": 12, "Total_Duration": 76680.117, "Total_Distance": 391.36855031375893, "Total_Emission": 69.81199550750523}, "end_percents_count": {"BIKE_TRIP": 0.08333333333333333, "FOOT": 0.5, "PASSENGER_CAR": 0.5833333333333334, "RAIL_TRIP": 0.4166666666666667}, "end_percents_duration": {"BIKE_TRIP": 0.012718486071167575, "FOOT": 0.5293617118502832, "PASSENGER_CAR": 0.3201058496037506, "RAIL_TRIP": 0.13781395247479866}, "end_percents_distance": {"BIKE_TRIP": 0.004610870971359754, "FOOT": 0.02667292654054711, "PASSENGER_CAR": 0.7940197869007827, "RAIL_TRIP": 0.17469641558731064}}