{"start": {"Count": {"BIKE_TRIP": 1, "BUS": 2, "FOOT": 14, "MOTORCYCLE": 1, "PASSENGER_CAR": 8, "RAIL_TRIP": 11}, "Duration": {"BIKE_TRIP": 480.691, "BUS": 2318.843, "FOOT": 14321.985, "MOTORCYCLE": 810.421, "PASSENGER_CAR": 10338.954, "RAIL_TRIP": 9979.195}, "Distance": {"BIKE_TRIP": 0.576014737788622, "BUS": 23.92234360485809, "FOOT": 15.509958713307457, "MOTORCYCLE": 1.674576129181565, "PASSENGER_CAR": 162.04401270343106, "RAIL_TRIP": 53.619415119235825}, "Total_Count": 31, "Total_Duration": 38250.089, "Total_Distance": 257.34632100780266, "Total_Emission": 29.22026732070327}, "start_percents_count": {"BIKE_TRIP": 0.03225806451612903, "BUS": 0.06451612903225806, "FOOT": 0.45161290322580644, "MOTORCYCLE": 0.03225806451612903, "PASSENGER_CAR": 0.25806451612903225, "RAIL_TRIP": 0.3548387096774194}, "start_percents_duration": {"BIKE_TRIP": 0.012567055726327853, "BUS": 0.060623205347313046, "FOOT": 0.37443010916915775, "MOTORCYCLE": 0.021187427825331336, "PASSENGER_CAR": 0.27029882204979966, "RAIL_TRIP": 0.26089337988207034}, "start_percents_distance": {"BIKE_TRIP": 0.0022382862732712523, "BUS": 0.09295778354699219, "FOOT": 0.060268818503285304, "MOTORCYCLE": 0.0065070917766521805, "PASSENGER_CAR": 0.6296729328355851, "RAIL_TRIP": 0.20835508706421377}, "end": {"Count": {"BIKE_TRIP": 1, "FOOT": 14, "PASSENGER_CAR": 11, "PLANE": 1, "RAIL_TRIP": 6}, "Duration": {"BIKE_TRIP": 6914.107, "FOOT": 14787.603000000001, "PASSENGER_CAR": 19779.436, "PLANE": 4627.795, "RAIL_TRIP": 30991.099000000002}, "Distance": {"BIKE_TRIP": 85.66329607732882, "FOOT": 13.427507414623136, "PASSENGER_CAR": 408.885771166396, "PLANE": 670.8497503369828, "RAIL_TRIP": 33.4210333967311}, "Total_Count": 29, "Total_Duration": 77100.04, "Total_Distance": 1212.2473583920616, "Total_Emission": 150.32811988447443}, "end_percents_count": {"BIKE_TRIP": 0.034482758620689655, "FOOT": 0.4827586206896552, "PASSENGER_CAR": 0.3793103448275862, "PLANE": 0.034482758620689655, "RAIL_TRIP": 0.20689655172413793}, "end_percents_duration": {"BIKE_TRIP": 0.08967708706765912, "FOOT": 0.19179760477426475, "PASSENGER_CAR": 0.2565424868780873, "PLANE": 0.0600232503121918, "RAIL_TRIP": 0.4019595709677972}, "end_percents_distance": {"BIKE_TRIP": 0.07066486512369355, "FOOT": 0.011076540873995825, "PASSENGER_CAR": 0.33729565862593147, "PLANE": 0.553393451998778, "RAIL_TRIP": 0.027569483377601355}}