{"start": {"Count": {"BIKE_TRIP": 3, "BUS": 2, "FOOT": 16, "PASSENGER_CAR": 9, "RAIL_TRIP": 24}, "Duration": {"BIKE_TRIP": 3188.78, "BUS": 236758.443, "FOOT": 40988.691, "PASSENGER_CAR": 11550.281, "RAIL_TRIP": 26950.493}, "Distance": {"BIKE_TRIP": 6.99595609508232, "BUS": 613.4472116842865, "FOOT": 29.418531356546282, "PASSENGER_CAR": 124.15509381826186, "RAIL_TRIP": 162.89573072969472}, "Total_Count": 36, "Total_Duration": 319436.688, "Total_Distance": 936.9125236838718, "Total_Emission": 88.91275034871428}, "start_percents_count": {"BIKE_TRIP": 0.08333333333333333, "BUS": 0.05555555555555555, "FOOT": 0.4444444444444444, "PASSENGER_CAR": 0.25, "RAIL_TRIP": 0.6666666666666666}, "start_percents_duration": {"BIKE_TRIP": 0.009982510211851432, "BUS": 0.7411748615425163, "FOOT": 0.12831553963519682, "PASSENGER_CAR": 0.03615827935205739, "RAIL_TRIP": 0.08436880925837797}, "start_percents_distance": {"BIKE_TRIP": 0.007467032319703371, "BUS": 0.654753988421733, "FOOT": 0.031399442971340334, "PASSENGER_CAR": 0.13251513954589172, "RAIL_TRIP": 0.1738643967413314}, "end": {"Count": {"BIKE_TRIP": 3, "BUS": 1, "FOOT": 18, "PASSENGER_CAR": 13, "RAIL_TRIP": 17}, "Duration": {"BIKE_TRIP": 2479.966, "BUS": 120.114, "FOOT": 180098.784, "PASSENGER_CAR": 11952.605000000001, "RAIL_TRIP": 31140.832000000002}, "Distance": {"BIKE_TRIP": 11.51469104105605, "BUS": 0.6295891907963855, "FOOT": 67.3542800502136, "PASSENGER_CAR": 140.60549148407242, "RAIL_TRIP": 168.4347047167401}, "Total_Count": 35, "Total_Duration": 225792.301, "Total_Distance": 388.5387564828786, "Total_Emission": 30.194929701089926}, "end_percents_count": {"BIKE_TRIP": 0.08571428571428572, "BUS": 0.02857142857142857, "FOOT": 0.5142857142857142, "PASSENGER_CAR": 0.37142857142857144, "RAIL_TRIP": 0.4857142857142857}, "end_percents_duration": {"BIKE_TRIP": 0.010983394867834752, "BUS": 0.0005319667653327116, "FOOT": 0.7976303142417598, "PASSENGER_CAR": 0.052936282358006535, "RAIL_TRIP": 0.1379180417670663}, "end_percents_distance": {"BIKE_TRIP": 0.029635887923483012, "BUS": 0.0016204025474718094, "FOOT": 0.1733527966679989, "PASSENGER_CAR": 0.3618827958293225, "RAIL_TRIP": 0.4335081170317236}}