{"start": {"Count": {"BIKE_TRIP": 2, "BUS": 1, "FOOT": 9, "PASSENGER_CAR": 11, "RAIL_TRIP": 4}, "Duration": {"BIKE_TRIP": 912.5340000000001, "BUS": 809.071, "FOOT": 27407.732, "PASSENGER_CAR": 9460.525, "RAIL_TRIP": 11721.77}, "Distance": {"BIKE_TRIP": 10.201769997079852, "BUS": 11.871488205427248, "FOOT": 39.357902425668016, "PASSENGER_CAR": 135.4230096394386, "RAIL_TRIP": 16.167477120701207}, "Total_Count": 20, "Total_Duration": 50311.632, "Total_Distance": 213.0216473883149, "Total_Emission": 31.157089546851836}, "start_percents_count": {"BIKE_TRIP": 0.1, "BUS": 0.05, "FOOT": 0.45, "PASSENGER_CAR": 0.55, "RAIL_TRIP": 0.2}, "start_percents_duration": {"BIKE_TRIP": 0.018137634652757837, "BUS": 0.01608119172123059, "FOOT": 0.5447593510780966, "PASSENGER_CAR": 0.18803852357641668, "RAIL_TRIP": 0.2329832989714983}, "start_percents_distance": {"BIKE_TRIP": 0.04789076660590815, "BUS": 0.05572902261800106, "FOOT": 0.18476010728582393, "PASSENGER_CAR": 0.6357241684108161, "RAIL_TRIP": 0.07589593507945079}, "end": {"Count": {"BIKE_TRIP": 2, "FOOT": 27, "PASSENGER_CAR": 16, "RAIL_TRIP": 3}, "Duration": {"BIKE_TRIP": 1647.484, "FOOT": 51912.775, "PASSENGER_CAR": 34665.989, "RAIL_TRIP": 1945.632}, "Distance": {"BIKE_TRIP": 21.23708007759979, "FOOT": 70.68064083848981, "PASSENGER_CAR": 162.98979511648628, "RAIL_TRIP": 29.864877548867334}, "Total_Count": 40, "Total_Duration": 90171.88, "Total_Distance": 284.7723935814432, "Total_Emission": 36.82070753800467}, "end_percents_count": {"BIKE_TRIP": 0.05, "FOOT": 0.675, "PASSENGER_CAR": 0.4, "RAIL_TRIP": 0.075}, "end_percents_duration": {"BIKE_TRIP": 0.018270485211132337, "FOOT": 0.5757091345993895, "PASSENGER_CAR": 0.3844434539903127, "RAIL_TRIP": 0.021576926199165417}, "end_percents_distance": {"BIKE_TRIP": 0.0745756279620767, "FOOT": 0.24820046616729216, "PASSENGER_CAR": 0.5723511084295893, "RAIL_TRIP": 0.10487279744104182}}