{"start": {"Count": {"FOOT": 14, "PASSENGER_CAR": 3, "RAIL_TRIP": 3}, "Duration": {"FOOT": 51325.441, "PASSENGER_CAR": 3158.091, "RAIL_TRIP": 2559.432}, "Distance": {"FOOT": 41.08989042125349, "PASSENGER_CAR": 42.25994818522856, "RAIL_TRIP": 9.303204868388034}, "Total_Count": 16, "Total_Duration": 57042.964, "Total_Distance": 92.65304347487007, "Total_Emission": 11.633090855852661}, "start_percents_count": {"FOOT": 0.875, "PASSENGER_CAR": 0.1875, "RAIL_TRIP": 0.1875}, "start_percents_duration": {"FOOT": 0.8997681291596278, "PASSENGER_CAR": 0.055363374876522896, "RAIL_TRIP": 0.04486849596384928}, "start_percents_distance": {"FOOT": 0.4434812811345819, "PASSENGER_CAR": 0.4561096603015589, "RAIL_TRIP": 0.10040905856385933}, "end": {"Count": {"BIKE_TRIP": 1, "FOOT": 17, "PASSENGER_CAR": 4, "RAIL_TRIP": 4}, "Duration": {"BIKE_TRIP": 1442.77, "FOOT": 34882.248, "PASSENGER_CAR": 5787.655000000001, "RAIL_TRIP": 4564.055}, "Distance": {"BIKE_TRIP": 4.560245864788557, "FOOT": 35.283049082003366, "PASSENGER_CAR": 60.98608325004565, "RAIL_TRIP": 20.338644731071504}, "Total_Count": 20, "Total_Duration": 46676.728, "Total_Distance": 121.16802292790906, "Total_Emission": 10.3332286717332}, "end_percents_count": {"BIKE_TRIP": 0.05, "FOOT": 0.85, "PASSENGER_CAR": 0.2, "RAIL_TRIP": 0.2}, "end_percents_duration": {"BIKE_TRIP": 0.030909835839393024, "FOOT": 0.7473156216091239, "PASSENGER_CAR": 0.12399444536900701, "RAIL_TRIP": 0.09778009718247603}, "end_percents_distance": {"BIKE_TRIP": 0.03763572066783455, "FOOT": 0.2911910934042029, "PASSENGER_CAR": 0.5033182994685845, "RAIL_TRIP": 0.16785488645937816}}