{"start": {"Count": {"BUS": 1, "FOOT": 9, "PASSENGER_CAR": 1, "RAIL_TRIP": 4}, "Duration": {"BUS": 1679.15, "FOOT": 9496.287, "PASSENGER_CAR": 240.14, "RAIL_TRIP": 5114.764999999999}, "Distance": {"BUS": 0.4206268331782919, "FOOT": 12.65359004140783, "PASSENGER_CAR": 1.2917078033168337, "RAIL_TRIP": 27.538552654312433}, "Total_Count": 10, "Total_Duration": 16530.342, "Total_Distance": 41.90447733221538, "Total_Emission": 0.43004349162156297}, "start_percents_count": {"BUS": 0.1, "FOOT": 0.9, "PASSENGER_CAR": 0.1, "RAIL_TRIP": 0.4}, "start_percents_duration": {"BUS": 0.10157987051931533, "FOOT": 0.5744761360654245, "PASSENGER_CAR": 0.01452722514754988, "RAIL_TRIP": 0.3094167682677103}, "start_percents_distance": {"BUS": 0.010037753957497087, "FOOT": 0.30196272205213703, "PASSENGER_CAR": 0.03082505463739057, "RAIL_TRIP": 0.6571744693529755}, "end": {"Count": {"BUS": 1, "FOOT": 6, "RAIL_TRIP": 3}, "Duration": {"BUS": 1679.15, "FOOT": 9221.405, "RAIL_TRIP": 5679.409000000001}, "Distance": {"BUS": 0.4206268331782919, "FOOT": 17.90922980204656, "RAIL_TRIP": 27.75455260859173}, "Total_Count": 7, "Total_Duration": 16579.964, "Total_Distance": 46.08440924381658, "Total_Emission": 0.18251795369350068}, "end_percents_count": {"BUS": 0.14285714285714285, "FOOT": 0.8571428571428571, "RAIL_TRIP": 0.42857142857142855}, "end_percents_duration": {"BUS": 0.1012758531924436, "FOOT": 0.556177624993637, "RAIL_TRIP": 0.34254652181391954}, "end_percents_distance": {"BUS": 0.009127313121296655, "FOOT": 0.38861797505735735, "RAIL_TRIP": 0.602254711821346}}