{"start": {"Count": {"BIKE_TRIP": 3, "FOOT": 27, "PASSENGER_CAR": 13, "RAIL_TRIP": 23}, "Duration": {"BIKE_TRIP": 3317.0280000000002, "FOOT": 44483.16, "PASSENGER_CAR": 17795.972999999998, "RAIL_TRIP": 30902.018}, "Distance": {"BIKE_TRIP": 18.136802028554385, "FOOT": 42.33172561692243, "PASSENGER_CAR": 140.55620465728902, "RAIL_TRIP": 170.5286419715351}, "Total_Count": 47, "Total_Duration": 96498.179, "Total_Distance": 371.5533742743009, "Total_Emission": 33.75414405071909}, "start_percents_count": {"BIKE_TRIP": 0.06382978723404255, "FOOT": 0.574468085106383, "PASSENGER_CAR": 0.2765957446808511, "RAIL_TRIP": 0.48936170212765956}, "start_percents_duration": {"BIKE_TRIP": 0.03437399580358921, "FOOT": 0.4609740873970275, "PASSENGER_CAR": 0.18441770802742297, "RAIL_TRIP": 0.32023420877196035}, "start_percents_distance": {"BIKE_TRIP": 0.04881344992217676, "FOOT": 0.11393174856668331, "PASSENGER_CAR": 0.37829344150572236, "RAIL_TRIP": 0.4589613600054177}, "end": {"Count": {"BIKE_TRIP": 7, "FOOT": 29, "PASSENGER_CAR": 15, "RAIL_TRIP": 21}, "Duration": {"BIKE_TRIP": 10125.866, "FOOT": 26079.975, "PASSENGER_CAR": 18311.1, "RAIL_TRIP": 23291.593}, "Distance": {"BIKE_TRIP": 47.052321283042225, "FOOT": 39.20991477170212, "PASSENGER_CAR": 156.30847403404192, "RAIL_TRIP": 123.06106473668733}, "Total_Count": 49, "Total_Duration": 77808.53399999999, "Total_Distance": 365.6317748254736, "Total_Emission": 34.308105268264114}, "end_percents_count": {"BIKE_TRIP": 0.14285714285714285, "FOOT": 0.5918367346938775, "PASSENGER_CAR": 0.30612244897959184, "RAIL_TRIP": 0.42857142857142855}, "end_percents_duration": {"BIKE_TRIP": 0.1301382442188154, "FOOT": 0.3351814211022149, "PASSENGER_CAR": 0.23533536822580414, "RAIL_TRIP": 0.2993449664531657}, "end_percents_distance": {"BIKE_TRIP": 0.12868772498096379, "FOOT": 0.10723880546327824, "PASSENGER_CAR": 0.42750243495290413, "RAIL_TRIP": 0.3365710346028538}}