{"start": {"Count": {"FOOT": 10, "PASSENGER_CAR": 5, "RAIL_TRIP": 8}, "Duration": {"FOOT": 23573.533, "PASSENGER_CAR": 4459.537, "RAIL_TRIP": 9748.305}, "Distance": {"FOOT": 27.130894222163366, "PASSENGER_CAR": 27.597211288278544, "RAIL_TRIP": 25.87989015625419}, "Total_Count": 16, "Total_Duration": 37781.375, "Total_Distance": 80.6079956666961, "Total_Emission": 5.638931308818767}, "start_percents_count": {"FOOT": 0.625, "PASSENGER_CAR": 0.3125, "RAIL_TRIP": 0.5}, "start_percents_duration": {"FOOT": 0.6239458728010825, "PASSENGER_CAR": 0.11803532825366997, "RAIL_TRIP": 0.2580187989452475}, "start_percents_distance": {"FOOT": 0.3365782016755037, "PASSENGER_CAR": 0.3423631993330976, "RAIL_TRIP": 0.32105859899139877}, "end": {"Count": {"FOOT": 10, "PASSENGER_CAR": 9, "RAIL_TRIP": 8}, "Duration": {"FOOT": 23860.602, "PASSENGER_CAR": 8080.436000000001, "RAIL_TRIP": 8044.113}, "Distance": {"FOOT": 28.226638173554946, "PASSENGER_CAR": 75.90671036578176, "RAIL_TRIP": 25.07014751538756}, "Total_Count": 18, "Total_Duration": 39985.151, "Total_Distance": 129.20349605472427, "Total_Emission": 12.740161288000468}, "end_percents_count": {"FOOT": 0.5555555555555556, "PASSENGER_CAR": 0.5, "RAIL_TRIP": 0.4444444444444444}, "end_percents_duration": {"FOOT": 0.5967365735345104, "PASSENGER_CAR": 0.20208591934540904, "RAIL_TRIP": 0.20117750712008067}, "end_percents_distance": {"FOOT": 0.21846652014431192, "PASSENGER_CAR": 0.5874973408895329, "RAIL_TRIP": 0.19403613896615518}}