{"start": {"Count": {"BIKE_TRIP": 1, "BUS": 1, "FOOT": 9, "PASSENGER_CAR": 8, "RAIL_TRIP": 10}, "Duration": {"BIKE_TRIP": 584.597, "BUS": 361.48900000000003, "FOOT": 12238.744, "PASSENGER_CAR": 16773.587, "RAIL_TRIP": 11815.86}, "Distance": {"BIKE_TRIP": 2.872517570828504, "BUS": 2.183462744329275, "FOOT": 17.22156083621298, "PASSENGER_CAR": 88.91984125857316, "RAIL_TRIP": 107.62193392828713}, "Total_Count": 20, "Total_Duration": 41774.277, "Total_Distance": 218.81931633823106, "Total_Emission": 18.666994677998897}, "start_percents_count": {"BIKE_TRIP": 0.05, "BUS": 0.05, "FOOT": 0.45, "PASSENGER_CAR": 0.4, "RAIL_TRIP": 0.5}, "start_percents_duration": {"BIKE_TRIP": 0.013994185943660975, "BUS": 0.008653387346476398, "FOOT": 0.29297320932687837, "PASSENGER_CAR": 0.40152907972530555, "RAIL_TRIP": 0.2828501376576787}, "start_percents_distance": {"BIKE_TRIP": 0.013127349170529472, "BUS": 0.009978382077358638, "FOOT": 0.0787021965172099, "PASSENGER_CAR": 0.4063619370838767, "RAIL_TRIP": 0.49183013515102525}, "end": {"Count": {"BIKE_TRIP": 1, "BUS": 1, "FOOT": 6, "PASSENGER_CAR": 4, "RAIL_TRIP": 5}, "Duration": {"BIKE_TRIP": 1396.898, "BUS": 361.48900000000003, "FOOT": 23656.503, "PASSENGER_CAR": 6747.005999999999, "RAIL_TRIP": 8178.419}, "Distance": {"BIKE_TRIP": 3.504032040753174, "BUS": 2.183462744329275, "FOOT": 13.896017494169573, "PASSENGER_CAR": 66.90527598364966, "RAIL_TRIP": 67.276666114739}, "Total_Count": 13, "Total_Duration": 40340.315, "Total_Distance": 153.76545437764068, "Total_Emission": 13.22156832920406}, "end_percents_count": {"BIKE_TRIP": 0.07692307692307693, "BUS": 0.07692307692307693, "FOOT": 0.46153846153846156, "PASSENGER_CAR": 0.3076923076923077, "RAIL_TRIP": 0.38461538461538464}, "end_percents_duration": {"BIKE_TRIP": 0.03462784066014358, "BUS": 0.008960986050803024, "FOOT": 0.5864233583699086, "PASSENGER_CAR": 0.1672521892801283, "RAIL_TRIP": 0.20273562563901643}, "end_percents_distance": {"BIKE_TRIP": 0.022788161716398518, "BUS": 0.01419995637620134, "FOOT": 0.09037151777955023, "PASSENGER_CAR": 0.4351125306685172, "RAIL_TRIP": 0.43752783345933277}}