{"start": {"Count": {"BIKE_TRIP": 4, "FOOT": 43, "PASSENGER_CAR": 19, "RAIL_TRIP": 16}, "Duration": {"BIKE_TRIP": 3119.796, "FOOT": 67600.928, "PASSENGER_CAR": 49841.988, "RAIL_TRIP": 93950.63699999999}, "Distance": {"BIKE_TRIP": 17.073174877026727, "FOOT": 81.39618985099814, "PASSENGER_CAR": 582.6453926142409, "RAIL_TRIP": 250.48830499278856}, "Total_Count": 60, "Total_Duration": 214513.349, "Total_Distance": 931.6030623350545, "Total_Emission": 117.1906348762857}, "start_percents_count": {"BIKE_TRIP": 0.06666666666666667, "FOOT": 0.7166666666666667, "PASSENGER_CAR": 0.31666666666666665, "RAIL_TRIP": 0.26666666666666666}, "start_percents_duration": {"BIKE_TRIP": 0.014543598403286315, "FOOT": 0.31513622958727855, "PASSENGER_CAR": 0.2323491206134682, "RAIL_TRIP": 0.4379710513959669}, "start_percents_distance": {"BIKE_TRIP": 0.018326662467417154, "FOOT": 0.0873721793560654, "PASSENGER_CAR": 0.6254223672836, "RAIL_TRIP": 0.26887879089291733}, "end": {"Count": {"BIKE_TRIP": 7, "BUS": 1, "FOOT": 54, "MOTORCYCLE": 1, "PASSENGER_CAR": 30, "RAIL_TRIP": 26}, "Duration": {"BIKE_TRIP": 6028.096, "BUS": 229.272, "FOOT": 76502.521, "MOTORCYCLE": 631.181, "PASSENGER_CAR": 60454.773, "RAIL_TRIP": 34511.193999999996}, "Distance": {"BIKE_TRIP": 26.783240602343344, "BUS": 0.7916701936924101, "FOOT": 96.86616349150438, "MOTORCYCLE": 3.0586842470379114, "PASSENGER_CAR": 744.4545300562178, "RAIL_TRIP": 214.53635522453345}, "Total_Count": 78, "Total_Duration": 178357.037, "Total_Distance": 1086.4906438153293, "Total_Emission": 151.68366349414305}, "end_percents_count": {"BIKE_TRIP": 0.08974358974358974, "BUS": 0.01282051282051282, "FOOT": 0.6923076923076923, "MOTORCYCLE": 0.01282051282051282, "PASSENGER_CAR": 0.38461538461538464, "RAIL_TRIP": 0.3333333333333333}, "end_percents_duration": {"BIKE_TRIP": 0.033797915133564366, "BUS": 0.001285466521850775, "FOOT": 0.4289290867732905, "MOTORCYCLE": 0.0035388623326367548, "PASSENGER_CAR": 0.3389536741407069, "RAIL_TRIP": 0.1934949950979506}, "end_percents_distance": {"BIKE_TRIP": 0.024651147025335718, "BUS": 0.0007286488827113822, "FOOT": 0.08915508296633681, "MOTORCYCLE": 0.002815196121981328, "PASSENGER_CAR": 0.6851918461460332, "RAIL_TRIP": 0.19745807885760144}}