{"start": {"Count": {"BIKE_TRIP": 2, "FOOT": 13, "PASSENGER_CAR": 4, "RAIL_TRIP": 10}, "Duration": {"BIKE_TRIP": 453.532, "FOOT": 39615.324, "PASSENGER_CAR": 4448.494, "RAIL_TRIP": 8839.737000000001}, "Distance": {"BIKE_TRIP": 3.12926677875223, "FOOT": 27.600659942410566, "PASSENGER_CAR": 58.12539143258504, "RAIL_TRIP": 45.66945977658453}, "Total_Count": 22, "Total_Duration": 53357.087, "Total_Distance": 134.52477793033236, "Total_Emission": 9.176501623061307}, "start_percents_count": {"BIKE_TRIP": 0.09090909090909091, "FOOT": 0.5909090909090909, "PASSENGER_CAR": 0.18181818181818182, "RAIL_TRIP": 0.45454545454545453}, "start_percents_duration": {"BIKE_TRIP": 0.008499939286415691, "FOOT": 0.742456648729718, "PASSENGER_CAR": 0.08337213011647356, "RAIL_TRIP": 0.16567128186739283}, "start_percents_distance": {"BIKE_TRIP": 0.023261638687653612, "FOOT": 0.2051715703757146, "PASSENGER_CAR": 0.4320794453397053, "RAIL_TRIP": 0.3394873455969265}, "end": {"Count": {"BIKE_TRIP": 4, "BUS": 2, "FOOT": 19, "MOTORCYCLE": 1, "PASSENGER_CAR": 7, "RAIL_TRIP": 8, "SCOOTER": 1}, "Duration": {"BIKE_TRIP": 6976.156, "BUS": 1088.361, "FOOT": 43073.879, "MOTORCYCLE": 1261.001, "PASSENGER_CAR": 11551.867, "RAIL_TRIP": 6186.121, "SCOOTER": 267.0}, "Distance": {"BIKE_TRIP": 34.60271367303761, "BUS": 8.49426778781803, "FOOT": 46.54569535991809, "MOTORCYCLE": 37.62738946999206, "PASSENGER_CAR": 123.55332017945699, "RAIL_TRIP": 54.47511121476187, "SCOOTER": 0.949737454917734}, "Total_Count": 29, "Total_Duration": 70404.38499999998, "Total_Distance": 306.2482351399023, "Total_Emission": 29.60222977418681}, "end_percents_count": {"BIKE_TRIP": 0.13793103448275862, "BUS": 0.06896551724137931, "FOOT": 0.6551724137931034, "MOTORCYCLE": 0.034482758620689655, "PASSENGER_CAR": 0.2413793103448276, "RAIL_TRIP": 0.27586206896551724, "SCOOTER": 0.034482758620689655}, "end_percents_duration": {"BIKE_TRIP": 0.09908695317770337, "BUS": 0.015458710419812635, "FOOT": 0.611806764592859, "MOTORCYCLE": 0.017910830412054594, "PASSENGER_CAR": 0.16407879992134017, "RAIL_TRIP": 0.08786556405542072, "SCOOTER": 0.0037923774208097985}, "end_percents_distance": {"BIKE_TRIP": 0.11298910394448534, "BUS": 0.02773654445367701, "FOOT": 0.15198681990332052, "MOTORCYCLE": 0.12286565325936612, "PASSENGER_CAR": 0.4034417377883486, "RAIL_TRIP": 0.17787893925291093, "SCOOTER": 0.0031012013978917096}}