{"start": {"Count": {"BIKE_TRIP": 6, "BUS": 2, "FOOT": 98, "HIGH_SPEED_TRAIN": 1, "PASSENGER_CAR": 93, "RAIL_TRIP": 29, "UNKNOWN": 2}, "Duration": {"BIKE_TRIP": 3569.724, "BUS": 1651.519, "FOOT": 185706.146, "HIGH_SPEED_TRAIN": 3124.205, "PASSENGER_CAR": 257125.753, "RAIL_TRIP": 31976.846, "UNKNOWN": 420.55999999999995}, "Distance": {"BIKE_TRIP": 14.681914338261516, "BUS": 18.761494552143414, "FOOT": 183.68169788347075, "HIGH_SPEED_TRAIN": 187.23967619525968, "PASSENGER_CAR": 4804.794895088485, "RAIL_TRIP": 255.8185082408097, "UNKNOWN": 23.708549441416842}, "Total_Count": 158, "Total_Duration": 483574.753, "Total_Distance": 5488.686735739846, "Total_Emission": 886.4945466022625}, "start_percents_count": {"BIKE_TRIP": 0.0379746835443038, "BUS": 0.012658227848101266, "FOOT": 0.620253164556962, "HIGH_SPEED_TRAIN": 0.006329113924050633, "PASSENGER_CAR": 0.5886075949367089, "RAIL_TRIP": 0.18354430379746836, "UNKNOWN": 0.012658227848101266}, "start_percents_duration": {"BIKE_TRIP": 0.007381948660169196, "BUS": 0.0034152299923730714, "FOOT": 0.38402779476785465, "HIGH_SPEED_TRAIN": 0.006460645392709325, "PASSENGER_CAR": 0.5317187289138727, "RAIL_TRIP": 0.06612596253551724, "UNKNOWN": 0.0008696897375037277}, "start_percents_distance": {"BIKE_TRIP": 0.002674941210009223, "BUS": 0.003418211943118751, "FOOT": 0.0334655094610189, "HIGH_SPEED_TRAIN": 0.03411374800752238, "PASSENGER_CAR": 0.8753997315608911, "RAIL_TRIP": 0.04660832737547859, "UNKNOWN": 0.0043195304419611875}, "end": {"Count": {"BIKE_TRIP": 4, "BUS": 3, "FOOT": 105, "MOTORCYCLE": 1, "PASSENGER_CAR": 97, "RAIL_TRIP": 40, "SCOOTER": 1, "UNKNOWN": 2}, "Duration": {"BIKE_TRIP": 1586.541, "BUS": 35563.777, "FOOT": 184273.943, "MOTORCYCLE": 2763.238, "PASSENGER_CAR": 214802.438, "RAIL_TRIP": 30804.39, "SCOOTER": 1022.193, "UNKNOWN": 13888.779}, "Distance": {"BIKE_TRIP": 9.227229504137465, "BUS": 381.2618586818406, "FOOT": 216.06607462290458, "MOTORCYCLE": 77.62257267873191, "PASSENGER_CAR": 3635.6363409096225, "RAIL_TRIP": 191.74019264519663, "SCOOTER": 7.988115489644771, "UNKNOWN": 639.212787099793}, "Total_Count": 163, "Total_Duration": 484705.299, "Total_Distance": 5158.755171631872, "Total_Emission": 685.2000118281085}, "end_percents_count": {"BIKE_TRIP": 0.024539877300613498, "BUS": 0.018404907975460124, "FOOT": 0.6441717791411042, "MOTORCYCLE": 0.006134969325153374, "PASSENGER_CAR": 0.5950920245398773, "RAIL_TRIP": 0.24539877300613497, "SCOOTER": 0.006134969325153374, "UNKNOWN": 0.012269938650306749}, "end_percents_duration": {"BIKE_TRIP": 0.0032732074587862097, "BUS": 0.0733719583288484, "FOOT": 0.38017728170122606, "MOTORCYCLE": 0.005700861958185441, "PASSENGER_CAR": 0.44316090301294603, "RAIL_TRIP": 0.06355282284627962, "SCOOTER": 0.0021088958633398392, "UNKNOWN": 0.028654068830388423}, "end_percents_distance": {"BIKE_TRIP": 0.0017886542774656644, "BUS": 0.0739057865700643, "FOOT": 0.04188337446426175, "MOTORCYCLE": 0.015046764208850314, "PASSENGER_CAR": 0.7047507043757534, "RAIL_TRIP": 0.03716791866758494, "SCOOTER": 0.0015484579562084326, "UNKNOWN": 0.12390833947981106}}