{"start": {"Count": {"FOOT": 8, "MOTORCYCLE": 1, "PASSENGER_CAR": 3, "RAIL_TRIP": 2}, "Duration": {"FOOT": 150706.326, "MOTORCYCLE": 300.581, "PASSENGER_CAR": 1449.433, "RAIL_TRIP": 1824.7379999999998}, "Distance": {"FOOT": 18.770550714753355, "MOTORCYCLE": 3.620078021585868, "PASSENGER_CAR": 7.815518710954087, "RAIL_TRIP": 19.174164363155406}, "Total_Count": 10, "Total_Duration": 154281.07799999998, "Total_Distance": 49.380311810448724, "Total_Emission": 2.657580800797991}, "start_percents_count": {"FOOT": 0.8, "MOTORCYCLE": 0.1, "PASSENGER_CAR": 0.3, "RAIL_TRIP": 0.2}, "start_percents_duration": {"FOOT": 0.9768296148410373, "MOTORCYCLE": 0.0019482687306605418, "PASSENGER_CAR": 0.009394755460549738, "RAIL_TRIP": 0.011827360967752637}, "start_percents_distance": {"FOOT": 0.38012215853974346, "MOTORCYCLE": 0.07331014910318713, "PASSENGER_CAR": 0.15827195949986583, "RAIL_TRIP": 0.3882957328572034}, "end": {"Count": {"BIKE_TRIP": 2, "FOOT": 12, "PASSENGER_CAR": 2, "RAIL_TRIP": 5}, "Duration": {"BIKE_TRIP": 558.5350000000001, "FOOT": 170739.746, "PASSENGER_CAR": 2883.8269999999998, "RAIL_TRIP": 7833.0419999999995}, "Distance": {"BIKE_TRIP": 2.703056547218445, "FOOT": 34.07506497873482, "PASSENGER_CAR": 30.267895200808702, "RAIL_TRIP": 49.90775038468068}, "Total_Count": 12, "Total_Duration": 182015.14999999994, "Total_Distance": 116.95376711144264, "Total_Emission": 10.152389386462628}, "end_percents_count": {"BIKE_TRIP": 0.16666666666666666, "FOOT": 1.0, "PASSENGER_CAR": 0.16666666666666666, "RAIL_TRIP": 0.4166666666666667}, "end_percents_duration": {"BIKE_TRIP": 0.0030686181892001863, "FOOT": 0.9380523873974231, "PASSENGER_CAR": 0.015843884423906475, "RAIL_TRIP": 0.04303510998947067}, "end_percents_distance": {"BIKE_TRIP": 0.023112180257030646, "FOOT": 0.2913550013849956, "PASSENGER_CAR": 0.2588022254295332, "RAIL_TRIP": 0.4267305929284407}}