{"start": {"Count": {"BUS": 1, "FOOT": 6, "PASSENGER_CAR": 4, "RAIL_TRIP": 5}, "Duration": {"BUS": 1875.256, "FOOT": 2641.348, "PASSENGER_CAR": 3172.421, "RAIL_TRIP": 3990.829}, "Distance": {"BUS": 5.597364344821092, "FOOT": 6.14067714261861, "PASSENGER_CAR": 19.567147318292314, "RAIL_TRIP": 56.37966715676258}, "Total_Count": 16, "Total_Duration": 11679.854, "Total_Distance": 87.6848559624946}, "start_percents_count": {"BUS": 0.0625, "FOOT": 0.375, "PASSENGER_CAR": 0.25, "RAIL_TRIP": 0.3125}, "start_percents_duration": {"BUS": 0.16055474666036068, "FOOT": 0.2261456350396161, "PASSENGER_CAR": 0.2716147821710785, "RAIL_TRIP": 0.3416848361289448}, "start_percents_distance": {"BUS": 0.0638350178417953, "FOOT": 0.07003121662474031, "PASSENGER_CAR": 0.22315309871366798, "RAIL_TRIP": 0.6429806668197965}, "end": {"Count": {"FOOT": 10, "PASSENGER_CAR": 6, "RAIL_TRIP": 4}, "Duration": {"FOOT": 4139.456, "PASSENGER_CAR": 4725.419, "RAIL_TRIP": 3123.619}, "Distance": {"FOOT": 15.927887319460142, "PASSENGER_CAR": 19.009111587309967, "RAIL_TRIP": 12.034497591991299}, "Total_Count": 20, "Total_Duration": 11988.493999999999, "Total_Distance": 46.971496498761404}, "end_percents_count": {"FOOT": 0.5, "PASSENGER_CAR": 0.3, "RAIL_TRIP": 0.2}, "end_percents_duration": {"FOOT": 0.3452857381419218, "PASSENGER_CAR": 0.39416285314902777, "RAIL_TRIP": 0.2605514087090506}, "end_percents_distance": {"FOOT": 0.3390968673923375, "PASSENGER_CAR": 0.404694612780992, "RAIL_TRIP": 0.2562085198266706}}