{"start": {"Count": {"FOOT": 14, "PASSENGER_CAR": 4, "RAIL_TRIP": 5}, "Duration": {"FOOT": 23313.266, "PASSENGER_CAR": 2566.084, "RAIL_TRIP": 7511.278}, "Distance": {"FOOT": 16.663070779171328, "PASSENGER_CAR": 15.349311212830251, "RAIL_TRIP": 38.160686563512}, "Total_Count": 16, "Total_Duration": 33390.628000000004, "Total_Distance": 70.1730685555136, "Total_Emission": 3.5137778796040657}, "start_percents_count": {"FOOT": 0.875, "PASSENGER_CAR": 0.25, "RAIL_TRIP": 0.3125}, "start_percents_duration": {"FOOT": 0.6981978895395438, "PASSENGER_CAR": 0.07685042641306415, "RAIL_TRIP": 0.22495168404739196}, "start_percents_distance": {"FOOT": 0.23745677825089334, "PASSENGER_CAR": 0.2187350721407812, "RAIL_TRIP": 0.5438081496083252}, "end": {"Count": {"BIKE_TRIP": 1, "BUS": 1, "FOOT": 18, "HIGH_SPEED_TRAIN": 1, "PASSENGER_CAR": 6, "RAIL_TRIP": 5, "UNKNOWN": 1}, "Duration": {"BIKE_TRIP": 6197.803, "BUS": 240.264, "FOOT": 37634.166, "HIGH_SPEED_TRAIN": 8052.076, "PASSENGER_CAR": 5861.816, "RAIL_TRIP": 5168.365, "UNKNOWN": 1082.651}, "Distance": {"BIKE_TRIP": 28.14815633318409, "BUS": 1.6284768543204036, "FOOT": 29.636362150873747, "HIGH_SPEED_TRAIN": 258.7707963109282, "PASSENGER_CAR": 46.637086569312046, "RAIL_TRIP": 27.638447442738777, "UNKNOWN": 28.18009854217183}, "Total_Count": 22, "Total_Duration": 64237.141, "Total_Distance": 420.63942420352913, "Total_Emission": 10.922923798027753}, "end_percents_count": {"BIKE_TRIP": 0.045454545454545456, "BUS": 0.045454545454545456, "FOOT": 0.8181818181818182, "HIGH_SPEED_TRAIN": 0.045454545454545456, "PASSENGER_CAR": 0.2727272727272727, "RAIL_TRIP": 0.22727272727272727, "UNKNOWN": 0.045454545454545456}, "end_percents_duration": {"BIKE_TRIP": 0.09648317007134548, "BUS": 0.0037402660868733244, "FOOT": 0.5858630289912808, "HIGH_SPEED_TRAIN": 0.12534922748196406, "PASSENGER_CAR": 0.09125275360558154, "RAIL_TRIP": 0.08045758138582162, "UNKNOWN": 0.016853972377133035}, "end_percents_distance": {"BIKE_TRIP": 0.0669175419933164, "BUS": 0.003871431826448237, "FOOT": 0.07045550285018934, "HIGH_SPEED_TRAIN": 0.6151843631892199, "PASSENGER_CAR": 0.11087188667020043, "RAIL_TRIP": 0.06570579420859451, "UNKNOWN": 0.0669934792620311}}