{"start": {"Count": {"BIKE_TRIP": 4, "BUS": 4, "FOOT": 25, "MOTORCYCLE": 1, "PASSENGER_CAR": 13, "RAIL_TRIP": 8, "UNKNOWN": 1}, "Duration": {"BIKE_TRIP": 5120.987999999999, "BUS": 2182.267, "FOOT": 155164.886, "MOTORCYCLE": 899.996, "PASSENGER_CAR": 20917.943, "RAIL_TRIP": 8610.834, "UNKNOWN": 1731.825}, "Distance": {"BIKE_TRIP": 23.005449848089267, "BUS": 7.782154048167755, "FOOT": 173.54687859785392, "MOTORCYCLE": 6.973558871618594, "PASSENGER_CAR": 221.50122873791184, "RAIL_TRIP": 89.39329819929057, "UNKNOWN": 6.059764620175698}, "Total_Count": 38, "Total_Duration": 194628.739, "Total_Distance": 528.2623329231077, "Total_Emission": 54.15451744205335}, "start_percents_count": {"BIKE_TRIP": 0.10526315789473684, "BUS": 0.10526315789473684, "FOOT": 0.6578947368421053, "MOTORCYCLE": 0.02631578947368421, "PASSENGER_CAR": 0.34210526315789475, "RAIL_TRIP": 0.21052631578947367, "UNKNOWN": 0.02631578947368421}, "start_percents_duration": {"BIKE_TRIP": 0.026311571591695917, "BUS": 0.011212460252337143, "FOOT": 0.7972352222864681, "MOTORCYCLE": 0.00462416806800562, "PASSENGER_CAR": 0.1074761266371869, "RAIL_TRIP": 0.044242356212357725, "UNKNOWN": 0.00889809495194849}, "start_percents_distance": {"BIKE_TRIP": 0.043549290597325006, "BUS": 0.014731608829851025, "FOOT": 0.32852404531200013, "MOTORCYCLE": 0.013200939073264655, "PASSENGER_CAR": 0.41930157600343787, "RAIL_TRIP": 0.16922141259748383, "UNKNOWN": 0.011471127586637413}, "end": {"Count": {"BIKE_TRIP": 4, "BUS": 3, "FOOT": 31, "PASSENGER_CAR": 14, "RAIL_TRIP": 12}, "Duration": {"BIKE_TRIP": 6597.929, "BUS": 4270.411, "FOOT": 38129.675, "PASSENGER_CAR": 36247.955, "RAIL_TRIP": 18531.303}, "Distance": {"BIKE_TRIP": 26.903679593714585, "BUS": 16.215606170351606, "FOOT": 69.24462862996651, "PASSENGER_CAR": 451.15012968886975, "RAIL_TRIP": 144.99979553206762}, "Total_Count": 43, "Total_Duration": 103777.273, "Total_Distance": 708.5138396149702, "Total_Emission": 125.39033232289071}, "end_percents_count": {"BIKE_TRIP": 0.09302325581395349, "BUS": 0.06976744186046512, "FOOT": 0.7209302325581395, "PASSENGER_CAR": 0.32558139534883723, "RAIL_TRIP": 0.27906976744186046}, "end_percents_duration": {"BIKE_TRIP": 0.06357778354804139, "BUS": 0.0411497708173542, "FOOT": 0.367418355654807, "PASSENGER_CAR": 0.3492860618914124, "RAIL_TRIP": 0.178568028088385}, "end_percents_distance": {"BIKE_TRIP": 0.03797198881582177, "BUS": 0.02288678818068494, "FOOT": 0.09773221743642486, "PASSENGER_CAR": 0.6367555642018787, "RAIL_TRIP": 0.20465344136518956}}