{"start": {"Count": {"FOOT": 12, "PASSENGER_CAR": 5, "RAIL_TRIP": 8}, "Duration": {"FOOT": 20729.199, "PASSENGER_CAR": 4227.62, "RAIL_TRIP": 12138.071}, "Distance": {"FOOT": 23.272186215205345, "PASSENGER_CAR": 14.785533041324861, "RAIL_TRIP": 45.32357962514004}, "Total_Count": 17, "Total_Duration": 37094.88999999999, "Total_Distance": 83.38129888167026, "Total_Emission": 2.867341731354993}, "start_percents_count": {"FOOT": 0.7058823529411765, "PASSENGER_CAR": 0.29411764705882354, "RAIL_TRIP": 0.47058823529411764}, "start_percents_duration": {"FOOT": 0.5588154864457073, "PASSENGER_CAR": 0.11396771900388439, "RAIL_TRIP": 0.3272167945504085}, "start_percents_distance": {"FOOT": 0.27910558515323486, "PASSENGER_CAR": 0.17732433099066497, "RAIL_TRIP": 0.5435700838561}, "end": {"Count": {"FOOT": 9, "PASSENGER_CAR": 5, "RAIL_TRIP": 11}, "Duration": {"FOOT": 20783.813, "PASSENGER_CAR": 7707.033, "RAIL_TRIP": 11880.057}, "Distance": {"FOOT": 30.952949930841704, "PASSENGER_CAR": 81.88459072292727, "RAIL_TRIP": 53.28107454538337}, "Total_Count": 15, "Total_Duration": 40370.903000000006, "Total_Distance": 166.11861519915234, "Total_Emission": 13.088301652345386}, "end_percents_count": {"FOOT": 0.6, "PASSENGER_CAR": 0.3333333333333333, "RAIL_TRIP": 0.7333333333333333}, "end_percents_duration": {"FOOT": 0.5148216030738771, "PASSENGER_CAR": 0.19090563815230982, "RAIL_TRIP": 0.29427275877381287}, "end_percents_distance": {"FOOT": 0.18633041151789984, "PASSENGER_CAR": 0.4929284452844699, "RAIL_TRIP": 0.3207411431976303}}