{"start": {"Count": {"BIKE_TRIP": 1, "FOOT": 25, "HIGH_SPEED_TRAIN": 1, "PASSENGER_CAR": 19, "PLANE": 1, "RAIL_TRIP": 29, "UNKNOWN": 3}, "Duration": {"BIKE_TRIP": 661.552, "FOOT": 30517.379, "HIGH_SPEED_TRAIN": 2205.88, "PASSENGER_CAR": 58539.449, "PLANE": 711.9, "RAIL_TRIP": 52782.078, "UNKNOWN": 3771.399}, "Distance": {"BIKE_TRIP": 8.478939240469797, "FOOT": 38.6083044072736, "HIGH_SPEED_TRAIN": 225.4495508731102, "PASSENGER_CAR": 1498.7073074009616, "PLANE": 95.15383710087416, "RAIL_TRIP": 564.2786053493236, "UNKNOWN": 283.3861742899355}, "Total_Count": 43, "Total_Duration": 149189.637, "Total_Distance": 2714.062718661948, "Total_Emission": 352.0719702737988}, "start_percents_count": {"BIKE_TRIP": 0.023255813953488372, "FOOT": 0.5813953488372093, "HIGH_SPEED_TRAIN": 0.023255813953488372, "PASSENGER_CAR": 0.4418604651162791, "PLANE": 0.023255813953488372, "RAIL_TRIP": 0.6744186046511628, "UNKNOWN": 0.06976744186046512}, "start_percents_duration": {"BIKE_TRIP": 0.004434302631891249, "FOOT": 0.20455428147465768, "HIGH_SPEED_TRAIN": 0.01478574547372885, "PASSENGER_CAR": 0.39238281007413406, "PLANE": 0.00477177915514333, "RAIL_TRIP": 0.35379185217804376, "UNKNOWN": 0.025279229012401178}, "start_percents_distance": {"BIKE_TRIP": 0.003124076382674743, "FOOT": 0.014225280846239164, "HIGH_SPEED_TRAIN": 0.0830671853391282, "PASSENGER_CAR": 0.5522006905351969, "PLANE": 0.035059557189520536, "RAIL_TRIP": 0.2079091988071362, "UNKNOWN": 0.10441401090010437}, "end": {"Count": {"BIKE_TRIP": 1, "BUS": 1, "FOOT": 18, "PASSENGER_CAR": 12, "PLANE": 1, "RAIL_TRIP": 24, "UNKNOWN": 2}, "Duration": {"BIKE_TRIP": 441.692, "BUS": 19640.306, "FOOT": 38346.505, "PASSENGER_CAR": 13863.371, "PLANE": 1802.103, "RAIL_TRIP": 207118.203, "UNKNOWN": 8436.446}, "Distance": {"BIKE_TRIP": 1.5841964383979803, "BUS": 486.1578514064514, "FOOT": 44.54222894042585, "PASSENGER_CAR": 260.21098691944474, "PLANE": 187.56748787730717, "RAIL_TRIP": 257.7089420870937, "UNKNOWN": 328.33394797036897}, "Total_Count": 35, "Total_Duration": 289648.626, "Total_Distance": 1566.10564163949, "Total_Emission": 124.21475900094784}, "end_percents_count": {"BIKE_TRIP": 0.02857142857142857, "BUS": 0.02857142857142857, "FOOT": 0.5142857142857142, "PASSENGER_CAR": 0.34285714285714286, "PLANE": 0.02857142857142857, "RAIL_TRIP": 0.6857142857142857, "UNKNOWN": 0.05714285714285714}, "end_percents_duration": {"BIKE_TRIP": 0.0015249235119796495, "BUS": 0.06780735082789587, "FOOT": 0.13238973555496858, "PASSENGER_CAR": 0.04786271970784353, "PLANE": 0.006221686685991737, "RAIL_TRIP": 0.7150670999557927, "UNKNOWN": 0.029126483755527982}, "end_percents_distance": {"BIKE_TRIP": 0.001011551453667935, "BUS": 0.31042468558986436, "FOOT": 0.028441394856222133, "PASSENGER_CAR": 0.1661516183844666, "PLANE": 0.11976681705900163, "RAIL_TRIP": 0.16455399638130994, "UNKNOWN": 0.20964993627546735}}