{"start": {"Count": {"BIKE_TRIP": 3, "FOOT": 22, "PASSENGER_CAR": 9, "RAIL_TRIP": 12, "UNKNOWN": 1}, "Duration": {"BIKE_TRIP": 5875.938, "FOOT": 53018.889, "PASSENGER_CAR": 17667.56, "RAIL_TRIP": 16070.636999999999, "UNKNOWN": 120.36}, "Distance": {"BIKE_TRIP": 16.74517659985309, "FOOT": 33.92698545163522, "PASSENGER_CAR": 269.677654862077, "RAIL_TRIP": 139.9344220960959, "UNKNOWN": 8.20932394531426}, "Total_Count": 36, "Total_Duration": 92753.384, "Total_Distance": 468.49356295497546, "Total_Emission": 54.31271480692016}, "start_percents_count": {"BIKE_TRIP": 0.08333333333333333, "FOOT": 0.6111111111111112, "PASSENGER_CAR": 0.25, "RAIL_TRIP": 0.3333333333333333, "UNKNOWN": 0.027777777777777776}, "start_percents_duration": {"BIKE_TRIP": 0.06335011992662176, "FOOT": 0.5716113710740731, "PASSENGER_CAR": 0.19047887244739234, "RAIL_TRIP": 0.1732620019556375, "UNKNOWN": 0.0012976345962752152}, "start_percents_distance": {"BIKE_TRIP": 0.035742596961705494, "FOOT": 0.07241718592171088, "PASSENGER_CAR": 0.5756272362871171, "RAIL_TRIP": 0.29869017028424844, "UNKNOWN": 0.017522810545218134}, "end": {"Count": {"BIKE_TRIP": 3, "BUS": 1, "FOOT": 28, "HIGH_SPEED_TRAIN": 1, "PASSENGER_CAR": 13, "RAIL_TRIP": 15}, "Duration": {"BIKE_TRIP": 3089.471, "BUS": 180.367, "FOOT": 89802.678, "HIGH_SPEED_TRAIN": 4806.046, "PASSENGER_CAR": 17394.359, "RAIL_TRIP": 29184.258}, "Distance": {"BIKE_TRIP": 14.996622396941452, "BUS": 3.931910311157071, "FOOT": 64.22788791798928, "HIGH_SPEED_TRAIN": 289.83995433206115, "PASSENGER_CAR": 175.08697305394563, "RAIL_TRIP": 139.06362136569857}, "Total_Count": 39, "Total_Duration": 144457.17900000006, "Total_Distance": 687.1469693777933, "Total_Emission": 39.99833861165556}, "end_percents_count": {"BIKE_TRIP": 0.07692307692307693, "BUS": 0.02564102564102564, "FOOT": 0.717948717948718, "HIGH_SPEED_TRAIN": 0.02564102564102564, "PASSENGER_CAR": 0.3333333333333333, "RAIL_TRIP": 0.38461538461538464}, "end_percents_duration": {"BIKE_TRIP": 0.021386759878510426, "BUS": 0.0012485845372904583, "FOOT": 0.6216560410611366, "HIGH_SPEED_TRAIN": 0.0332696930209332, "PASSENGER_CAR": 0.12041186959631818, "RAIL_TRIP": 0.20202705190581072}, "end_percents_distance": {"BIKE_TRIP": 0.021824475789394497, "BUS": 0.005722080553913216, "FOOT": 0.09347037938062533, "HIGH_SPEED_TRAIN": 0.421801983052489, "PASSENGER_CAR": 0.25480280181179527, "RAIL_TRIP": 0.20237827941178244}}