{"start": {"Count": {"BIKE_TRIP": 1, "FOOT": 6, "PASSENGER_CAR": 2, "RAIL_TRIP": 7, "UNKNOWN": 1}, "Duration": {"BIKE_TRIP": 1261.813, "FOOT": 2179.822, "PASSENGER_CAR": 1364.662, "RAIL_TRIP": 8306.983, "UNKNOWN": 508.541}, "Distance": {"BIKE_TRIP": 2.5990544394675665, "FOOT": 5.408311115377953, "PASSENGER_CAR": 4.524757158835751, "RAIL_TRIP": 168.27220546490204, "UNKNOWN": 7.907952703243509}, "Total_Count": 17, "Total_Duration": 13621.821, "Total_Distance": 188.7122808818268}, "start_percents_count": {"BIKE_TRIP": 0.058823529411764705, "FOOT": 0.35294117647058826, "PASSENGER_CAR": 0.11764705882352941, "RAIL_TRIP": 0.4117647058823529, "UNKNOWN": 0.058823529411764705}, "start_percents_duration": {"BIKE_TRIP": 0.09263174138024571, "FOOT": 0.16002427281932424, "PASSENGER_CAR": 0.10018205348609412, "RAIL_TRIP": 0.6098291116877839, "UNKNOWN": 0.037332820626552056}, "start_percents_distance": {"BIKE_TRIP": 0.013772577106919268, "FOOT": 0.028659031039769384, "PASSENGER_CAR": 0.02397701483810262, "RAIL_TRIP": 0.8916865647460193, "UNKNOWN": 0.04190481226918948}, "end": {"Count": {"FOOT": 20, "PASSENGER_CAR": 6, "RAIL_TRIP": 10}, "Duration": {"FOOT": 17569.288, "PASSENGER_CAR": 4273.088000000001, "RAIL_TRIP": 4836.125}, "Distance": {"FOOT": 37.90749658210486, "PASSENGER_CAR": 20.94134135224883, "RAIL_TRIP": 44.263761698345604}, "Total_Count": 36, "Total_Duration": 26678.501, "Total_Distance": 103.1125996326993}, "end_percents_count": {"FOOT": 0.5555555555555556, "PASSENGER_CAR": 0.16666666666666666, "RAIL_TRIP": 0.2777777777777778}, "end_percents_duration": {"FOOT": 0.6585560410609277, "PASSENGER_CAR": 0.16016971868097088, "RAIL_TRIP": 0.18127424025810146}, "end_percents_distance": {"FOOT": 0.36763205192320214, "PASSENGER_CAR": 0.20309197350124675, "RAIL_TRIP": 0.4292759745755511}}