{"start": {"Count": {"BIKE_TRIP": 1, "FOOT": 39, "HIGH_SPEED_TRAIN": 1, "MOTORCYCLE": 2, "PASSENGER_CAR": 14, "RAIL_TRIP": 11}, "Duration": {"BIKE_TRIP": 1763.592, "FOOT": 117312.104, "HIGH_SPEED_TRAIN": 1970.437, "MOTORCYCLE": 1262.53, "PASSENGER_CAR": 26202.884, "RAIL_TRIP": 15901.455}, "Distance": {"BIKE_TRIP": 6.91997576000146, "FOOT": 111.50012531387827, "HIGH_SPEED_TRAIN": 119.37472516761844, "MOTORCYCLE": 26.063288024839785, "PASSENGER_CAR": 147.00148893441198, "RAIL_TRIP": 89.01593343095179}, "Total_Count": 47, "Total_Duration": 164413.002, "Total_Distance": 499.87553663170183, "Total_Emission": 35.860367532600534}, "start_percents_count": {"BIKE_TRIP": 0.02127659574468085, "FOOT": 0.8297872340425532, "HIGH_SPEED_TRAIN": 0.02127659574468085, "MOTORCYCLE": 0.0425531914893617, "PASSENGER_CAR": 0.2978723404255319, "RAIL_TRIP": 0.23404255319148937}, "start_percents_duration": {"BIKE_TRIP": 0.010726596914762252, "FOOT": 0.7135208442942974, "HIGH_SPEED_TRAIN": 0.011984678681312564, "MOTORCYCLE": 0.007679015556202787, "PASSENGER_CAR": 0.1593723347986797, "RAIL_TRIP": 0.0967165297547453}, "start_percents_distance": {"BIKE_TRIP": 0.01384339751176893, "FOOT": 0.22305577517394956, "HIGH_SPEED_TRAIN": 0.23880889625445167, "MOTORCYCLE": 0.052139554978948066, "PASSENGER_CAR": 0.29407618129294394, "RAIL_TRIP": 0.17807619478793763}, "end": {"Count": {"BIKE_TRIP": 4, "BUS": 2, "FOOT": 48, "HIGH_SPEED_TRAIN": 2, "MOTORCYCLE": 1, "PASSENGER_CAR": 17, "RAIL_TRIP": 15, "UNKNOWN": 1}, "Duration": {"BIKE_TRIP": 5773.037, "BUS": 816.659, "FOOT": 101642.5, "HIGH_SPEED_TRAIN": 3337.407, "MOTORCYCLE": 823.86, "PASSENGER_CAR": 29624.773999999998, "RAIL_TRIP": 17757.808, "UNKNOWN": 180.35}, "Distance": {"BIKE_TRIP": 23.498091187694556, "BUS": 1.424105051407171, "FOOT": 109.55991102297438, "HIGH_SPEED_TRAIN": 251.54211877395184, "MOTORCYCLE": 4.672326642498763, "PASSENGER_CAR": 324.55708459567575, "RAIL_TRIP": 150.1737925158596, "UNKNOWN": 6.445630715511976}, "Total_Count": 58, "Total_Duration": 159956.395, "Total_Distance": 871.8730605055739, "Total_Emission": 71.18270081344508}, "end_percents_count": {"BIKE_TRIP": 0.06896551724137931, "BUS": 0.034482758620689655, "FOOT": 0.8275862068965517, "HIGH_SPEED_TRAIN": 0.034482758620689655, "MOTORCYCLE": 0.017241379310344827, "PASSENGER_CAR": 0.29310344827586204, "RAIL_TRIP": 0.25862068965517243, "UNKNOWN": 0.017241379310344827}, "end_percents_duration": {"BIKE_TRIP": 0.03609131726180751, "BUS": 0.005105510161066083, "FOOT": 0.6354388019309888, "HIGH_SPEED_TRAIN": 0.020864479972807593, "MOTORCYCLE": 0.005150528680019327, "PASSENGER_CAR": 0.18520531173511381, "RAIL_TRIP": 0.11101655548063584, "UNKNOWN": 0.0011274947775610973}, "end_percents_distance": {"BIKE_TRIP": 0.026951275652522963, "BUS": 0.0016333857712972273, "FOOT": 0.12566039253402755, "HIGH_SPEED_TRAIN": 0.28850773142146385, "MOTORCYCLE": 0.005358952873012748, "PASSENGER_CAR": 0.37225268137941375, "RAIL_TRIP": 0.17224272582614053, "UNKNOWN": 0.0073928545421214666}}