{"start": {"Count": {"BIKE_TRIP": 1, "FOOT": 8, "MOTORCYCLE": 2, "PASSENGER_CAR": 3, "RAIL_TRIP": 2, "UNKNOWN": 1}, "Duration": {"BIKE_TRIP": 240.989, "FOOT": 11796.351999999999, "MOTORCYCLE": 1071.204, "PASSENGER_CAR": 3990.157, "RAIL_TRIP": 4518.902, "UNKNOWN": 231.474}, "Distance": {"BIKE_TRIP": 3.0999674521452816, "FOOT": 17.367723090978018, "MOTORCYCLE": 9.81785429085158, "PASSENGER_CAR": 118.21010443149333, "RAIL_TRIP": 84.13922557600733, "UNKNOWN": 10.396993355702554}, "Total_Count": 12, "Total_Duration": 21849.077999999994, "Total_Distance": 243.0318681971781, "Total_Emission": 15.166428354146149}, "start_percents_count": {"BIKE_TRIP": 0.08333333333333333, "FOOT": 0.6666666666666666, "MOTORCYCLE": 0.16666666666666666, "PASSENGER_CAR": 0.25, "RAIL_TRIP": 0.16666666666666666, "UNKNOWN": 0.08333333333333333}, "start_percents_duration": {"BIKE_TRIP": 0.01102971026969651, "FOOT": 0.5399015921861784, "MOTORCYCLE": 0.049027423491279594, "PASSENGER_CAR": 0.1826235871371781, "RAIL_TRIP": 0.20682346412969926, "UNKNOWN": 0.010594222785968362}, "start_percents_distance": {"BIKE_TRIP": 0.012755394900022728, "FOOT": 0.07146273951565532, "MOTORCYCLE": 0.040397394644911745, "PASSENGER_CAR": 0.48639754657848566, "RAIL_TRIP": 0.34620655389828536, "UNKNOWN": 0.042780370462639085}, "end": {"Count": {"FOOT": 6, "MOTORCYCLE": 2, "PASSENGER_CAR": 1}, "Duration": {"FOOT": 9157.062, "MOTORCYCLE": 683.706, "PASSENGER_CAR": 961.288}, "Distance": {"FOOT": 12.667518354972188, "MOTORCYCLE": 3.020760319072224, "PASSENGER_CAR": 3.756488737580979}, "Total_Count": 9, "Total_Duration": 10802.056, "Total_Distance": 19.44476741162539, "Total_Emission": 0.48431177535885567}, "end_percents_count": {"FOOT": 0.6666666666666666, "MOTORCYCLE": 0.2222222222222222, "PASSENGER_CAR": 0.1111111111111111}, "end_percents_duration": {"FOOT": 0.8477147313437368, "MOTORCYCLE": 0.06329406179712455, "PASSENGER_CAR": 0.08899120685913867}, "end_percents_distance": {"FOOT": 0.6514615519339508, "MOTORCYCLE": 0.15535080750136462, "PASSENGER_CAR": 0.19318764056468465}}