{"start": {"Count": {"FOOT": 6, "PASSENGER_CAR": 7, "RAIL_TRIP": 6}, "Duration": {"FOOT": 4837.627, "PASSENGER_CAR": 5272.98, "RAIL_TRIP": 13053.717999999999}, "Distance": {"FOOT": 7.3653223449256835, "PASSENGER_CAR": 70.97231686571192, "RAIL_TRIP": 14.299010142422762}, "Total_Count": 13, "Total_Duration": 23164.325, "Total_Distance": 92.63664935306038, "Total_Emission": 9.745981009746272}, "start_percents_count": {"FOOT": 0.46153846153846156, "PASSENGER_CAR": 0.5384615384615384, "RAIL_TRIP": 0.46153846153846156}, "start_percents_duration": {"FOOT": 0.20883954097518492, "PASSENGER_CAR": 0.22763365649549466, "RAIL_TRIP": 0.5635268025293203}, "start_percents_distance": {"FOOT": 0.07950765055042829, "PASSENGER_CAR": 0.7661364844406179, "RAIL_TRIP": 0.15435586500895365}, "end": {"Count": {"BIKE_TRIP": 1, "BUS": 1, "FOOT": 12, "PASSENGER_CAR": 7, "RAIL_TRIP": 6}, "Duration": {"BIKE_TRIP": 1562.281, "BUS": 120.175, "FOOT": 15011.357, "PASSENGER_CAR": 12101.962, "RAIL_TRIP": 8228.609}, "Distance": {"BIKE_TRIP": 14.067300654734186, "BUS": 0.6978577955512101, "FOOT": 20.073634427032328, "PASSENGER_CAR": 181.94090707643215, "RAIL_TRIP": 45.679873815547694}, "Total_Count": 16, "Total_Duration": 37024.384000000005, "Total_Distance": 262.4595737692976, "Total_Emission": 34.008791863185444}, "end_percents_count": {"BIKE_TRIP": 0.0625, "BUS": 0.0625, "FOOT": 0.75, "PASSENGER_CAR": 0.4375, "RAIL_TRIP": 0.375}, "end_percents_duration": {"BIKE_TRIP": 0.04219600250472769, "BUS": 0.003245833880720338, "FOOT": 0.40544515203818104, "PASSENGER_CAR": 0.32686464142117794, "RAIL_TRIP": 0.22224837015519283}, "end_percents_distance": {"BIKE_TRIP": 0.053597971118780244, "BUS": 0.0026589153732476463, "FOOT": 0.07648276699815525, "PASSENGER_CAR": 0.6932149757903612, "RAIL_TRIP": 0.17404537071945556}}