{"start": {"Count": {"BIKE_TRIP": 1, "BUS": 1, "FOOT": 57, "PASSENGER_CAR": 22, "RAIL_TRIP": 11}, "Duration": {"BIKE_TRIP": 1001.149, "BUS": 1260.211, "FOOT": 95299.60800000001, "PASSENGER_CAR": 87101.495, "RAIL_TRIP": 12116.363000000001}, "Distance": {"BIKE_TRIP": 4.023644864045762, "BUS": 2.940874057696463, "FOOT": 121.92088709768714, "PASSENGER_CAR": 742.0301420931811, "RAIL_TRIP": 25.704438564533476}, "Total_Count": 70, "Total_Duration": 196778.826, "Total_Distance": 896.619986677144, "Total_Emission": 148.93507952358823}, "start_percents_count": {"BIKE_TRIP": 0.014285714285714285, "BUS": 0.014285714285714285, "FOOT": 0.8142857142857143, "PASSENGER_CAR": 0.3142857142857143, "RAIL_TRIP": 0.15714285714285714}, "start_percents_duration": {"BIKE_TRIP": 0.005087686619291041, "BUS": 0.006404200216135043, "FOOT": 0.48429808194912194, "PASSENGER_CAR": 0.44263652126880765, "RAIL_TRIP": 0.061573509946644366}, "start_percents_distance": {"BIKE_TRIP": 0.004487569900105964, "BUS": 0.0032799559472182684, "FOOT": 0.13597832851074795, "PASSENGER_CAR": 0.8275859930840157, "RAIL_TRIP": 0.028668152557912097}, "end": {"Count": {"BIKE_TRIP": 5, "BUS": 1, "FOOT": 73, "PASSENGER_CAR": 34, "RAIL_TRIP": 24}, "Duration": {"BIKE_TRIP": 3493.2509999999997, "BUS": 1260.211, "FOOT": 150609.902, "PASSENGER_CAR": 114388.092, "RAIL_TRIP": 42955.669}, "Distance": {"BIKE_TRIP": 13.565991173423779, "BUS": 2.940874057696463, "FOOT": 167.14972900098334, "PASSENGER_CAR": 1063.0704934156502, "RAIL_TRIP": 130.5991039551438}, "Total_Count": 87, "Total_Duration": 312707.125, "Total_Distance": 1377.3261916028976, "Total_Emission": 202.4254116877278}, "end_percents_count": {"BIKE_TRIP": 0.05747126436781609, "BUS": 0.011494252873563218, "FOOT": 0.8390804597701149, "PASSENGER_CAR": 0.39080459770114945, "RAIL_TRIP": 0.27586206896551724}, "end_percents_duration": {"BIKE_TRIP": 0.011170999061821823, "BUS": 0.004030004113273722, "FOOT": 0.48163246040524343, "PASSENGER_CAR": 0.3657994425294915, "RAIL_TRIP": 0.1373670938901696}, "end_percents_distance": {"BIKE_TRIP": 0.009849512233290227, "BUS": 0.002135205208196867, "FOOT": 0.1213581285392233, "PASSENGER_CAR": 0.7718364029500343, "RAIL_TRIP": 0.0948207510692553}}