{"start": {"Count": {"BUS": 2, "FOOT": 8, "PASSENGER_CAR": 8, "RAIL_TRIP": 15, "UNKNOWN": 2}, "Duration": {"BUS": 666.262, "FOOT": 17179.036, "PASSENGER_CAR": 32524.631999999998, "RAIL_TRIP": 32713.703, "UNKNOWN": 14837.221000000001}, "Distance": {"BUS": 11.649609925763407, "FOOT": 16.700234830243453, "PASSENGER_CAR": 502.7945652987232, "RAIL_TRIP": 309.82455559169176, "UNKNOWN": 358.8832326423428}, "Total_Count": 23, "Total_Duration": 97920.85399999999, "Total_Distance": 1199.8521982887646, "Total_Emission": 112.93805155227041}, "start_percents_count": {"BUS": 0.08695652173913043, "FOOT": 0.34782608695652173, "PASSENGER_CAR": 0.34782608695652173, "RAIL_TRIP": 0.6521739130434783, "UNKNOWN": 0.08695652173913043}, "start_percents_duration": {"BUS": 0.006804086900630993, "FOOT": 0.1754379715683444, "PASSENGER_CAR": 0.33215225022445166, "RAIL_TRIP": 0.3340831055252031, "UNKNOWN": 0.15152258578136996}, "start_percents_distance": {"BUS": 0.009709204135624488, "FOOT": 0.01391857668307931, "PASSENGER_CAR": 0.419047084312394, "RAIL_TRIP": 0.2582189339933411, "UNKNOWN": 0.2991062008755611}, "end": {"Count": {"BIKE_TRIP": 2, "BUS": 3, "FOOT": 14, "PASSENGER_CAR": 11, "RAIL_TRIP": 17, "UNKNOWN": 2}, "Duration": {"BIKE_TRIP": 2902.697, "BUS": 1017.2969999999999, "FOOT": 23653.67, "PASSENGER_CAR": 30250.803, "RAIL_TRIP": 39740.229, "UNKNOWN": 1930.5400000000002}, "Distance": {"BIKE_TRIP": 12.503835389559674, "BUS": 13.99935439957444, "FOOT": 35.67519579211408, "PASSENGER_CAR": 335.5437761656064, "RAIL_TRIP": 249.1861071886547, "UNKNOWN": 99.97630631321954}, "Total_Count": 27, "Total_Duration": 99495.236, "Total_Distance": 746.8845752487288, "Total_Emission": 78.71204585903274}, "end_percents_count": {"BIKE_TRIP": 0.07407407407407407, "BUS": 0.1111111111111111, "FOOT": 0.5185185185185185, "PASSENGER_CAR": 0.4074074074074074, "RAIL_TRIP": 0.6296296296296297, "UNKNOWN": 0.07407407407407407}, "end_percents_duration": {"BIKE_TRIP": 0.029174231015442788, "BUS": 0.01022457999898608, "FOOT": 0.2377367093234494, "PASSENGER_CAR": 0.304042728236757, "RAIL_TRIP": 0.39941841034479275, "UNKNOWN": 0.01940334108057194}, "end_percents_distance": {"BIKE_TRIP": 0.016741322292531783, "BUS": 0.018743665170635436, "FOOT": 0.04776534015344134, "PASSENGER_CAR": 0.44925787368665776, "RAIL_TRIP": 0.3336340251847755, "UNKNOWN": 0.13385777351195835}}