{"start": {"Count": {"BIKE_TRIP": 1, "FOOT": 17, "PASSENGER_CAR": 6, "RAIL_TRIP": 20}, "Duration": {"BIKE_TRIP": 360.812, "FOOT": 60655.489, "PASSENGER_CAR": 13166.474, "RAIL_TRIP": 30404.055}, "Distance": {"BIKE_TRIP": 0.3671937839186951, "FOOT": 65.66960209244668, "PASSENGER_CAR": 103.02561638866675, "RAIL_TRIP": 171.95657000758666}, "Total_Count": 28, "Total_Duration": 104586.83, "Total_Distance": 341.01898227261876, "Total_Emission": 23.70658330812615}, "start_percents_count": {"BIKE_TRIP": 0.03571428571428571, "FOOT": 0.6071428571428571, "PASSENGER_CAR": 0.21428571428571427, "RAIL_TRIP": 0.7142857142857143}, "start_percents_duration": {"BIKE_TRIP": 0.003449879874932628, "FOOT": 0.5799534128723474, "PASSENGER_CAR": 0.12589036306005258, "RAIL_TRIP": 0.29070634419266744}, "start_percents_distance": {"BIKE_TRIP": 0.0010767546764454056, "FOOT": 0.19256875865035813, "PASSENGER_CAR": 0.3021110898345993, "RAIL_TRIP": 0.5042433968385972}, "end": {"Count": {"BIKE_TRIP": 1, "FOOT": 16, "PASSENGER_CAR": 5, "RAIL_TRIP": 17}, "Duration": {"BIKE_TRIP": 360.812, "FOOT": 1182977.015, "PASSENGER_CAR": 8997.038999999999, "RAIL_TRIP": 29685.902000000002}, "Distance": {"BIKE_TRIP": 0.3671937839186951, "FOOT": 98.00635762094795, "PASSENGER_CAR": 24.697468043951332, "RAIL_TRIP": 165.3196802033386}, "Total_Count": 27, "Total_Duration": 1222020.7680000004, "Total_Distance": 288.39069965215657, "Total_Emission": 6.17316913400493}, "end_percents_count": {"BIKE_TRIP": 0.037037037037037035, "FOOT": 0.5925925925925926, "PASSENGER_CAR": 0.18518518518518517, "RAIL_TRIP": 0.6296296296296297}, "end_percents_duration": {"BIKE_TRIP": 0.00029525848451046935, "FOOT": 0.968049844959754, "PASSENGER_CAR": 0.007362427248044933, "RAIL_TRIP": 0.02429246930769019}, "end_percents_distance": {"BIKE_TRIP": 0.0012732511289774155, "FOOT": 0.33983882884974675, "PASSENGER_CAR": 0.08563891995733658, "RAIL_TRIP": 0.5732490000639393}}