{"start": {"Count": {"FOOT": 3, "PASSENGER_CAR": 4, "RAIL_TRIP": 2}, "Duration": {"FOOT": 4788.878, "PASSENGER_CAR": 2913.658, "RAIL_TRIP": 1448.11}, "Distance": {"FOOT": 8.450772354453024, "PASSENGER_CAR": 30.764219392474075, "RAIL_TRIP": 6.907721413344875}, "Total_Count": 6, "Total_Duration": 9150.645999999999, "Total_Distance": 46.12271316027197, "Total_Emission": 6.842724003910571}, "start_percents_count": {"FOOT": 0.5, "PASSENGER_CAR": 0.6666666666666666, "RAIL_TRIP": 0.3333333333333333}, "start_percents_duration": {"FOOT": 0.5233376965954099, "PASSENGER_CAR": 0.3184100882057945, "RAIL_TRIP": 0.15825221519879581}, "start_percents_distance": {"FOOT": 0.1832236608693727, "PASSENGER_CAR": 0.6670080158895116, "RAIL_TRIP": 0.14976832324111575}, "end": {"Count": {"FOOT": 1, "PASSENGER_CAR": 4, "RAIL_TRIP": 1}, "Duration": {"FOOT": 3486.066, "PASSENGER_CAR": 5404.396000000001, "RAIL_TRIP": 247.172}, "Distance": {"FOOT": 5.755911242204728, "PASSENGER_CAR": 78.93990826805694, "RAIL_TRIP": 2.705539125894562}, "Total_Count": 5, "Total_Duration": 9137.633999999998, "Total_Distance": 87.40135863615623, "Total_Emission": 19.644149628841998}, "end_percents_count": {"FOOT": 0.2, "PASSENGER_CAR": 0.8, "RAIL_TRIP": 0.2}, "end_percents_duration": {"FOOT": 0.3815064162123369, "PASSENGER_CAR": 0.5914436931923517, "RAIL_TRIP": 0.027049890595311658}, "end_percents_distance": {"FOOT": 0.06585608429917038, "PASSENGER_CAR": 0.9031885716637023, "RAIL_TRIP": 0.03095534403712728}}