{"start": {"Count": {"BIKE_TRIP": 1, "FOOT": 1, "PASSENGER_CAR": 6, "RAIL_TRIP": 2}, "Duration": {"BIKE_TRIP": 530.004, "FOOT": 681.575, "PASSENGER_CAR": 4335.138, "RAIL_TRIP": 729.774}, "Distance": {"BIKE_TRIP": 3.2760355328738164, "FOOT": 0.9679498898227276, "PASSENGER_CAR": 47.812554956054015, "RAIL_TRIP": 4.831502001615325}, "Total_Count": 9, "Total_Duration": 6276.491, "Total_Distance": 56.888042380365896, "Total_Emission": 8.029602245730564}, "start_percents_count": {"BIKE_TRIP": 0.1111111111111111, "FOOT": 0.1111111111111111, "PASSENGER_CAR": 0.6666666666666666, "RAIL_TRIP": 0.2222222222222222}, "start_percents_duration": {"BIKE_TRIP": 0.08444272444587271, "FOOT": 0.10859172744770924, "PASSENGER_CAR": 0.6906945297937972, "RAIL_TRIP": 0.11627101831262086}, "start_percents_distance": {"BIKE_TRIP": 0.057587419003971456, "FOOT": 0.017014997340755775, "PASSENGER_CAR": 0.8404675737718098, "RAIL_TRIP": 0.08493000988346278}, "end": {"Count": {"BIKE_TRIP": 1, "FOOT": 6, "PASSENGER_CAR": 6, "RAIL_TRIP": 3}, "Duration": {"BIKE_TRIP": 1261.699, "FOOT": 10196.295, "PASSENGER_CAR": 3252.392, "RAIL_TRIP": 4827.213}, "Distance": {"BIKE_TRIP": 11.457646771875938, "FOOT": 13.092994206446097, "PASSENGER_CAR": 25.78549847796959, "RAIL_TRIP": 57.58293996757458}, "Total_Count": 11, "Total_Duration": 19537.598999999995, "Total_Distance": 107.9190794238662, "Total_Emission": 6.345712201415628}, "end_percents_count": {"BIKE_TRIP": 0.09090909090909091, "FOOT": 0.5454545454545454, "PASSENGER_CAR": 0.5454545454545454, "RAIL_TRIP": 0.2727272727272727}, "end_percents_duration": {"BIKE_TRIP": 0.0645779965081687, "FOOT": 0.5218806568811246, "PASSENGER_CAR": 0.16646835673103952, "RAIL_TRIP": 0.24707298987966747}, "end_percents_distance": {"BIKE_TRIP": 0.10616887053747505, "FOOT": 0.12132233036404677, "PASSENGER_CAR": 0.23893364005352286, "RAIL_TRIP": 0.5335751590449554}}