{"start": {"Count": {"BIKE_TRIP": 1, "FOOT": 17, "PASSENGER_CAR": 8, "RAIL_TRIP": 8, "UNKNOWN": 2}, "Duration": {"BIKE_TRIP": 541.172, "FOOT": 16753.454999999998, "PASSENGER_CAR": 9216.72, "RAIL_TRIP": 18535.196, "UNKNOWN": 446.89200000000005}, "Distance": {"BIKE_TRIP": 1.8345284564653892, "FOOT": 22.007905513558217, "PASSENGER_CAR": 99.300239091958, "RAIL_TRIP": 126.62647493917807, "UNKNOWN": 29.30635858919634}, "Total_Count": 26, "Total_Duration": 45493.435, "Total_Distance": 279.075506590356, "Total_Emission": 22.646466689177963}, "start_percents_count": {"BIKE_TRIP": 0.038461538461538464, "FOOT": 0.6538461538461539, "PASSENGER_CAR": 0.3076923076923077, "RAIL_TRIP": 0.3076923076923077, "UNKNOWN": 0.07692307692307693}, "start_percents_duration": {"BIKE_TRIP": 0.011895606475967357, "FOOT": 0.36826093699013934, "PASSENGER_CAR": 0.2025945062183148, "RAIL_TRIP": 0.40742573076752725, "UNKNOWN": 0.009823219548051276}, "start_percents_distance": {"BIKE_TRIP": 0.0065735917812315275, "FOOT": 0.0788600396446212, "PASSENGER_CAR": 0.35581853923754386, "RAIL_TRIP": 0.45373553733272665, "UNKNOWN": 0.10501229200387692}, "end": {"Count": {"BIKE_TRIP": 4, "BUS": 2, "FOOT": 25, "PASSENGER_CAR": 6, "RAIL_TRIP": 10, "UNKNOWN": 1}, "Duration": {"BIKE_TRIP": 12032.982, "BUS": 1648.479, "FOOT": 58280.53, "PASSENGER_CAR": 5510.389999999999, "RAIL_TRIP": 18221.375, "UNKNOWN": 180.16}, "Distance": {"BIKE_TRIP": 43.024963203481185, "BUS": 27.222096983724867, "FOOT": 82.01769474650001, "PASSENGER_CAR": 72.82684595016222, "RAIL_TRIP": 146.32134811857966, "UNKNOWN": 5.787636968173625}, "Total_Count": 31, "Total_Duration": 95873.916, "Total_Distance": 377.2005859706216, "Total_Emission": 19.490229378876084}, "end_percents_count": {"BIKE_TRIP": 0.12903225806451613, "BUS": 0.06451612903225806, "FOOT": 0.8064516129032258, "PASSENGER_CAR": 0.1935483870967742, "RAIL_TRIP": 0.3225806451612903, "UNKNOWN": 0.03225806451612903}, "end_percents_duration": {"BIKE_TRIP": 0.12550840209760494, "BUS": 0.017194238733296344, "FOOT": 0.6078872380679642, "PASSENGER_CAR": 0.0574753825639082, "RAIL_TRIP": 0.19005560386205567, "UNKNOWN": 0.001879134675170669}, "end_percents_distance": {"BIKE_TRIP": 0.11406388219882617, "BUS": 0.07216875581907253, "FOOT": 0.21743787734435807, "PASSENGER_CAR": 0.19307193217307028, "RAIL_TRIP": 0.38791389398842546, "UNKNOWN": 0.015343658476247428}}