{"start": {"Count": {"BUS": 1, "FOOT": 11, "PASSENGER_CAR": 9, "RAIL_TRIP": 7}, "Duration": {"BUS": 1371.794, "FOOT": 22425.123, "PASSENGER_CAR": 56510.69099999999, "RAIL_TRIP": 3764.771}, "Distance": {"BUS": 15.20824890485508, "FOOT": 31.624030825559192, "PASSENGER_CAR": 248.53473526101803, "RAIL_TRIP": 21.045798662201815}, "Total_Count": 17, "Total_Duration": 84072.379, "Total_Distance": 316.4128136536341, "Total_Emission": 36.90333129081351}, "start_percents_count": {"BUS": 0.058823529411764705, "FOOT": 0.6470588235294118, "PASSENGER_CAR": 0.5294117647058824, "RAIL_TRIP": 0.4117647058823529}, "start_percents_duration": {"BUS": 0.016316821485448867, "FOOT": 0.2667359157280419, "PASSENGER_CAR": 0.6721671454069355, "RAIL_TRIP": 0.04478011737957362}, "start_percents_distance": {"BUS": 0.04806457971548211, "FOOT": 0.09994548090639875, "PASSENGER_CAR": 0.7854762024052547, "RAIL_TRIP": 0.06651373697286453}, "end": {"Count": {"BIKE_TRIP": 1, "BUS": 2, "FOOT": 14, "PASSENGER_CAR": 10, "RAIL_TRIP": 6}, "Duration": {"BIKE_TRIP": 312.866, "BUS": 2754.398, "FOOT": 61666.615, "PASSENGER_CAR": 16599.896, "RAIL_TRIP": 10126.121000000001}, "Distance": {"BIKE_TRIP": 3.2624340612422382, "BUS": 42.215688116984275, "FOOT": 33.891411491801634, "PASSENGER_CAR": 158.19261704718244, "RAIL_TRIP": 66.12650724290515}, "Total_Count": 20, "Total_Duration": 91459.89600000001, "Total_Distance": 303.68865796011573, "Total_Emission": 26.50357979416571}, "end_percents_count": {"BIKE_TRIP": 0.05, "BUS": 0.1, "FOOT": 0.7, "PASSENGER_CAR": 0.5, "RAIL_TRIP": 0.3}, "end_percents_duration": {"BIKE_TRIP": 0.0034207998662058392, "BUS": 0.030115910037772184, "FOOT": 0.6742475959080468, "PASSENGER_CAR": 0.18149917861266757, "RAIL_TRIP": 0.11071651557530746}, "end_percents_distance": {"BIKE_TRIP": 0.010742693135647834, "BUS": 0.13900976217073138, "FOOT": 0.11159920070591733, "PASSENGER_CAR": 0.5209039353322122, "RAIL_TRIP": 0.21774440865549125}}