{"start": {"Count": {"BIKE_TRIP": 2, "BUS": 1, "FOOT": 5, "HIGH_SPEED_TRAIN": 1, "PASSENGER_CAR": 7, "RAIL_TRIP": 6}, "Duration": {"BIKE_TRIP": 2190.53, "BUS": 963.391, "FOOT": 21297.731, "HIGH_SPEED_TRAIN": 420.716, "PASSENGER_CAR": 17521.987999999998, "RAIL_TRIP": 11178.264}, "Distance": {"BIKE_TRIP": 10.402511342463997, "BUS": 15.905978453223554, "FOOT": 24.73305228978219, "HIGH_SPEED_TRAIN": 12.481099318482253, "PASSENGER_CAR": 32.792405298618505, "RAIL_TRIP": 77.65535324799686}, "Total_Count": 13, "Total_Duration": 53572.619999999995, "Total_Distance": 173.97039995056738, "Total_Emission": 9.096198959170462}, "start_percents_count": {"BIKE_TRIP": 0.15384615384615385, "BUS": 0.07692307692307693, "FOOT": 0.38461538461538464, "HIGH_SPEED_TRAIN": 0.07692307692307693, "PASSENGER_CAR": 0.5384615384615384, "RAIL_TRIP": 0.46153846153846156}, "start_percents_duration": {"BIKE_TRIP": 0.04088898396233002, "BUS": 0.01798289872699898, "FOOT": 0.3975488038479358, "HIGH_SPEED_TRAIN": 0.007853190678372647, "PASSENGER_CAR": 0.32706983530019623, "RAIL_TRIP": 0.20865628748416634}, "start_percents_distance": {"BIKE_TRIP": 0.05979471993752849, "BUS": 0.09142922277435207, "FOOT": 0.14216816364628657, "HIGH_SPEED_TRAIN": 0.07174266037227413, "PASSENGER_CAR": 0.18849416514496872, "RAIL_TRIP": 0.4463710681245899}, "end": {"Count": {"BIKE_TRIP": 2, "FOOT": 14, "PASSENGER_CAR": 6, "RAIL_TRIP": 11}, "Duration": {"BIKE_TRIP": 820.448, "FOOT": 26082.614, "PASSENGER_CAR": 18061.879, "RAIL_TRIP": 20249.623}, "Distance": {"BIKE_TRIP": 2.6168649944337723, "FOOT": 38.0950301205975, "PASSENGER_CAR": 30.703606802228947, "RAIL_TRIP": 84.94051584661511}, "Total_Count": 23, "Total_Duration": 65214.564000000006, "Total_Distance": 156.35601776387531, "Total_Emission": 6.853279451959649}, "end_percents_count": {"BIKE_TRIP": 0.08695652173913043, "FOOT": 0.6086956521739131, "PASSENGER_CAR": 0.2608695652173913, "RAIL_TRIP": 0.4782608695652174}, "end_percents_duration": {"BIKE_TRIP": 0.012580748067256876, "FOOT": 0.3999507533317251, "PASSENGER_CAR": 0.27696081813872125, "RAIL_TRIP": 0.3105076804622967}, "end_percents_distance": {"BIKE_TRIP": 0.016736579965765642, "FOOT": 0.24364287774409552, "PASSENGER_CAR": 0.19636984390710638, "RAIL_TRIP": 0.5432506983830326}}