{"start": {"Count": {"BIKE_TRIP": 1, "FOOT": 11, "PASSENGER_CAR": 4, "RAIL_TRIP": 3}, "Duration": {"BIKE_TRIP": 300.429, "FOOT": 40739.126000000004, "PASSENGER_CAR": 6169.28, "RAIL_TRIP": 4718.699}, "Distance": {"BIKE_TRIP": 1.651084227639516, "FOOT": 29.28249921682156, "PASSENGER_CAR": 60.78903805750309, "RAIL_TRIP": 50.22832213916491}, "Total_Count": 16, "Total_Duration": 51927.534, "Total_Distance": 141.95094364112907, "Total_Emission": 10.39279268010716}, "start_percents_count": {"BIKE_TRIP": 0.0625, "FOOT": 0.6875, "PASSENGER_CAR": 0.25, "RAIL_TRIP": 0.1875}, "start_percents_duration": {"BIKE_TRIP": 0.005785543368957208, "FOOT": 0.7845380448838569, "PASSENGER_CAR": 0.11880556469328969, "RAIL_TRIP": 0.0908708470538963}, "start_percents_distance": {"BIKE_TRIP": 0.011631371974628624, "FOOT": 0.20628604830448768, "PASSENGER_CAR": 0.428239760146899, "RAIL_TRIP": 0.3538428195739847}, "end": {"Count": {"BIKE_TRIP": 1, "FOOT": 5, "PASSENGER_CAR": 5, "RAIL_TRIP": 4}, "Duration": {"BIKE_TRIP": 300.395, "FOOT": 23071.802000000003, "PASSENGER_CAR": 12097.735, "RAIL_TRIP": 4726.806}, "Distance": {"BIKE_TRIP": 0.4067050617617144, "FOOT": 11.495853993119674, "PASSENGER_CAR": 142.93197664709376, "RAIL_TRIP": 50.62292900444245}, "Total_Count": 12, "Total_Duration": 40196.738000000005, "Total_Distance": 205.4574647064176, "Total_Emission": 35.354516523897416}, "end_percents_count": {"BIKE_TRIP": 0.08333333333333333, "FOOT": 0.4166666666666667, "PASSENGER_CAR": 0.4166666666666667, "RAIL_TRIP": 0.3333333333333333}, "end_percents_duration": {"BIKE_TRIP": 0.00747311883864805, "FOOT": 0.5739719974292441, "PASSENGER_CAR": 0.3009631030259221, "RAIL_TRIP": 0.11759178070618563}, "end_percents_distance": {"BIKE_TRIP": 0.001979509784873787, "FOOT": 0.05595247663328435, "PASSENGER_CAR": 0.6956767273037863, "RAIL_TRIP": 0.24639128627805562}}