{"start": {"Count": {"BIKE_TRIP": 2, "BUS": 1, "FOOT": 10, "MOTORCYCLE": 1, "PASSENGER_CAR": 1, "RAIL_TRIP": 3}, "Duration": {"BIKE_TRIP": 13228.611, "BUS": 6311.0, "FOOT": 13861.088, "MOTORCYCLE": 2385.076, "PASSENGER_CAR": 12275.0, "RAIL_TRIP": 1479.952}, "Distance": {"BIKE_TRIP": 8.529645673566737, "BUS": 41.20420081740065, "FOOT": 16.817553492087303, "MOTORCYCLE": 26.90113994813854, "PASSENGER_CAR": 342.1235892430844, "RAIL_TRIP": 0.7890294592072842}, "Total_Count": 15, "Total_Duration": 49540.727000000006, "Total_Distance": 436.3651586334849, "Total_Emission": 59.204597366786366}, "start_percents_count": {"BIKE_TRIP": 0.13333333333333333, "BUS": 0.06666666666666667, "FOOT": 0.6666666666666666, "MOTORCYCLE": 0.06666666666666667, "PASSENGER_CAR": 0.06666666666666667, "RAIL_TRIP": 0.2}, "start_percents_duration": {"BIKE_TRIP": 0.26702496715480173, "BUS": 0.12739013700788038, "FOOT": 0.27979177616832307, "MOTORCYCLE": 0.04814374242025152, "PASSENGER_CAR": 0.24777593594861858, "RAIL_TRIP": 0.029873441300124638}, "start_percents_distance": {"BIKE_TRIP": 0.01954703647806818, "BUS": 0.09442596413158913, "FOOT": 0.03854009230423648, "MOTORCYCLE": 0.06164823065246954, "PASSENGER_CAR": 0.7840304902308742, "RAIL_TRIP": 0.001808186202762379}, "end": {"Count": {"BIKE_TRIP": 1, "FOOT": 18, "HIGH_SPEED_TRAIN": 1, "PASSENGER_CAR": 9, "RAIL_TRIP": 8}, "Duration": {"BIKE_TRIP": 11886.137, "FOOT": 58045.06, "HIGH_SPEED_TRAIN": 2187.395, "PASSENGER_CAR": 10288.863, "RAIL_TRIP": 6774.198}, "Distance": {"BIKE_TRIP": 2.6716726461171847, "FOOT": 87.46763704250814, "HIGH_SPEED_TRAIN": 3.1184940010519813, "PASSENGER_CAR": 128.00528766700003, "RAIL_TRIP": 42.64442684389881}, "Total_Count": 22, "Total_Duration": 89181.65299999999, "Total_Distance": 263.90751820057613, "Total_Emission": 26.302199634323642}, "end_percents_count": {"BIKE_TRIP": 0.045454545454545456, "FOOT": 0.8181818181818182, "HIGH_SPEED_TRAIN": 0.045454545454545456, "PASSENGER_CAR": 0.4090909090909091, "RAIL_TRIP": 0.36363636363636365}, "end_percents_duration": {"BIKE_TRIP": 0.13328007050956997, "FOOT": 0.6508632442594443, "HIGH_SPEED_TRAIN": 0.024527410363205538, "PASSENGER_CAR": 0.11536972744831273, "RAIL_TRIP": 0.07595954741946756}, "end_percents_distance": {"BIKE_TRIP": 0.010123518512597464, "FOOT": 0.3314329111913766, "HIGH_SPEED_TRAIN": 0.011816616753910929, "PASSENGER_CAR": 0.4850384276271845, "RAIL_TRIP": 0.1615885259149306}}