{"start": {"Count": {"FOOT": 17, "HIGH_SPEED_TRAIN": 2, "PASSENGER_CAR": 12, "RAIL_TRIP": 9}, "Duration": {"FOOT": 27703.092, "HIGH_SPEED_TRAIN": 3287.907, "PASSENGER_CAR": 18850.567, "RAIL_TRIP": 7804.93}, "Distance": {"FOOT": 61.77044993534804, "HIGH_SPEED_TRAIN": 20.433781287516705, "PASSENGER_CAR": 60.56227162253644, "RAIL_TRIP": 32.239363581546144}, "Total_Count": 31, "Total_Duration": 57646.49600000001, "Total_Distance": 175.00586642694734, "Total_Emission": 14.263529398892642}, "start_percents_count": {"FOOT": 0.5483870967741935, "HIGH_SPEED_TRAIN": 0.06451612903225806, "PASSENGER_CAR": 0.3870967741935484, "RAIL_TRIP": 0.2903225806451613}, "start_percents_duration": {"FOOT": 0.48056853273440936, "HIGH_SPEED_TRAIN": 0.05703567828303042, "PASSENGER_CAR": 0.327002824247982, "RAIL_TRIP": 0.13539296473457813}, "start_percents_distance": {"FOOT": 0.3529621674775849, "HIGH_SPEED_TRAIN": 0.1167605504015854, "PASSENGER_CAR": 0.34605852283138716, "RAIL_TRIP": 0.18421875928944254}, "end": {"Count": {"BIKE_TRIP": 1, "FOOT": 9, "HIGH_SPEED_TRAIN": 2, "PASSENGER_CAR": 17, "RAIL_TRIP": 8}, "Duration": {"BIKE_TRIP": 120.107, "FOOT": 15500.017, "HIGH_SPEED_TRAIN": 1690.451, "PASSENGER_CAR": 15719.581, "RAIL_TRIP": 10670.921000000002}, "Distance": {"BIKE_TRIP": 1.187061298286295, "FOOT": 27.179327246821302, "HIGH_SPEED_TRAIN": 24.285726270134468, "PASSENGER_CAR": 143.4981759697507, "RAIL_TRIP": 120.69924899188459}, "Total_Count": 32, "Total_Duration": 43701.07700000001, "Total_Distance": 316.84953977687735, "Total_Emission": 34.262154991229444}, "end_percents_count": {"BIKE_TRIP": 0.03125, "FOOT": 0.28125, "HIGH_SPEED_TRAIN": 0.0625, "PASSENGER_CAR": 0.53125, "RAIL_TRIP": 0.25}, "end_percents_duration": {"BIKE_TRIP": 0.00274837620134625, "FOOT": 0.3546827232656073, "HIGH_SPEED_TRAIN": 0.03868213591166185, "PASSENGER_CAR": 0.3597069472681416, "RAIL_TRIP": 0.2441798173532428}, "end_percents_distance": {"BIKE_TRIP": 0.003746451073030477, "FOOT": 0.0857799170734499, "HIGH_SPEED_TRAIN": 0.07664750369287664, "PASSENGER_CAR": 0.4528905930265856, "RAIL_TRIP": 0.3809355351340574}}