{"start": {"Count": {"BIKE_TRIP": 1, "FOOT": 6, "HIGH_SPEED_TRAIN": 5, "PASSENGER_CAR": 22, "RAIL_TRIP": 5}, "Duration": {"BIKE_TRIP": 360.503, "FOOT": 13521.086, "HIGH_SPEED_TRAIN": 18575.064, "PASSENGER_CAR": 15831.696, "RAIL_TRIP": 25151.282}, "Distance": {"BIKE_TRIP": 0.6590112680464708, "FOOT": 15.400220507863743, "HIGH_SPEED_TRAIN": 769.7203159867208, "PASSENGER_CAR": 142.31989122303483, "RAIL_TRIP": 58.684672307775834}, "Total_Count": 29, "Total_Duration": 73439.631, "Total_Distance": 986.7841112934418, "Total_Emission": 36.05224493975028}, "start_percents_count": {"BIKE_TRIP": 0.034482758620689655, "FOOT": 0.20689655172413793, "HIGH_SPEED_TRAIN": 0.1724137931034483, "PASSENGER_CAR": 0.7586206896551724, "RAIL_TRIP": 0.1724137931034483}, "start_percents_duration": {"BIKE_TRIP": 0.0049088345773414905, "FOOT": 0.18411157321855282, "HIGH_SPEED_TRAIN": 0.2529297022203175, "PASSENGER_CAR": 0.21557428576949142, "RAIL_TRIP": 0.3424756042142968}, "start_percents_distance": {"BIKE_TRIP": 0.0006678373318989319, "FOOT": 0.015606473930430109, "HIGH_SPEED_TRAIN": 0.7800290936766286, "PASSENGER_CAR": 0.144225965532103, "RAIL_TRIP": 0.05947062952893925}, "end": {"Count": {"BIKE_TRIP": 1, "BUS": 1, "FOOT": 6, "HIGH_SPEED_TRAIN": 4, "MOTORCYCLE": 1, "PASSENGER_CAR": 16, "RAIL_TRIP": 3}, "Duration": {"BIKE_TRIP": 735.047, "BUS": 240.477, "FOOT": 8086.474, "HIGH_SPEED_TRAIN": 5842.264, "MOTORCYCLE": 238.953, "PASSENGER_CAR": 16983.273, "RAIL_TRIP": 3239.014}, "Distance": {"BIKE_TRIP": 3.791544139738004, "BUS": 1.2393590239922572, "FOOT": 15.928906071127086, "HIGH_SPEED_TRAIN": 89.35897669400742, "MOTORCYCLE": 1.260610769949536, "PASSENGER_CAR": 174.51506347532896, "RAIL_TRIP": 27.86132178964628}, "Total_Count": 25, "Total_Duration": 35365.502, "Total_Distance": 313.9557819637895, "Total_Emission": 40.25183737814995}, "end_percents_count": {"BIKE_TRIP": 0.04, "BUS": 0.04, "FOOT": 0.24, "HIGH_SPEED_TRAIN": 0.16, "MOTORCYCLE": 0.04, "PASSENGER_CAR": 0.64, "RAIL_TRIP": 0.12}, "end_percents_duration": {"BIKE_TRIP": 0.02078429425376176, "BUS": 0.006799762095841309, "FOOT": 0.22865429706045173, "HIGH_SPEED_TRAIN": 0.1651966936592615, "MOTORCYCLE": 0.006756669253556757, "PASSENGER_CAR": 0.48022145988483356, "RAIL_TRIP": 0.09158682379229341}, "end_percents_distance": {"BIKE_TRIP": 0.012076681996496266, "BUS": 0.003947559163395819, "FOOT": 0.05073614498032805, "HIGH_SPEED_TRAIN": 0.28462280941305856, "MOTORCYCLE": 0.00401524941526616, "PASSENGER_CAR": 0.5558587339393446, "RAIL_TRIP": 0.08874282109211068}}