{"start": {"Count": {"BUS": 1, "FOOT": 14, "PASSENGER_CAR": 2, "RAIL_TRIP": 2}, "Duration": {"BUS": 678.239, "FOOT": 21127.672, "PASSENGER_CAR": 2103.516, "RAIL_TRIP": 270.251}, "Distance": {"BUS": 2.480219674562031, "FOOT": 24.552181270932973, "PASSENGER_CAR": 37.332167930114025, "RAIL_TRIP": 1.2006787930364546}, "Total_Count": 19, "Total_Duration": 24179.678, "Total_Distance": 65.56524766864548}, "start_percents_count": {"BUS": 0.05263157894736842, "FOOT": 0.7368421052631579, "PASSENGER_CAR": 0.10526315789473684, "RAIL_TRIP": 0.10526315789473684}, "start_percents_duration": {"BUS": 0.02804995997051739, "FOOT": 0.8737780544472097, "PASSENGER_CAR": 0.08699520316192796, "RAIL_TRIP": 0.011176782420344885}, "start_percents_distance": {"BUS": 0.0378282666923886, "FOOT": 0.3744694353175498, "PASSENGER_CAR": 0.5693895662345978, "RAIL_TRIP": 0.018312731755463826}, "end": {"Count": {"FOOT": 10, "PASSENGER_CAR": 4, "RAIL_TRIP": 2}, "Duration": {"FOOT": 7314.1050000000005, "PASSENGER_CAR": 3892.994, "RAIL_TRIP": 1510.909}, "Distance": {"FOOT": 10.619601206815956, "PASSENGER_CAR": 19.966131698071248, "RAIL_TRIP": 24.088599973992814}, "Total_Count": 16, "Total_Duration": 12718.008, "Total_Distance": 54.67433287888001}, "end_percents_count": {"FOOT": 0.625, "PASSENGER_CAR": 0.25, "RAIL_TRIP": 0.125}, "end_percents_duration": {"FOOT": 0.5750983172836501, "PASSENGER_CAR": 0.30610092398117694, "RAIL_TRIP": 0.118800758735173}, "end_percents_distance": {"FOOT": 0.19423375919998048, "PASSENGER_CAR": 0.36518290478828885, "RAIL_TRIP": 0.44058333601173083}}