{"start": {"Count": {"BUS": 1, "FOOT": 16, "PASSENGER_CAR": 17, "RAIL_TRIP": 8}, "Duration": {"BUS": 782.307, "FOOT": 125349.46599999999, "PASSENGER_CAR": 19013.341, "RAIL_TRIP": 11874.178}, "Distance": {"BUS": 0.3299668626276318, "FOOT": 41.436793158330076, "PASSENGER_CAR": 82.74332715090691, "RAIL_TRIP": 72.12697214506863}, "Total_Count": 35, "Total_Duration": 157019.292, "Total_Distance": 196.63705931693326, "Total_Emission": 16.345828217941722}, "start_percents_count": {"BUS": 0.02857142857142857, "FOOT": 0.45714285714285713, "PASSENGER_CAR": 0.4857142857142857, "RAIL_TRIP": 0.22857142857142856}, "start_percents_duration": {"BUS": 0.004982234921808207, "FOOT": 0.7983061469924345, "PASSENGER_CAR": 0.12108920348462661, "RAIL_TRIP": 0.07562241460113067}, "start_percents_distance": {"BUS": 0.0016780502300728667, "FOOT": 0.21072728254923498, "PASSENGER_CAR": 0.42079213063059434, "RAIL_TRIP": 0.36680253659009776}, "end": {"Count": {"BIKE_TRIP": 2, "BUS": 1, "FOOT": 17, "PASSENGER_CAR": 17, "RAIL_TRIP": 12}, "Duration": {"BIKE_TRIP": 1465.293, "BUS": 420.533, "FOOT": 35503.053, "PASSENGER_CAR": 16861.387, "RAIL_TRIP": 17101.364}, "Distance": {"BIKE_TRIP": 13.566500231277523, "BUS": 1.2670404591180486, "FOOT": 24.342797657478833, "PASSENGER_CAR": 224.36884869188953, "RAIL_TRIP": 60.278944336785706}, "Total_Count": 41, "Total_Duration": 71351.63, "Total_Distance": 323.82413137654964, "Total_Emission": 45.27393584279986}, "end_percents_count": {"BIKE_TRIP": 0.04878048780487805, "BUS": 0.024390243902439025, "FOOT": 0.4146341463414634, "PASSENGER_CAR": 0.4146341463414634, "RAIL_TRIP": 0.2926829268292683}, "end_percents_duration": {"BIKE_TRIP": 0.02053622320891618, "BUS": 0.005893810695004445, "FOOT": 0.49757872384975643, "PASSENGER_CAR": 0.23631397068294022, "RAIL_TRIP": 0.23967727156338264}, "end_percents_distance": {"BIKE_TRIP": 0.041894654896802934, "BUS": 0.003912742554830501, "FOOT": 0.07517289571348376, "PASSENGER_CAR": 0.6928725408391155, "RAIL_TRIP": 0.1861471659957672}}