{"start": {"Count": {"BIKE_TRIP": 1, "BUS": 1, "FOOT": 9, "PASSENGER_CAR": 6, "RAIL_TRIP": 5}, "Duration": {"BIKE_TRIP": 359.801, "BUS": 243.412, "FOOT": 88335.068, "PASSENGER_CAR": 7794.415, "RAIL_TRIP": 5464.71}, "Distance": {"BIKE_TRIP": 2.0401424387061446, "BUS": 1.1202991419975454, "FOOT": 55.18011953560662, "PASSENGER_CAR": 87.14321117334768, "RAIL_TRIP": 25.978070933869763}, "Total_Count": 22, "Total_Duration": 102197.406, "Total_Distance": 171.46184322352778}, "start_percents_count": {"BIKE_TRIP": 0.045454545454545456, "BUS": 0.045454545454545456, "FOOT": 0.4090909090909091, "PASSENGER_CAR": 0.2727272727272727, "RAIL_TRIP": 0.22727272727272727}, "start_percents_duration": {"BIKE_TRIP": 0.0035206470896139964, "BUS": 0.0023817825669665235, "FOOT": 0.8643572421006459, "PASSENGER_CAR": 0.07626822739512586, "RAIL_TRIP": 0.05347210084764774}, "start_percents_distance": {"BIKE_TRIP": 0.011898521562295901, "BUS": 0.006533810210689601, "FOOT": 0.32182156973356785, "PASSENGER_CAR": 0.5082367571410197, "RAIL_TRIP": 0.15150934135242683}, "end": {"Count": {"BIKE_TRIP": 1, "FOOT": 10, "MOTORCYCLE": 1, "PASSENGER_CAR": 2, "RAIL_TRIP": 2}, "Duration": {"BIKE_TRIP": 420.608, "FOOT": 6932.253, "MOTORCYCLE": 1454.759, "PASSENGER_CAR": 2211.001, "RAIL_TRIP": 1638.04}, "Distance": {"BIKE_TRIP": 1.906428050241153, "FOOT": 24.239014138685253, "MOTORCYCLE": 17.788610379240797, "PASSENGER_CAR": 22.415008084231516, "RAIL_TRIP": 5.937388113710763}, "Total_Count": 16, "Total_Duration": 12656.661, "Total_Distance": 72.28644876610949}, "end_percents_count": {"BIKE_TRIP": 0.0625, "FOOT": 0.625, "MOTORCYCLE": 0.0625, "PASSENGER_CAR": 0.125, "RAIL_TRIP": 0.125}, "end_percents_duration": {"BIKE_TRIP": 0.03323214550820315, "FOOT": 0.5477157838074355, "MOTORCYCLE": 0.11494018841146177, "PASSENGER_CAR": 0.17469070238983253, "RAIL_TRIP": 0.1294211798830671}, "end_percents_distance": {"BIKE_TRIP": 0.026373242603321186, "FOOT": 0.3353189228746479, "MOTORCYCLE": 0.24608499494556363, "PASSENGER_CAR": 0.31008589392401426, "RAIL_TRIP": 0.082136945652453}}