{"start": {"Count": {"BIKE_TRIP": 2, "FOOT": 28, "PASSENGER_CAR": 12, "RAIL_TRIP": 13}, "Duration": {"BIKE_TRIP": 1566.707, "FOOT": 38376.65, "PASSENGER_CAR": 16466.067000000003, "RAIL_TRIP": 22125.510000000002}, "Distance": {"BIKE_TRIP": 8.857375236303016, "FOOT": 53.37912322076822, "PASSENGER_CAR": 193.8522973979113, "RAIL_TRIP": 167.52725483078072}, "Total_Count": 37, "Total_Duration": 78534.934, "Total_Distance": 423.6160506857632, "Total_Emission": 33.7903581011046}, "start_percents_count": {"BIKE_TRIP": 0.05405405405405406, "FOOT": 0.7567567567567568, "PASSENGER_CAR": 0.32432432432432434, "RAIL_TRIP": 0.35135135135135137}, "start_percents_duration": {"BIKE_TRIP": 0.019949173192149117, "FOOT": 0.48865706056364683, "PASSENGER_CAR": 0.20966551012826984, "RAIL_TRIP": 0.2817282561159344}, "start_percents_distance": {"BIKE_TRIP": 0.02090896986071329, "FOOT": 0.1260082641683581, "PASSENGER_CAR": 0.4576132020590273, "RAIL_TRIP": 0.39546956391190147}, "end": {"Count": {"BIKE_TRIP": 6, "FOOT": 35, "PASSENGER_CAR": 18, "RAIL_TRIP": 22, "UNKNOWN": 1}, "Duration": {"BIKE_TRIP": 15562.402, "FOOT": 50215.675, "PASSENGER_CAR": 24679.268, "RAIL_TRIP": 45483.55, "UNKNOWN": 136.465}, "Distance": {"BIKE_TRIP": 75.5272159167375, "FOOT": 64.35316894768025, "PASSENGER_CAR": 303.42582706564633, "RAIL_TRIP": 255.01624089945034, "UNKNOWN": 6.160987830846286}, "Total_Count": 49, "Total_Duration": 136077.36, "Total_Distance": 704.4834406603608, "Total_Emission": 53.083441130901626}, "end_percents_count": {"BIKE_TRIP": 0.12244897959183673, "FOOT": 0.7142857142857143, "PASSENGER_CAR": 0.3673469387755102, "RAIL_TRIP": 0.4489795918367347, "UNKNOWN": 0.02040816326530612}, "end_percents_duration": {"BIKE_TRIP": 0.11436437332411506, "FOOT": 0.3690229954490593, "PASSENGER_CAR": 0.18136204288501778, "RAIL_TRIP": 0.33424773966808297, "UNKNOWN": 0.0010028486737250048}, "end_percents_distance": {"BIKE_TRIP": 0.1072093559018799, "FOOT": 0.09134802215841666, "PASSENGER_CAR": 0.43070682652416137, "RAIL_TRIP": 0.3619903977592519, "UNKNOWN": 0.008745397656290075}}