{"start": {"Count": {"BIKE_TRIP": 7, "BUS": 1, "FOOT": 25, "PASSENGER_CAR": 10, "RAIL_TRIP": 18}, "Duration": {"BIKE_TRIP": 12192.702, "BUS": 2174.177, "FOOT": 36848.021, "PASSENGER_CAR": 16176.658000000001, "RAIL_TRIP": 28365.19}, "Distance": {"BIKE_TRIP": 36.490341446749426, "BUS": 7.798373313023388, "FOOT": 41.203584210169105, "PASSENGER_CAR": 190.2430546118207, "RAIL_TRIP": 127.45097379950673}, "Total_Count": 43, "Total_Duration": 95756.74799999999, "Total_Distance": 403.18632738126934, "Total_Emission": 31.936029177253104}, "start_percents_count": {"BIKE_TRIP": 0.16279069767441862, "BUS": 0.023255813953488372, "FOOT": 0.5813953488372093, "PASSENGER_CAR": 0.23255813953488372, "RAIL_TRIP": 0.4186046511627907}, "start_percents_duration": {"BIKE_TRIP": 0.1273299506787762, "BUS": 0.02270520924541005, "FOOT": 0.3848086089974568, "PASSENGER_CAR": 0.16893491412218806, "RAIL_TRIP": 0.296221316956169}, "start_percents_distance": {"BIKE_TRIP": 0.09050490795101462, "BUS": 0.019341859540908814, "FOOT": 0.10219489454860736, "PASSENGER_CAR": 0.47184897327115743, "RAIL_TRIP": 0.31610936468831174}, "end": {"Count": {"BIKE_TRIP": 7, "BUS": 1, "FOOT": 29, "PASSENGER_CAR": 13, "RAIL_TRIP": 22}, "Duration": {"BIKE_TRIP": 13401.444, "BUS": 2174.177, "FOOT": 47943.898, "PASSENGER_CAR": 9873.005000000001, "RAIL_TRIP": 21960.469}, "Distance": {"BIKE_TRIP": 46.08471764630679, "BUS": 7.798373313023388, "FOOT": 48.894890143356506, "PASSENGER_CAR": 65.07778660065277, "RAIL_TRIP": 178.30939303094513}, "Total_Count": 52, "Total_Duration": 95352.99299999999, "Total_Distance": 346.1651607342846, "Total_Emission": 15.692280344469072}, "end_percents_count": {"BIKE_TRIP": 0.1346153846153846, "BUS": 0.019230769230769232, "FOOT": 0.5576923076923077, "PASSENGER_CAR": 0.25, "RAIL_TRIP": 0.4230769230769231}, "end_percents_duration": {"BIKE_TRIP": 0.14054560405880495, "BUS": 0.022801350346705954, "FOOT": 0.5028043325289224, "PASSENGER_CAR": 0.1035416371251189, "RAIL_TRIP": 0.23030707594044797}, "end_percents_distance": {"BIKE_TRIP": 0.13312927721712958, "BUS": 0.02252789765579384, "FOOT": 0.14124728796982572, "PASSENGER_CAR": 0.1879963496690711, "RAIL_TRIP": 0.5150991874881797}}