{"start": {"Count": {"BIKE_TRIP": 2, "BUS": 3, "FOOT": 91, "HIGH_SPEED_TRAIN": 1, "PASSENGER_CAR": 40, "RAIL_TRIP": 42, "UNKNOWN": 1}, "Duration": {"BIKE_TRIP": 1745.0430000000001, "BUS": 1013.874, "FOOT": 311940.742, "HIGH_SPEED_TRAIN": 2585.543, "PASSENGER_CAR": 82004.312, "RAIL_TRIP": 195345.144, "UNKNOWN": 3186.612}, "Distance": {"BIKE_TRIP": 4.932111525307224, "BUS": 4.044877459506889, "FOOT": 237.0387269565296, "HIGH_SPEED_TRAIN": 221.87829030346097, "PASSENGER_CAR": 644.1869682455308, "RAIL_TRIP": 494.6746614373705, "UNKNOWN": 160.42521028492354}, "Total_Count": 125, "Total_Duration": 597821.2699999999, "Total_Distance": 1767.1808462126298, "Total_Emission": 135.51857378130475}, "start_percents_count": {"BIKE_TRIP": 0.016, "BUS": 0.024, "FOOT": 0.728, "HIGH_SPEED_TRAIN": 0.008, "PASSENGER_CAR": 0.32, "RAIL_TRIP": 0.336, "UNKNOWN": 0.008}, "start_percents_duration": {"BIKE_TRIP": 0.0029190045379282013, "BUS": 0.0016959483559358807, "FOOT": 0.5217959909656612, "HIGH_SPEED_TRAIN": 0.004324943138941845, "PASSENGER_CAR": 0.13717195442042404, "RAIL_TRIP": 0.32676178283184876, "UNKNOWN": 0.005330375749260311}, "start_percents_distance": {"BIKE_TRIP": 0.002790948948930485, "BUS": 0.0022888871097577544, "FOOT": 0.13413382533233315, "HIGH_SPEED_TRAIN": 0.12555494293579744, "PASSENGER_CAR": 0.36452803889660385, "RAIL_TRIP": 0.2799230551290451, "UNKNOWN": 0.09078030164753208}, "end": {"Count": {"BIKE_TRIP": 6, "BUS": 3, "FOOT": 122, "HIGH_SPEED_TRAIN": 1, "MOTORCYCLE": 2, "PASSENGER_CAR": 56, "RAIL_TRIP": 71, "UNKNOWN": 1}, "Duration": {"BIKE_TRIP": 9300.145, "BUS": 889.245, "FOOT": 325649.608, "HIGH_SPEED_TRAIN": 1805.131, "MOTORCYCLE": 813.27, "PASSENGER_CAR": 149247.915, "RAIL_TRIP": 108540.056, "UNKNOWN": 8425.067}, "Distance": {"BIKE_TRIP": 63.2387142913159, "BUS": 12.954639599126484, "FOOT": 368.3960076372261, "HIGH_SPEED_TRAIN": 101.4165312908974, "MOTORCYCLE": 9.150221864303244, "PASSENGER_CAR": 1306.9386493573713, "RAIL_TRIP": 933.3965670004527, "UNKNOWN": 195.7634078384508}, "Total_Count": 170, "Total_Duration": 604670.437, "Total_Distance": 2991.254738879144, "Total_Emission": 240.66458083567827}, "end_percents_count": {"BIKE_TRIP": 0.03529411764705882, "BUS": 0.01764705882352941, "FOOT": 0.7176470588235294, "HIGH_SPEED_TRAIN": 0.0058823529411764705, "MOTORCYCLE": 0.011764705882352941, "PASSENGER_CAR": 0.32941176470588235, "RAIL_TRIP": 0.4176470588235294, "UNKNOWN": 0.0058823529411764705}, "end_percents_duration": {"BIKE_TRIP": 0.015380518760172162, "BUS": 0.0014706275445048754, "FOOT": 0.5385571843327938, "HIGH_SPEED_TRAIN": 0.002985313799953478, "MOTORCYCLE": 0.0013449805881612829, "PASSENGER_CAR": 0.24682522224912412, "RAIL_TRIP": 0.17950283221800703, "UNKNOWN": 0.013933320507283208}, "end_percents_distance": {"BIKE_TRIP": 0.021141199868190477, "BUS": 0.004330837969346846, "FOOT": 0.12315768458264711, "HIGH_SPEED_TRAIN": 0.03390434454569365, "MOTORCYCLE": 0.003058991180313828, "PASSENGER_CAR": 0.4369198759203957, "RAIL_TRIP": 0.3120418180600047, "UNKNOWN": 0.06544524787340764}}