{"start": {"Count": {"FOOT": 6, "PASSENGER_CAR": 3, "RAIL_TRIP": 1}, "Duration": {"FOOT": 9492.006, "PASSENGER_CAR": 7361.105, "RAIL_TRIP": 2421.027}, "Distance": {"FOOT": 14.347146038211543, "PASSENGER_CAR": 23.715310048789764, "RAIL_TRIP": 15.069826156373484}, "Total_Count": 8, "Total_Duration": 19274.138000000003, "Total_Distance": 53.13228224337479, "Total_Emission": 4.421892370709332}, "start_percents_count": {"FOOT": 0.75, "PASSENGER_CAR": 0.375, "RAIL_TRIP": 0.125}, "start_percents_duration": {"FOOT": 0.49247369713758393, "PASSENGER_CAR": 0.3819161718153102, "RAIL_TRIP": 0.1256101310471057}, "start_percents_distance": {"FOOT": 0.2700269108052577, "PASSENGER_CAR": 0.4463446523934494, "RAIL_TRIP": 0.2836284368012929}, "end": {"Count": {"BIKE_TRIP": 1, "BUS": 1, "FOOT": 12, "PASSENGER_CAR": 10, "RAIL_TRIP": 6}, "Duration": {"BIKE_TRIP": 829.035, "BUS": 3241.853, "FOOT": 21781.061, "PASSENGER_CAR": 14810.63, "RAIL_TRIP": 12418.62}, "Distance": {"BIKE_TRIP": 4.017036416787998, "BUS": 11.6302188039035, "FOOT": 35.61977574997536, "PASSENGER_CAR": 117.36319622390346, "RAIL_TRIP": 108.55801867763597}, "Total_Count": 17, "Total_Duration": 53081.199, "Total_Distance": 277.1882458722064, "Total_Emission": 22.373461839746273}, "end_percents_count": {"BIKE_TRIP": 0.058823529411764705, "BUS": 0.058823529411764705, "FOOT": 0.7058823529411765, "PASSENGER_CAR": 0.5882352941176471, "RAIL_TRIP": 0.35294117647058826}, "end_percents_duration": {"BIKE_TRIP": 0.015618241780861053, "BUS": 0.06107346972324419, "FOOT": 0.41033475901702976, "PASSENGER_CAR": 0.27901837710937916, "RAIL_TRIP": 0.23395515236948586}, "end_percents_distance": {"BIKE_TRIP": 0.01449208787388479, "BUS": 0.04195783543168509, "FOOT": 0.12850391847566778, "PASSENGER_CAR": 0.42340610747979573, "RAIL_TRIP": 0.3916400507389663}}