{"start": {"Count": {"BUS": 1, "FOOT": 2, "PASSENGER_CAR": 2}, "Duration": {"BUS": 567.309, "FOOT": 2284.001, "PASSENGER_CAR": 1267.33}, "Distance": {"BUS": 1.851365943134294, "FOOT": 4.847972324439817, "PASSENGER_CAR": 6.839405889773949}, "Total_Count": 5, "Total_Duration": 4118.64, "Total_Distance": 13.53874415734806, "Total_Emission": 1.6845679053103564}, "start_percents_count": {"BUS": 0.2, "FOOT": 0.4, "PASSENGER_CAR": 0.4}, "start_percents_duration": {"BUS": 0.1377418273993357, "FOOT": 0.554552230833479, "PASSENGER_CAR": 0.30770594176718524}, "start_percents_distance": {"BUS": 0.13674576619645168, "FOOT": 0.35808138983176024, "PASSENGER_CAR": 0.5051728439717881}, "end": {"Count": {"BIKE_TRIP": 1, "FOOT": 4, "PASSENGER_CAR": 4}, "Duration": {"BIKE_TRIP": 598.904, "FOOT": 5066.094, "PASSENGER_CAR": 16253.102}, "Distance": {"BIKE_TRIP": 2.4935794916367753, "FOOT": 4.9839304958994, "PASSENGER_CAR": 79.71183462387839}, "Total_Count": 8, "Total_Duration": 21918.1, "Total_Distance": 87.18934461141457, "Total_Emission": 14.059253009241253}, "end_percents_count": {"BIKE_TRIP": 0.125, "FOOT": 0.5, "PASSENGER_CAR": 0.5}, "end_percents_duration": {"BIKE_TRIP": 0.02732463124084661, "FOOT": 0.2311374617325407, "PASSENGER_CAR": 0.7415379070266128}, "end_percents_distance": {"BIKE_TRIP": 0.028599589809398834, "FOOT": 0.05716215115633429, "PASSENGER_CAR": 0.9142382590342668}}