{"start": {"Count": {"FOOT": 22, "PASSENGER_CAR": 6, "RAIL_TRIP": 9, "UNKNOWN": 1}, "Duration": {"FOOT": 23757.175, "PASSENGER_CAR": 6284.495, "RAIL_TRIP": 9695.089, "UNKNOWN": 140.095}, "Distance": {"FOOT": 33.820894507863684, "PASSENGER_CAR": 56.038066883006195, "RAIL_TRIP": 83.90556706936135, "UNKNOWN": 21.1789318250189}, "Total_Count": 29, "Total_Duration": 39876.85399999999, "Total_Distance": 194.94346028525013, "Total_Emission": 11.000001393131106}, "start_percents_count": {"FOOT": 0.7586206896551724, "PASSENGER_CAR": 0.20689655172413793, "RAIL_TRIP": 0.3103448275862069, "UNKNOWN": 0.034482758620689655}, "start_percents_duration": {"FOOT": 0.5957635223681388, "PASSENGER_CAR": 0.15759756273651881, "RAIL_TRIP": 0.24312572401022411, "UNKNOWN": 0.0035131908851184705}, "start_percents_distance": {"FOOT": 0.1734907878334334, "PASSENGER_CAR": 0.2874580496365908, "RAIL_TRIP": 0.43040975545723315, "UNKNOWN": 0.10864140707274265}, "end": {"Count": {"BIKE_TRIP": 1, "FOOT": 31, "HIGH_SPEED_TRAIN": 1, "PASSENGER_CAR": 14, "RAIL_TRIP": 20, "UNKNOWN": 1}, "Duration": {"BIKE_TRIP": 2763.841, "FOOT": 75674.004, "HIGH_SPEED_TRAIN": 3515.534, "PASSENGER_CAR": 20162.653, "RAIL_TRIP": 29530.138, "UNKNOWN": 140.095}, "Distance": {"BIKE_TRIP": 11.96953863791402, "FOOT": 66.022522538115, "HIGH_SPEED_TRAIN": 197.09590195726477, "PASSENGER_CAR": 201.4382550768413, "RAIL_TRIP": 274.0384364225104, "UNKNOWN": 21.1789318250189}, "Total_Count": 39, "Total_Duration": 131786.26499999998, "Total_Distance": 771.7435864576643, "Total_Emission": 46.33846490987441}, "end_percents_count": {"BIKE_TRIP": 0.02564102564102564, "FOOT": 0.7948717948717948, "HIGH_SPEED_TRAIN": 0.02564102564102564, "PASSENGER_CAR": 0.358974358974359, "RAIL_TRIP": 0.5128205128205128, "UNKNOWN": 0.02564102564102564}, "end_percents_duration": {"BIKE_TRIP": 0.020972147590646112, "FOOT": 0.5742176849765035, "HIGH_SPEED_TRAIN": 0.026676027277956475, "PASSENGER_CAR": 0.1529951015760254, "RAIL_TRIP": 0.2240759915306804, "UNKNOWN": 0.0010630470481882161}, "end_percents_distance": {"BIKE_TRIP": 0.01550973516068298, "FOOT": 0.08554981692968927, "HIGH_SPEED_TRAIN": 0.2553903983341712, "PASSENGER_CAR": 0.26101707693024234, "RAIL_TRIP": 0.35509000817273834, "UNKNOWN": 0.027442964472476013}}