{"start": {"Count": {"FOOT": 5, "PASSENGER_CAR": 3}, "Duration": {"FOOT": 23769.234, "PASSENGER_CAR": 5030.1269999999995}, "Distance": {"FOOT": 4.419645866533832, "PASSENGER_CAR": 10.691629865228554}, "Total_Count": 6, "Total_Duration": 28799.360999999997, "Total_Distance": 15.111275731762387, "Total_Emission": 2.36536212598239}, "start_percents_count": {"FOOT": 0.8333333333333334, "PASSENGER_CAR": 0.5}, "start_percents_duration": {"FOOT": 0.8253389372076694, "PASSENGER_CAR": 0.1746610627923307}, "start_percents_distance": {"FOOT": 0.2924733784881034, "PASSENGER_CAR": 0.7075266215118966}, "end": {"Count": {"FOOT": 4, "PASSENGER_CAR": 3, "RAIL_TRIP": 1}, "Duration": {"FOOT": 10371.101, "PASSENGER_CAR": 3548.522, "RAIL_TRIP": 1881.9029999999998}, "Distance": {"FOOT": 3.271024609414044, "PASSENGER_CAR": 32.07453765876659, "RAIL_TRIP": 20.61746916219984}, "Total_Count": 6, "Total_Duration": 15801.525999999998, "Total_Distance": 55.96303143038047, "Total_Emission": 8.933496784960413}, "end_percents_count": {"FOOT": 0.6666666666666666, "PASSENGER_CAR": 0.5, "RAIL_TRIP": 0.16666666666666666}, "end_percents_duration": {"FOOT": 0.6563354070992892, "PASSENGER_CAR": 0.22456831068087985, "RAIL_TRIP": 0.11909628221983118}, "end_percents_distance": {"FOOT": 0.05844973951211502, "PASSENGER_CAR": 0.5731379598095607, "RAIL_TRIP": 0.36841230067832426}}