{"start": {"Count": {"BIKE_TRIP": 1, "FOOT": 33, "PASSENGER_CAR": 18, "PLANE": 1, "RAIL_TRIP": 10}, "Duration": {"BIKE_TRIP": 109860.17, "FOOT": 162069.24, "PASSENGER_CAR": 40517.747, "PLANE": 42155.027, "RAIL_TRIP": 10037.966}, "Distance": {"BIKE_TRIP": 18.5201017494738, "FOOT": 60.790120722750004, "PASSENGER_CAR": 624.2011689845665, "PLANE": 7060.922694837492, "RAIL_TRIP": 60.12449211106656}, "Total_Count": 47, "Total_Duration": 364640.15, "Total_Distance": 7824.558578405347, "Total_Emission": 905.1440242983832}, "start_percents_count": {"BIKE_TRIP": 0.02127659574468085, "FOOT": 0.7021276595744681, "PASSENGER_CAR": 0.3829787234042553, "PLANE": 0.02127659574468085, "RAIL_TRIP": 0.2127659574468085}, "start_percents_duration": {"BIKE_TRIP": 0.3012837999326185, "FOOT": 0.44446350737843865, "PASSENGER_CAR": 0.11111707528641594, "PLANE": 0.11560720068813048, "RAIL_TRIP": 0.027528416714396372}, "start_percents_distance": {"BIKE_TRIP": 0.0023669196880430556, "FOOT": 0.007769143794324956, "PASSENGER_CAR": 0.07977461766434615, "PLANE": 0.9024052442171779, "RAIL_TRIP": 0.007684074636108097}, "end": {"Count": {"BIKE_TRIP": 1, "FOOT": 48, "PASSENGER_CAR": 20, "PLANE": 1, "RAIL_TRIP": 24}, "Duration": {"BIKE_TRIP": 2222.929, "FOOT": 64521.759, "PASSENGER_CAR": 39250.019, "PLANE": 168.016, "RAIL_TRIP": 43373.957}, "Distance": {"BIKE_TRIP": 26.6693154044179, "FOOT": 74.48220346295015, "PASSENGER_CAR": 328.3443780848611, "PLANE": 20443.369807007693, "RAIL_TRIP": 193.85295119404162}, "Total_Count": 60, "Total_Duration": 149536.68, "Total_Distance": 21066.718655153963, "Total_Emission": 2292.436953546787}, "end_percents_count": {"BIKE_TRIP": 0.016666666666666666, "FOOT": 0.8, "PASSENGER_CAR": 0.3333333333333333, "PLANE": 0.016666666666666666, "RAIL_TRIP": 0.4}, "end_percents_duration": {"BIKE_TRIP": 0.014865443047150708, "FOOT": 0.4314778086553747, "PASSENGER_CAR": 0.26247753394016776, "PLANE": 0.0011235771718350307, "RAIL_TRIP": 0.29005563718547184}, "end_percents_distance": {"BIKE_TRIP": 0.001265945391922404, "FOOT": 0.0035355389077039823, "PASSENGER_CAR": 0.015585928851075808, "PLANE": 0.9704107289630619, "RAIL_TRIP": 0.009201857886235908}}