{"start": {"Count": {"BIKE_TRIP": 1, "BUS": 2, "FOOT": 7, "PASSENGER_CAR": 7, "RAIL_TRIP": 6}, "Duration": {"BIKE_TRIP": 180.185, "BUS": 592.59, "FOOT": 21555.566, "PASSENGER_CAR": 17920.916, "RAIL_TRIP": 5867.360000000001}, "Distance": {"BIKE_TRIP": 4.024146998533783, "BUS": 5.049235977745661, "FOOT": 116.34499315455604, "PASSENGER_CAR": 206.71943779360714, "RAIL_TRIP": 57.04320600933155}, "Total_Count": 13, "Total_Duration": 46116.617000000006, "Total_Distance": 389.18101993377417, "Total_Emission": 51.33143636654097}, "start_percents_count": {"BIKE_TRIP": 0.07692307692307693, "BUS": 0.15384615384615385, "FOOT": 0.5384615384615384, "PASSENGER_CAR": 0.5384615384615384, "RAIL_TRIP": 0.46153846153846156}, "start_percents_duration": {"BIKE_TRIP": 0.003907159972293717, "BUS": 0.012849815067744453, "FOOT": 0.46741429450473343, "PASSENGER_CAR": 0.3885999703751036, "RAIL_TRIP": 0.12722876008012468}, "start_percents_distance": {"BIKE_TRIP": 0.010340039191064765, "BUS": 0.012974003661856056, "FOOT": 0.29894827135802804, "PASSENGER_CAR": 0.5311652603942094, "RAIL_TRIP": 0.14657242539484178}, "end": {"Count": {"BIKE_TRIP": 1, "BUS": 1, "FOOT": 5, "PASSENGER_CAR": 4, "RAIL_TRIP": 5}, "Duration": {"BIKE_TRIP": 180.185, "BUS": 144.13, "FOOT": 29319.535, "PASSENGER_CAR": 3217.026, "RAIL_TRIP": 7074.009}, "Distance": {"BIKE_TRIP": 4.024146998533783, "BUS": 0.7290009616653746, "FOOT": 136.39848943268962, "PASSENGER_CAR": 48.86969949411528, "RAIL_TRIP": 46.76916627322645}, "Total_Count": 10, "Total_Duration": 39934.88500000001, "Total_Distance": 236.79050316023046, "Total_Emission": 14.775225209646036}, "end_percents_count": {"BIKE_TRIP": 0.1, "BUS": 0.1, "FOOT": 0.5, "PASSENGER_CAR": 0.4, "RAIL_TRIP": 0.5}, "end_percents_duration": {"BIKE_TRIP": 0.004511969923038465, "BUS": 0.003609125204692588, "FOOT": 0.7341835340204433, "PASSENGER_CAR": 0.08055678637862608, "RAIL_TRIP": 0.17713858447319927}, "end_percents_distance": {"BIKE_TRIP": 0.016994545578589943, "BUS": 0.003078674828323149, "FOOT": 0.5760302360622631, "PASSENGER_CAR": 0.2063836971580162, "RAIL_TRIP": 0.19751284637280778}}