{"start": {"Count": {"BIKE_TRIP": 2, "FOOT": 16, "PASSENGER_CAR": 4, "RAIL_TRIP": 6}, "Duration": {"BIKE_TRIP": 1284.2910000000002, "FOOT": 76792.898, "PASSENGER_CAR": 7160.2, "RAIL_TRIP": 21487.148}, "Distance": {"BIKE_TRIP": 5.2666508307315985, "FOOT": 31.700268957827596, "PASSENGER_CAR": 9.811555643980258, "RAIL_TRIP": 151.04381861008648}, "Total_Count": 19, "Total_Duration": 106724.537, "Total_Distance": 197.82229404262594, "Total_Emission": 2.204095095953292}, "start_percents_count": {"BIKE_TRIP": 0.10526315789473684, "FOOT": 0.8421052631578947, "PASSENGER_CAR": 0.21052631578947367, "RAIL_TRIP": 0.3157894736842105}, "start_percents_duration": {"BIKE_TRIP": 0.012033699429401135, "FOOT": 0.7195430419154688, "PASSENGER_CAR": 0.06709047611047494, "RAIL_TRIP": 0.20133278254465514}, "start_percents_distance": {"BIKE_TRIP": 0.02662314101764871, "FOOT": 0.1602461902044112, "PASSENGER_CAR": 0.04959782562154549, "RAIL_TRIP": 0.7635328431563946}, "end": {"Count": {"BIKE_TRIP": 1, "FOOT": 22, "PASSENGER_CAR": 8, "RAIL_TRIP": 6}, "Duration": {"BIKE_TRIP": 414.156, "FOOT": 68074.667, "PASSENGER_CAR": 11103.186, "RAIL_TRIP": 7224.197}, "Distance": {"BIKE_TRIP": 1.901401998905042, "FOOT": 36.537165451077115, "PASSENGER_CAR": 42.90303442614301, "RAIL_TRIP": 34.348232479347224}, "Total_Count": 25, "Total_Duration": 86816.206, "Total_Distance": 115.68983435547237, "Total_Emission": 9.218675406692208}, "end_percents_count": {"BIKE_TRIP": 0.04, "FOOT": 0.88, "PASSENGER_CAR": 0.32, "RAIL_TRIP": 0.24}, "end_percents_duration": {"BIKE_TRIP": 0.00477049181347547, "FOOT": 0.7841239572252212, "PASSENGER_CAR": 0.12789301112743856, "RAIL_TRIP": 0.08321253983386466}, "end_percents_distance": {"BIKE_TRIP": 0.016435342046240052, "FOOT": 0.3158200169844813, "PASSENGER_CAR": 0.3708453267753651, "RAIL_TRIP": 0.2968993141939137}}