{"start": {"Count": {"BIKE_TRIP": 5, "FOOT": 31, "PASSENGER_CAR": 8, "RAIL_TRIP": 17}, "Duration": {"BIKE_TRIP": 11549.315999999999, "FOOT": 41971.307, "PASSENGER_CAR": 6744.154, "RAIL_TRIP": 18515.447}, "Distance": {"BIKE_TRIP": 45.278844537894244, "FOOT": 66.53285112759981, "PASSENGER_CAR": 54.02352695368369, "RAIL_TRIP": 129.8346714425921}, "Total_Count": 51, "Total_Duration": 78780.22400000003, "Total_Distance": 295.66989406176987, "Total_Emission": 10.994251848615946}, "start_percents_count": {"BIKE_TRIP": 0.09803921568627451, "FOOT": 0.6078431372549019, "PASSENGER_CAR": 0.1568627450980392, "RAIL_TRIP": 0.3333333333333333}, "start_percents_duration": {"BIKE_TRIP": 0.14660171567930544, "FOOT": 0.5327645044522846, "PASSENGER_CAR": 0.08560719502396943, "RAIL_TRIP": 0.23502658484444006}, "start_percents_distance": {"BIKE_TRIP": 0.15313985443656572, "FOOT": 0.22502409769761714, "PASSENGER_CAR": 0.18271568407433922, "RAIL_TRIP": 0.4391203637914779}, "end": {"Count": {"BIKE_TRIP": 5, "BUS": 2, "FOOT": 32, "MOTORCYCLE": 1, "PASSENGER_CAR": 12, "RAIL_TRIP": 29, "UNKNOWN": 1}, "Duration": {"BIKE_TRIP": 17534.698, "BUS": 661.377, "FOOT": 86331.503, "MOTORCYCLE": 780.207, "PASSENGER_CAR": 8992.372000000001, "RAIL_TRIP": 27231.356, "UNKNOWN": 8048.85}, "Distance": {"BIKE_TRIP": 42.86214543747884, "BUS": 6.6063519647683195, "FOOT": 42.14095836122996, "MOTORCYCLE": 11.346632441668136, "PASSENGER_CAR": 96.30037382946637, "RAIL_TRIP": 188.7403326555563, "UNKNOWN": 389.0002051603997}, "Total_Count": 54, "Total_Duration": 149580.363, "Total_Distance": 776.9969998505676, "Total_Emission": 24.488615681193608}, "end_percents_count": {"BIKE_TRIP": 0.09259259259259259, "BUS": 0.037037037037037035, "FOOT": 0.5925925925925926, "MOTORCYCLE": 0.018518518518518517, "PASSENGER_CAR": 0.2222222222222222, "RAIL_TRIP": 0.5370370370370371, "UNKNOWN": 0.018518518518518517}, "end_percents_duration": {"BIKE_TRIP": 0.11722593559958133, "BUS": 0.004421549638838621, "FOOT": 0.5771579990081986, "MOTORCYCLE": 0.00521597209922535, "PASSENGER_CAR": 0.06011732970590532, "RAIL_TRIP": 0.18205167746517634, "UNKNOWN": 0.053809536483074315}, "end_percents_distance": {"BIKE_TRIP": 0.05516384934011599, "BUS": 0.008502416310537693, "FOOT": 0.05423567706095973, "MOTORCYCLE": 0.014603186941327092, "PASSENGER_CAR": 0.12393918361073067, "RAIL_TRIP": 0.24290998895987362, "UNKNOWN": 0.5006456977764552}}