{"start": {"Count": {"BIKE_TRIP": 1, "FOOT": 18, "PASSENGER_CAR": 6, "RAIL_TRIP": 12}, "Duration": {"BIKE_TRIP": 802.002, "FOOT": 33207.638, "PASSENGER_CAR": 10527.253999999999, "RAIL_TRIP": 15993.849}, "Distance": {"BIKE_TRIP": 4.220117321102837, "FOOT": 52.70978586731378, "PASSENGER_CAR": 143.62208590855474, "RAIL_TRIP": 127.78861328844637}, "Total_Count": 27, "Total_Duration": 60530.743, "Total_Distance": 328.3406023854177, "Total_Emission": 31.513686459872222}, "start_percents_count": {"BIKE_TRIP": 0.037037037037037035, "FOOT": 0.6666666666666666, "PASSENGER_CAR": 0.2222222222222222, "RAIL_TRIP": 0.4444444444444444}, "start_percents_duration": {"BIKE_TRIP": 0.01324949868862505, "FOOT": 0.5486078041368169, "PASSENGER_CAR": 0.1739158232371276, "RAIL_TRIP": 0.26422687393743044}, "start_percents_distance": {"BIKE_TRIP": 0.012852864648609968, "FOOT": 0.16053386478666803, "PASSENGER_CAR": 0.4374179887139456, "RAIL_TRIP": 0.38919528185077645}, "end": {"Count": {"BIKE_TRIP": 1, "FOOT": 24, "HIGH_SPEED_TRAIN": 1, "MOTORCYCLE": 1, "PASSENGER_CAR": 5, "RAIL_TRIP": 24}, "Duration": {"BIKE_TRIP": 240.292, "FOOT": 192109.616, "HIGH_SPEED_TRAIN": 7036.577, "MOTORCYCLE": 1200.012, "PASSENGER_CAR": 1802.957, "RAIL_TRIP": 40259.647}, "Distance": {"BIKE_TRIP": 1.5216767545568504, "FOOT": 76.47519262662803, "HIGH_SPEED_TRAIN": 575.7026419701674, "MOTORCYCLE": 6.668103431155944, "PASSENGER_CAR": 10.306101774199806, "RAIL_TRIP": 285.55302024212483}, "Total_Count": 38, "Total_Duration": 242649.10099999997, "Total_Distance": 956.2267367988327, "Total_Emission": 4.749448247448255}, "end_percents_count": {"BIKE_TRIP": 0.02631578947368421, "FOOT": 0.631578947368421, "HIGH_SPEED_TRAIN": 0.02631578947368421, "MOTORCYCLE": 0.02631578947368421, "PASSENGER_CAR": 0.13157894736842105, "RAIL_TRIP": 0.631578947368421}, "end_percents_duration": {"BIKE_TRIP": 0.0009902859685435225, "FOOT": 0.7917178147715455, "HIGH_SPEED_TRAIN": 0.028998982361776816, "MOTORCYCLE": 0.004945462377789729, "PASSENGER_CAR": 0.007430305707170126, "RAIL_TRIP": 0.1659171488131745}, "end_percents_distance": {"BIKE_TRIP": 0.001591334665720579, "FOOT": 0.07997600326743069, "HIGH_SPEED_TRAIN": 0.6020566250818832, "MOTORCYCLE": 0.006973349703103684, "PASSENGER_CAR": 0.01077788496973178, "RAIL_TRIP": 0.2986248023121303}}