{"start": {"Count": {"BIKE_TRIP": 3, "FOOT": 15, "PASSENGER_CAR": 8, "RAIL_TRIP": 21}, "Duration": {"BIKE_TRIP": 14307.865000000002, "FOOT": 60008.965, "PASSENGER_CAR": 6440.678, "RAIL_TRIP": 28121.812}, "Distance": {"BIKE_TRIP": 7.063618883995301, "FOOT": 61.809950657452596, "PASSENGER_CAR": 39.56611599959805, "RAIL_TRIP": 175.75498278070535}, "Total_Count": 31, "Total_Duration": 108879.32, "Total_Distance": 284.1946683217513, "Total_Emission": 10.252120723328542}, "start_percents_count": {"BIKE_TRIP": 0.0967741935483871, "FOOT": 0.4838709677419355, "PASSENGER_CAR": 0.25806451612903225, "RAIL_TRIP": 0.6774193548387096}, "start_percents_duration": {"BIKE_TRIP": 0.13141030822014685, "FOOT": 0.5511511736112973, "PASSENGER_CAR": 0.05915428200690452, "RAIL_TRIP": 0.25828423616165125}, "start_percents_distance": {"BIKE_TRIP": 0.024854860668948993, "FOOT": 0.21749159131822415, "PASSENGER_CAR": 0.13922187996434623, "RAIL_TRIP": 0.6184316680484806}, "end": {"Count": {"BIKE_TRIP": 5, "FOOT": 23, "HIGH_SPEED_TRAIN": 1, "MOTORCYCLE": 1, "PASSENGER_CAR": 10, "RAIL_TRIP": 22}, "Duration": {"BIKE_TRIP": 2713.334, "FOOT": 54493.507, "HIGH_SPEED_TRAIN": 2647.338, "MOTORCYCLE": 389.654, "PASSENGER_CAR": 13638.467, "RAIL_TRIP": 29653.56}, "Distance": {"BIKE_TRIP": 14.351326813930303, "FOOT": 78.62922655744671, "HIGH_SPEED_TRAIN": 147.54084491126358, "MOTORCYCLE": 4.65225329890604, "PASSENGER_CAR": 113.91445270607574, "RAIL_TRIP": 183.62187110038468}, "Total_Count": 33, "Total_Duration": 103535.86, "Total_Distance": 542.7099753880071, "Total_Emission": 30.593123038380533}, "end_percents_count": {"BIKE_TRIP": 0.15151515151515152, "FOOT": 0.696969696969697, "HIGH_SPEED_TRAIN": 0.030303030303030304, "MOTORCYCLE": 0.030303030303030304, "PASSENGER_CAR": 0.30303030303030304, "RAIL_TRIP": 0.6666666666666666}, "end_percents_duration": {"BIKE_TRIP": 0.02620670751177418, "FOOT": 0.5263249563967498, "HIGH_SPEED_TRAIN": 0.025569285849366588, "MOTORCYCLE": 0.0037634690048452776, "PASSENGER_CAR": 0.13172698811793326, "RAIL_TRIP": 0.28640859311933087}, "end_percents_distance": {"BIKE_TRIP": 0.026443823524102187, "FOOT": 0.14488258945531862, "HIGH_SPEED_TRAIN": 0.2718594674914169, "MOTORCYCLE": 0.008572264210879744, "PASSENGER_CAR": 0.2098993161580148, "RAIL_TRIP": 0.33834253916026763}}