{"start": {"Count": {"FOOT": 9, "PASSENGER_CAR": 6, "RAIL_TRIP": 5}, "Duration": {"FOOT": 16373.764000000001, "PASSENGER_CAR": 5704.3, "RAIL_TRIP": 3185.518}, "Distance": {"FOOT": 11.147326105885176, "PASSENGER_CAR": 62.499817941752056, "RAIL_TRIP": 13.08818707720501}, "Total_Count": 16, "Total_Duration": 25263.582, "Total_Distance": 86.73533112484226, "Total_Emission": 13.574862957442102}, "start_percents_count": {"FOOT": 0.5625, "PASSENGER_CAR": 0.375, "RAIL_TRIP": 0.3125}, "start_percents_duration": {"FOOT": 0.6481172780645279, "PASSENGER_CAR": 0.22579141785990603, "RAIL_TRIP": 0.12609130407556618}, "start_percents_distance": {"FOOT": 0.12852116849407427, "PASSENGER_CAR": 0.7205808420998948, "RAIL_TRIP": 0.15089798940603066}, "end": {"Count": {"BIKE_TRIP": 2, "FOOT": 9, "MOTORCYCLE": 1, "PASSENGER_CAR": 8, "RAIL_TRIP": 2, "UNKNOWN": 1}, "Duration": {"BIKE_TRIP": 9321.793, "FOOT": 8913.68, "MOTORCYCLE": 640.876, "PASSENGER_CAR": 6742.1050000000005, "RAIL_TRIP": 1081.013, "UNKNOWN": 240.43}, "Distance": {"BIKE_TRIP": 52.30320224629528, "FOOT": 10.50214485662994, "MOTORCYCLE": 3.657487545895354, "PASSENGER_CAR": 46.79689465764696, "RAIL_TRIP": 0.5599608525627107, "UNKNOWN": 6.479942631064829}, "Total_Count": 19, "Total_Duration": 26939.897, "Total_Distance": 120.29963279009509, "Total_Emission": 9.951647913618283}, "end_percents_count": {"BIKE_TRIP": 0.10526315789473684, "FOOT": 0.47368421052631576, "MOTORCYCLE": 0.05263157894736842, "PASSENGER_CAR": 0.42105263157894735, "RAIL_TRIP": 0.10526315789473684, "UNKNOWN": 0.05263157894736842}, "end_percents_duration": {"BIKE_TRIP": 0.34602185004642, "FOOT": 0.33087283147370605, "MOTORCYCLE": 0.023789103573781292, "PASSENGER_CAR": 0.2502646910639636, "RAIL_TRIP": 0.04012684235578183, "UNKNOWN": 0.008924681486347182}, "end_percents_distance": {"BIKE_TRIP": 0.43477441313188847, "FOOT": 0.08729989122206729, "MOTORCYCLE": 0.030403148048482608, "PASSENGER_CAR": 0.3890028055139666, "RAIL_TRIP": 0.004654717887125714, "UNKNOWN": 0.05386502419646918}}