{"start": {"Count": {"BIKE_TRIP": 3, "BUS": 1, "FOOT": 28, "PASSENGER_CAR": 13, "RAIL_TRIP": 17, "UNKNOWN": 1}, "Duration": {"BIKE_TRIP": 3796.786, "BUS": 841.686, "FOOT": 117140.871, "PASSENGER_CAR": 14714.774, "RAIL_TRIP": 31291.107, "UNKNOWN": 240.258}, "Distance": {"BIKE_TRIP": 21.38846359006139, "BUS": 3.5114264288645383, "FOOT": 82.15633765213913, "PASSENGER_CAR": 137.3494488903515, "RAIL_TRIP": 208.83719163550725, "UNKNOWN": 12.63108108920907}, "Total_Count": 42, "Total_Duration": 168025.48200000005, "Total_Distance": 465.8739492861329, "Total_Emission": 30.728707081517904}, "start_percents_count": {"BIKE_TRIP": 0.07142857142857142, "BUS": 0.023809523809523808, "FOOT": 0.6666666666666666, "PASSENGER_CAR": 0.30952380952380953, "RAIL_TRIP": 0.40476190476190477, "UNKNOWN": 0.023809523809523808}, "start_percents_duration": {"BIKE_TRIP": 0.02259648926345588, "BUS": 0.005009275914471115, "FOOT": 0.6971613448488722, "PASSENGER_CAR": 0.08757465727728128, "RAIL_TRIP": 0.1862283424367739, "UNKNOWN": 0.0014298902591453357}, "start_percents_distance": {"BIKE_TRIP": 0.045910409077037515, "BUS": 0.007537288646950877, "FOOT": 0.17634885526015948, "PASSENGER_CAR": 0.29482105428048627, "RAIL_TRIP": 0.4482697346685992, "UNKNOWN": 0.027112658066766566}, "end": {"Count": {"BIKE_TRIP": 3, "BUS": 2, "FOOT": 44, "MOTORCYCLE": 1, "PASSENGER_CAR": 24, "PLANE": 1, "RAIL_TRIP": 35, "UNKNOWN": 4}, "Duration": {"BIKE_TRIP": 8575.472, "BUS": 1623.1100000000001, "FOOT": 108841.275, "MOTORCYCLE": 965.241, "PASSENGER_CAR": 29704.676, "PLANE": 1081.413, "RAIL_TRIP": 85527.524, "UNKNOWN": 5231.1320000000005}, "Distance": {"BIKE_TRIP": 23.67098920924327, "BUS": 4.450746807927251, "FOOT": 100.73719627225769, "MOTORCYCLE": 1.296784617087075, "PASSENGER_CAR": 370.1911458032013, "PLANE": 144.7897075702485, "RAIL_TRIP": 691.5834381079295, "UNKNOWN": 266.1418477926415}, "Total_Count": 68, "Total_Duration": 241549.843, "Total_Distance": 1602.861856180536, "Total_Emission": 91.09115546358899}, "end_percents_count": {"BIKE_TRIP": 0.04411764705882353, "BUS": 0.029411764705882353, "FOOT": 0.6470588235294118, "MOTORCYCLE": 0.014705882352941176, "PASSENGER_CAR": 0.35294117647058826, "PLANE": 0.014705882352941176, "RAIL_TRIP": 0.5147058823529411, "UNKNOWN": 0.058823529411764705}, "end_percents_duration": {"BIKE_TRIP": 0.03550187362365621, "BUS": 0.006719565534969113, "FOOT": 0.4505955112543791, "MOTORCYCLE": 0.003996032404790261, "PASSENGER_CAR": 0.12297534799060085, "PLANE": 0.004476976621342702, "RAIL_TRIP": 0.3540781601749996, "UNKNOWN": 0.02165653239526221}, "end_percents_distance": {"BIKE_TRIP": 0.014767953406570505, "BUS": 0.0027767500928201935, "FOOT": 0.0628483333631163, "MOTORCYCLE": 0.0008090432822309382, "PASSENGER_CAR": 0.2309563636914605, "PLANE": 0.09033199399683034, "RAIL_TRIP": 0.4314678993958379, "UNKNOWN": 0.1660416627711334}}