{"start": {"Count": {"BIKE_TRIP": 4, "FOOT": 33, "PASSENGER_CAR": 31, "RAIL_TRIP": 15}, "Duration": {"BIKE_TRIP": 14832.972, "FOOT": 246071.49599999998, "PASSENGER_CAR": 52704.936, "RAIL_TRIP": 16212.246}, "Distance": {"BIKE_TRIP": 76.68882168935484, "FOOT": 301.45472391747916, "PASSENGER_CAR": 534.0394074583094, "RAIL_TRIP": 65.3506326438005}, "Total_Count": 58, "Total_Duration": 329821.6500000001, "Total_Distance": 977.5335857089439, "Total_Emission": 85.13822162566413}, "start_percents_count": {"BIKE_TRIP": 0.06896551724137931, "FOOT": 0.5689655172413793, "PASSENGER_CAR": 0.5344827586206896, "RAIL_TRIP": 0.25862068965517243}, "start_percents_duration": {"BIKE_TRIP": 0.04497270570321868, "FOOT": 0.7460744193111638, "PASSENGER_CAR": 0.15979829098544618, "RAIL_TRIP": 0.04915458400017099}, "start_percents_distance": {"BIKE_TRIP": 0.07845134204134505, "FOOT": 0.3083829837916545, "PASSENGER_CAR": 0.5463131039850708, "RAIL_TRIP": 0.06685257018192964}, "end": {"Count": {"BIKE_TRIP": 3, "BUS": 1, "FOOT": 40, "MOTORCYCLE": 2, "PASSENGER_CAR": 38, "RAIL_TRIP": 27}, "Duration": {"BIKE_TRIP": 8701.884, "BUS": 1386.523, "FOOT": 276975.985, "MOTORCYCLE": 1633.4470000000001, "PASSENGER_CAR": 388736.214, "RAIL_TRIP": 37303.091}, "Distance": {"BIKE_TRIP": 57.99317434132515, "BUS": 21.51674227596595, "FOOT": 311.9193588196448, "MOTORCYCLE": 11.523632043737152, "PASSENGER_CAR": 873.0121502995491, "RAIL_TRIP": 160.97229213516545}, "Total_Count": 69, "Total_Duration": 714737.144, "Total_Distance": 1436.9373499153876, "Total_Emission": 189.11018192129092}, "end_percents_count": {"BIKE_TRIP": 0.043478260869565216, "BUS": 0.014492753623188406, "FOOT": 0.5797101449275363, "MOTORCYCLE": 0.028985507246376812, "PASSENGER_CAR": 0.5507246376811594, "RAIL_TRIP": 0.391304347826087}, "end_percents_duration": {"BIKE_TRIP": 0.012174943016533643, "BUS": 0.0019399061761927962, "FOOT": 0.3875214648142031, "MOTORCYCLE": 0.0022853814352762954, "PASSENGER_CAR": 0.5438869621696896, "RAIL_TRIP": 0.05219134238810457}, "end_percents_distance": {"BIKE_TRIP": 0.04035887461950934, "BUS": 0.0149740295060414, "FOOT": 0.21707234406427797, "MOTORCYCLE": 0.008019578615877517, "PASSENGER_CAR": 0.6075506008323575, "RAIL_TRIP": 0.11202457236193639}}