{"start": {"Count": {"BIKE_TRIP": 8, "FOOT": 100, "PASSENGER_CAR": 30, "RAIL_TRIP": 31}, "Duration": {"BIKE_TRIP": 7742.598, "FOOT": 166151.709, "PASSENGER_CAR": 42380.855, "RAIL_TRIP": 43585.092}, "Distance": {"BIKE_TRIP": 24.25895489757713, "FOOT": 180.9387089377213, "PASSENGER_CAR": 284.06098251899374, "RAIL_TRIP": 175.65717197073755}, "Total_Count": 125, "Total_Duration": 259860.25400000002, "Total_Distance": 664.9158183250296, "Total_Emission": 60.34025326047479}, "start_percents_count": {"BIKE_TRIP": 0.064, "FOOT": 0.8, "PASSENGER_CAR": 0.24, "RAIL_TRIP": 0.248}, "start_percents_duration": {"BIKE_TRIP": 0.02979523755872262, "FOOT": 0.6393886962028444, "PASSENGER_CAR": 0.16309094733664042, "RAIL_TRIP": 0.16772511890179248}, "start_percents_distance": {"BIKE_TRIP": 0.03648424992909203, "FOOT": 0.27212273185727304, "PASSENGER_CAR": 0.42721345272633704, "RAIL_TRIP": 0.2641795654872981}, "end": {"Count": {"BIKE_TRIP": 5, "BUS": 1, "FOOT": 109, "HIGH_SPEED_TRAIN": 4, "MOTORCYCLE": 1, "PASSENGER_CAR": 32, "PLANE": 2, "RAIL_TRIP": 44, "UNKNOWN": 2}, "Duration": {"BIKE_TRIP": 4674.2300000000005, "BUS": 363.883, "FOOT": 175106.828, "HIGH_SPEED_TRAIN": 7940.4, "MOTORCYCLE": 673.002, "PASSENGER_CAR": 48004.153, "PLANE": 4225.553, "RAIL_TRIP": 72284.385, "UNKNOWN": 2947.707}, "Distance": {"BIKE_TRIP": 15.652523836184809, "BUS": 9.414611756486478, "FOOT": 218.37589550014766, "HIGH_SPEED_TRAIN": 523.0281946064483, "MOTORCYCLE": 6.834323169245327, "PASSENGER_CAR": 605.2238335440247, "PLANE": 463.03345530111, "RAIL_TRIP": 560.7090551592621, "UNKNOWN": 178.19857668337625}, "Total_Count": 131, "Total_Duration": 316220.141, "Total_Distance": 2580.470469556286, "Total_Emission": 175.90892760828768}, "end_percents_count": {"BIKE_TRIP": 0.03816793893129771, "BUS": 0.007633587786259542, "FOOT": 0.8320610687022901, "HIGH_SPEED_TRAIN": 0.030534351145038167, "MOTORCYCLE": 0.007633587786259542, "PASSENGER_CAR": 0.24427480916030533, "PLANE": 0.015267175572519083, "RAIL_TRIP": 0.33587786259541985, "UNKNOWN": 0.015267175572519083}, "end_percents_duration": {"BIKE_TRIP": 0.014781569526907524, "BUS": 0.0011507268286241135, "FOOT": 0.5537497625744212, "HIGH_SPEED_TRAIN": 0.02511035500423738, "MOTORCYCLE": 0.0021282705076018545, "PASSENGER_CAR": 0.15180612104021546, "PLANE": 0.01336269406065441, "RAIL_TRIP": 0.22858880769394127, "UNKNOWN": 0.00932169276339675}, "end_percents_distance": {"BIKE_TRIP": 0.006065763596541476, "BUS": 0.0036484090275620664, "FOOT": 0.08462638812437082, "HIGH_SPEED_TRAIN": 0.20268714592048148, "MOTORCYCLE": 0.0026484795117304692, "PASSENGER_CAR": 0.23454011223313612, "PLANE": 0.17943761060777766, "RAIL_TRIP": 0.21728946786036132, "UNKNOWN": 0.0690566231180385}}