{"start": {"Count": {"FOOT": 27, "PASSENGER_CAR": 5, "RAIL_TRIP": 14}, "Duration": {"FOOT": 90911.923, "PASSENGER_CAR": 3672.154, "RAIL_TRIP": 16145.096}, "Distance": {"FOOT": 51.712362860244085, "PASSENGER_CAR": 16.198389098477595, "RAIL_TRIP": 79.2234135663497}, "Total_Count": 36, "Total_Duration": 110729.17300000001, "Total_Distance": 147.1341655250714, "Total_Emission": 3.0783939214892078}, "start_percents_count": {"FOOT": 0.75, "PASSENGER_CAR": 0.1388888888888889, "RAIL_TRIP": 0.3888888888888889}, "start_percents_duration": {"FOOT": 0.8210295492769552, "PASSENGER_CAR": 0.033163383239573185, "RAIL_TRIP": 0.14580706748347158}, "start_percents_distance": {"FOOT": 0.35146400345358525, "PASSENGER_CAR": 0.11009264259372455, "RAIL_TRIP": 0.53844335395269}, "end": {"Count": {"BIKE_TRIP": 2, "BUS": 1, "FOOT": 24, "PASSENGER_CAR": 10, "RAIL_TRIP": 23}, "Duration": {"BIKE_TRIP": 399.64599999999996, "BUS": 331.226, "FOOT": 67801.944, "PASSENGER_CAR": 19560.28, "RAIL_TRIP": 45313.132}, "Distance": {"BIKE_TRIP": 3.3501749716333995, "BUS": 2.194817770703931, "FOOT": 31.5764536666155, "PASSENGER_CAR": 165.2659512748362, "RAIL_TRIP": 233.01271875294393}, "Total_Count": 40, "Total_Duration": 133406.228, "Total_Distance": 435.40011643673296, "Total_Emission": 40.04759918879755}, "end_percents_count": {"BIKE_TRIP": 0.05, "BUS": 0.025, "FOOT": 0.6, "PASSENGER_CAR": 0.25, "RAIL_TRIP": 0.575}, "end_percents_duration": {"BIKE_TRIP": 0.002995707216907444, "BUS": 0.0024828376078514115, "FOOT": 0.508236721901769, "PASSENGER_CAR": 0.1466219403190082, "RAIL_TRIP": 0.33966279295446383}, "end_percents_distance": {"BIKE_TRIP": 0.007694474220748644, "BUS": 0.005040921414229468, "FOOT": 0.07252284157623509, "PASSENGER_CAR": 0.3795725931985382, "RAIL_TRIP": 0.5351691695902486}}