{"start": {"Count": {"BIKE_TRIP": 3, "FOOT": 2, "MOTORCYCLE": 1, "PASSENGER_CAR": 6, "RAIL_TRIP": 1}, "Duration": {"BIKE_TRIP": 1480.804, "FOOT": 3605.266, "MOTORCYCLE": 534.808, "PASSENGER_CAR": 6073.349, "RAIL_TRIP": 480.988}, "Distance": {"BIKE_TRIP": 11.483952300545777, "FOOT": 3.6329426933577063, "MOTORCYCLE": 17.06846112447659, "PASSENGER_CAR": 41.664113452266584, "RAIL_TRIP": 1.6884766093993526}, "Total_Count": 9, "Total_Duration": 12175.215, "Total_Distance": 75.537946180046, "Total_Emission": 13.468769388328026}, "start_percents_count": {"BIKE_TRIP": 0.3333333333333333, "FOOT": 0.2222222222222222, "MOTORCYCLE": 0.1111111111111111, "PASSENGER_CAR": 0.6666666666666666, "RAIL_TRIP": 0.1111111111111111}, "start_percents_duration": {"BIKE_TRIP": 0.1216244641265062, "FOOT": 0.29611518153888866, "MOTORCYCLE": 0.04392595941837577, "PASSENGER_CAR": 0.49882889131731967, "RAIL_TRIP": 0.03950550359890975}, "start_percents_distance": {"BIKE_TRIP": 0.15202891899090792, "FOOT": 0.048094274163855665, "MOTORCYCLE": 0.22595876625760536, "PASSENGER_CAR": 0.5515653464148925, "RAIL_TRIP": 0.022352694172738552}, "end": {"Count": {"BIKE_TRIP": 2, "MOTORCYCLE": 1, "PASSENGER_CAR": 5, "RAIL_TRIP": 3}, "Duration": {"BIKE_TRIP": 1224.804, "MOTORCYCLE": 427.121, "PASSENGER_CAR": 3792.3779999999997, "RAIL_TRIP": 2424.026}, "Distance": {"BIKE_TRIP": 9.691974417741715, "MOTORCYCLE": 1.966095307598072, "PASSENGER_CAR": 23.565086655340387, "RAIL_TRIP": 11.023193903124042}, "Total_Count": 8, "Total_Duration": 7868.329000000001, "Total_Distance": 46.24635028380421, "Total_Emission": 5.9578698907816845}, "end_percents_count": {"BIKE_TRIP": 0.25, "MOTORCYCLE": 0.125, "PASSENGER_CAR": 0.625, "RAIL_TRIP": 0.375}, "end_percents_duration": {"BIKE_TRIP": 0.15566253012551967, "MOTORCYCLE": 0.054283571518171134, "PASSENGER_CAR": 0.48198010022204196, "RAIL_TRIP": 0.3080737981342671}, "end_percents_distance": {"BIKE_TRIP": 0.2095727415950467, "MOTORCYCLE": 0.04251352367338298, "PASSENGER_CAR": 0.5095555975925963, "RAIL_TRIP": 0.2383581371389742}}