{"start": {"Count": {"BIKE_TRIP": 4, "BUS": 1, "FOOT": 89, "PASSENGER_CAR": 40, "RAIL_TRIP": 43}, "Duration": {"BIKE_TRIP": 2638.288, "BUS": 840.995, "FOOT": 193766.211, "PASSENGER_CAR": 95829.264, "RAIL_TRIP": 65339.932}, "Distance": {"BIKE_TRIP": 9.194028005273541, "BUS": 5.231531255619309, "FOOT": 247.45460014328035, "PASSENGER_CAR": 946.0031487980602, "RAIL_TRIP": 502.47585175408966}, "Total_Count": 117, "Total_Duration": 358414.68999999994, "Total_Distance": 1710.3591599563233, "Total_Emission": 205.20016741098522}, "start_percents_count": {"BIKE_TRIP": 0.03418803418803419, "BUS": 0.008547008547008548, "FOOT": 0.7606837606837606, "PASSENGER_CAR": 0.3418803418803419, "RAIL_TRIP": 0.36752136752136755}, "start_percents_duration": {"BIKE_TRIP": 0.007360992932516244, "BUS": 0.0023464300528530237, "FOOT": 0.5406201710091739, "PASSENGER_CAR": 0.2673698000492112, "RAIL_TRIP": 0.18230260595624584}, "start_percents_distance": {"BIKE_TRIP": 0.0053754955219512636, "BUS": 0.0030587325622022598, "FOOT": 0.144679904628686, "PASSENGER_CAR": 0.5531020448489999, "RAIL_TRIP": 0.29378382243816037}, "end": {"Count": {"BIKE_TRIP": 9, "BUS": 4, "FOOT": 117, "HIGH_SPEED_TRAIN": 1, "MOTORCYCLE": 1, "PASSENGER_CAR": 61, "RAIL_TRIP": 80, "UNKNOWN": 1}, "Duration": {"BIKE_TRIP": 20189.08, "BUS": 1555.531, "FOOT": 290656.677, "HIGH_SPEED_TRAIN": 2944.282, "MOTORCYCLE": 341.729, "PASSENGER_CAR": 118251.38, "RAIL_TRIP": 114471.803, "UNKNOWN": 120.107}, "Distance": {"BIKE_TRIP": 163.50454484602145, "BUS": 8.233255701379214, "FOOT": 398.73837279739206, "HIGH_SPEED_TRAIN": 172.3008695066473, "MOTORCYCLE": 9.03401481421226, "PASSENGER_CAR": 1376.337804095923, "RAIL_TRIP": 967.5851817187696, "UNKNOWN": 3.3502293556680924}, "Total_Count": 154, "Total_Duration": 548530.589, "Total_Distance": 3099.084272836013, "Total_Emission": 296.5261357970218}, "end_percents_count": {"BIKE_TRIP": 0.05844155844155844, "BUS": 0.025974025974025976, "FOOT": 0.7597402597402597, "HIGH_SPEED_TRAIN": 0.006493506493506494, "MOTORCYCLE": 0.006493506493506494, "PASSENGER_CAR": 0.3961038961038961, "RAIL_TRIP": 0.5194805194805194, "UNKNOWN": 0.006493506493506494}, "end_percents_duration": {"BIKE_TRIP": 0.036805750499358206, "BUS": 0.0028358145036830387, "FOOT": 0.5298823490042412, "HIGH_SPEED_TRAIN": 0.0053675803301463645, "MOTORCYCLE": 0.0006229898693945033, "PASSENGER_CAR": 0.21557846065718678, "RAIL_TRIP": 0.20868809378286102, "UNKNOWN": 0.00021896135312884072}, "end_percents_distance": {"BIKE_TRIP": 0.05275898634934386, "BUS": 0.0026566737063412776, "FOOT": 0.1286632881501158, "HIGH_SPEED_TRAIN": 0.05559734887395382, "MOTORCYCLE": 0.0029150594236487517, "PASSENGER_CAR": 0.444111125392669, "RAIL_TRIP": 0.3122164796226466, "UNKNOWN": 0.0010810384812808764}}