{"start": {"Count": {"FOOT": 3, "PASSENGER_CAR": 2, "RAIL_TRIP": 1}, "Duration": {"FOOT": 16667.170000000002, "PASSENGER_CAR": 1501.3500000000001, "RAIL_TRIP": 471.333}, "Distance": {"FOOT": 17.07874699554421, "PASSENGER_CAR": 17.94339727292712, "RAIL_TRIP": 3.978645533484286}, "Total_Count": 5, "Total_Duration": 18639.853, "Total_Distance": 39.00078980195561, "Total_Emission": 4.276909236924312}, "start_percents_count": {"FOOT": 0.6, "PASSENGER_CAR": 0.4, "RAIL_TRIP": 0.2}, "start_percents_duration": {"FOOT": 0.8941685323376747, "PASSENGER_CAR": 0.08054516309758453, "RAIL_TRIP": 0.025286304564740937}, "start_percents_distance": {"FOOT": 0.43790772141460155, "PASSENGER_CAR": 0.4600777923740248, "RAIL_TRIP": 0.10201448621137373}, "end": {"Count": {"BIKE_TRIP": 1, "FOOT": 2, "PASSENGER_CAR": 3, "RAIL_TRIP": 1}, "Duration": {"BIKE_TRIP": 1838.895, "FOOT": 4867.964, "PASSENGER_CAR": 5158.995, "RAIL_TRIP": 1923.148}, "Distance": {"BIKE_TRIP": 24.292240064076047, "FOOT": 4.478463430944467, "PASSENGER_CAR": 30.986779289309688, "RAIL_TRIP": 2.8210029697842622}, "Total_Count": 7, "Total_Duration": 13789.002, "Total_Distance": 62.57848575411446, "Total_Emission": 7.729873399534572}, "end_percents_count": {"BIKE_TRIP": 0.14285714285714285, "FOOT": 0.2857142857142857, "PASSENGER_CAR": 0.42857142857142855, "RAIL_TRIP": 0.14285714285714285}, "end_percents_duration": {"BIKE_TRIP": 0.13335954262679778, "FOOT": 0.3530323659391738, "PASSENGER_CAR": 0.3741383894207862, "RAIL_TRIP": 0.13946970201324213}, "end_percents_distance": {"BIKE_TRIP": 0.38818836492026915, "FOOT": 0.07156554488297144, "PASSENGER_CAR": 0.4951666521792171, "RAIL_TRIP": 0.04507943801754239}}