{"start": {"Count": {"BIKE_TRIP": 3, "FOOT": 16, "HIGH_SPEED_TRAIN": 1, "PASSENGER_CAR": 12, "RAIL_TRIP": 20, "SCOOTER": 1}, "Duration": {"BIKE_TRIP": 5926.955, "FOOT": 21456.793999999998, "HIGH_SPEED_TRAIN": 2743.589, "PASSENGER_CAR": 24999.113, "RAIL_TRIP": 33781.962, "SCOOTER": 424.691}, "Distance": {"BIKE_TRIP": 9.834101327539246, "FOOT": 27.517551680463303, "HIGH_SPEED_TRAIN": 31.34429877114073, "PASSENGER_CAR": 419.48349864876616, "RAIL_TRIP": 209.07139635375714, "SCOOTER": 2.874044677856834}, "Total_Count": 32, "Total_Duration": 89333.10399999999, "Total_Distance": 700.1248914595235, "Total_Emission": 94.03448143674657}, "start_percents_count": {"BIKE_TRIP": 0.09375, "FOOT": 0.5, "HIGH_SPEED_TRAIN": 0.03125, "PASSENGER_CAR": 0.375, "RAIL_TRIP": 0.625, "SCOOTER": 0.03125}, "start_percents_duration": {"BIKE_TRIP": 0.06634668151685405, "FOOT": 0.24018860914090706, "HIGH_SPEED_TRAIN": 0.03071189600665841, "PASSENGER_CAR": 0.27984153556334507, "RAIL_TRIP": 0.3781572618365528, "SCOOTER": 0.004754015935682701}, "start_percents_distance": {"BIKE_TRIP": 0.014046210108368627, "FOOT": 0.03930377567793443, "HIGH_SPEED_TRAIN": 0.04476958204670951, "PASSENGER_CAR": 0.5991552418230481, "RAIL_TRIP": 0.2986201446400713, "SCOOTER": 0.00410504570386781}, "end": {"Count": {"BIKE_TRIP": 4, "BUS": 1, "FOOT": 25, "HIGH_SPEED_TRAIN": 1, "PASSENGER_CAR": 17, "RAIL_TRIP": 32, "UNKNOWN": 1}, "Duration": {"BIKE_TRIP": 6280.826, "BUS": 2598.051, "FOOT": 27145.95, "HIGH_SPEED_TRAIN": 3672.038, "PASSENGER_CAR": 39648.712, "RAIL_TRIP": 42947.785, "UNKNOWN": 201.989}, "Distance": {"BIKE_TRIP": 10.14371593702058, "BUS": 2.775768299602738, "FOOT": 46.78972242234679, "HIGH_SPEED_TRAIN": 96.79348880400286, "PASSENGER_CAR": 662.3122756732834, "RAIL_TRIP": 331.4760545154052, "UNKNOWN": 9.75756401225468}, "Total_Count": 46, "Total_Duration": 122495.351, "Total_Distance": 1160.0485896639161, "Total_Emission": 136.27928562143484}, "end_percents_count": {"BIKE_TRIP": 0.08695652173913043, "BUS": 0.021739130434782608, "FOOT": 0.5434782608695652, "HIGH_SPEED_TRAIN": 0.021739130434782608, "PASSENGER_CAR": 0.3695652173913043, "RAIL_TRIP": 0.6956521739130435, "UNKNOWN": 0.021739130434782608}, "end_percents_duration": {"BIKE_TRIP": 0.05127399488001794, "BUS": 0.021209384509621104, "FOOT": 0.22160800208654452, "HIGH_SPEED_TRAIN": 0.02997695806431054, "PASSENGER_CAR": 0.3236752389076382, "RAIL_TRIP": 0.35060746917652413, "UNKNOWN": 0.0016489523753436162}, "end_percents_distance": {"BIKE_TRIP": 0.008744216429726767, "BUS": 0.002392803477660294, "FOOT": 0.04033427809769804, "HIGH_SPEED_TRAIN": 0.08343916769214418, "PASSENGER_CAR": 0.5709349432209261, "RAIL_TRIP": 0.28574325029905767, "UNKNOWN": 0.008411340782787035}}