{"start": {"Count": {"BIKE_TRIP": 2, "BUS": 4, "FOOT": 27, "PASSENGER_CAR": 14, "RAIL_TRIP": 7}, "Duration": {"BIKE_TRIP": 643.903, "BUS": 1885.608, "FOOT": 96442.081, "PASSENGER_CAR": 11128.155, "RAIL_TRIP": 3919.511}, "Distance": {"BIKE_TRIP": 2.8874287885985717, "BUS": 10.669164073778111, "FOOT": 71.52223876223502, "PASSENGER_CAR": 78.54041622028136, "RAIL_TRIP": 16.787656704493394}, "Total_Count": 34, "Total_Duration": 114019.258, "Total_Distance": 180.40690454938644, "Total_Emission": 16.092298977996695}, "start_percents_count": {"BIKE_TRIP": 0.058823529411764705, "BUS": 0.11764705882352941, "FOOT": 0.7941176470588235, "PASSENGER_CAR": 0.4117647058823529, "RAIL_TRIP": 0.20588235294117646}, "start_percents_duration": {"BIKE_TRIP": 0.005647317929397506, "BUS": 0.01653762735414398, "FOOT": 0.8458402790167254, "PASSENGER_CAR": 0.09759890737054262, "RAIL_TRIP": 0.03437586832919049}, "start_percents_distance": {"BIKE_TRIP": 0.01600509024757496, "BUS": 0.059139444249249475, "FOOT": 0.3964495646155039, "PASSENGER_CAR": 0.4353514984166302, "RAIL_TRIP": 0.09305440247104162}, "end": {"Count": {"BUS": 4, "FOOT": 29, "PASSENGER_CAR": 10, "RAIL_TRIP": 9}, "Duration": {"BUS": 1145.308, "FOOT": 49107.308, "PASSENGER_CAR": 27590.533000000003, "RAIL_TRIP": 7711.781}, "Distance": {"BUS": 5.987610542053615, "FOOT": 74.72767317545612, "PASSENGER_CAR": 316.15237198058895, "RAIL_TRIP": 72.81224500951723}, "Total_Count": 37, "Total_Duration": 85554.93000000001, "Total_Distance": 469.67990070761596, "Total_Emission": 77.78087375655426}, "end_percents_count": {"BUS": 0.10810810810810811, "FOOT": 0.7837837837837838, "PASSENGER_CAR": 0.2702702702702703, "RAIL_TRIP": 0.24324324324324326}, "end_percents_duration": {"BUS": 0.013386814763333917, "FOOT": 0.5739857188825939, "PASSENGER_CAR": 0.3224891072904858, "RAIL_TRIP": 0.09013835906358639}, "end_percents_distance": {"BUS": 0.01274827927069634, "FOOT": 0.15910340864676562, "PASSENGER_CAR": 0.6731230599910202, "RAIL_TRIP": 0.15502525209151782}}