{"start": {"Count": {"BIKE_TRIP": 1, "FOOT": 7, "PASSENGER_CAR": 3, "RAIL_TRIP": 2}, "Duration": {"BIKE_TRIP": 1005.141, "FOOT": 17208.056, "PASSENGER_CAR": 2349.35, "RAIL_TRIP": 16019.621}, "Distance": {"BIKE_TRIP": 4.259718075955023, "FOOT": 16.525772840441597, "PASSENGER_CAR": 11.714747674631306, "RAIL_TRIP": 16.953655854324154}, "Total_Count": 12, "Total_Duration": 36582.168, "Total_Distance": 49.45389444535208, "Total_Emission": 3.033022265854372}, "start_percents_count": {"BIKE_TRIP": 0.08333333333333333, "FOOT": 0.5833333333333334, "PASSENGER_CAR": 0.25, "RAIL_TRIP": 0.16666666666666666}, "start_percents_duration": {"BIKE_TRIP": 0.02747625564455338, "FOOT": 0.47039464692196487, "PASSENGER_CAR": 0.06422118011157786, "RAIL_TRIP": 0.43790791732190393}, "start_percents_distance": {"BIKE_TRIP": 0.08613513907710807, "FOOT": 0.3341652467573213, "PASSENGER_CAR": 0.23688220727644466, "RAIL_TRIP": 0.34281740688912604}, "end": {"Count": {"BIKE_TRIP": 1, "FOOT": 9, "MOTORCYCLE": 1, "PASSENGER_CAR": 5, "RAIL_TRIP": 3}, "Duration": {"BIKE_TRIP": 4027.356, "FOOT": 21025.625, "MOTORCYCLE": 1782.0, "PASSENGER_CAR": 3397.514, "RAIL_TRIP": 2246.4049999999997}, "Distance": {"BIKE_TRIP": 14.820812346523379, "FOOT": 14.84233391934779, "MOTORCYCLE": 14.465720487194325, "PASSENGER_CAR": 17.172344623053874, "RAIL_TRIP": 11.777130918675608}, "Total_Count": 15, "Total_Duration": 32478.900000000005, "Total_Distance": 73.07834229479496, "Total_Emission": 5.381093234526081}, "end_percents_count": {"BIKE_TRIP": 0.06666666666666667, "FOOT": 0.6, "MOTORCYCLE": 0.06666666666666667, "PASSENGER_CAR": 0.3333333333333333, "RAIL_TRIP": 0.2}, "end_percents_duration": {"BIKE_TRIP": 0.12399915021752583, "FOOT": 0.6473625954080956, "MOTORCYCLE": 0.054866390179470356, "PASSENGER_CAR": 0.10460680626499048, "RAIL_TRIP": 0.06916505792991756}, "end_percents_distance": {"BIKE_TRIP": 0.2028071776277689, "FOOT": 0.20310167764170728, "MOTORCYCLE": 0.19794812023568098, "PASSENGER_CAR": 0.23498541542966803, "RAIL_TRIP": 0.16115760906517496}}