{"start": {"Count": {"BIKE_TRIP": 1, "FOOT": 6, "PASSENGER_CAR": 3, "RAIL_TRIP": 2}, "Duration": {"BIKE_TRIP": 1198.512, "FOOT": 10513.548999999999, "PASSENGER_CAR": 4687.362, "RAIL_TRIP": 1204.5140000000001}, "Distance": {"BIKE_TRIP": 4.331528568062712, "FOOT": 8.532385555163128, "PASSENGER_CAR": 16.36319962528895, "RAIL_TRIP": 5.661475198013532}, "Total_Count": 9, "Total_Duration": 17603.936999999998, "Total_Distance": 34.888588946528316, "Total_Emission": 2.363778784188387}, "start_percents_count": {"BIKE_TRIP": 0.1111111111111111, "FOOT": 0.6666666666666666, "PASSENGER_CAR": 0.3333333333333333, "RAIL_TRIP": 0.2222222222222222}, "start_percents_duration": {"BIKE_TRIP": 0.06808204323839605, "FOOT": 0.5972271429964786, "PASSENGER_CAR": 0.26626782406685506, "RAIL_TRIP": 0.06842298969827035}, "start_percents_distance": {"BIKE_TRIP": 0.12415316006908135, "FOOT": 0.2445609241531726, "PASSENGER_CAR": 0.46901293859628035, "RAIL_TRIP": 0.16227297718146588}, "end": {"Count": {"BIKE_TRIP": 1, "BUS": 1, "FOOT": 16, "PASSENGER_CAR": 5, "RAIL_TRIP": 7}, "Duration": {"BIKE_TRIP": 300.896, "BUS": 142.285, "FOOT": 30026.939000000002, "PASSENGER_CAR": 6547.52, "RAIL_TRIP": 14727.028}, "Distance": {"BIKE_TRIP": 0.341667958261621, "BUS": 0.488439377938468, "FOOT": 33.92191171427534, "PASSENGER_CAR": 65.16569278202086, "RAIL_TRIP": 83.1626352958727}, "Total_Count": 18, "Total_Duration": 51744.668, "Total_Distance": 183.08034712836897, "Total_Emission": 20.243312059226373}, "end_percents_count": {"BIKE_TRIP": 0.05555555555555555, "BUS": 0.05555555555555555, "FOOT": 0.8888888888888888, "PASSENGER_CAR": 0.2777777777777778, "RAIL_TRIP": 0.3888888888888889}, "end_percents_duration": {"BIKE_TRIP": 0.005815014602084219, "BUS": 0.0027497519164679926, "FOOT": 0.5802904948583302, "PASSENGER_CAR": 0.1265351630046211, "RAIL_TRIP": 0.2846095756184966}, "end_percents_distance": {"BIKE_TRIP": 0.001866218650011934, "BUS": 0.002667896284880828, "FOOT": 0.18528428772581793, "PASSENGER_CAR": 0.35594040433148816, "RAIL_TRIP": 0.45424119300780125}}