{"start": {"Count": {"FOOT": 8, "PASSENGER_CAR": 4, "RAIL_TRIP": 7}, "Duration": {"FOOT": 8339.707, "PASSENGER_CAR": 4397.015, "RAIL_TRIP": 8925.855}, "Distance": {"FOOT": 10.38917491961581, "PASSENGER_CAR": 27.26023526918321, "RAIL_TRIP": 42.81662706706567}, "Total_Count": 13, "Total_Duration": 21662.576999999997, "Total_Distance": 80.46603725586468, "Total_Emission": 6.657346540234945}, "start_percents_count": {"FOOT": 0.6153846153846154, "PASSENGER_CAR": 0.3076923076923077, "RAIL_TRIP": 0.5384615384615384}, "start_percents_duration": {"FOOT": 0.38498222072101584, "PASSENGER_CAR": 0.20297746662366167, "RAIL_TRIP": 0.4120403126553226}, "start_percents_distance": {"FOOT": 0.12911254578848552, "PASSENGER_CAR": 0.3387793931308128, "RAIL_TRIP": 0.5321080610807017}, "end": {"Count": {"BIKE_TRIP": 1, "FOOT": 11, "PASSENGER_CAR": 3, "RAIL_TRIP": 8, "UNKNOWN": 1}, "Duration": {"BIKE_TRIP": 367.377, "FOOT": 20140.711, "PASSENGER_CAR": 6190.181, "RAIL_TRIP": 12541.146999999999, "UNKNOWN": 3726.09}, "Distance": {"BIKE_TRIP": 3.796184060556069, "FOOT": 22.653383448362305, "PASSENGER_CAR": 141.66753680378451, "RAIL_TRIP": 109.68759955351283, "UNKNOWN": 89.14256699315715}, "Total_Count": 15, "Total_Duration": 42965.505999999994, "Total_Distance": 366.9472708593728, "Total_Emission": 19.03454852170505}, "end_percents_count": {"BIKE_TRIP": 0.06666666666666667, "FOOT": 0.7333333333333333, "PASSENGER_CAR": 0.2, "RAIL_TRIP": 0.5333333333333333, "UNKNOWN": 0.06666666666666667}, "end_percents_duration": {"BIKE_TRIP": 0.008550510262814084, "FOOT": 0.46876466437984, "PASSENGER_CAR": 0.14407327124228447, "RAIL_TRIP": 0.2918887304620595, "UNKNOWN": 0.08672282365300203}, "end_percents_distance": {"BIKE_TRIP": 0.010345312152521503, "FOOT": 0.06173471026316445, "PASSENGER_CAR": 0.38607055578314015, "RAIL_TRIP": 0.298919240621765, "UNKNOWN": 0.24293018117940912}}