{"start": {"Count": {"BIKE_TRIP": 3, "BUS": 2, "FOOT": 38, "HIGH_SPEED_TRAIN": 1, "PASSENGER_CAR": 22, "RAIL_TRIP": 11, "UNKNOWN": 1}, "Duration": {"BIKE_TRIP": 2531.214, "BUS": 18962.211, "FOOT": 69543.568, "HIGH_SPEED_TRAIN": 5771.359, "PASSENGER_CAR": 60082.710999999996, "RAIL_TRIP": 7829.666, "UNKNOWN": 2406.56}, "Distance": {"BIKE_TRIP": 27.86941807225493, "BUS": 120.11398572471256, "FOOT": 78.56949932876923, "HIGH_SPEED_TRAIN": 151.21134987780167, "PASSENGER_CAR": 1037.0669371020272, "RAIL_TRIP": 33.90735435513489, "UNKNOWN": 72.19710115853067}, "Total_Count": 51, "Total_Duration": 167127.289, "Total_Distance": 1520.9356456192313, "Total_Emission": 196.26985720255556}, "start_percents_count": {"BIKE_TRIP": 0.058823529411764705, "BUS": 0.0392156862745098, "FOOT": 0.7450980392156863, "HIGH_SPEED_TRAIN": 0.0196078431372549, "PASSENGER_CAR": 0.43137254901960786, "RAIL_TRIP": 0.21568627450980393, "UNKNOWN": 0.0196078431372549}, "start_percents_duration": {"BIKE_TRIP": 0.015145426071023028, "BUS": 0.11345969358720347, "FOOT": 0.4161113868124792, "HIGH_SPEED_TRAIN": 0.03453271476209969, "PASSENGER_CAR": 0.35950269617548813, "RAIL_TRIP": 0.04684851915476233, "UNKNOWN": 0.01439956343694416}, "start_percents_distance": {"BIKE_TRIP": 0.01832386409808169, "BUS": 0.0789737462401373, "FOOT": 0.05165866126885373, "HIGH_SPEED_TRAIN": 0.09941995265436607, "PASSENGER_CAR": 0.6818611557228625, "RAIL_TRIP": 0.02229374691348621, "UNKNOWN": 0.04746887310221233}, "end": {"Count": {"BIKE_TRIP": 5, "FOOT": 53, "PASSENGER_CAR": 26, "RAIL_TRIP": 20, "UNKNOWN": 2}, "Duration": {"BIKE_TRIP": 2227.047, "FOOT": 111603.742, "PASSENGER_CAR": 63324.727, "RAIL_TRIP": 21840.862999999998, "UNKNOWN": 3728.3999999999996}, "Distance": {"BIKE_TRIP": 19.58736539423419, "FOOT": 136.75202030358778, "PASSENGER_CAR": 1208.4629018751305, "RAIL_TRIP": 170.17648351870707, "UNKNOWN": 101.92981757860683}, "Total_Count": 62, "Total_Duration": 202724.77899999998, "Total_Distance": 1636.9085886702665, "Total_Emission": 228.1009176255004}, "end_percents_count": {"BIKE_TRIP": 0.08064516129032258, "FOOT": 0.8548387096774194, "PASSENGER_CAR": 0.41935483870967744, "RAIL_TRIP": 0.3225806451612903, "UNKNOWN": 0.03225806451612903}, "end_percents_duration": {"BIKE_TRIP": 0.01098556876463533, "FOOT": 0.5505185037098993, "PASSENGER_CAR": 0.3123679666213868, "RAIL_TRIP": 0.10773652391057731, "UNKNOWN": 0.01839143699350142}, "end_percents_distance": {"BIKE_TRIP": 0.011966071611943754, "FOOT": 0.08354285709666752, "PASSENGER_CAR": 0.7382592468751225, "RAIL_TRIP": 0.10396211779727357, "UNKNOWN": 0.062269706618992664}}