{"start": {"Count": {"FOOT": 4, "PASSENGER_CAR": 2, "RAIL_TRIP": 1, "UNKNOWN": 1}, "Duration": {"FOOT": 9969.974, "PASSENGER_CAR": 2279.409, "RAIL_TRIP": 2344.069, "UNKNOWN": 120.094}, "Distance": {"FOOT": 7.3298915707627, "PASSENGER_CAR": 25.37641552805168, "RAIL_TRIP": 8.409446262584439, "UNKNOWN": 16.65456910304519}, "Total_Count": 7, "Total_Duration": 14713.546, "Total_Distance": 57.77032246444401, "Total_Emission": 4.419290518167037}, "start_percents_count": {"FOOT": 0.5714285714285714, "PASSENGER_CAR": 0.2857142857142857, "RAIL_TRIP": 0.14285714285714285, "UNKNOWN": 0.14285714285714285}, "start_percents_duration": {"FOOT": 0.6776051130026711, "PASSENGER_CAR": 0.1549190793300269, "RAIL_TRIP": 0.15931366918620432, "UNKNOWN": 0.008162138481097621}, "start_percents_distance": {"FOOT": 0.12687987980808035, "PASSENGER_CAR": 0.43926387192438027, "RAIL_TRIP": 0.14556689150835558, "UNKNOWN": 0.2882893567591838}, "end": {"Count": {"BIKE_TRIP": 2, "FOOT": 3, "PASSENGER_CAR": 4, "RAIL_TRIP": 1, "UNKNOWN": 1}, "Duration": {"BIKE_TRIP": 961.548, "FOOT": 9722.261, "PASSENGER_CAR": 5349.6630000000005, "RAIL_TRIP": 421.131, "UNKNOWN": 120.094}, "Distance": {"BIKE_TRIP": 5.56874463911207, "FOOT": 5.95743730000961, "PASSENGER_CAR": 53.088770649827865, "RAIL_TRIP": 6.296113006259923, "UNKNOWN": 16.65456910304519}, "Total_Count": 6, "Total_Duration": 16574.697, "Total_Distance": 87.56563469825466, "Total_Emission": 11.20522288659274}, "end_percents_count": {"BIKE_TRIP": 0.3333333333333333, "FOOT": 0.5, "PASSENGER_CAR": 0.6666666666666666, "RAIL_TRIP": 0.16666666666666666, "UNKNOWN": 0.16666666666666666}, "end_percents_duration": {"BIKE_TRIP": 0.05801300621061127, "FOOT": 0.586572472486224, "PASSENGER_CAR": 0.32276083236996733, "RAIL_TRIP": 0.025408066283202642, "UNKNOWN": 0.0072456226499947474}, "end_percents_distance": {"BIKE_TRIP": 0.06359509250748416, "FOOT": 0.06803396470017652, "PASSENGER_CAR": 0.606274034702863, "RAIL_TRIP": 0.07190164301276304, "UNKNOWN": 0.19019526507671333}}