{"start": {"Count": {"BIKE_TRIP": 2, "FOOT": 10, "MOTORCYCLE": 1, "PASSENGER_CAR": 2, "RAIL_TRIP": 6}, "Duration": {"BIKE_TRIP": 3584.4260000000004, "FOOT": 19794.906, "MOTORCYCLE": 1533.4940000000001, "PASSENGER_CAR": 3455.531, "RAIL_TRIP": 8364.991}, "Distance": {"BIKE_TRIP": 9.725275394065712, "FOOT": 12.36270745692889, "MOTORCYCLE": 16.76384502941574, "PASSENGER_CAR": 24.754519721106067, "RAIL_TRIP": 52.263235601537346}, "Total_Count": 14, "Total_Duration": 36733.34799999999, "Total_Distance": 115.86958320305375, "Total_Emission": 7.401740650423621}, "start_percents_count": {"BIKE_TRIP": 0.14285714285714285, "FOOT": 0.7142857142857143, "MOTORCYCLE": 0.07142857142857142, "PASSENGER_CAR": 0.14285714285714285, "RAIL_TRIP": 0.42857142857142855}, "start_percents_duration": {"BIKE_TRIP": 0.09757961621140554, "FOOT": 0.5388810734050161, "MOTORCYCLE": 0.04174664394870842, "PASSENGER_CAR": 0.09407067931842207, "RAIL_TRIP": 0.22772198711644803}, "start_percents_distance": {"BIKE_TRIP": 0.08393294534444654, "FOOT": 0.10669501965208648, "MOTORCYCLE": 0.1446785650384037, "PASSENGER_CAR": 0.21364122521892062, "RAIL_TRIP": 0.4510522447461427}, "end": {"Count": {"BUS": 1, "FOOT": 11, "PASSENGER_CAR": 3, "RAIL_TRIP": 5}, "Duration": {"BUS": 841.037, "FOOT": 23957.669, "PASSENGER_CAR": 1065.657, "RAIL_TRIP": 11284.952}, "Distance": {"BUS": 3.797406485545444, "FOOT": 17.062182022830928, "PASSENGER_CAR": 11.904900475754925, "RAIL_TRIP": 160.58493567822336}, "Total_Count": 11, "Total_Duration": 37149.315, "Total_Distance": 193.34942466235466, "Total_Emission": 2.995153100200826}, "end_percents_count": {"BUS": 0.09090909090909091, "FOOT": 1.0, "PASSENGER_CAR": 0.2727272727272727, "RAIL_TRIP": 0.45454545454545453}, "end_percents_duration": {"BUS": 0.022639367643791007, "FOOT": 0.6449020392435231, "PASSENGER_CAR": 0.02868577792080419, "RAIL_TRIP": 0.3037728151918817}, "end_percents_distance": {"BUS": 0.019640123016537753, "FOOT": 0.0882453208879548, "PASSENGER_CAR": 0.06157194673087032, "RAIL_TRIP": 0.8305426093646371}}