{"start": {"Count": {"BIKE_TRIP": 5, "BUS": 2, "FOOT": 35, "MOTORCYCLE": 2, "PASSENGER_CAR": 24, "RAIL_TRIP": 13, "UNKNOWN": 1}, "Duration": {"BIKE_TRIP": 9267.960000000001, "BUS": 661.279, "FOOT": 311851.051, "MOTORCYCLE": 1616.859, "PASSENGER_CAR": 61615.126000000004, "RAIL_TRIP": 148471.727, "UNKNOWN": 601.159}, "Distance": {"BIKE_TRIP": 65.93988944845745, "BUS": 3.9481634384524504, "FOOT": 67.28444473937749, "MOTORCYCLE": 33.41165487153492, "PASSENGER_CAR": 1006.8982972600556, "RAIL_TRIP": 152.82040533169658, "UNKNOWN": 18.921774538324627}, "Total_Count": 55, "Total_Duration": 534085.1610000001, "Total_Distance": 1349.2246296278993, "Total_Emission": 223.38196709417647}, "start_percents_count": {"BIKE_TRIP": 0.09090909090909091, "BUS": 0.03636363636363636, "FOOT": 0.6363636363636364, "MOTORCYCLE": 0.03636363636363636, "PASSENGER_CAR": 0.43636363636363634, "RAIL_TRIP": 0.23636363636363636, "UNKNOWN": 0.01818181818181818}, "start_percents_duration": {"BIKE_TRIP": 0.017352962929445628, "BUS": 0.0012381527297291824, "FOOT": 0.5838976136616534, "MOTORCYCLE": 0.0030273430495104127, "PASSENGER_CAR": 0.11536573284424204, "RAIL_TRIP": 0.27799260837355483, "UNKNOWN": 0.0011255864118643803}, "start_percents_distance": {"BIKE_TRIP": 0.048872432358904476, "BUS": 0.00292624619485438, "FOOT": 0.04986897160181086, "MOTORCYCLE": 0.02476359691176811, "PASSENGER_CAR": 0.7462792148537539, "RAIL_TRIP": 0.11326535402325312, "UNKNOWN": 0.014024184055655014}, "end": {"Count": {"BIKE_TRIP": 3, "BUS": 2, "FOOT": 45, "HIGH_SPEED_TRAIN": 1, "PASSENGER_CAR": 32, "RAIL_TRIP": 18, "UNKNOWN": 2}, "Duration": {"BIKE_TRIP": 4929.164, "BUS": 481.033, "FOOT": 81958.658, "HIGH_SPEED_TRAIN": 313.104, "PASSENGER_CAR": 70055.487, "RAIL_TRIP": 26217.848, "UNKNOWN": 2583.425}, "Distance": {"BIKE_TRIP": 28.980935752417537, "BUS": 3.9531954533102924, "FOOT": 98.55816613670927, "HIGH_SPEED_TRAIN": 7.915252583554833, "PASSENGER_CAR": 865.7083120670248, "RAIL_TRIP": 273.17322411015465, "UNKNOWN": 105.42872409660293}, "Total_Count": 59, "Total_Duration": 186538.71899999998, "Total_Distance": 1383.7178101997742, "Total_Emission": 169.03490350767527}, "end_percents_count": {"BIKE_TRIP": 0.05084745762711865, "BUS": 0.03389830508474576, "FOOT": 0.7627118644067796, "HIGH_SPEED_TRAIN": 0.01694915254237288, "PASSENGER_CAR": 0.5423728813559322, "RAIL_TRIP": 0.3050847457627119, "UNKNOWN": 0.03389830508474576}, "end_percents_duration": {"BIKE_TRIP": 0.026424347858848545, "BUS": 0.0025787300490682586, "FOOT": 0.43936539523464835, "HIGH_SPEED_TRAIN": 0.001678493353436184, "PASSENGER_CAR": 0.375554669698359, "RAIL_TRIP": 0.14054909426069342, "UNKNOWN": 0.013849269544946325}, "end_percents_distance": {"BIKE_TRIP": 0.020944252895200802, "BUS": 0.002856937609800332, "FOOT": 0.0712270705849193, "HIGH_SPEED_TRAIN": 0.005720279471153203, "PASSENGER_CAR": 0.6256393505132656, "RAIL_TRIP": 0.19741974996384218, "UNKNOWN": 0.07619235896181871}}