{"all": {"stats": {"Count": {"BIKE_TRIP": 567, "BUS": 157, "FOOT": 5085, "HIGH_SPEED_TRAIN": 84, "MOTORCYCLE": 92, "PASSENGER_CAR": 3061, "PLANE": 17, "RAIL_TRIP": 4204, "SCOOTER": 10, "UNKNOWN": 186}, "Duration": {"BIKE_TRIP": 732292.1630000001, "BUS": 124344.811, "FOOT": 9674622.33, "HIGH_SPEED_TRAIN": 338206.946, "MOTORCYCLE": 94767.58, "PASSENGER_CAR": 5552203.833, "PLANE": 33562.893, "RAIL_TRIP": 6557566.45, "SCOOTER": 6512.048, "UNKNOWN": 334403.767}, "Distance": {"BIKE_TRIP": 3560.1767144017927, "BUS": 1358.0957622714684, "FOOT": 11357.383861789844, "HIGH_SPEED_TRAIN": 20883.142325390563, "MOTORCYCLE": 1166.7815790326504, "PASSENGER_CAR": 76152.30896153835, "PLANE": 9115.248548347707, "RAIL_TRIP": 44728.06163887755, "SCOOTER": 32.675007398814024, "UNKNOWN": 14718.53120417112}, "Total_Count": 8971, "Total_Users": 4536, "Total_Duration": 23448482.821000002, "Total_Distance": 183072.40560321984, "Total_Emission": 17116.754345576814}, "percents_count": {"BIKE_TRIP": 0.06320365622561587, "BUS": 0.017500836027198752, "FOOT": 0.5668264407535392, "HIGH_SPEED_TRAIN": 0.009363504626017167, "MOTORCYCLE": 0.010255266971352135, "PASSENGER_CAR": 0.34121056738379224, "PLANE": 0.0018949949838368075, "RAIL_TRIP": 0.4686211124735258, "SCOOTER": 0.0011147029316687102, "UNKNOWN": 0.020733474529038013}, "percents_duration": {"BIKE_TRIP": 0.031229831311054952, "BUS": 0.005302893664772171, "FOOT": 0.41259054600051126, "HIGH_SPEED_TRAIN": 0.01442340421688641, "MOTORCYCLE": 0.004041522887575822, "PASSENGER_CAR": 0.23678307357384992, "PLANE": 0.0014313460387271506, "RAIL_TRIP": 0.27965845381378673, "SCOOTER": 0.0002777172429325763, "UNKNOWN": 0.014261211249902895}, "percents_distance": {"BIKE_TRIP": 0.019446823253734407, "BUS": 0.0074183531799703545, "FOOT": 0.06203766113395132, "HIGH_SPEED_TRAIN": 0.1140703988489201, "MOTORCYCLE": 0.006373333955972933, "PASSENGER_CAR": 0.4159682542577514, "PLANE": 0.0497904013349972, "RAIL_TRIP": 0.24431897036311673, "SCOOTER": 0.00017848133524629527, "UNKNOWN": 0.08039732233633932}}, "red_zone": {"stats": {"Count": {"BIKE_TRIP": 133, "BUS": 33, "FOOT": 1472, "HIGH_SPEED_TRAIN": 6, "MOTORCYCLE": 25, "PASSENGER_CAR": 760, "PLANE": 2, "RAIL_TRIP": 1056, "SCOOTER": 7, "UNKNOWN": 26}, "Duration": {"BIKE_TRIP": 182913.134, "BUS": 30140.952, "FOOT": 2882323.871, "HIGH_SPEED_TRAIN": 36040.327, "MOTORCYCLE": 24891.288, "PASSENGER_CAR": 1357563.743, "PLANE": 1926.676, "RAIL_TRIP": 1627221.803, "SCOOTER": 5101.625, "UNKNOWN": 23031.884}, "Distance": {"BIKE_TRIP": 772.4018385912354, "BUS": 292.6647904289641, "FOOT": 3340.432818798489, "HIGH_SPEED_TRAIN": 1778.125061572324, "MOTORCYCLE": 223.89104513412875, "PASSENGER_CAR": 14479.334152324082, "PLANE": 325.65519086588273, "RAIL_TRIP": 9627.78537710645, "SCOOTER": 21.86383723644448, "UNKNOWN": 746.6292510415669}, "Total_Count": 2369, "Total_Users": 1358, "Total_Duration": 6171155.303, "Total_Distance": 31608.783363099566, "Total_Emission": 3001.9457767808353}, "percents_count": {"BIKE_TRIP": 0.05614183199662305, "BUS": 0.013929928239763613, "FOOT": 0.6213592233009708, "HIGH_SPEED_TRAIN": 0.002532714225411566, "MOTORCYCLE": 0.010552975939214858, "PASSENGER_CAR": 0.3208104685521317, "PLANE": 0.0008442380751371887, "RAIL_TRIP": 0.4457577036724356, "SCOOTER": 0.0029548332629801602, "UNKNOWN": 0.010975094976783452}, "percents_duration": {"BIKE_TRIP": 0.029640014716706277, "BUS": 0.004884166824540536, "FOOT": 0.46706390124371167, "HIGH_SPEED_TRAIN": 0.005840126399424694, "MOTORCYCLE": 0.004033489156868169, "PASSENGER_CAR": 0.21998534736924283, "PLANE": 0.00031220669475995517, "RAIL_TRIP": 0.2636818752898593, "SCOOTER": 0.0008266888045290212, "UNKNOWN": 0.003732183500357453}, "percents_distance": {"BIKE_TRIP": 0.02443630397660119, "BUS": 0.009258970428157135, "FOOT": 0.10568052494858585, "HIGH_SPEED_TRAIN": 0.056254144335340865, "MOTORCYCLE": 0.007083190851170234, "PASSENGER_CAR": 0.4580794517142793, "PLANE": 0.010302680338087802, "RAIL_TRIP": 0.30459208968941304, "SCOOTER": 0.0006917013219170136, "UNKNOWN": 0.023620942396447627}}, "black_zone": {"stats": {"Count": {"BIKE_TRIP": 28, "BUS": 14, "FOOT": 509, "HIGH_SPEED_TRAIN": 1, "MOTORCYCLE": 7, "PASSENGER_CAR": 228, "RAIL_TRIP": 304, "SCOOTER": 1, "UNKNOWN": 4}, "Duration": {"BIKE_TRIP": 51580.485, "BUS": 11357.24, "FOOT": 1194345.605, "HIGH_SPEED_TRAIN": 600.753, "MOTORCYCLE": 4904.838, "PASSENGER_CAR": 373956.993, "RAIL_TRIP": 502406.501, "SCOOTER": 662.0, "UNKNOWN": 6922.553}, "Distance": {"BIKE_TRIP": 191.9171063442178, "BUS": 60.838646630537724, "FOOT": 1211.1749834965813, "HIGH_SPEED_TRAIN": 55.64793597245381, "MOTORCYCLE": 77.82540467442959, "PASSENGER_CAR": 3285.3276965238215, "RAIL_TRIP": 2585.3177024490265, "SCOOTER": 6.119778113383105, "UNKNOWN": 191.61842257298918}, "Total_Count": 729, "Total_Users": 488, "Total_Duration": 2146736.968, "Total_Distance": 7665.787676777441, "Total_Emission": 719.874127412011}, "percents_count": {"BIKE_TRIP": 0.038408779149519894, "BUS": 0.019204389574759947, "FOOT": 0.6982167352537723, "HIGH_SPEED_TRAIN": 0.0013717421124828531, "MOTORCYCLE": 0.009602194787379973, "PASSENGER_CAR": 0.31275720164609055, "RAIL_TRIP": 0.4170096021947874, "SCOOTER": 0.0013717421124828531, "UNKNOWN": 0.0054869684499314125}, "percents_duration": {"BIKE_TRIP": 0.024027389367620004, "BUS": 0.005290466493704133, "FOOT": 0.5563539561685137, "HIGH_SPEED_TRAIN": 0.0002798447173338099, "MOTORCYCLE": 0.002284787597695108, "PASSENGER_CAR": 0.1741978633499733, "RAIL_TRIP": 0.2340326311462672, "SCOOTER": 0.00030837499417394855, "UNKNOWN": 0.0032246861647188068}, "percents_distance": {"BIKE_TRIP": 0.025035536390553448, "BUS": 0.007936385560852527, "FOOT": 0.15799746021738725, "HIGH_SPEED_TRAIN": 0.007259258711408401, "MOTORCYCLE": 0.010152303710444793, "PASSENGER_CAR": 0.42857013982742004, "RAIL_TRIP": 0.3372540189550159, "SCOOTER": 0.000798323456299503, "UNKNOWN": 0.024996573170618014}}}