{"start": {"Count": {"PASSENGER_CAR": 4, "RAIL_TRIP": 1}, "Duration": {"PASSENGER_CAR": 16457.088, "RAIL_TRIP": 1863.362}, "Distance": {"PASSENGER_CAR": 387.7439090517579, "RAIL_TRIP": 7.69314752794412}, "Total_Count": 4, "Total_Duration": 18320.45, "Total_Distance": 395.437056579702}, "start_percents_count": {"PASSENGER_CAR": 1.0, "RAIL_TRIP": 0.25}, "start_percents_duration": {"PASSENGER_CAR": 0.8982905987571266, "RAIL_TRIP": 0.1017094012428734}, "start_percents_distance": {"PASSENGER_CAR": 0.9805452033390969, "RAIL_TRIP": 0.019454796660903058}, "end": {"Count": {"BUS": 1, "PASSENGER_CAR": 3, "RAIL_TRIP": 2}, "Duration": {"BUS": 89482.329, "PASSENGER_CAR": 9433.79, "RAIL_TRIP": 1983.506}, "Distance": {"BUS": 162.06923107435375, "PASSENGER_CAR": 198.85899930775068, "RAIL_TRIP": 8.283733664389853}, "Total_Count": 4, "Total_Duration": 100899.62499999999, "Total_Distance": 369.2119640464943}, "end_percents_count": {"BUS": 0.25, "PASSENGER_CAR": 0.75, "RAIL_TRIP": 0.5}, "end_percents_duration": {"BUS": 0.8868450105736271, "PASSENGER_CAR": 0.09349677959655452, "RAIL_TRIP": 0.019658209829818498}, "end_percents_distance": {"BUS": 0.43895985736243537, "PASSENGER_CAR": 0.5386038879355184, "RAIL_TRIP": 0.022436254702046153}}