{"start": {"Count": {"BUS": 1, "FOOT": 18, "PASSENGER_CAR": 5, "RAIL_TRIP": 14}, "Duration": {"BUS": 480.671, "FOOT": 30800.715, "PASSENGER_CAR": 6304.8189999999995, "RAIL_TRIP": 18068.865999999998}, "Distance": {"BUS": 0.8778680589088556, "FOOT": 43.321951580658, "PASSENGER_CAR": 83.7508414033355, "RAIL_TRIP": 91.54796560508872}, "Total_Count": 25, "Total_Duration": 55655.07099999999, "Total_Distance": 219.49862664799107, "Total_Emission": 21.719607766345018}, "start_percents_count": {"BUS": 0.04, "FOOT": 0.72, "PASSENGER_CAR": 0.2, "RAIL_TRIP": 0.56}, "start_percents_duration": {"BUS": 0.008636607435106858, "FOOT": 0.553421538173943, "PASSENGER_CAR": 0.11328381918693448, "RAIL_TRIP": 0.32465803520401587}, "start_percents_distance": {"BUS": 0.003999423924946412, "FOOT": 0.19736775688411579, "PASSENGER_CAR": 0.38155519550309686, "RAIL_TRIP": 0.41707762368784096}, "end": {"Count": {"BIKE_TRIP": 3, "BUS": 1, "FOOT": 16, "HIGH_SPEED_TRAIN": 1, "PASSENGER_CAR": 4, "RAIL_TRIP": 12, "UNKNOWN": 1}, "Duration": {"BIKE_TRIP": 5432.342, "BUS": 1151.367, "FOOT": 52096.977, "HIGH_SPEED_TRAIN": 3910.326, "PASSENGER_CAR": 5713.61, "RAIL_TRIP": 24806.484, "UNKNOWN": 1744.57}, "Distance": {"BIKE_TRIP": 18.729131276343107, "BUS": 18.217081011592143, "FOOT": 94.23967133167746, "HIGH_SPEED_TRAIN": 211.3593218690168, "PASSENGER_CAR": 38.0831783616012, "RAIL_TRIP": 144.23681258477387, "UNKNOWN": 68.20689592576169}, "Total_Count": 25, "Total_Duration": 94855.67600000002, "Total_Distance": 593.0720923607664, "Total_Emission": 10.778366606836194}, "end_percents_count": {"BIKE_TRIP": 0.12, "BUS": 0.04, "FOOT": 0.64, "HIGH_SPEED_TRAIN": 0.04, "PASSENGER_CAR": 0.16, "RAIL_TRIP": 0.48, "UNKNOWN": 0.04}, "end_percents_duration": {"BIKE_TRIP": 0.057269551270711504, "BUS": 0.012138092822194422, "FOOT": 0.549223612090435, "HIGH_SPEED_TRAIN": 0.041223953746320874, "PASSENGER_CAR": 0.0602347718232486, "RAIL_TRIP": 0.2615181826335832, "UNKNOWN": 0.01839183561350614}, "end_percents_distance": {"BIKE_TRIP": 0.03157985600332405, "BUS": 0.03071646979556521, "FOOT": 0.1589008698024377, "HIGH_SPEED_TRAIN": 0.35638048829390323, "PASSENGER_CAR": 0.06421340483246876, "RAIL_TRIP": 0.2432028322402236, "UNKNOWN": 0.11500607903207719}}