{"start": {"Count": {"FOOT": 9, "PASSENGER_CAR": 4, "RAIL_TRIP": 9}, "Duration": {"FOOT": 35644.874, "PASSENGER_CAR": 2798.4660000000003, "RAIL_TRIP": 8924.478000000001}, "Distance": {"FOOT": 32.95835918946312, "PASSENGER_CAR": 24.171757016147225, "RAIL_TRIP": 61.084873129046855}, "Total_Count": 15, "Total_Duration": 47367.818, "Total_Distance": 118.21498933465722, "Total_Emission": 6.176230805046864}, "start_percents_count": {"FOOT": 0.6, "PASSENGER_CAR": 0.26666666666666666, "RAIL_TRIP": 0.6}, "start_percents_duration": {"FOOT": 0.7525124758754985, "PASSENGER_CAR": 0.059079478814075846, "RAIL_TRIP": 0.18840804531042576}, "start_percents_distance": {"FOOT": 0.27880017056179424, "PASSENGER_CAR": 0.2044728604400488, "RAIL_TRIP": 0.5167269689981567}, "end": {"Count": {"BIKE_TRIP": 1, "FOOT": 8, "PASSENGER_CAR": 3, "RAIL_TRIP": 9, "UNKNOWN": 1}, "Duration": {"BIKE_TRIP": 120.17, "FOOT": 13038.855, "PASSENGER_CAR": 5533.698, "RAIL_TRIP": 14463.26, "UNKNOWN": 613.784}, "Distance": {"BIKE_TRIP": 0.4325277051886961, "FOOT": 18.176233332902598, "PASSENGER_CAR": 48.47717008459287, "RAIL_TRIP": 107.81158299211772, "UNKNOWN": 28.43723812611941}, "Total_Count": 12, "Total_Duration": 33769.767, "Total_Distance": 203.3347522409213, "Total_Emission": 11.001204383593226}, "end_percents_count": {"BIKE_TRIP": 0.08333333333333333, "FOOT": 0.6666666666666666, "PASSENGER_CAR": 0.25, "RAIL_TRIP": 0.75, "UNKNOWN": 0.08333333333333333}, "end_percents_duration": {"BIKE_TRIP": 0.0035585084137536396, "FOOT": 0.38611030392954737, "PASSENGER_CAR": 0.16386544805002654, "RAIL_TRIP": 0.42829019223022774, "UNKNOWN": 0.018175547376444737}, "end_percents_distance": {"BIKE_TRIP": 0.002127170591460015, "FOOT": 0.08939068768415188, "PASSENGER_CAR": 0.23841064820613975, "RAIL_TRIP": 0.5302171999815216, "UNKNOWN": 0.13985429353672674}}