{"start": {"Count": {"BIKE_TRIP": 1, "FOOT": 17, "MOTORCYCLE": 1, "PASSENGER_CAR": 7, "RAIL_TRIP": 6}, "Duration": {"BIKE_TRIP": 515.617, "FOOT": 104061.117, "MOTORCYCLE": 1042.619, "PASSENGER_CAR": 23460.716, "RAIL_TRIP": 16188.615}, "Distance": {"BIKE_TRIP": 2.219138280152968, "FOOT": 162.48748588027945, "MOTORCYCLE": 3.65753972497686, "PASSENGER_CAR": 307.0544696311069, "RAIL_TRIP": 58.83527740434736}, "Total_Count": 24, "Total_Duration": 145268.68400000004, "Total_Distance": 534.2539109208636, "Total_Emission": 49.235290466201214}, "start_percents_count": {"BIKE_TRIP": 0.041666666666666664, "FOOT": 0.7083333333333334, "MOTORCYCLE": 0.041666666666666664, "PASSENGER_CAR": 0.2916666666666667, "RAIL_TRIP": 0.25}, "start_percents_duration": {"BIKE_TRIP": 0.0035494022923756906, "FOOT": 0.716335511100245, "MOTORCYCLE": 0.007177176603320779, "PASSENGER_CAR": 0.16149878524403782, "RAIL_TRIP": 0.1114391247600205}, "start_percents_distance": {"BIKE_TRIP": 0.004153714619192892, "FOOT": 0.3041390667598649, "MOTORCYCLE": 0.006846070099276509, "PASSENGER_CAR": 0.5747350901032324, "RAIL_TRIP": 0.11012605841843305}, "end": {"Count": {"BIKE_TRIP": 2, "FOOT": 21, "PASSENGER_CAR": 7, "RAIL_TRIP": 8}, "Duration": {"BIKE_TRIP": 1949.344, "FOOT": 41895.603, "PASSENGER_CAR": 13835.086, "RAIL_TRIP": 8542.860999999999}, "Distance": {"BIKE_TRIP": 4.28043515718832, "FOOT": 33.657110026113564, "PASSENGER_CAR": 106.08860163728671, "RAIL_TRIP": 32.486975717629065}, "Total_Count": 29, "Total_Duration": 66222.894, "Total_Distance": 176.5131225382176, "Total_Emission": 20.850901388895537}, "end_percents_count": {"BIKE_TRIP": 0.06896551724137931, "FOOT": 0.7241379310344828, "PASSENGER_CAR": 0.2413793103448276, "RAIL_TRIP": 0.27586206896551724}, "end_percents_duration": {"BIKE_TRIP": 0.02943610407603147, "FOOT": 0.6326453054135629, "PASSENGER_CAR": 0.20891696457723516, "RAIL_TRIP": 0.12900162593317047}, "end_percents_distance": {"BIKE_TRIP": 0.024249954312952255, "FOOT": 0.19067766487914417, "PASSENGER_CAR": 0.6010238791980864, "RAIL_TRIP": 0.18404850160981756}}