{"start": {"Count": {"BIKE_TRIP": 5, "BUS": 1, "FOOT": 36, "PASSENGER_CAR": 17, "RAIL_TRIP": 20, "UNKNOWN": 1}, "Duration": {"BIKE_TRIP": 55112.78800000001, "BUS": 275.009, "FOOT": 46754.359, "PASSENGER_CAR": 30257.638, "RAIL_TRIP": 22833.55, "UNKNOWN": 688.044}, "Distance": {"BIKE_TRIP": 12.763362443709552, "BUS": 1.3000897364452884, "FOOT": 70.96043515691456, "PASSENGER_CAR": 379.21011347211527, "RAIL_TRIP": 137.95976451622315, "UNKNOWN": 19.725996601000826}, "Total_Count": 56, "Total_Duration": 155921.38799999998, "Total_Distance": 621.9197619264087, "Total_Emission": 86.05392208287431}, "start_percents_count": {"BIKE_TRIP": 0.08928571428571429, "BUS": 0.017857142857142856, "FOOT": 0.6428571428571429, "PASSENGER_CAR": 0.30357142857142855, "RAIL_TRIP": 0.35714285714285715, "UNKNOWN": 0.017857142857142856}, "start_percents_duration": {"BIKE_TRIP": 0.35346522184628076, "BUS": 0.0017637670080258652, "FOOT": 0.2998585351228403, "PASSENGER_CAR": 0.19405700775316342, "RAIL_TRIP": 0.14644270611546892, "UNKNOWN": 0.0044127621542209465}, "start_percents_distance": {"BIKE_TRIP": 0.020522522719289036, "BUS": 0.002090446092946516, "FOOT": 0.11409901968239956, "PASSENGER_CAR": 0.6097412185416081, "RAIL_TRIP": 0.22182888044735877, "UNKNOWN": 0.03171791251639788}, "end": {"Count": {"BIKE_TRIP": 4, "BUS": 1, "FOOT": 36, "PASSENGER_CAR": 20, "RAIL_TRIP": 18}, "Duration": {"BIKE_TRIP": 2621.875, "BUS": 124.664, "FOOT": 50676.431, "PASSENGER_CAR": 24390.773, "RAIL_TRIP": 16501.9}, "Distance": {"BIKE_TRIP": 11.85416628832687, "BUS": 0.6506561149732775, "FOOT": 86.13537248445496, "PASSENGER_CAR": 203.39791150736028, "RAIL_TRIP": 112.25624999082804}, "Total_Count": 54, "Total_Duration": 94315.64300000001, "Total_Distance": 414.2943563859435, "Total_Emission": 41.64654861017108}, "end_percents_count": {"BIKE_TRIP": 0.07407407407407407, "BUS": 0.018518518518518517, "FOOT": 0.6666666666666666, "PASSENGER_CAR": 0.37037037037037035, "RAIL_TRIP": 0.3333333333333333}, "end_percents_duration": {"BIKE_TRIP": 0.027798941051592044, "BUS": 0.0013217743741618768, "FOOT": 0.5373067434847472, "PASSENGER_CAR": 0.258607927849254, "RAIL_TRIP": 0.1749646132402448}, "end_percents_distance": {"BIKE_TRIP": 0.02861290796170997, "BUS": 0.0015705164816851786, "FOOT": 0.20790863104158236, "PASSENGER_CAR": 0.490950234711576, "RAIL_TRIP": 0.2709577098034463}}