{"start": {"Count": {"FOOT": 18, "PASSENGER_CAR": 6, "RAIL_TRIP": 4}, "Duration": {"FOOT": 23157.539, "PASSENGER_CAR": 6964.235, "RAIL_TRIP": 2534.9939999999997}, "Distance": {"FOOT": 30.060120725359237, "PASSENGER_CAR": 79.81580535439636, "RAIL_TRIP": 23.69611847600143}, "Total_Count": 23, "Total_Duration": 32656.768000000004, "Total_Distance": 133.57204455575703, "Total_Emission": 15.943428877394714}, "start_percents_count": {"FOOT": 0.782608695652174, "PASSENGER_CAR": 0.2608695652173913, "RAIL_TRIP": 0.17391304347826086}, "start_percents_duration": {"FOOT": 0.7091191326710591, "PASSENGER_CAR": 0.2132554881119895, "RAIL_TRIP": 0.07762537921695127}, "start_percents_distance": {"FOOT": 0.22504799432647174, "PASSENGER_CAR": 0.5975487282526308, "RAIL_TRIP": 0.17740327742089737}, "end": {"Count": {"BIKE_TRIP": 2, "FOOT": 20, "PASSENGER_CAR": 8, "RAIL_TRIP": 5}, "Duration": {"BIKE_TRIP": 2742.371, "FOOT": 32185.160000000003, "PASSENGER_CAR": 22206.914, "RAIL_TRIP": 7204.0599999999995}, "Distance": {"BIKE_TRIP": 13.73579566400943, "FOOT": 28.266774409188894, "PASSENGER_CAR": 79.76417956663622, "RAIL_TRIP": 55.6745549656569}, "Total_Count": 26, "Total_Duration": 64338.505000000005, "Total_Distance": 177.44130460549144, "Total_Emission": 15.99091977289152}, "end_percents_count": {"BIKE_TRIP": 0.07692307692307693, "FOOT": 0.7692307692307693, "PASSENGER_CAR": 0.3076923076923077, "RAIL_TRIP": 0.19230769230769232}, "end_percents_duration": {"BIKE_TRIP": 0.04262410200547868, "FOOT": 0.5002472469635407, "PASSENGER_CAR": 0.3451574449857049, "RAIL_TRIP": 0.11197120604527568}, "end_percents_distance": {"BIKE_TRIP": 0.07741036222963125, "FOOT": 0.15930211103911202, "PASSENGER_CAR": 0.44952430745466737, "RAIL_TRIP": 0.3137632192765894}}