{"start": {"Count": {"FOOT": 4, "PASSENGER_CAR": 7, "RAIL_TRIP": 1}, "Duration": {"FOOT": 6432.486, "PASSENGER_CAR": 6113.063, "RAIL_TRIP": 540.576}, "Distance": {"FOOT": 8.609088297145622, "PASSENGER_CAR": 79.48184965751193, "RAIL_TRIP": 3.685096916622414}, "Total_Count": 9, "Total_Duration": 13086.124999999998, "Total_Distance": 91.77603487127998, "Total_Emission": 16.98254571430982}, "start_percents_count": {"FOOT": 0.4444444444444444, "PASSENGER_CAR": 0.7777777777777778, "RAIL_TRIP": 0.1111111111111111}, "start_percents_duration": {"FOOT": 0.49155009599862454, "PASSENGER_CAR": 0.4671408075346981, "RAIL_TRIP": 0.0413090964666775}, "start_percents_distance": {"FOOT": 0.09380540692589581, "PASSENGER_CAR": 0.8660414428340558, "RAIL_TRIP": 0.04015315024004827}, "end": {"Count": {"FOOT": 2, "PASSENGER_CAR": 5}, "Duration": {"FOOT": 3305.737, "PASSENGER_CAR": 2973.099}, "Distance": {"FOOT": 6.142432396448861, "PASSENGER_CAR": 24.397366008328135}, "Total_Count": 6, "Total_Duration": 6278.836, "Total_Distance": 30.539798404777, "Total_Emission": 6.144294794051918}, "end_percents_count": {"FOOT": 0.3333333333333333, "PASSENGER_CAR": 0.8333333333333334}, "end_percents_duration": {"FOOT": 0.5264888269099559, "PASSENGER_CAR": 0.4735111730900441}, "end_percents_distance": {"FOOT": 0.20112878006058052, "PASSENGER_CAR": 0.7988712199394193}}