{"start": {"Count": {"BIKE_TRIP": 1, "BUS": 3, "FOOT": 27, "HIGH_SPEED_TRAIN": 1, "PASSENGER_CAR": 8, "PLANE": 2, "RAIL_TRIP": 23, "UNKNOWN": 1}, "Duration": {"BIKE_TRIP": 841.653, "BUS": 902.921, "FOOT": 93699.101, "HIGH_SPEED_TRAIN": 1771.133, "PASSENGER_CAR": 7535.255999999999, "PLANE": 3450.726, "RAIL_TRIP": 31794.262, "UNKNOWN": 178.346}, "Distance": {"BIKE_TRIP": 4.624045338232885, "BUS": 17.79686905212936, "FOOT": 60.224639258864, "HIGH_SPEED_TRAIN": 1810.5737957466852, "PASSENGER_CAR": 60.11585346343491, "PLANE": 1810.5934101775179, "RAIL_TRIP": 216.05945572995532, "UNKNOWN": 15.264495688071523}, "Total_Count": 41, "Total_Duration": 140173.398, "Total_Distance": 3995.252564454892, "Total_Emission": 216.62531279024867}, "start_percents_count": {"BIKE_TRIP": 0.024390243902439025, "BUS": 0.07317073170731707, "FOOT": 0.6585365853658537, "HIGH_SPEED_TRAIN": 0.024390243902439025, "PASSENGER_CAR": 0.1951219512195122, "PLANE": 0.04878048780487805, "RAIL_TRIP": 0.5609756097560976, "UNKNOWN": 0.024390243902439025}, "start_percents_duration": {"BIKE_TRIP": 0.006004370387025932, "BUS": 0.006441457600963631, "FOOT": 0.6684513776287281, "HIGH_SPEED_TRAIN": 0.012635300458365147, "PASSENGER_CAR": 0.05375667642729186, "PLANE": 0.024617552611516207, "RAIL_TRIP": 0.2268209407322779, "UNKNOWN": 0.0012723241538312427}, "start_percents_distance": {"BIKE_TRIP": 0.0011573849872151412, "BUS": 0.00445450413084399, "FOOT": 0.015074050585605717, "HIGH_SPEED_TRAIN": 0.45318131120296723, "PASSENGER_CAR": 0.015046821820046076, "PLANE": 0.4531862206374814, "RAIL_TRIP": 0.05407904813132489, "UNKNOWN": 0.003820658504515395}, "end": {"Count": {"BIKE_TRIP": 1, "BUS": 1, "FOOT": 23, "HIGH_SPEED_TRAIN": 2, "MOTORCYCLE": 2, "PASSENGER_CAR": 12, "PLANE": 1, "RAIL_TRIP": 32}, "Duration": {"BIKE_TRIP": 841.653, "BUS": 300.393, "FOOT": 49050.103, "HIGH_SPEED_TRAIN": 14102.205, "MOTORCYCLE": 728.078, "PASSENGER_CAR": 14039.59, "PLANE": 189.352, "RAIL_TRIP": 52057.192}, "Distance": {"BIKE_TRIP": 4.624045338232885, "BUS": 5.826000889374824, "FOOT": 52.89088550934907, "HIGH_SPEED_TRAIN": 2715.876608504881, "MOTORCYCLE": 10.308185473757234, "PASSENGER_CAR": 133.05904217595497, "PLANE": 905.2964079785507, "RAIL_TRIP": 366.82865456813676}, "Total_Count": 46, "Total_Duration": 131308.56600000002, "Total_Distance": 4194.709830438238, "Total_Emission": 135.00486464086376}, "end_percents_count": {"BIKE_TRIP": 0.021739130434782608, "BUS": 0.021739130434782608, "FOOT": 0.5, "HIGH_SPEED_TRAIN": 0.043478260869565216, "MOTORCYCLE": 0.043478260869565216, "PASSENGER_CAR": 0.2608695652173913, "PLANE": 0.021739130434782608, "RAIL_TRIP": 0.6956521739130435}, "end_percents_duration": {"BIKE_TRIP": 0.006409734152454303, "BUS": 0.0022876877659299085, "FOOT": 0.37354838678232155, "HIGH_SPEED_TRAIN": 0.1073974488457973, "MOTORCYCLE": 0.0055447867734691415, "PASSENGER_CAR": 0.10692059495950933, "PLANE": 0.0014420384424882074, "RAIL_TRIP": 0.39644932227803015}, "end_percents_distance": {"BIKE_TRIP": 0.001102351658433974, "BUS": 0.0013888924681033678, "FOOT": 0.012608949759898732, "HIGH_SPEED_TRAIN": 0.6474527960903419, "MOTORCYCLE": 0.0024574251594133025, "PASSENGER_CAR": 0.031720678558128955, "PLANE": 0.21581860118414217, "RAIL_TRIP": 0.08745030512153751}}