{"start": {"Count": {"FOOT": 14, "PASSENGER_CAR": 4, "RAIL_TRIP": 7}, "Duration": {"FOOT": 18678.152, "PASSENGER_CAR": 11601.073, "RAIL_TRIP": 5121.790999999999}, "Distance": {"FOOT": 43.195615398860475, "PASSENGER_CAR": 91.54920750202885, "RAIL_TRIP": 30.59056607834048}, "Total_Count": 25, "Total_Duration": 35401.016, "Total_Distance": 165.3353889792298}, "start_percents_count": {"FOOT": 0.56, "PASSENGER_CAR": 0.16, "RAIL_TRIP": 0.28}, "start_percents_duration": {"FOOT": 0.5276162695443543, "PASSENGER_CAR": 0.32770452124876864, "RAIL_TRIP": 0.14467920920687696}, "start_percents_distance": {"FOOT": 0.26126055447383323, "PASSENGER_CAR": 0.5537181608078454, "RAIL_TRIP": 0.1850212847183213}, "end": {"Count": {"FOOT": 9, "PASSENGER_CAR": 2, "RAIL_TRIP": 8}, "Duration": {"FOOT": 7596.713, "PASSENGER_CAR": 744.338, "RAIL_TRIP": 11199.154}, "Distance": {"FOOT": 9.870490450922246, "PASSENGER_CAR": 3.4731152608496094, "RAIL_TRIP": 51.888520183398676}, "Total_Count": 19, "Total_Duration": 19540.205, "Total_Distance": 65.23212589517053}, "end_percents_count": {"FOOT": 0.47368421052631576, "PASSENGER_CAR": 0.10526315789473684, "RAIL_TRIP": 0.42105263157894735}, "end_percents_duration": {"FOOT": 0.3887734545261935, "PASSENGER_CAR": 0.03809264027680364, "RAIL_TRIP": 0.5731339051970028}, "end_percents_distance": {"FOOT": 0.15131333396652352, "PASSENGER_CAR": 0.053242404922246175, "RAIL_TRIP": 0.7954442611112303}}