{"start": {"Count": {"BIKE_TRIP": 1, "FOOT": 13, "PASSENGER_CAR": 30, "RAIL_TRIP": 5}, "Duration": {"BIKE_TRIP": 120.11, "FOOT": 66252.235, "PASSENGER_CAR": 52059.394, "RAIL_TRIP": 1358.655}, "Distance": {"BIKE_TRIP": 0.7089157597171297, "FOOT": 30.832188083451065, "PASSENGER_CAR": 864.0940860143588, "RAIL_TRIP": 4.125023118526805}, "Total_Count": 40, "Total_Duration": 119790.39400000001, "Total_Distance": 899.7602129760538, "Total_Emission": 156.95721576173977}, "start_percents_count": {"BIKE_TRIP": 0.025, "FOOT": 0.325, "PASSENGER_CAR": 0.75, "RAIL_TRIP": 0.125}, "start_percents_duration": {"BIKE_TRIP": 0.0010026680436496433, "FOOT": 0.5530680114467275, "PASSENGER_CAR": 0.4345873843607192, "RAIL_TRIP": 0.011341936148903557}, "start_percents_distance": {"BIKE_TRIP": 0.000787894096108467, "FOOT": 0.03426711654816374, "PASSENGER_CAR": 0.9603604088652404, "RAIL_TRIP": 0.0045845804904874}, "end": {"Count": {"BIKE_TRIP": 2, "BUS": 1, "FOOT": 14, "PASSENGER_CAR": 33, "RAIL_TRIP": 13}, "Duration": {"BIKE_TRIP": 3423.11, "BUS": 4087.419, "FOOT": 26970.293, "PASSENGER_CAR": 136438.74, "RAIL_TRIP": 4628.982}, "Distance": {"BIKE_TRIP": 76.0639494996318, "BUS": 4.819931339753134, "FOOT": 30.879329382107592, "PASSENGER_CAR": 673.150887049523, "RAIL_TRIP": 35.365405197788945}, "Total_Count": 44, "Total_Duration": 175548.54399999997, "Total_Distance": 820.2795024688045, "Total_Emission": 125.55676759614568}, "end_percents_count": {"BIKE_TRIP": 0.045454545454545456, "BUS": 0.022727272727272728, "FOOT": 0.3181818181818182, "PASSENGER_CAR": 0.75, "RAIL_TRIP": 0.29545454545454547}, "end_percents_duration": {"BIKE_TRIP": 0.019499506643586864, "BUS": 0.023283696388846156, "FOOT": 0.1536343873065675, "PASSENGER_CAR": 0.7772137375289198, "RAIL_TRIP": 0.02636867213207989}, "end_percents_distance": {"BIKE_TRIP": 0.09272930662134221, "BUS": 0.005875962187579394, "FOOT": 0.03764488724778533, "PASSENGER_CAR": 0.8206359966615443, "RAIL_TRIP": 0.04311384728174882}}