{"start": {"Count": {"BIKE_TRIP": 1, "FOOT": 26, "PASSENGER_CAR": 5, "RAIL_TRIP": 17}, "Duration": {"BIKE_TRIP": 781.782, "FOOT": 61564.664, "PASSENGER_CAR": 23992.753, "RAIL_TRIP": 18557.371}, "Distance": {"BIKE_TRIP": 6.394075861930576, "FOOT": 51.66894105207661, "PASSENGER_CAR": 45.20152148568169, "RAIL_TRIP": 85.95403061896312}, "Total_Count": 37, "Total_Duration": 104896.56999999999, "Total_Distance": 189.21856901865203, "Total_Emission": 10.839096142038889}, "start_percents_count": {"BIKE_TRIP": 0.02702702702702703, "FOOT": 0.7027027027027027, "PASSENGER_CAR": 0.13513513513513514, "RAIL_TRIP": 0.4594594594594595}, "start_percents_duration": {"BIKE_TRIP": 0.007452884303080645, "FOOT": 0.5869082659232805, "PASSENGER_CAR": 0.22872771721706442, "RAIL_TRIP": 0.17691113255657454}, "start_percents_distance": {"BIKE_TRIP": 0.03379201045168186, "FOOT": 0.27306485468127284, "PASSENGER_CAR": 0.23888523055697558, "RAIL_TRIP": 0.4542579043100695}, "end": {"Count": {"BIKE_TRIP": 7, "BUS": 3, "FOOT": 97, "PASSENGER_CAR": 21, "RAIL_TRIP": 26}, "Duration": {"BIKE_TRIP": 7083.482, "BUS": 920.956, "FOOT": 676473.594, "PASSENGER_CAR": 26789.107, "RAIL_TRIP": 42891.225}, "Distance": {"BIKE_TRIP": 21.973677717926094, "BUS": 6.867782389481684, "FOOT": 1696.1349264813912, "PASSENGER_CAR": 154.1779643293339, "RAIL_TRIP": 236.00619734394593}, "Total_Count": 114, "Total_Duration": 754158.3640000001, "Total_Distance": 2115.160548262079, "Total_Emission": 31.465215936061902}, "end_percents_count": {"BIKE_TRIP": 0.06140350877192982, "BUS": 0.02631578947368421, "FOOT": 0.8508771929824561, "PASSENGER_CAR": 0.18421052631578946, "RAIL_TRIP": 0.22807017543859648}, "end_percents_duration": {"BIKE_TRIP": 0.00939256572376886, "BUS": 0.0012211705710128541, "FOOT": 0.8969914361382061, "PASSENGER_CAR": 0.03552185890760737, "RAIL_TRIP": 0.0568729686594048}, "end_percents_distance": {"BIKE_TRIP": 0.010388657133370212, "BUS": 0.003246931962268583, "FOOT": 0.8018941767210154, "PASSENGER_CAR": 0.0728918494891625, "RAIL_TRIP": 0.11157838469418331}}