{"start": {"Count": {"FOOT": 8, "PASSENGER_CAR": 3, "RAIL_TRIP": 2}, "Duration": {"FOOT": 155666.603, "PASSENGER_CAR": 10308.969, "RAIL_TRIP": 5884.095}, "Distance": {"FOOT": 133.1614497743453, "PASSENGER_CAR": 255.9168462330259, "RAIL_TRIP": 57.931171817147245}, "Total_Count": 12, "Total_Duration": 171859.66700000002, "Total_Distance": 447.0094678245185, "Total_Emission": 56.58073463281418}, "start_percents_count": {"FOOT": 0.6666666666666666, "PASSENGER_CAR": 0.25, "RAIL_TRIP": 0.16666666666666666}, "start_percents_duration": {"FOOT": 0.9057774038396106, "PASSENGER_CAR": 0.05998480725556159, "RAIL_TRIP": 0.034237788904827794}, "start_percents_distance": {"FOOT": 0.297894025427265, "PASSENGER_CAR": 0.5725087825958322, "RAIL_TRIP": 0.12959719197690273}, "end": {"Count": {"FOOT": 12, "PASSENGER_CAR": 5, "RAIL_TRIP": 5}, "Duration": {"FOOT": 31512.644, "PASSENGER_CAR": 4804.734, "RAIL_TRIP": 8222.368}, "Distance": {"FOOT": 38.35559729020535, "PASSENGER_CAR": 65.49905277790307, "RAIL_TRIP": 72.39866803299022}, "Total_Count": 16, "Total_Duration": 44539.746, "Total_Distance": 176.25331810109864, "Total_Emission": 15.372130824704406}, "end_percents_count": {"FOOT": 0.75, "PASSENGER_CAR": 0.3125, "RAIL_TRIP": 0.3125}, "end_percents_duration": {"FOOT": 0.7075173711138811, "PASSENGER_CAR": 0.10787519982713867, "RAIL_TRIP": 0.18460742905898028}, "end_percents_distance": {"FOOT": 0.21761631328951572, "PASSENGER_CAR": 0.3716188352285823, "RAIL_TRIP": 0.410764851481902}}