{"start": {"Count": {"BUS": 1, "FOOT": 9, "PASSENGER_CAR": 3, "RAIL_TRIP": 2}, "Duration": {"BUS": 1648.306, "FOOT": 6658.005, "PASSENGER_CAR": 1946.591, "RAIL_TRIP": 1863.3310000000001}, "Distance": {"BUS": 7.050624236315824, "FOOT": 7.519289785821357, "PASSENGER_CAR": 12.147598431451932, "RAIL_TRIP": 18.296539841573562}, "Total_Count": 10, "Total_Duration": 12116.233000000002, "Total_Distance": 45.014052295162685, "Total_Emission": 2.883451690494985}, "start_percents_count": {"BUS": 0.1, "FOOT": 0.9, "PASSENGER_CAR": 0.3, "RAIL_TRIP": 0.2}, "start_percents_duration": {"BUS": 0.13604112763430679, "FOOT": 0.5495111393120287, "PASSENGER_CAR": 0.16065975291165163, "RAIL_TRIP": 0.15378798014201278}, "start_percents_distance": {"BUS": 0.15663162672145162, "FOOT": 0.16704316546567388, "PASSENGER_CAR": 0.2698623610200351, "RAIL_TRIP": 0.40646284679283917}, "end": {"Count": {"BUS": 1, "FOOT": 11, "PASSENGER_CAR": 6, "RAIL_TRIP": 8}, "Duration": {"BUS": 1648.306, "FOOT": 9252.458, "PASSENGER_CAR": 3876.355, "RAIL_TRIP": 13421.667000000001}, "Distance": {"BUS": 7.050624236315824, "FOOT": 15.78610185871719, "PASSENGER_CAR": 54.346448006465174, "RAIL_TRIP": 155.12230544215072}, "Total_Count": 13, "Total_Duration": 28198.786, "Total_Distance": 232.3054795436489, "Total_Emission": 13.399163567311861}, "end_percents_count": {"BUS": 0.07692307692307693, "FOOT": 0.8461538461538461, "PASSENGER_CAR": 0.46153846153846156, "RAIL_TRIP": 0.6153846153846154}, "end_percents_duration": {"BUS": 0.058453083760414366, "FOOT": 0.3281154727724804, "PASSENGER_CAR": 0.13746531499618458, "RAIL_TRIP": 0.47596612847092074}, "end_percents_distance": {"BUS": 0.03035065832354183, "FOOT": 0.06795406586933767, "PASSENGER_CAR": 0.23394389195306856, "RAIL_TRIP": 0.6677513838540521}}