{"start": {"Count": {"BIKE_TRIP": 1, "FOOT": 9, "PASSENGER_CAR": 3, "RAIL_TRIP": 5}, "Duration": {"BIKE_TRIP": 5609.742, "FOOT": 35418.282, "PASSENGER_CAR": 3632.6519999999996, "RAIL_TRIP": 5653.33}, "Distance": {"BIKE_TRIP": 13.452464015636311, "FOOT": 34.17399256983131, "PASSENGER_CAR": 16.146011254556534, "RAIL_TRIP": 26.098139724621834}, "Total_Count": 13, "Total_Duration": 50314.005999999994, "Total_Distance": 89.87060756464598, "Total_Emission": 3.028155985582862}, "start_percents_count": {"BIKE_TRIP": 0.07692307692307693, "FOOT": 0.6923076923076923, "PASSENGER_CAR": 0.23076923076923078, "RAIL_TRIP": 0.38461538461538464}, "start_percents_duration": {"BIKE_TRIP": 0.11149464027968675, "FOOT": 0.703944782293821, "PASSENGER_CAR": 0.07219961773665964, "RAIL_TRIP": 0.1123609596898327}, "start_percents_distance": {"BIKE_TRIP": 0.14968702649483756, "FOOT": 0.38025772269592345, "PASSENGER_CAR": 0.17965841883223432, "RAIL_TRIP": 0.2903968319770048}, "end": {"Count": {"BIKE_TRIP": 1, "FOOT": 18, "PASSENGER_CAR": 10, "RAIL_TRIP": 11, "UNKNOWN": 1}, "Duration": {"BIKE_TRIP": 541.037, "FOOT": 22813.999, "PASSENGER_CAR": 6278.176, "RAIL_TRIP": 15320.743, "UNKNOWN": 300.304}, "Distance": {"BIKE_TRIP": 0.809199803279572, "FOOT": 28.860432261487368, "PASSENGER_CAR": 49.68403143769372, "RAIL_TRIP": 104.08589550535413, "UNKNOWN": 18.06576867169977}, "Total_Count": 23, "Total_Duration": 45254.259000000005, "Total_Distance": 201.50532767951458, "Total_Emission": 11.83036482302974}, "end_percents_count": {"BIKE_TRIP": 0.043478260869565216, "FOOT": 0.782608695652174, "PASSENGER_CAR": 0.43478260869565216, "RAIL_TRIP": 0.4782608695652174, "UNKNOWN": 0.043478260869565216}, "end_percents_duration": {"BIKE_TRIP": 0.011955493514986069, "FOOT": 0.5041293240488148, "PASSENGER_CAR": 0.13873116340276392, "RAIL_TRIP": 0.3385480911310469, "UNKNOWN": 0.0066359279023881475}, "end_percents_distance": {"BIKE_TRIP": 0.0040157737395736205, "FOOT": 0.14322416480912417, "PASSENGER_CAR": 0.2465643564358457, "RAIL_TRIP": 0.5165416552702676, "UNKNOWN": 0.08965404974518881}}