{"start": {"Count": {"BIKE_TRIP": 2, "FOOT": 6, "PASSENGER_CAR": 15, "RAIL_TRIP": 5}, "Duration": {"BIKE_TRIP": 2254.571, "FOOT": 5200.305, "PASSENGER_CAR": 12621.03, "RAIL_TRIP": 9648.496000000001}, "Distance": {"BIKE_TRIP": 7.378543113231338, "FOOT": 8.37681359977578, "PASSENGER_CAR": 125.84763217872916, "RAIL_TRIP": 79.91961503070088}, "Total_Count": 21, "Total_Duration": 29724.402, "Total_Distance": 221.52260392243713, "Total_Emission": 30.797263472589137}, "start_percents_count": {"BIKE_TRIP": 0.09523809523809523, "FOOT": 0.2857142857142857, "PASSENGER_CAR": 0.7142857142857143, "RAIL_TRIP": 0.23809523809523808}, "start_percents_duration": {"BIKE_TRIP": 0.0758491625836577, "FOOT": 0.1749507021200965, "PASSENGER_CAR": 0.42460164547633295, "RAIL_TRIP": 0.324598489819913}, "start_percents_distance": {"BIKE_TRIP": 0.033308307967591544, "FOOT": 0.03781471259117556, "PASSENGER_CAR": 0.5681028931151101, "RAIL_TRIP": 0.36077408632612296}, "end": {"Count": {"BIKE_TRIP": 1, "FOOT": 7, "PASSENGER_CAR": 16, "RAIL_TRIP": 7}, "Duration": {"BIKE_TRIP": 872.601, "FOOT": 23707.263, "PASSENGER_CAR": 13701.784, "RAIL_TRIP": 4346.014}, "Distance": {"BIKE_TRIP": 1.084339715766013, "FOOT": 57.13228912861523, "PASSENGER_CAR": 139.13770689261696, "RAIL_TRIP": 48.193088174420595}, "Total_Count": 24, "Total_Duration": 42627.662, "Total_Distance": 245.54742391141878, "Total_Emission": 37.54549211424384}, "end_percents_count": {"BIKE_TRIP": 0.041666666666666664, "FOOT": 0.2916666666666667, "PASSENGER_CAR": 0.6666666666666666, "RAIL_TRIP": 0.2916666666666667}, "end_percents_duration": {"BIKE_TRIP": 0.020470299309401488, "FOOT": 0.556147390865584, "PASSENGER_CAR": 0.32142940422113697, "RAIL_TRIP": 0.10195290560387761}, "end_percents_distance": {"BIKE_TRIP": 0.004416009333322058, "FOOT": 0.2326731358795509, "PASSENGER_CAR": 0.5666429102624627, "RAIL_TRIP": 0.1962679445246644}}