{"start": {"Count": {"FOOT": 29, "PASSENGER_CAR": 10, "RAIL_TRIP": 16}, "Duration": {"FOOT": 56149.558, "PASSENGER_CAR": 16280.459, "RAIL_TRIP": 25802.328}, "Distance": {"FOOT": 45.400467394175756, "PASSENGER_CAR": 84.56802053365188, "RAIL_TRIP": 186.67093468022108}, "Total_Count": 42, "Total_Duration": 98232.34500000002, "Total_Distance": 316.63942260804873, "Total_Emission": 13.647805557053228}, "start_percents_count": {"FOOT": 0.6904761904761905, "PASSENGER_CAR": 0.23809523809523808, "RAIL_TRIP": 0.38095238095238093}, "start_percents_duration": {"FOOT": 0.5715994869103449, "PASSENGER_CAR": 0.16573419885273022, "RAIL_TRIP": 0.26266631423692466}, "start_percents_distance": {"FOOT": 0.1433822327625155, "PASSENGER_CAR": 0.2670798848642867, "RAIL_TRIP": 0.5895378823731977}, "end": {"Count": {"FOOT": 27, "PASSENGER_CAR": 14, "RAIL_TRIP": 26}, "Duration": {"FOOT": 38607.61, "PASSENGER_CAR": 34298.313, "RAIL_TRIP": 33810.495}, "Distance": {"FOOT": 58.2637975937643, "PASSENGER_CAR": 282.98854723930424, "RAIL_TRIP": 225.79281467758514}, "Total_Count": 49, "Total_Duration": 106716.41799999999, "Total_Distance": 567.0451595106537, "Total_Emission": 63.61056043887917}, "end_percents_count": {"FOOT": 0.5510204081632653, "PASSENGER_CAR": 0.2857142857142857, "RAIL_TRIP": 0.5306122448979592}, "end_percents_duration": {"FOOT": 0.36177760389221464, "PASSENGER_CAR": 0.3213967788911356, "RAIL_TRIP": 0.31682561721664987}, "end_percents_distance": {"FOOT": 0.10274983679261905, "PASSENGER_CAR": 0.4990582187202101, "RAIL_TRIP": 0.3981919444871708}}