{"start": {"Count": {"BIKE_TRIP": 1, "FOOT": 9, "PASSENGER_CAR": 4, "RAIL_TRIP": 4, "UNKNOWN": 1}, "Duration": {"BIKE_TRIP": 180.287, "FOOT": 207300.025, "PASSENGER_CAR": 11961.347, "RAIL_TRIP": 3456.732, "UNKNOWN": 3906.679}, "Distance": {"BIKE_TRIP": 2.055164496542901, "FOOT": 37.24297319248593, "PASSENGER_CAR": 223.6517093595681, "RAIL_TRIP": 46.64468112553082, "UNKNOWN": 85.83214275673981}, "Total_Count": 11, "Total_Duration": 226805.07, "Total_Distance": 395.42667093086754, "Total_Emission": 50.29078626591173}, "start_percents_count": {"BIKE_TRIP": 0.09090909090909091, "FOOT": 0.8181818181818182, "PASSENGER_CAR": 0.36363636363636365, "RAIL_TRIP": 0.36363636363636365, "UNKNOWN": 0.09090909090909091}, "start_percents_duration": {"BIKE_TRIP": 0.000794898456194123, "FOOT": 0.9140008422210314, "PASSENGER_CAR": 0.05273844627900073, "RAIL_TRIP": 0.015240982046829905, "UNKNOWN": 0.017224830996943764}, "start_percents_distance": {"BIKE_TRIP": 0.005197334038457425, "FOOT": 0.09418427215547409, "PASSENGER_CAR": 0.5655959139859565, "RAIL_TRIP": 0.11796038192296268, "UNKNOWN": 0.2170620978971493}, "end": {"Count": {"FOOT": 8, "PASSENGER_CAR": 4, "RAIL_TRIP": 2}, "Duration": {"FOOT": 28930.159, "PASSENGER_CAR": 12568.081, "RAIL_TRIP": 1893.04}, "Distance": {"FOOT": 32.62930023444387, "PASSENGER_CAR": 129.39241084548425, "RAIL_TRIP": 27.889735025808825}, "Total_Count": 9, "Total_Duration": 43391.28, "Total_Distance": 189.91144610573696, "Total_Emission": 37.99724489729754}, "end_percents_count": {"FOOT": 0.8888888888888888, "PASSENGER_CAR": 0.4444444444444444, "RAIL_TRIP": 0.2222222222222222}, "end_percents_duration": {"FOOT": 0.6667274853380679, "PASSENGER_CAR": 0.289645315833043, "RAIL_TRIP": 0.04362719882888912}, "end_percents_distance": {"FOOT": 0.17181323666124293, "PASSENGER_CAR": 0.6813302383756399, "RAIL_TRIP": 0.1468565249631171}}