{"start": {"Count": {"BIKE_TRIP": 3, "FOOT": 16, "MOTORCYCLE": 1, "PASSENGER_CAR": 11, "RAIL_TRIP": 21, "UNKNOWN": 1}, "Duration": {"BIKE_TRIP": 6381.3240000000005, "FOOT": 27675.541, "MOTORCYCLE": 2420.002, "PASSENGER_CAR": 113596.848, "RAIL_TRIP": 20775.34, "UNKNOWN": 2913.9469999999997}, "Distance": {"BIKE_TRIP": 56.14598474751281, "FOOT": 56.24466170156349, "MOTORCYCLE": 36.68492769371567, "PASSENGER_CAR": 1235.7113983208608, "RAIL_TRIP": 194.67999716983928, "UNKNOWN": 88.73070801375741}, "Total_Count": 36, "Total_Duration": 173763.00199999998, "Total_Distance": 1668.1976776472495, "Total_Emission": 353.8073378784062}, "start_percents_count": {"BIKE_TRIP": 0.08333333333333333, "FOOT": 0.4444444444444444, "MOTORCYCLE": 0.027777777777777776, "PASSENGER_CAR": 0.3055555555555556, "RAIL_TRIP": 0.5833333333333334, "UNKNOWN": 0.027777777777777776}, "start_percents_duration": {"BIKE_TRIP": 0.0367242964644453, "FOOT": 0.15927177063849302, "MOTORCYCLE": 0.013927026882281882, "PASSENGER_CAR": 0.6537458877465757, "RAIL_TRIP": 0.11956135518422963, "UNKNOWN": 0.016769663083974574}, "start_percents_distance": {"BIKE_TRIP": 0.03365667360639092, "FOOT": 0.03371582544155583, "MOTORCYCLE": 0.021990755763102627, "PASSENGER_CAR": 0.7407463844834338, "RAIL_TRIP": 0.11670079618166543, "UNKNOWN": 0.05318956452385138}, "end": {"Count": {"BIKE_TRIP": 2, "FOOT": 18, "MOTORCYCLE": 1, "PASSENGER_CAR": 13, "RAIL_TRIP": 19, "UNKNOWN": 2}, "Duration": {"BIKE_TRIP": 555.7919999999999, "FOOT": 96312.14099999999, "MOTORCYCLE": 1238.978, "PASSENGER_CAR": 24704.003, "RAIL_TRIP": 27862.389, "UNKNOWN": 10983.02}, "Distance": {"BIKE_TRIP": 3.7280294595492, "FOOT": 60.38023989573557, "MOTORCYCLE": 25.65559836832921, "PASSENGER_CAR": 530.9280429090652, "RAIL_TRIP": 321.4930350436318, "UNKNOWN": 553.017905981725}, "Total_Count": 33, "Total_Duration": 161656.323, "Total_Distance": 1495.2028516580363, "Total_Emission": 116.5329041025676}, "end_percents_count": {"BIKE_TRIP": 0.06060606060606061, "FOOT": 0.5454545454545454, "MOTORCYCLE": 0.030303030303030304, "PASSENGER_CAR": 0.3939393939393939, "RAIL_TRIP": 0.5757575757575758, "UNKNOWN": 0.06060606060606061}, "end_percents_duration": {"BIKE_TRIP": 0.0034381086349464965, "FOOT": 0.5957833211386355, "MOTORCYCLE": 0.007664271814471495, "PASSENGER_CAR": 0.15281804349836658, "RAIL_TRIP": 0.17235570179336565, "UNKNOWN": 0.06794055312021417}, "end_percents_distance": {"BIKE_TRIP": 0.002493326878968411, "FOOT": 0.040382640943186866, "MOTORCYCLE": 0.01715860716817094, "PASSENGER_CAR": 0.3550876339757626, "RAIL_TRIP": 0.2150163335276728, "UNKNOWN": 0.3698614575062382}}