{"start": {"Count": {"BIKE_TRIP": 1, "FOOT": 14, "PASSENGER_CAR": 20, "RAIL_TRIP": 7}, "Duration": {"BIKE_TRIP": 259.746, "FOOT": 69617.333, "PASSENGER_CAR": 36296.774, "RAIL_TRIP": 4986.403}, "Distance": {"BIKE_TRIP": 0.6974153671141787, "FOOT": 29.304671082482052, "PASSENGER_CAR": 465.77331370669714, "RAIL_TRIP": 27.997799812233136}, "Total_Count": 32, "Total_Duration": 111160.25600000001, "Total_Distance": 523.7731999685266, "Total_Emission": 103.1808299624539}, "start_percents_count": {"BIKE_TRIP": 0.03125, "FOOT": 0.4375, "PASSENGER_CAR": 0.625, "RAIL_TRIP": 0.21875}, "start_percents_duration": {"BIKE_TRIP": 0.0023366804768783543, "FOOT": 0.6262789912970333, "PASSENGER_CAR": 0.32652654200436526, "RAIL_TRIP": 0.044857786221722984}, "start_percents_distance": {"BIKE_TRIP": 0.0013315216722735838, "FOOT": 0.05594916098082713, "PASSENGER_CAR": 0.88926526545208, "RAIL_TRIP": 0.05345405189481921}, "end": {"Count": {"BIKE_TRIP": 3, "FOOT": 16, "PASSENGER_CAR": 26, "RAIL_TRIP": 9}, "Duration": {"BIKE_TRIP": 6483.822, "FOOT": 24540.078, "PASSENGER_CAR": 32949.62, "RAIL_TRIP": 9557.413}, "Distance": {"BIKE_TRIP": 26.504829609493175, "FOOT": 27.89555985706814, "PASSENGER_CAR": 642.3587408053645, "RAIL_TRIP": 63.325982249004326}, "Total_Count": 37, "Total_Duration": 73530.93299999999, "Total_Distance": 760.0851125209302, "Total_Emission": 110.15551088502278}, "end_percents_count": {"BIKE_TRIP": 0.08108108108108109, "FOOT": 0.43243243243243246, "PASSENGER_CAR": 0.7027027027027027, "RAIL_TRIP": 0.24324324324324326}, "end_percents_duration": {"BIKE_TRIP": 0.08817815489978892, "FOOT": 0.3337381561580349, "PASSENGER_CAR": 0.44810556123366485, "RAIL_TRIP": 0.1299781277085115}, "end_percents_distance": {"BIKE_TRIP": 0.03487087060761675, "FOOT": 0.0367005739193451, "PASSENGER_CAR": 0.8451142250042111, "RAIL_TRIP": 0.08331433046882698}}