{"start": {"Count": {"BIKE_TRIP": 2, "FOOT": 29, "PASSENGER_CAR": 6, "RAIL_TRIP": 10}, "Duration": {"BIKE_TRIP": 1863.6770000000001, "FOOT": 54130.582, "PASSENGER_CAR": 10588.155999999999, "RAIL_TRIP": 16490.877}, "Distance": {"BIKE_TRIP": 2.3691504657161113, "FOOT": 45.98958624998275, "PASSENGER_CAR": 32.90264196234564, "RAIL_TRIP": 50.84733087690996}, "Total_Count": 37, "Total_Duration": 83073.29199999999, "Total_Distance": 132.10870955495446, "Total_Emission": 5.284125038211943}, "start_percents_count": {"BIKE_TRIP": 0.05405405405405406, "FOOT": 0.7837837837837838, "PASSENGER_CAR": 0.16216216216216217, "RAIL_TRIP": 0.2702702702702703}, "start_percents_duration": {"BIKE_TRIP": 0.022434129611716848, "FOOT": 0.6516003001301551, "PASSENGER_CAR": 0.12745559667961637, "RAIL_TRIP": 0.19850997357851188}, "start_percents_distance": {"BIKE_TRIP": 0.017933340456486667, "FOOT": 0.34811926030396995, "PASSENGER_CAR": 0.24905732614592552, "RAIL_TRIP": 0.3848900730936179}, "end": {"Count": {"BIKE_TRIP": 4, "FOOT": 29, "PASSENGER_CAR": 3, "RAIL_TRIP": 12, "UNKNOWN": 1}, "Duration": {"BIKE_TRIP": 6966.316, "FOOT": 79915.935, "PASSENGER_CAR": 3964.924, "RAIL_TRIP": 12805.7, "UNKNOWN": 120.126}, "Distance": {"BIKE_TRIP": 7.7789236538262925, "FOOT": 71.09206150353782, "PASSENGER_CAR": 24.35260598058873, "RAIL_TRIP": 65.15943878574501, "UNKNOWN": 10.540118406683249}, "Total_Count": 35, "Total_Duration": 103773.001, "Total_Distance": 178.92314833038108, "Total_Emission": 5.815787410704677}, "end_percents_count": {"BIKE_TRIP": 0.11428571428571428, "FOOT": 0.8285714285714286, "PASSENGER_CAR": 0.08571428571428572, "RAIL_TRIP": 0.34285714285714286, "UNKNOWN": 0.02857142857142857}, "end_percents_duration": {"BIKE_TRIP": 0.06713033190588753, "FOOT": 0.7701033431614838, "PASSENGER_CAR": 0.03820766443865298, "RAIL_TRIP": 0.12340107616238255, "UNKNOWN": 0.0011575843315931472}, "end_percents_distance": {"BIKE_TRIP": 0.04347634012935281, "FOOT": 0.3973329452724951, "PASSENGER_CAR": 0.1361065139297779, "RAIL_TRIP": 0.36417556584365646, "UNKNOWN": 0.05890863482471787}}