{"start": {"Count": {"BIKE_TRIP": 1, "BUS": 2, "FOOT": 12, "PASSENGER_CAR": 4, "RAIL_TRIP": 17}, "Duration": {"BIKE_TRIP": 720.331, "BUS": 916.8629999999999, "FOOT": 29330.806, "PASSENGER_CAR": 3816.889, "RAIL_TRIP": 25158.5}, "Distance": {"BIKE_TRIP": 1.1335154038201385, "BUS": 6.88456290857005, "FOOT": 36.51650436908075, "PASSENGER_CAR": 31.410208387264547, "RAIL_TRIP": 198.35816540680096}, "Total_Count": 24, "Total_Duration": 59943.389, "Total_Distance": 274.30295647553646, "Total_Emission": 8.979567230836615}, "start_percents_count": {"BIKE_TRIP": 0.041666666666666664, "BUS": 0.08333333333333333, "FOOT": 0.5, "PASSENGER_CAR": 0.16666666666666666, "RAIL_TRIP": 0.7083333333333334}, "start_percents_duration": {"BIKE_TRIP": 0.01201685476942253, "BUS": 0.01529548154175934, "FOOT": 0.4893084373324304, "PASSENGER_CAR": 0.06367489499133924, "RAIL_TRIP": 0.4197043313650484}, "start_percents_distance": {"BIKE_TRIP": 0.004132348474782955, "BUS": 0.025098391198652814, "FOOT": 0.13312472033941586, "PASSENGER_CAR": 0.11450918645153518, "RAIL_TRIP": 0.7231353535356131}, "end": {"Count": {"BIKE_TRIP": 1, "FOOT": 11, "PASSENGER_CAR": 9, "RAIL_TRIP": 9}, "Duration": {"BIKE_TRIP": 3004.787, "FOOT": 15173.734, "PASSENGER_CAR": 8401.956, "RAIL_TRIP": 17062.466}, "Distance": {"BIKE_TRIP": 4.996436894256076, "FOOT": 29.656820518779792, "PASSENGER_CAR": 82.07153467951929, "RAIL_TRIP": 85.5601524304351}, "Total_Count": 18, "Total_Duration": 43642.943, "Total_Distance": 202.2849445229902, "Total_Emission": 17.12158252333397}, "end_percents_count": {"BIKE_TRIP": 0.05555555555555555, "FOOT": 0.6111111111111112, "PASSENGER_CAR": 0.5, "RAIL_TRIP": 0.5}, "end_percents_duration": {"BIKE_TRIP": 0.0688493211834958, "FOOT": 0.3476789821438027, "PASSENGER_CAR": 0.19251579802947752, "RAIL_TRIP": 0.39095589864322394}, "end_percents_distance": {"BIKE_TRIP": 0.02469999389246795, "FOOT": 0.1466091339062024, "PASSENGER_CAR": 0.40572240743399296, "RAIL_TRIP": 0.42296846476733696}}