{"start": {"Count": {"BIKE_TRIP": 2, "FOOT": 22, "PASSENGER_CAR": 12, "RAIL_TRIP": 8}, "Duration": {"BIKE_TRIP": 541.043, "FOOT": 43289.144, "PASSENGER_CAR": 12091.184, "RAIL_TRIP": 7897.611}, "Distance": {"BIKE_TRIP": 2.3062512797236696, "FOOT": 58.53183553785036, "PASSENGER_CAR": 108.09792100585916, "RAIL_TRIP": 43.48778554420493}, "Total_Count": 36, "Total_Duration": 63818.982, "Total_Distance": 212.42379336763813, "Total_Emission": 27.241023970728527}, "start_percents_count": {"BIKE_TRIP": 0.05555555555555555, "FOOT": 0.6111111111111112, "PASSENGER_CAR": 0.3333333333333333, "RAIL_TRIP": 0.2222222222222222}, "start_percents_duration": {"BIKE_TRIP": 0.008477775468120128, "FOOT": 0.678311415246329, "PASSENGER_CAR": 0.18946062160628008, "RAIL_TRIP": 0.1237501876792707}, "start_percents_distance": {"BIKE_TRIP": 0.010856840672891483, "FOOT": 0.2755427469301913, "PASSENGER_CAR": 0.5088785926102731, "RAIL_TRIP": 0.20472181978664408}, "end": {"Count": {"BIKE_TRIP": 1, "BUS": 2, "FOOT": 27, "PASSENGER_CAR": 14, "RAIL_TRIP": 7, "UNKNOWN": 1}, "Duration": {"BIKE_TRIP": 5655.131, "BUS": 2353.062, "FOOT": 89167.046, "PASSENGER_CAR": 32754.275, "RAIL_TRIP": 19321.708, "UNKNOWN": 2742.515}, "Distance": {"BIKE_TRIP": 64.13888334441684, "BUS": 7.569339715055937, "FOOT": 56.16495852828361, "PASSENGER_CAR": 525.7061438439722, "RAIL_TRIP": 92.466944953654, "UNKNOWN": 78.16727187543927}, "Total_Count": 36, "Total_Duration": 151993.737, "Total_Distance": 824.2135422608219, "Total_Emission": 120.7383338080652}, "end_percents_count": {"BIKE_TRIP": 0.027777777777777776, "BUS": 0.05555555555555555, "FOOT": 0.75, "PASSENGER_CAR": 0.3888888888888889, "RAIL_TRIP": 0.19444444444444445, "UNKNOWN": 0.027777777777777776}, "end_percents_duration": {"BIKE_TRIP": 0.03720634225869452, "BUS": 0.015481308943670488, "FOOT": 0.5866494749056667, "PASSENGER_CAR": 0.21549753066470104, "RAIL_TRIP": 0.12712173791739853, "UNKNOWN": 0.018043605309868788}, "end_percents_distance": {"BIKE_TRIP": 0.07781828380116584, "BUS": 0.009183711898609673, "FOOT": 0.06814369777791184, "PASSENGER_CAR": 0.6378275979328824, "RAIL_TRIP": 0.11218809229949886, "UNKNOWN": 0.09483861628993143}}