{"start": {"Count": {"BIKE_TRIP": 1, "FOOT": 20, "MOTORCYCLE": 1, "PASSENGER_CAR": 22, "RAIL_TRIP": 13}, "Duration": {"BIKE_TRIP": 120.169, "FOOT": 38635.737, "MOTORCYCLE": 746.0, "PASSENGER_CAR": 43224.264, "RAIL_TRIP": 17870.73}, "Distance": {"BIKE_TRIP": 0.6545127330958315, "FOOT": 31.162890870323306, "MOTORCYCLE": 9.220511134099963, "PASSENGER_CAR": 853.8615369373153, "RAIL_TRIP": 84.59832747113703}, "Total_Count": 43, "Total_Duration": 100596.9, "Total_Distance": 979.4977791459715, "Total_Emission": 156.97485906117436}, "start_percents_count": {"BIKE_TRIP": 0.023255813953488372, "FOOT": 0.46511627906976744, "MOTORCYCLE": 0.023255813953488372, "PASSENGER_CAR": 0.5116279069767442, "RAIL_TRIP": 0.3023255813953488}, "start_percents_duration": {"BIKE_TRIP": 0.0011945596733100125, "FOOT": 0.3840648866913394, "MOTORCYCLE": 0.0074157354749500234, "PASSENGER_CAR": 0.42967789265872014, "RAIL_TRIP": 0.17764692550168049}, "start_percents_distance": {"BIKE_TRIP": 0.0006682125748835327, "FOOT": 0.03181517256475494, "MOTORCYCLE": 0.009413508974098305, "PASSENGER_CAR": 0.8717340203484698, "RAIL_TRIP": 0.08636908553779334}, "end": {"Count": {"BIKE_TRIP": 3, "FOOT": 29, "PASSENGER_CAR": 25, "RAIL_TRIP": 17, "SCOOTER": 1, "UNKNOWN": 1}, "Duration": {"BIKE_TRIP": 5924.157999999999, "FOOT": 32908.802, "PASSENGER_CAR": 65532.043, "RAIL_TRIP": 41429.519, "SCOOTER": 3184.528, "UNKNOWN": 2764.475}, "Distance": {"BIKE_TRIP": 30.410156414276745, "FOOT": 39.73961986450112, "PASSENGER_CAR": 1260.7526493015976, "RAIL_TRIP": 129.53186390240876, "SCOOTER": 11.603621733879304, "UNKNOWN": 145.6446473808899}, "Total_Count": 50, "Total_Duration": 151743.52500000002, "Total_Distance": 1617.6825585975535, "Total_Emission": 255.6609102728931}, "end_percents_count": {"BIKE_TRIP": 0.06, "FOOT": 0.58, "PASSENGER_CAR": 0.5, "RAIL_TRIP": 0.34, "SCOOTER": 0.02, "UNKNOWN": 0.02}, "end_percents_duration": {"BIKE_TRIP": 0.03904059827264457, "FOOT": 0.21687121081443178, "PASSENGER_CAR": 0.4318605554998145, "RAIL_TRIP": 0.2730233069252872, "SCOOTER": 0.020986252955439117, "UNKNOWN": 0.01821807553238268}, "end_percents_distance": {"BIKE_TRIP": 0.018798593242323615, "FOOT": 0.024565771358104588, "PASSENGER_CAR": 0.7793572617823143, "RAIL_TRIP": 0.08007248592375635, "SCOOTER": 0.007172990567407144, "UNKNOWN": 0.0900328971260939}}