{"start": {"Count": {"BIKE_TRIP": 2, "FOOT": 9, "PASSENGER_CAR": 3, "RAIL_TRIP": 8}, "Duration": {"BIKE_TRIP": 1276.757, "FOOT": 10491.212, "PASSENGER_CAR": 3660.709, "RAIL_TRIP": 6398.97}, "Distance": {"BIKE_TRIP": 11.363724033281564, "FOOT": 15.719895188760294, "PASSENGER_CAR": 41.34618491525501, "RAIL_TRIP": 39.072425489465516}, "Total_Count": 13, "Total_Duration": 21827.647999999997, "Total_Distance": 107.50222962676239, "Total_Emission": 7.5063622840256565}, "start_percents_count": {"BIKE_TRIP": 0.15384615384615385, "FOOT": 0.6923076923076923, "PASSENGER_CAR": 0.23076923076923078, "RAIL_TRIP": 0.6153846153846154}, "start_percents_duration": {"BIKE_TRIP": 0.05849265115508552, "FOOT": 0.4806386835631581, "PASSENGER_CAR": 0.16770973217086882, "RAIL_TRIP": 0.29315893311088764}, "start_percents_distance": {"BIKE_TRIP": 0.1057068683387809, "FOOT": 0.14622855026670878, "PASSENGER_CAR": 0.3846076965920155, "RAIL_TRIP": 0.3634568848024948}, "end": {"Count": {"BIKE_TRIP": 2, "FOOT": 7, "PASSENGER_CAR": 5, "RAIL_TRIP": 5}, "Duration": {"BIKE_TRIP": 1503.027, "FOOT": 13460.514, "PASSENGER_CAR": 7433.674, "RAIL_TRIP": 5570.862}, "Distance": {"BIKE_TRIP": 12.41594687825254, "FOOT": 15.924745122809675, "PASSENGER_CAR": 78.09749592592476, "RAIL_TRIP": 48.89800006570514}, "Total_Count": 13, "Total_Duration": 27968.076999999997, "Total_Distance": 155.33618799269212, "Total_Emission": 16.577314012057077}, "end_percents_count": {"BIKE_TRIP": 0.15384615384615385, "FOOT": 0.5384615384615384, "PASSENGER_CAR": 0.38461538461538464, "RAIL_TRIP": 0.38461538461538464}, "end_percents_duration": {"BIKE_TRIP": 0.05374080599105903, "FOOT": 0.4812813551678938, "PASSENGER_CAR": 0.2657913878026008, "RAIL_TRIP": 0.19918645103844645}, "end_percents_distance": {"BIKE_TRIP": 0.0799295195710394, "FOOT": 0.10251793434997171, "PASSENGER_CAR": 0.5027643393025643, "RAIL_TRIP": 0.31478820677642466}}