{"start": {"Count": {"BIKE_TRIP": 1, "FOOT": 22, "PASSENGER_CAR": 6, "RAIL_TRIP": 20}, "Duration": {"BIKE_TRIP": 2642.912, "FOOT": 29654.062, "PASSENGER_CAR": 70043.021, "RAIL_TRIP": 27366.101}, "Distance": {"BIKE_TRIP": 10.868035973566911, "FOOT": 39.410813339899235, "PASSENGER_CAR": 210.0616696992533, "RAIL_TRIP": 147.12364033411353}, "Total_Count": 36, "Total_Duration": 129706.09599999999, "Total_Distance": 407.4641593468329, "Total_Emission": 47.55234537717482}, "start_percents_count": {"BIKE_TRIP": 0.027777777777777776, "FOOT": 0.6111111111111112, "PASSENGER_CAR": 0.16666666666666666, "RAIL_TRIP": 0.5555555555555556}, "start_percents_duration": {"BIKE_TRIP": 0.020376158727343083, "FOOT": 0.22862504473189915, "PASSENGER_CAR": 0.5400133313703313, "RAIL_TRIP": 0.21098546517042654}, "start_percents_distance": {"BIKE_TRIP": 0.0266723728314864, "FOOT": 0.09672215932580418, "PASSENGER_CAR": 0.5155341025232335, "RAIL_TRIP": 0.3610713653194761}, "end": {"Count": {"BIKE_TRIP": 3, "FOOT": 31, "PASSENGER_CAR": 10, "RAIL_TRIP": 32}, "Duration": {"BIKE_TRIP": 4081.848, "FOOT": 47246.156, "PASSENGER_CAR": 23859.344, "RAIL_TRIP": 56294.294}, "Distance": {"BIKE_TRIP": 16.074494753670628, "FOOT": 62.068010602410006, "PASSENGER_CAR": 119.6623868258056, "RAIL_TRIP": 253.24828587545156}, "Total_Count": 51, "Total_Duration": 131481.642, "Total_Distance": 451.0531780573378, "Total_Emission": 28.684215932570698}, "end_percents_count": {"BIKE_TRIP": 0.058823529411764705, "FOOT": 0.6078431372549019, "PASSENGER_CAR": 0.19607843137254902, "RAIL_TRIP": 0.6274509803921569}, "end_percents_duration": {"BIKE_TRIP": 0.031045003225621415, "FOOT": 0.35933652243253855, "PASSENGER_CAR": 0.18146521169852747, "RAIL_TRIP": 0.4281532626433126}, "end_percents_distance": {"BIKE_TRIP": 0.03563769314940342, "FOOT": 0.1376068579534982, "PASSENGER_CAR": 0.2652955186818219, "RAIL_TRIP": 0.5614599302152765}}