{"start": {"Count": {"BIKE_TRIP": 6, "BUS": 3, "FOOT": 123, "MOTORCYCLE": 1, "PASSENGER_CAR": 49, "RAIL_TRIP": 54, "UNKNOWN": 2}, "Duration": {"BIKE_TRIP": 13676.507, "BUS": 958.043, "FOOT": 286466.282, "MOTORCYCLE": 336.577, "PASSENGER_CAR": 141787.441, "RAIL_TRIP": 83632.133, "UNKNOWN": 362.678}, "Distance": {"BIKE_TRIP": 47.013806043313586, "BUS": 5.9595638471754375, "FOOT": 341.6466319560203, "MOTORCYCLE": 0.430514223966079, "PASSENGER_CAR": 1056.2855313355583, "RAIL_TRIP": 515.8206798937852, "UNKNOWN": 10.962880761611231}, "Total_Count": 155, "Total_Duration": 527219.661, "Total_Distance": 1978.1196080614302, "Total_Emission": 204.1424412612951}, "start_percents_count": {"BIKE_TRIP": 0.03870967741935484, "BUS": 0.01935483870967742, "FOOT": 0.7935483870967742, "MOTORCYCLE": 0.0064516129032258064, "PASSENGER_CAR": 0.3161290322580645, "RAIL_TRIP": 0.34838709677419355, "UNKNOWN": 0.012903225806451613}, "start_percents_duration": {"BIKE_TRIP": 0.025940813690557722, "BUS": 0.0018171609878562553, "FOOT": 0.5433528056534296, "MOTORCYCLE": 0.000638399940096316, "PASSENGER_CAR": 0.26893428202405373, "RAIL_TRIP": 0.158628630884841, "UNKNOWN": 0.000687906819165456}, "start_percents_distance": {"BIKE_TRIP": 0.02376691775953195, "BUS": 0.0030127419104933944, "FOOT": 0.17271282816453964, "MOTORCYCLE": 0.00021763811561828947, "PASSENGER_CAR": 0.5339846625203442, "RAIL_TRIP": 0.26076313979784704, "UNKNOWN": 0.005542071731625432}, "end": {"Count": {"BIKE_TRIP": 5, "BUS": 1, "FOOT": 151, "MOTORCYCLE": 2, "PASSENGER_CAR": 66, "RAIL_TRIP": 80}, "Duration": {"BIKE_TRIP": 9475.366, "BUS": 2143.853, "FOOT": 365567.176, "MOTORCYCLE": 7273.029, "PASSENGER_CAR": 124154.289, "RAIL_TRIP": 130814.575}, "Distance": {"BIKE_TRIP": 31.42886957730382, "BUS": 7.944049838219061, "FOOT": 402.59977625225054, "MOTORCYCLE": 223.903039170058, "PASSENGER_CAR": 1661.5653503213389, "RAIL_TRIP": 1097.5433594010055}, "Total_Count": 184, "Total_Duration": 639428.288, "Total_Distance": 3424.9844445601757, "Total_Emission": 343.30615624681184}, "end_percents_count": {"BIKE_TRIP": 0.02717391304347826, "BUS": 0.005434782608695652, "FOOT": 0.8206521739130435, "MOTORCYCLE": 0.010869565217391304, "PASSENGER_CAR": 0.358695652173913, "RAIL_TRIP": 0.43478260869565216}, "end_percents_duration": {"BIKE_TRIP": 0.014818496738136178, "BUS": 0.003352765337776236, "FOOT": 0.5717094205253553, "MOTORCYCLE": 0.011374268446503263, "PASSENGER_CAR": 0.1941645237315494, "RAIL_TRIP": 0.20458052522067965}, "end_percents_distance": {"BIKE_TRIP": 0.009176353961905309, "BUS": 0.0023194411439842926, "FOOT": 0.11754791379905112, "MOTORCYCLE": 0.06537344703146844, "PASSENGER_CAR": 0.4851307727719362, "RAIL_TRIP": 0.32045207129165465}}