{"start": {"Count": {"BIKE_TRIP": 1, "BUS": 1, "FOOT": 7, "PASSENGER_CAR": 4, "RAIL_TRIP": 5}, "Duration": {"BIKE_TRIP": 420.477, "BUS": 276.431, "FOOT": 4883.196, "PASSENGER_CAR": 3102.614, "RAIL_TRIP": 5756.998}, "Distance": {"BIKE_TRIP": 0.6027911236985565, "BUS": 1.271860994423469, "FOOT": 39.63223856528174, "PASSENGER_CAR": 32.45317779129143, "RAIL_TRIP": 48.46329839860815}, "Total_Count": 18, "Total_Duration": 14439.716, "Total_Distance": 122.42336687330335}, "start_percents_count": {"BIKE_TRIP": 0.05555555555555555, "BUS": 0.05555555555555555, "FOOT": 0.3888888888888889, "PASSENGER_CAR": 0.2222222222222222, "RAIL_TRIP": 0.2777777777777778}, "start_percents_duration": {"BIKE_TRIP": 0.029119478527140006, "BUS": 0.01914379756499366, "FOOT": 0.3381781192926509, "PASSENGER_CAR": 0.214866691283956, "RAIL_TRIP": 0.39869191333125936}, "start_percents_distance": {"BIKE_TRIP": 0.004923824095790377, "BUS": 0.010389037868397503, "FOOT": 0.3237309966021223, "PASSENGER_CAR": 0.2650897342570019, "RAIL_TRIP": 0.3958664071766879}, "end": {"Count": {"BUS": 2, "FOOT": 9, "PASSENGER_CAR": 9, "RAIL_TRIP": 1}, "Duration": {"BUS": 2594.328, "FOOT": 6262.99, "PASSENGER_CAR": 5213.407, "RAIL_TRIP": 463.279}, "Distance": {"BUS": 6.427275914325234, "FOOT": 30.826108021291823, "PASSENGER_CAR": 33.27770126668139, "RAIL_TRIP": 0.9334174670347688}, "Total_Count": 21, "Total_Duration": 14534.004, "Total_Distance": 71.46450266933321}, "end_percents_count": {"BUS": 0.09523809523809523, "FOOT": 0.42857142857142855, "PASSENGER_CAR": 0.42857142857142855, "RAIL_TRIP": 0.047619047619047616}, "end_percents_duration": {"BUS": 0.17850057011130585, "FOOT": 0.4309197933343076, "PASSENGER_CAR": 0.3587041120946437, "RAIL_TRIP": 0.031875524459742816}, "end_percents_distance": {"BUS": 0.08993662131903846, "FOOT": 0.4313485278687862, "PASSENGER_CAR": 0.46565357658273454, "RAIL_TRIP": 0.013061274229440851}}