{"start": {"Count": {"BIKE_TRIP": 1, "FOOT": 16, "PASSENGER_CAR": 13, "RAIL_TRIP": 8}, "Duration": {"BIKE_TRIP": 1261.353, "FOOT": 256145.846, "PASSENGER_CAR": 10940.071, "RAIL_TRIP": 24860.624}, "Distance": {"BIKE_TRIP": 10.411089818639557, "FOOT": 76.8742498316444, "PASSENGER_CAR": 128.1033021817464, "RAIL_TRIP": 105.44324586040584}, "Total_Count": 24, "Total_Duration": 293207.894, "Total_Distance": 320.83188769243617, "Total_Emission": 28.525623852024257}, "start_percents_count": {"BIKE_TRIP": 0.041666666666666664, "FOOT": 0.6666666666666666, "PASSENGER_CAR": 0.5416666666666666, "RAIL_TRIP": 0.3333333333333333}, "start_percents_duration": {"BIKE_TRIP": 0.004301906687409992, "FOOT": 0.8735980553102026, "PASSENGER_CAR": 0.0373116523254316, "RAIL_TRIP": 0.08478838567695589}, "start_percents_distance": {"BIKE_TRIP": 0.03245029630165719, "FOOT": 0.23960913107658272, "PASSENGER_CAR": 0.39928481892221374, "RAIL_TRIP": 0.3286557536995464}, "end": {"Count": {"BIKE_TRIP": 2, "BUS": 1, "FOOT": 22, "PASSENGER_CAR": 15, "RAIL_TRIP": 9}, "Duration": {"BIKE_TRIP": 10039.533, "BUS": 1326.75, "FOOT": 42921.169, "PASSENGER_CAR": 28305.342, "RAIL_TRIP": 25025.247}, "Distance": {"BIKE_TRIP": 45.31581729027216, "BUS": 4.335110768330751, "FOOT": 40.75182252515414, "PASSENGER_CAR": 461.8265316692185, "RAIL_TRIP": 168.65489354057257}, "Total_Count": 29, "Total_Duration": 107618.041, "Total_Distance": 720.884175793548, "Total_Emission": 80.1912388840992}, "end_percents_count": {"BIKE_TRIP": 0.06896551724137931, "BUS": 0.034482758620689655, "FOOT": 0.7586206896551724, "PASSENGER_CAR": 0.5172413793103449, "RAIL_TRIP": 0.3103448275862069}, "end_percents_duration": {"BIKE_TRIP": 0.09328856859604051, "BUS": 0.012328323278064502, "FOOT": 0.3988287521420317, "PASSENGER_CAR": 0.26301669996018606, "RAIL_TRIP": 0.2325376560236773}, "end_percents_distance": {"BIKE_TRIP": 0.06286143989828682, "BUS": 0.006013602342649107, "FOOT": 0.056530333018192006, "PASSENGER_CAR": 0.6406390196606004, "RAIL_TRIP": 0.23395560508027183}}