{"start": {"Count": {"MOTORCYCLE": 1, "PASSENGER_CAR": 5}, "Duration": {"MOTORCYCLE": 360.303, "PASSENGER_CAR": 5054.466}, "Distance": {"MOTORCYCLE": 4.385552405136306, "PASSENGER_CAR": 90.2890676244616}, "Total_Count": 6, "Total_Duration": 5414.769, "Total_Distance": 94.6746200295979}, "start_percents_count": {"MOTORCYCLE": 0.16666666666666666, "PASSENGER_CAR": 0.8333333333333334}, "start_percents_duration": {"MOTORCYCLE": 0.06654078872062685, "PASSENGER_CAR": 0.9334592112793731}, "start_percents_distance": {"MOTORCYCLE": 0.04632236605507645, "PASSENGER_CAR": 0.9536776339449236}, "end": {"Count": {"PASSENGER_CAR": 4}, "Duration": {"PASSENGER_CAR": 2174.468}, "Distance": {"PASSENGER_CAR": 24.208361706163664}, "Total_Count": 4, "Total_Duration": 2174.468, "Total_Distance": 24.208361706163664}, "end_percents_count": {"PASSENGER_CAR": 1.0}, "end_percents_duration": {"PASSENGER_CAR": 1.0}, "end_percents_distance": {"PASSENGER_CAR": 1.0}}