{"start": {"Count": {"FOOT": 8, "PASSENGER_CAR": 1, "RAIL_TRIP": 5}, "Duration": {"FOOT": 63303.941000000006, "PASSENGER_CAR": 459.66, "RAIL_TRIP": 11928.191}, "Distance": {"FOOT": 22.211779418244983, "PASSENGER_CAR": 1.0582854946573916, "RAIL_TRIP": 51.67208773929196}, "Total_Count": 14, "Total_Duration": 75691.79200000002, "Total_Distance": 74.94215265219432}, "start_percents_count": {"FOOT": 0.5714285714285714, "PASSENGER_CAR": 0.07142857142857142, "RAIL_TRIP": 0.35714285714285715}, "start_percents_duration": {"FOOT": 0.8363382518410978, "PASSENGER_CAR": 0.006072785276374484, "RAIL_TRIP": 0.15758896288252758}, "start_percents_distance": {"FOOT": 0.2963856605684867, "PASSENGER_CAR": 0.014121365042299792, "RAIL_TRIP": 0.6894929743892136}, "end": {"Count": {"FOOT": 10, "PASSENGER_CAR": 1, "RAIL_TRIP": 4}, "Duration": {"FOOT": 11691.517, "PASSENGER_CAR": 488.527, "RAIL_TRIP": 3086.731}, "Distance": {"FOOT": 13.892240291228068, "PASSENGER_CAR": 2.5267060798297813, "RAIL_TRIP": 15.12669339244426}, "Total_Count": 15, "Total_Duration": 15266.775000000001, "Total_Distance": 31.54563976350211}, "end_percents_count": {"FOOT": 0.6666666666666666, "PASSENGER_CAR": 0.06666666666666667, "RAIL_TRIP": 0.26666666666666666}, "end_percents_duration": {"FOOT": 0.7658144565568038, "PASSENGER_CAR": 0.0319993580831577, "RAIL_TRIP": 0.20218618536003838}, "end_percents_distance": {"FOOT": 0.44038543505150934, "PASSENGER_CAR": 0.08009684060214074, "RAIL_TRIP": 0.4795177243463499}}