{"start": {"Count": {"BIKE_TRIP": 2, "BUS": 2, "FOOT": 9, "PASSENGER_CAR": 2, "RAIL_TRIP": 5}, "Duration": {"BIKE_TRIP": 964.892, "BUS": 967.437, "FOOT": 8643.575, "PASSENGER_CAR": 1370.067, "RAIL_TRIP": 3754.468}, "Distance": {"BIKE_TRIP": 4.395820438147065, "BUS": 5.668836684161409, "FOOT": 40.243613329439555, "PASSENGER_CAR": 7.394553129203511, "RAIL_TRIP": 19.464877870679558}, "Total_Count": 20, "Total_Duration": 15700.438999999998, "Total_Distance": 77.16770145163109}, "start_percents_count": {"BIKE_TRIP": 0.1, "BUS": 0.1, "FOOT": 0.45, "PASSENGER_CAR": 0.1, "RAIL_TRIP": 0.25}, "start_percents_duration": {"BIKE_TRIP": 0.06145637074224486, "BUS": 0.061618468120541094, "FOOT": 0.5505307845213756, "PASSENGER_CAR": 0.08726297398435802, "RAIL_TRIP": 0.23913140263148058}, "start_percents_distance": {"BIKE_TRIP": 0.05696451177702081, "BUS": 0.07346126135057489, "FOOT": 0.521508514215165, "PASSENGER_CAR": 0.09582445751398252, "RAIL_TRIP": 0.25224125514325696}, "end": {"Count": {"BUS": 1, "FOOT": 10, "PASSENGER_CAR": 4, "RAIL_TRIP": 4}, "Duration": {"BUS": 684.318, "FOOT": 7311.274, "PASSENGER_CAR": 2022.616, "RAIL_TRIP": 5733.594999999999}, "Distance": {"BUS": 4.281833624164038, "FOOT": 27.877861671974472, "PASSENGER_CAR": 7.2386243353700035, "RAIL_TRIP": 33.90962855391003}, "Total_Count": 19, "Total_Duration": 15751.802999999998, "Total_Distance": 73.30794818541855}, "end_percents_count": {"BUS": 0.05263157894736842, "FOOT": 0.5263157894736842, "PASSENGER_CAR": 0.21052631578947367, "RAIL_TRIP": 0.21052631578947367}, "end_percents_duration": {"BUS": 0.04344378862534023, "FOOT": 0.46415473834963533, "PASSENGER_CAR": 0.12840536413514061, "RAIL_TRIP": 0.36399610888988393}, "end_percents_distance": {"BUS": 0.05840885920492484, "FOOT": 0.38028429879748793, "PASSENGER_CAR": 0.09874269454467988, "RAIL_TRIP": 0.46256414745290725}}