{"start": {"Count": {"FOOT": 5, "PASSENGER_CAR": 2, "RAIL_TRIP": 2}, "Duration": {"FOOT": 45569.46, "PASSENGER_CAR": 3092.899, "RAIL_TRIP": 680.9300000000001}, "Distance": {"FOOT": 5.438579255612022, "PASSENGER_CAR": 58.93863547207442, "RAIL_TRIP": 12.853848023851985}, "Total_Count": 9, "Total_Duration": 49343.289, "Total_Distance": 77.23106275153843}, "start_percents_count": {"FOOT": 0.5555555555555556, "PASSENGER_CAR": 0.2222222222222222, "RAIL_TRIP": 0.2222222222222222}, "start_percents_duration": {"FOOT": 0.9235189004121716, "PASSENGER_CAR": 0.06268124931842302, "RAIL_TRIP": 0.013799850269405433}, "start_percents_distance": {"FOOT": 0.07041958328488347, "PASSENGER_CAR": 0.763146762096063, "RAIL_TRIP": 0.16643365461905338}, "end": {"Count": {"FOOT": 8, "PASSENGER_CAR": 7, "RAIL_TRIP": 4}, "Duration": {"FOOT": 46458.721999999994, "PASSENGER_CAR": 7987.013, "RAIL_TRIP": 2719.524}, "Distance": {"FOOT": 13.137777546037192, "PASSENGER_CAR": 148.99603138957912, "RAIL_TRIP": 27.63048621493078}, "Total_Count": 19, "Total_Duration": 57165.259, "Total_Distance": 189.76429515054707}, "end_percents_count": {"FOOT": 0.42105263157894735, "PASSENGER_CAR": 0.3684210526315789, "RAIL_TRIP": 0.21052631578947367}, "end_percents_duration": {"FOOT": 0.8127090266485103, "PASSENGER_CAR": 0.13971795352138613, "RAIL_TRIP": 0.04757301983010345}, "end_percents_distance": {"FOOT": 0.0692320835993647, "PASSENGER_CAR": 0.7851636751338023, "RAIL_TRIP": 0.14560424126683308}}