{"start": {"Count": {"BIKE_TRIP": 1, "FOOT": 6, "MOTORCYCLE": 1, "PASSENGER_CAR": 17, "RAIL_TRIP": 7}, "Duration": {"BIKE_TRIP": 836.374, "FOOT": 7338.219, "MOTORCYCLE": 672.405, "PASSENGER_CAR": 20802.979, "RAIL_TRIP": 3109.457}, "Distance": {"BIKE_TRIP": 8.172009190934338, "FOOT": 8.54207552057795, "MOTORCYCLE": 7.692724440159267, "PASSENGER_CAR": 263.74186476140864, "RAIL_TRIP": 28.564347579656282}, "Total_Count": 24, "Total_Duration": 32759.434, "Total_Distance": 316.7130214927365, "Total_Emission": 48.85138239103425}, "start_percents_count": {"BIKE_TRIP": 0.041666666666666664, "FOOT": 0.25, "MOTORCYCLE": 0.041666666666666664, "PASSENGER_CAR": 0.7083333333333334, "RAIL_TRIP": 0.2916666666666667}, "start_percents_duration": {"BIKE_TRIP": 0.02553078297995014, "FOOT": 0.224003229115619, "MOTORCYCLE": 0.020525537773332714, "PASSENGER_CAR": 0.6350225403772238, "RAIL_TRIP": 0.09491790975387425}, "start_percents_distance": {"BIKE_TRIP": 0.025802567739140952, "FOOT": 0.02697102721042953, "MOTORCYCLE": 0.02428925847097099, "PASSENGER_CAR": 0.8327471460388226, "RAIL_TRIP": 0.09019000054063572}, "end": {"Count": {"BIKE_TRIP": 2, "BUS": 1, "FOOT": 8, "MOTORCYCLE": 2, "PASSENGER_CAR": 19, "RAIL_TRIP": 6}, "Duration": {"BIKE_TRIP": 2268.7309999999998, "BUS": 301.065, "FOOT": 20241.209, "MOTORCYCLE": 1085.038, "PASSENGER_CAR": 27797.45, "RAIL_TRIP": 2889.418}, "Distance": {"BIKE_TRIP": 17.18287619115797, "BUS": 2.477301712803341, "FOOT": 21.48211822558075, "MOTORCYCLE": 11.112441081385267, "PASSENGER_CAR": 334.69995924095986, "RAIL_TRIP": 18.69642359294396}, "Total_Count": 24, "Total_Duration": 54582.91099999999, "Total_Distance": 405.6511200448312, "Total_Emission": 62.80723529807269}, "end_percents_count": {"BIKE_TRIP": 0.08333333333333333, "BUS": 0.041666666666666664, "FOOT": 0.3333333333333333, "MOTORCYCLE": 0.08333333333333333, "PASSENGER_CAR": 0.7916666666666666, "RAIL_TRIP": 0.25}, "end_percents_duration": {"BIKE_TRIP": 0.04156485900871062, "BUS": 0.005515737333979861, "FOOT": 0.3708341792177409, "MOTORCYCLE": 0.019878712588267785, "PASSENGER_CAR": 0.5092701999715626, "RAIL_TRIP": 0.05293631187973834}, "end_percents_distance": {"BIKE_TRIP": 0.04235875446186116, "BUS": 0.006106976143760081, "FOOT": 0.05295712784721664, "MOTORCYCLE": 0.027394084552649967, "PASSENGER_CAR": 0.8250931470470731, "RAIL_TRIP": 0.04608990994743881}}