{"start": {"Count": {"BIKE_TRIP": 6, "BUS": 3, "FOOT": 80, "HIGH_SPEED_TRAIN": 1, "MOTORCYCLE": 1, "PASSENGER_CAR": 79, "RAIL_TRIP": 34, "SCOOTER": 1}, "Duration": {"BIKE_TRIP": 5740.268, "BUS": 1864.1390000000001, "FOOT": 115107.274, "HIGH_SPEED_TRAIN": 1913.848, "MOTORCYCLE": 975.001, "PASSENGER_CAR": 229963.305, "RAIL_TRIP": 26019.125, "SCOOTER": 1683.9859999999999}, "Distance": {"BIKE_TRIP": 36.036138091834495, "BUS": 5.93565767898527, "FOOT": 152.1044592572826, "HIGH_SPEED_TRAIN": 63.60274162379347, "MOTORCYCLE": 14.002001710690216, "PASSENGER_CAR": 3270.855375437816, "RAIL_TRIP": 222.29126582010124, "SCOOTER": 6.1266232876799664}, "Total_Count": 152, "Total_Duration": 383266.946, "Total_Distance": 3770.9542629081834, "Total_Emission": 609.7281168684267}, "start_percents_count": {"BIKE_TRIP": 0.039473684210526314, "BUS": 0.019736842105263157, "FOOT": 0.5263157894736842, "HIGH_SPEED_TRAIN": 0.006578947368421052, "MOTORCYCLE": 0.006578947368421052, "PASSENGER_CAR": 0.5197368421052632, "RAIL_TRIP": 0.2236842105263158, "SCOOTER": 0.006578947368421052}, "start_percents_duration": {"BIKE_TRIP": 0.01497720599156495, "BUS": 0.004863813640741146, "FOOT": 0.30033185799434947, "HIGH_SPEED_TRAIN": 0.004993511754598321, "MOTORCYCLE": 0.0025439214369401947, "PASSENGER_CAR": 0.6000081859394157, "RAIL_TRIP": 0.06788773535404224, "SCOOTER": 0.004393767888347982}, "start_percents_distance": {"BIKE_TRIP": 0.009556238442426295, "BUS": 0.0015740465848046784, "FOOT": 0.040335800609784825, "HIGH_SPEED_TRAIN": 0.01686648449953425, "MOTORCYCLE": 0.003713118944034019, "PASSENGER_CAR": 0.8673813436589687, "RAIL_TRIP": 0.05894827948633587, "SCOOTER": 0.0016246877741113402}, "end": {"Count": {"BIKE_TRIP": 9, "BUS": 5, "FOOT": 98, "HIGH_SPEED_TRAIN": 1, "MOTORCYCLE": 1, "PASSENGER_CAR": 86, "PLANE": 1, "RAIL_TRIP": 43, "SCOOTER": 1, "UNKNOWN": 2}, "Duration": {"BIKE_TRIP": 18720.311, "BUS": 54879.748, "FOOT": 172245.912, "HIGH_SPEED_TRAIN": 3847.491, "MOTORCYCLE": 972.991, "PASSENGER_CAR": 187760.617, "PLANE": 1022.574, "RAIL_TRIP": 71607.283, "SCOOTER": 1683.9859999999999, "UNKNOWN": 540.793}, "Distance": {"BIKE_TRIP": 137.51390289294284, "BUS": 12.175231083487752, "FOOT": 217.90021922347393, "HIGH_SPEED_TRAIN": 202.37126130016523, "MOTORCYCLE": 6.042044795035586, "PASSENGER_CAR": 2461.1961939185944, "PLANE": 126.1518753520442, "RAIL_TRIP": 429.23800851677083, "SCOOTER": 6.1266232876799664, "UNKNOWN": 26.540816137405}, "Total_Count": 168, "Total_Duration": 513281.70600000006, "Total_Distance": 3625.2561765076, "Total_Emission": 472.5053784393224}, "end_percents_count": {"BIKE_TRIP": 0.05357142857142857, "BUS": 0.02976190476190476, "FOOT": 0.5833333333333334, "HIGH_SPEED_TRAIN": 0.005952380952380952, "MOTORCYCLE": 0.005952380952380952, "PASSENGER_CAR": 0.5119047619047619, "PLANE": 0.005952380952380952, "RAIL_TRIP": 0.25595238095238093, "SCOOTER": 0.005952380952380952, "UNKNOWN": 0.011904761904761904}, "end_percents_duration": {"BIKE_TRIP": 0.03647180638072458, "BUS": 0.10691935317094663, "FOOT": 0.3355777343835433, "HIGH_SPEED_TRAIN": 0.007495866217371089, "MOTORCYCLE": 0.0018956276614308164, "PASSENGER_CAR": 0.36580422564290643, "PLANE": 0.001992227636494023, "RAIL_TRIP": 0.13950873791710783, "SCOOTER": 0.003280822169025443, "UNKNOWN": 0.001053598820449681}, "end_percents_distance": {"BIKE_TRIP": 0.03793218911922998, "BUS": 0.0033584470974453435, "FOOT": 0.06010615763804827, "HIGH_SPEED_TRAIN": 0.0558226098921153, "MOTORCYCLE": 0.0016666531965904283, "PASSENGER_CAR": 0.6789026965508391, "PLANE": 0.03479805818124913, "RAIL_TRIP": 0.11840211770365934, "SCOOTER": 0.001689983545819944, "UNKNOWN": 0.007321087075003114}}