{"start": {"Count": {"BIKE_TRIP": 1, "FOOT": 5, "PASSENGER_CAR": 5, "RAIL_TRIP": 6, "SCOOTER": 1}, "Duration": {"BIKE_TRIP": 420.642, "FOOT": 10215.718, "PASSENGER_CAR": 6016.797, "RAIL_TRIP": 6956.751, "SCOOTER": 2043.172}, "Distance": {"BIKE_TRIP": 0.3359798220134453, "FOOT": 10.5880000810693, "PASSENGER_CAR": 23.427539590211975, "RAIL_TRIP": 72.88622615891416, "SCOOTER": 9.623423782176502}, "Total_Count": 14, "Total_Duration": 25653.079999999998, "Total_Distance": 116.86116943438537, "Total_Emission": 4.075034797721023}, "start_percents_count": {"BIKE_TRIP": 0.07142857142857142, "FOOT": 0.35714285714285715, "PASSENGER_CAR": 0.35714285714285715, "RAIL_TRIP": 0.42857142857142855, "SCOOTER": 0.07142857142857142}, "start_percents_duration": {"BIKE_TRIP": 0.016397329287555336, "FOOT": 0.39822578809250203, "PASSENGER_CAR": 0.23454481878979055, "RAIL_TRIP": 0.27118579913211205, "SCOOTER": 0.07964626469804016}, "start_percents_distance": {"BIKE_TRIP": 0.002875033885418112, "FOOT": 0.09060323572248861, "PASSENGER_CAR": 0.20047325988266745, "RAIL_TRIP": 0.6236992707816256, "SCOOTER": 0.0823491997278002}, "end": {"Count": {"BIKE_TRIP": 2, "FOOT": 9, "PASSENGER_CAR": 3, "RAIL_TRIP": 1}, "Duration": {"BIKE_TRIP": 1562.763, "FOOT": 83837.957, "PASSENGER_CAR": 4984.0560000000005, "RAIL_TRIP": 300.576}, "Distance": {"BIKE_TRIP": 2.224944646773318, "FOOT": 19.693420654243056, "PASSENGER_CAR": 23.404923161971652, "RAIL_TRIP": 0.9474623945634342}, "Total_Count": 10, "Total_Duration": 90685.352, "Total_Distance": 46.27075085755146, "Total_Emission": 5.649233594614534}, "end_percents_count": {"BIKE_TRIP": 0.2, "FOOT": 0.9, "PASSENGER_CAR": 0.3, "RAIL_TRIP": 0.1}, "end_percents_duration": {"BIKE_TRIP": 0.017232805139246743, "FOOT": 0.9244928221704426, "PASSENGER_CAR": 0.05495987929781648, "RAIL_TRIP": 0.0033144933924940823}, "end_percents_distance": {"BIKE_TRIP": 0.04808533696855285, "FOOT": 0.42561273135313854, "PASSENGER_CAR": 0.5058254454099037, "RAIL_TRIP": 0.020476486268404846}}