{"start": {"Count": {"BUS": 1, "FOOT": 3, "MOTORCYCLE": 1, "PASSENGER_CAR": 7, "RAIL_TRIP": 1}, "Duration": {"BUS": 2585.901, "FOOT": 1411.755, "MOTORCYCLE": 483.325, "PASSENGER_CAR": 11005.407, "RAIL_TRIP": 1830.279}, "Distance": {"BUS": 24.35604728552116, "FOOT": 1.9897870124800567, "MOTORCYCLE": 5.407847248780205, "PASSENGER_CAR": 169.7029010285132, "RAIL_TRIP": 24.309593294365754}, "Total_Count": 11, "Total_Duration": 17316.667, "Total_Distance": 225.76617586966037, "Total_Emission": 44.007231458783174}, "start_percents_count": {"BUS": 0.09090909090909091, "FOOT": 0.2727272727272727, "MOTORCYCLE": 0.09090909090909091, "PASSENGER_CAR": 0.6363636363636364, "RAIL_TRIP": 0.09090909090909091}, "start_percents_duration": {"BUS": 0.14933017999364426, "FOOT": 0.08152579246341111, "MOTORCYCLE": 0.02791097155128062, "PASSENGER_CAR": 0.6355384093255358, "RAIL_TRIP": 0.10569464666612806}, "start_percents_distance": {"BUS": 0.10788173734041731, "FOOT": 0.008813485921065532, "MOTORCYCLE": 0.023953310224390168, "PASSENGER_CAR": 0.7516754906921322, "RAIL_TRIP": 0.1076759758219947}, "end": {"Count": {"BIKE_TRIP": 1, "BUS": 1, "FOOT": 11, "PASSENGER_CAR": 13, "RAIL_TRIP": 2}, "Duration": {"BIKE_TRIP": 240.753, "BUS": 2361.993, "FOOT": 13288.457999999999, "PASSENGER_CAR": 21359.968, "RAIL_TRIP": 1682.97}, "Distance": {"BIKE_TRIP": 1.4178478699369317, "BUS": 21.34633369768646, "FOOT": 19.94028170567123, "PASSENGER_CAR": 340.61511162808733, "RAIL_TRIP": 18.59974100749418}, "Total_Count": 18, "Total_Duration": 38934.14199999999, "Total_Distance": 401.9193159088761, "Total_Emission": 79.44411091370795}, "end_percents_count": {"BIKE_TRIP": 0.05555555555555555, "BUS": 0.05555555555555555, "FOOT": 0.6111111111111112, "PASSENGER_CAR": 0.7222222222222222, "RAIL_TRIP": 0.1111111111111111}, "end_percents_duration": {"BIKE_TRIP": 0.006183595878393828, "BUS": 0.06066636835094505, "FOOT": 0.34130604444808366, "PASSENGER_CAR": 0.5486179199736828, "RAIL_TRIP": 0.043226071348894765}, "end_percents_distance": {"BIKE_TRIP": 0.0035276927826439395, "BUS": 0.05311099231300976, "FOOT": 0.04961264840078531, "PASSENGER_CAR": 0.8474713658830775, "RAIL_TRIP": 0.04627730062048361}}