{"start": {"Count": {"BIKE_TRIP": 2, "FOOT": 15, "PASSENGER_CAR": 8, "RAIL_TRIP": 14}, "Duration": {"BIKE_TRIP": 420.66099999999994, "FOOT": 186147.54799999998, "PASSENGER_CAR": 21777.253, "RAIL_TRIP": 17170.791}, "Distance": {"BIKE_TRIP": 2.705480503364525, "FOOT": 49.578851849565915, "PASSENGER_CAR": 176.9148408132887, "RAIL_TRIP": 121.18960642081255}, "Total_Count": 25, "Total_Duration": 225516.25299999994, "Total_Distance": 350.38877958703165, "Total_Emission": 34.971343435760865}, "start_percents_count": {"BIKE_TRIP": 0.08, "FOOT": 0.6, "PASSENGER_CAR": 0.32, "RAIL_TRIP": 0.56}, "start_percents_duration": {"BIKE_TRIP": 0.0018653245360546146, "FOOT": 0.8254285246571564, "PASSENGER_CAR": 0.09656622398741259, "RAIL_TRIP": 0.07613992681937655}, "start_percents_distance": {"BIKE_TRIP": 0.007721367409519235, "FOOT": 0.1414966880731728, "PASSENGER_CAR": 0.5049101201864985, "RAIL_TRIP": 0.34587182433080954}, "end": {"Count": {"BIKE_TRIP": 1, "BUS": 1, "FOOT": 10, "MOTORCYCLE": 1, "PASSENGER_CAR": 11, "RAIL_TRIP": 9}, "Duration": {"BIKE_TRIP": 3067.474, "BUS": 1201.458, "FOOT": 298411.7, "MOTORCYCLE": 426.943, "PASSENGER_CAR": 13074.469000000001, "RAIL_TRIP": 10561.552}, "Distance": {"BIKE_TRIP": 6.176496244450304, "BUS": 6.685790989026528, "FOOT": 31.055981480014793, "MOTORCYCLE": 4.736373259741518, "PASSENGER_CAR": 123.37856602217008, "RAIL_TRIP": 54.6720980173756}, "Total_Count": 18, "Total_Duration": 326743.596, "Total_Distance": 226.7053060127788, "Total_Emission": 22.00679769597489}, "end_percents_count": {"BIKE_TRIP": 0.05555555555555555, "BUS": 0.05555555555555555, "FOOT": 0.5555555555555556, "MOTORCYCLE": 0.05555555555555555, "PASSENGER_CAR": 0.6111111111111112, "RAIL_TRIP": 0.5}, "end_percents_duration": {"BIKE_TRIP": 0.009388015672080686, "BUS": 0.003677066711354918, "FOOT": 0.9132901261207886, "MOTORCYCLE": 0.0013066606514301811, "PASSENGER_CAR": 0.04001446136988711, "RAIL_TRIP": 0.03232366947445849}, "end_percents_distance": {"BIKE_TRIP": 0.02724460381223786, "BUS": 0.029491109434596412, "FOOT": 0.13698833091389687, "MOTORCYCLE": 0.02089220293535847, "PASSENGER_CAR": 0.5442244303501901, "RAIL_TRIP": 0.24115932255372036}}