{"start": {"Count": {"FOOT": 4, "PASSENGER_CAR": 3, "RAIL_TRIP": 3}, "Duration": {"FOOT": 17611.258, "PASSENGER_CAR": 5246.229, "RAIL_TRIP": 4445.754999999999}, "Distance": {"FOOT": 16.17372893428124, "PASSENGER_CAR": 109.60069251261272, "RAIL_TRIP": 81.28884595986152}, "Total_Count": 7, "Total_Duration": 27303.242, "Total_Distance": 207.06326740675547, "Total_Emission": 25.55904796740974}, "start_percents_count": {"FOOT": 0.5714285714285714, "PASSENGER_CAR": 0.42857142857142855, "RAIL_TRIP": 0.42857142857142855}, "start_percents_duration": {"FOOT": 0.6450244260370253, "PASSENGER_CAR": 0.19214674213413926, "RAIL_TRIP": 0.16282883182883554}, "start_percents_distance": {"FOOT": 0.07811008266622943, "PASSENGER_CAR": 0.5293101663334275, "RAIL_TRIP": 0.3925797510003431}, "end": {"Count": {"FOOT": 2, "PASSENGER_CAR": 3, "RAIL_TRIP": 2}, "Duration": {"FOOT": 5411.043000000001, "PASSENGER_CAR": 2563.169, "RAIL_TRIP": 3126.753}, "Distance": {"FOOT": 5.434228313040108, "PASSENGER_CAR": 35.862401114099484, "RAIL_TRIP": 2.6398571569657237}, "Total_Count": 5, "Total_Duration": 11100.965, "Total_Distance": 43.936486584105324, "Total_Emission": 8.428727035419863}, "end_percents_count": {"FOOT": 0.4, "PASSENGER_CAR": 0.6, "RAIL_TRIP": 0.4}, "end_percents_duration": {"FOOT": 0.48743897489992993, "PASSENGER_CAR": 0.2308960527305509, "RAIL_TRIP": 0.28166497236951926}, "end_percents_distance": {"FOOT": 0.1236837247474863, "PASSENGER_CAR": 0.8162327919746145, "RAIL_TRIP": 0.06008348327789895}}