{"start": {"Count": {"FOOT": 4, "PASSENGER_CAR": 1, "RAIL_TRIP": 4}, "Duration": {"FOOT": 15246.788, "PASSENGER_CAR": 660.19, "RAIL_TRIP": 4651.704}, "Distance": {"FOOT": 12.411536931970005, "PASSENGER_CAR": 0.5937557671671326, "RAIL_TRIP": 45.439725565010676}, "Total_Count": 7, "Total_Duration": 20558.681999999997, "Total_Distance": 58.44501826414781, "Total_Emission": 0.3448165366836257}, "start_percents_count": {"FOOT": 0.5714285714285714, "PASSENGER_CAR": 0.14285714285714285, "RAIL_TRIP": 0.5714285714285714}, "start_percents_duration": {"FOOT": 0.7416228336038274, "PASSENGER_CAR": 0.03211246713189105, "RAIL_TRIP": 0.22626469926428164}, "start_percents_distance": {"FOOT": 0.2123626153366038, "PASSENGER_CAR": 0.010159219464755696, "RAIL_TRIP": 0.7774781651986405}, "end": {"Count": {"FOOT": 7, "PASSENGER_CAR": 4, "RAIL_TRIP": 8}, "Duration": {"FOOT": 5975.081, "PASSENGER_CAR": 2941.929, "RAIL_TRIP": 11844.857}, "Distance": {"FOOT": 17.191490673377988, "PASSENGER_CAR": 4.8992780008564285, "RAIL_TRIP": 43.06574965517182}, "Total_Count": 10, "Total_Duration": 20761.867000000002, "Total_Distance": 65.15651832940625, "Total_Emission": 1.3703117281997377}, "end_percents_count": {"FOOT": 0.7, "PASSENGER_CAR": 0.4, "RAIL_TRIP": 0.8}, "end_percents_duration": {"FOOT": 0.2877911220604582, "PASSENGER_CAR": 0.14169867286020085, "RAIL_TRIP": 0.5705102050793408}, "end_percents_distance": {"FOOT": 0.2638491299744476, "PASSENGER_CAR": 0.07519244622752196, "RAIL_TRIP": 0.6609584237980302}}