{"start": {"Count": {"BIKE_TRIP": 2, "FOOT": 13, "PASSENGER_CAR": 2, "RAIL_TRIP": 8}, "Duration": {"BIKE_TRIP": 7820.406000000001, "FOOT": 20888.571, "PASSENGER_CAR": 3088.792, "RAIL_TRIP": 8474.778}, "Distance": {"BIKE_TRIP": 16.49182451427378, "FOOT": 43.02817080678671, "PASSENGER_CAR": 12.595655374961, "RAIL_TRIP": 28.871292812911047}, "Total_Count": 20, "Total_Duration": 40272.547, "Total_Distance": 100.98694350893254, "Total_Emission": 3.3621299413182077}, "start_percents_count": {"BIKE_TRIP": 0.1, "FOOT": 0.65, "PASSENGER_CAR": 0.1, "RAIL_TRIP": 0.4}, "start_percents_duration": {"BIKE_TRIP": 0.19418702273784674, "FOOT": 0.5186801569813799, "PASSENGER_CAR": 0.07669721013672168, "RAIL_TRIP": 0.21043561014405174}, "start_percents_distance": {"BIKE_TRIP": 0.16330650221941848, "FOOT": 0.426076572987683, "PASSENGER_CAR": 0.12472558270710395, "RAIL_TRIP": 0.2858913420857946}, "end": {"Count": {"BIKE_TRIP": 2, "FOOT": 12, "MOTORCYCLE": 1, "PASSENGER_CAR": 2, "RAIL_TRIP": 8}, "Duration": {"BIKE_TRIP": 1705.7240000000002, "FOOT": 9829.196, "MOTORCYCLE": 605.181, "PASSENGER_CAR": 1826.203, "RAIL_TRIP": 8866.691}, "Distance": {"BIKE_TRIP": 7.63446606368522, "FOOT": 17.81374154149751, "MOTORCYCLE": 3.362758957798489, "PASSENGER_CAR": 13.658769370635294, "RAIL_TRIP": 37.08799330569522}, "Total_Count": 20, "Total_Duration": 22832.995, "Total_Distance": 79.55772923931174, "Total_Emission": 3.7485088196182783}, "end_percents_count": {"BIKE_TRIP": 0.1, "FOOT": 0.6, "MOTORCYCLE": 0.05, "PASSENGER_CAR": 0.1, "RAIL_TRIP": 0.4}, "end_percents_duration": {"BIKE_TRIP": 0.0747043478089493, "FOOT": 0.43048211590288527, "MOTORCYCLE": 0.02650467010569573, "PASSENGER_CAR": 0.07998087854878434, "RAIL_TRIP": 0.3883279876336854}, "end_percents_distance": {"BIKE_TRIP": 0.09596133696476612, "FOOT": 0.22390962778629978, "MOTORCYCLE": 0.04226816162240153, "PASSENGER_CAR": 0.17168375092191682, "RAIL_TRIP": 0.4661771227046157}}