{"start": {"Count": {"BIKE_TRIP": 2, "BUS": 2, "FOOT": 32, "PASSENGER_CAR": 8, "RAIL_TRIP": 22}, "Duration": {"BIKE_TRIP": 1716.214, "BUS": 1498.454, "FOOT": 54486.472, "PASSENGER_CAR": 13198.996, "RAIL_TRIP": 23634.465}, "Distance": {"BIKE_TRIP": 11.752578237826311, "BUS": 9.493190805333088, "FOOT": 56.086002770222656, "PASSENGER_CAR": 68.4223084208973, "RAIL_TRIP": 110.49191934876701}, "Total_Count": 51, "Total_Duration": 94534.60100000001, "Total_Distance": 256.2459995830464, "Total_Emission": 17.54838431283401}, "start_percents_count": {"BIKE_TRIP": 0.0392156862745098, "BUS": 0.0392156862745098, "FOOT": 0.6274509803921569, "PASSENGER_CAR": 0.1568627450980392, "RAIL_TRIP": 0.43137254901960786}, "start_percents_duration": {"BIKE_TRIP": 0.018154347528266394, "BUS": 0.01585085232443092, "FOOT": 0.5763653881608914, "PASSENGER_CAR": 0.139620793448951, "RAIL_TRIP": 0.25000861853746015}, "start_percents_distance": {"BIKE_TRIP": 0.04586443595977948, "BUS": 0.03704717662238646, "FOOT": 0.21887562288380555, "PASSENGER_CAR": 0.26701805504176235, "RAIL_TRIP": 0.431194709492266}, "end": {"Count": {"BIKE_TRIP": 4, "BUS": 1, "FOOT": 33, "PASSENGER_CAR": 6, "RAIL_TRIP": 30}, "Duration": {"BIKE_TRIP": 3278.306, "BUS": 361.614, "FOOT": 60646.445, "PASSENGER_CAR": 11955.101, "RAIL_TRIP": 32026.043999999998}, "Distance": {"BIKE_TRIP": 13.440492885898319, "BUS": 1.868033722968267, "FOOT": 80.46144275501061, "PASSENGER_CAR": 131.9587832038111, "RAIL_TRIP": 161.84237277557617}, "Total_Count": 52, "Total_Duration": 108267.51000000001, "Total_Distance": 389.57112534326444, "Total_Emission": 28.233276894859195}, "end_percents_count": {"BIKE_TRIP": 0.07692307692307693, "BUS": 0.019230769230769232, "FOOT": 0.6346153846153846, "PASSENGER_CAR": 0.11538461538461539, "RAIL_TRIP": 0.5769230769230769}, "end_percents_duration": {"BIKE_TRIP": 0.030279684089899176, "BUS": 0.0033400047715145564, "FOOT": 0.5601536878422714, "PASSENGER_CAR": 0.1104218707902306, "RAIL_TRIP": 0.2958047525060842}, "end_percents_distance": {"BIKE_TRIP": 0.03450074199943705, "BUS": 0.004795103131224827, "FOOT": 0.2065385176689193, "PASSENGER_CAR": 0.3387283466851854, "RAIL_TRIP": 0.4154372905152334}}