{"start": {"Count": {"BIKE_TRIP": 1, "FOOT": 3, "PASSENGER_CAR": 1, "RAIL_TRIP": 2}, "Duration": {"BIKE_TRIP": 900.973, "FOOT": 6669.014, "PASSENGER_CAR": 780.7860000000001, "RAIL_TRIP": 1117.205}, "Distance": {"BIKE_TRIP": 1.3171995369375324, "FOOT": 3.7124040804630702, "PASSENGER_CAR": 6.344270871486566, "RAIL_TRIP": 8.000310834598501}, "Total_Count": 4, "Total_Duration": 9467.978000000001, "Total_Distance": 19.37418532348567, "Total_Emission": 1.1503344517210448}, "start_percents_count": {"BIKE_TRIP": 0.25, "FOOT": 0.75, "PASSENGER_CAR": 0.25, "RAIL_TRIP": 0.5}, "start_percents_duration": {"BIKE_TRIP": 0.09516002255180567, "FOOT": 0.7043757389381343, "PASSENGER_CAR": 0.08246597108696281, "RAIL_TRIP": 0.11799826742309708}, "start_percents_distance": {"BIKE_TRIP": 0.06798735094893534, "FOOT": 0.1916160095755273, "PASSENGER_CAR": 0.3274600075078227, "RAIL_TRIP": 0.4129366319677147}, "end": {"Count": {"FOOT": 7, "PASSENGER_CAR": 1, "RAIL_TRIP": 3}, "Duration": {"FOOT": 173656.033, "PASSENGER_CAR": 2184.134, "RAIL_TRIP": 8383.601999999999}, "Distance": {"FOOT": 16.521111301806084, "PASSENGER_CAR": 4.530378015574176, "RAIL_TRIP": 95.16331948542694}, "Total_Count": 8, "Total_Duration": 184223.769, "Total_Distance": 116.21480880280718, "Total_Emission": 1.499345424453971}, "end_percents_count": {"FOOT": 0.875, "PASSENGER_CAR": 0.125, "RAIL_TRIP": 0.375}, "end_percents_duration": {"FOOT": 0.9426364140883471, "PASSENGER_CAR": 0.01185587512325839, "RAIL_TRIP": 0.045507710788394516}, "end_percents_distance": {"FOOT": 0.14216012117559854, "PASSENGER_CAR": 0.038982794552984236, "RAIL_TRIP": 0.8188570842714173}}