{"start": {"Count": {"BIKE_TRIP": 1, "FOOT": 2, "MOTORCYCLE": 3, "PASSENGER_CAR": 10, "RAIL_TRIP": 5, "UNKNOWN": 1}, "Duration": {"BIKE_TRIP": 485.51800000000003, "FOOT": 7023.35, "MOTORCYCLE": 3787.526, "PASSENGER_CAR": 11036.253, "RAIL_TRIP": 1572.71, "UNKNOWN": 120.175}, "Distance": {"BIKE_TRIP": 3.7181121335702843, "FOOT": 6.644833689801008, "MOTORCYCLE": 42.08023083052072, "PASSENGER_CAR": 114.18458137544471, "RAIL_TRIP": 9.81385658188895, "UNKNOWN": 2.978993634406169}, "Total_Count": 16, "Total_Duration": 24025.532, "Total_Distance": 179.42060824563185, "Total_Emission": 27.204139938115823}, "start_percents_count": {"BIKE_TRIP": 0.0625, "FOOT": 0.125, "MOTORCYCLE": 0.1875, "PASSENGER_CAR": 0.625, "RAIL_TRIP": 0.3125, "UNKNOWN": 0.0625}, "start_percents_duration": {"BIKE_TRIP": 0.02020841827768892, "FOOT": 0.2923285944302919, "MOTORCYCLE": 0.15764587439728703, "PASSENGER_CAR": 0.45935519762892246, "RAIL_TRIP": 0.06545994486199098, "UNKNOWN": 0.005001970403818738}, "start_percents_distance": {"BIKE_TRIP": 0.02072288222588168, "FOOT": 0.037034952421430005, "MOTORCYCLE": 0.23453398827470087, "PASSENGER_CAR": 0.6364072805902141, "RAIL_TRIP": 0.05469748808594777, "UNKNOWN": 0.016603408401825517}, "end": {"Count": {"BIKE_TRIP": 1, "FOOT": 4, "MOTORCYCLE": 1, "PASSENGER_CAR": 10, "RAIL_TRIP": 6}, "Duration": {"BIKE_TRIP": 301.486, "FOOT": 4629.048000000001, "MOTORCYCLE": 1238.064, "PASSENGER_CAR": 10746.252, "RAIL_TRIP": 8325.291}, "Distance": {"BIKE_TRIP": 2.9571728280685576, "FOOT": 3.2048990110744118, "MOTORCYCLE": 23.119160771832306, "PASSENGER_CAR": 84.31497199964278, "RAIL_TRIP": 32.451286800403835}, "Total_Count": 15, "Total_Duration": 25240.141, "Total_Distance": 146.04749141102192, "Total_Emission": 20.491428584469023}, "end_percents_count": {"BIKE_TRIP": 0.06666666666666667, "FOOT": 0.26666666666666666, "MOTORCYCLE": 0.06666666666666667, "PASSENGER_CAR": 0.6666666666666666, "RAIL_TRIP": 0.4}, "end_percents_duration": {"BIKE_TRIP": 0.011944703478478983, "FOOT": 0.183400243287072, "MOTORCYCLE": 0.04905139000610179, "PASSENGER_CAR": 0.4257603790723673, "RAIL_TRIP": 0.3298432841559799}, "end_percents_distance": {"BIKE_TRIP": 0.0202480220611676, "FOOT": 0.021944224992231153, "MOTORCYCLE": 0.15829892419560962, "PASSENGER_CAR": 0.577312018063733, "RAIL_TRIP": 0.2221968106872584}}