{"start": {"Count": {"BIKE_TRIP": 1, "FOOT": 33, "PASSENGER_CAR": 18, "RAIL_TRIP": 12, "UNKNOWN": 1}, "Duration": {"BIKE_TRIP": 3343.239, "FOOT": 43114.133, "PASSENGER_CAR": 26176.924, "RAIL_TRIP": 19940.877, "UNKNOWN": 120.115}, "Distance": {"BIKE_TRIP": 13.946391007869112, "FOOT": 53.53017343487743, "PASSENGER_CAR": 270.7413834393672, "RAIL_TRIP": 201.3731281855488, "UNKNOWN": 9.2339200080786}, "Total_Count": 50, "Total_Duration": 92695.28800000002, "Total_Distance": 548.8249960757412, "Total_Emission": 59.039419074170155}, "start_percents_count": {"BIKE_TRIP": 0.02, "FOOT": 0.66, "PASSENGER_CAR": 0.36, "RAIL_TRIP": 0.24, "UNKNOWN": 0.02}, "start_percents_duration": {"BIKE_TRIP": 0.03606697893856265, "FOOT": 0.4651167705525657, "PASSENGER_CAR": 0.28239756911915515, "RAIL_TRIP": 0.21512287658030682, "UNKNOWN": 0.0012958048094095136}, "start_percents_distance": {"BIKE_TRIP": 0.025411362652193095, "FOOT": 0.09753596103973723, "PASSENGER_CAR": 0.49331095590624896, "RAIL_TRIP": 0.36691683073006043, "UNKNOWN": 0.016824889671760254}, "end": {"Count": {"BIKE_TRIP": 1, "BUS": 2, "FOOT": 31, "PASSENGER_CAR": 23, "RAIL_TRIP": 12, "UNKNOWN": 1}, "Duration": {"BIKE_TRIP": 1021.21, "BUS": 2644.948, "FOOT": 69616.232, "PASSENGER_CAR": 43960.758, "RAIL_TRIP": 15533.198, "UNKNOWN": 601.03}, "Distance": {"BIKE_TRIP": 0.9029620707740152, "BUS": 46.74986666980961, "FOOT": 50.5523867222286, "PASSENGER_CAR": 539.9280762149567, "RAIL_TRIP": 90.43613797821278, "UNKNOWN": 34.05143941004478}, "Total_Count": 52, "Total_Duration": 133377.376, "Total_Distance": 762.6208690660266, "Total_Emission": 128.04673766165155}, "end_percents_count": {"BIKE_TRIP": 0.019230769230769232, "BUS": 0.038461538461538464, "FOOT": 0.5961538461538461, "PASSENGER_CAR": 0.4423076923076923, "RAIL_TRIP": 0.23076923076923078, "UNKNOWN": 0.019230769230769232}, "end_percents_duration": {"BIKE_TRIP": 0.007656545889761695, "BUS": 0.01983055956956298, "FOOT": 0.5219493296974144, "PASSENGER_CAR": 0.3295968125808683, "RAIL_TRIP": 0.11646051576243337, "UNKNOWN": 0.004506236499959334}, "end_percents_distance": {"BIKE_TRIP": 0.0011840248639928554, "BUS": 0.06130158321927862, "FOOT": 0.06628770437942454, "PASSENGER_CAR": 0.7079901666947571, "RAIL_TRIP": 0.118585973249026, "UNKNOWN": 0.04465054759352075}}