{"start": {"Count": {"BIKE_TRIP": 3, "BUS": 1, "FOOT": 54, "PASSENGER_CAR": 16, "RAIL_TRIP": 27}, "Duration": {"BIKE_TRIP": 5061.7029999999995, "BUS": 240.08, "FOOT": 172417.85, "PASSENGER_CAR": 22303.903000000002, "RAIL_TRIP": 81372.17599999999}, "Distance": {"BIKE_TRIP": 26.531612479644515, "BUS": 4.387142343576789, "FOOT": 158.3935277575138, "PASSENGER_CAR": 269.65808612635647, "RAIL_TRIP": 242.7604662556539}, "Total_Count": 73, "Total_Duration": 281395.712, "Total_Distance": 701.7308349627455, "Total_Emission": 54.33034521948126}, "start_percents_count": {"BIKE_TRIP": 0.0410958904109589, "BUS": 0.0136986301369863, "FOOT": 0.7397260273972602, "PASSENGER_CAR": 0.2191780821917808, "RAIL_TRIP": 0.3698630136986301}, "start_percents_duration": {"BIKE_TRIP": 0.017987846950560497, "BUS": 0.0008531757584138312, "FOOT": 0.6127238001409204, "PASSENGER_CAR": 0.07926170175613764, "RAIL_TRIP": 0.2891734753939676}, "start_percents_distance": {"BIKE_TRIP": 0.03780881665411363, "BUS": 0.006251887654059979, "FOOT": 0.22571835220255473, "PASSENGER_CAR": 0.3842756690899474, "RAIL_TRIP": 0.34594527439932427}, "end": {"Count": {"BIKE_TRIP": 4, "BUS": 1, "FOOT": 61, "PASSENGER_CAR": 22, "RAIL_TRIP": 29}, "Duration": {"BIKE_TRIP": 3966.174, "BUS": 1020.515, "FOOT": 129944.258, "PASSENGER_CAR": 21220.124, "RAIL_TRIP": 41067.812}, "Distance": {"BIKE_TRIP": 14.279170626811549, "BUS": 0.4296166733183285, "FOOT": 112.24383360463366, "PASSENGER_CAR": 206.97747039163585, "RAIL_TRIP": 306.6022753148322}, "Total_Count": 79, "Total_Duration": 197218.88299999997, "Total_Distance": 640.5323666112316, "Total_Emission": 44.569987453784194}, "end_percents_count": {"BIKE_TRIP": 0.05063291139240506, "BUS": 0.012658227848101266, "FOOT": 0.7721518987341772, "PASSENGER_CAR": 0.27848101265822783, "RAIL_TRIP": 0.3670886075949367}, "end_percents_duration": {"BIKE_TRIP": 0.020110518524739846, "BUS": 0.005174529864871003, "FOOT": 0.6588834498165169, "PASSENGER_CAR": 0.1075968166800742, "RAIL_TRIP": 0.20823468511379817}, "end_percents_distance": {"BIKE_TRIP": 0.022292660560396367, "BUS": 0.0006707181334039947, "FOOT": 0.1752352253461683, "PASSENGER_CAR": 0.32313350765810706, "RAIL_TRIP": 0.4786678883019242}}