{"start": {"Count": {"BUS": 1, "FOOT": 2, "PASSENGER_CAR": 22, "RAIL_TRIP": 5}, "Duration": {"BUS": 270.559, "FOOT": 2258.061, "PASSENGER_CAR": 36266.4, "RAIL_TRIP": 5053.363}, "Distance": {"BUS": 1.517165338418339, "FOOT": 4.473325184486656, "PASSENGER_CAR": 587.4361383185977, "RAIL_TRIP": 44.06137894521073}, "Total_Count": 24, "Total_Duration": 43848.383, "Total_Distance": 637.4880077867135, "Total_Emission": 131.80609510381157}, "start_percents_count": {"BUS": 0.041666666666666664, "FOOT": 0.08333333333333333, "PASSENGER_CAR": 0.9166666666666666, "RAIL_TRIP": 0.20833333333333334}, "start_percents_duration": {"BUS": 0.0061703301578988675, "FOOT": 0.05149701871560464, "PASSENGER_CAR": 0.8270863716912891, "RAIL_TRIP": 0.11524627943520745}, "start_percents_distance": {"BUS": 0.0023799119667925455, "FOOT": 0.007017112682664473, "PASSENGER_CAR": 0.9214857866238296, "RAIL_TRIP": 0.06911718872671326}, "end": {"Count": {"BIKE_TRIP": 1, "FOOT": 5, "MOTORCYCLE": 2, "PASSENGER_CAR": 20, "RAIL_TRIP": 6}, "Duration": {"BIKE_TRIP": 3967.513, "FOOT": 5319.058, "MOTORCYCLE": 1524.924, "PASSENGER_CAR": 14601.408, "RAIL_TRIP": 3757.21}, "Distance": {"BIKE_TRIP": 36.15728925487022, "FOOT": 8.042995211293945, "MOTORCYCLE": 15.311914693956528, "PASSENGER_CAR": 134.2158989247913, "RAIL_TRIP": 18.89655714864286}, "Total_Count": 25, "Total_Duration": 29170.113000000005, "Total_Distance": 212.62465523355485, "Total_Emission": 31.407389050663564}, "end_percents_count": {"BIKE_TRIP": 0.04, "FOOT": 0.2, "MOTORCYCLE": 0.08, "PASSENGER_CAR": 0.8, "RAIL_TRIP": 0.24}, "end_percents_duration": {"BIKE_TRIP": 0.1360129458531751, "FOOT": 0.18234615683525118, "MOTORCYCLE": 0.05227693152919907, "PASSENGER_CAR": 0.5005605566217723, "RAIL_TRIP": 0.12880340916060212}, "end_percents_distance": {"BIKE_TRIP": 0.17005219462979826, "FOOT": 0.03782719930790349, "MOTORCYCLE": 0.07201382491196681, "PASSENGER_CAR": 0.6312339402848817, "RAIL_TRIP": 0.08887284086544986}}