{"start": {"Count": {"BIKE_TRIP": 1, "BUS": 2, "FOOT": 12, "PASSENGER_CAR": 6, "RAIL_TRIP": 2}, "Duration": {"BIKE_TRIP": 540.782, "BUS": 632.504, "FOOT": 6254.960999999999, "PASSENGER_CAR": 4296.655, "RAIL_TRIP": 785.055}, "Distance": {"BIKE_TRIP": 6.092775194529421, "BUS": 4.894861423242871, "FOOT": 12.914857292100004, "PASSENGER_CAR": 30.693810161393166, "RAIL_TRIP": 2.1675750904075644}, "Total_Count": 23, "Total_Duration": 12509.957000000002, "Total_Distance": 56.76387916167303}, "start_percents_count": {"BIKE_TRIP": 0.043478260869565216, "BUS": 0.08695652173913043, "FOOT": 0.5217391304347826, "PASSENGER_CAR": 0.2608695652173913, "RAIL_TRIP": 0.08695652173913043}, "start_percents_duration": {"BIKE_TRIP": 0.0432281262037911, "BUS": 0.05056004588984598, "FOOT": 0.4999986011142963, "PASSENGER_CAR": 0.3434588144467642, "RAIL_TRIP": 0.06275441234530221}, "start_percents_distance": {"BIKE_TRIP": 0.10733542676278654, "BUS": 0.08623197525492375, "FOOT": 0.22751893427361314, "PASSENGER_CAR": 0.540727846910745, "RAIL_TRIP": 0.03818581679793144}, "end": {"Count": {"BIKE_TRIP": 2, "FOOT": 12, "PASSENGER_CAR": 6, "RAIL_TRIP": 2}, "Duration": {"BIKE_TRIP": 514.706, "FOOT": 7958.641, "PASSENGER_CAR": 6573.817, "RAIL_TRIP": 740.624}, "Distance": {"BIKE_TRIP": 2.4870740262300366, "FOOT": 17.638145127907066, "PASSENGER_CAR": 48.66475378301914, "RAIL_TRIP": 2.4170764776694162}, "Total_Count": 22, "Total_Duration": 15787.788000000002, "Total_Distance": 71.20704941482566}, "end_percents_count": {"BIKE_TRIP": 0.09090909090909091, "FOOT": 0.5454545454545454, "PASSENGER_CAR": 0.2727272727272727, "RAIL_TRIP": 0.09090909090909091}, "end_percents_duration": {"BIKE_TRIP": 0.03260152720571115, "FOOT": 0.5041010811647584, "PASSENGER_CAR": 0.4163861967236955, "RAIL_TRIP": 0.046911194905834806}, "end_percents_distance": {"BIKE_TRIP": 0.03492735686520688, "FOOT": 0.2477022327544261, "PASSENGER_CAR": 0.6834260678253422, "RAIL_TRIP": 0.033944342555024744}}