{"start": {"Count": {"FOOT": 6, "PASSENGER_CAR": 4, "RAIL_TRIP": 2}, "Duration": {"FOOT": 9756.677, "PASSENGER_CAR": 3224.835, "RAIL_TRIP": 968.884}, "Distance": {"FOOT": 15.802954906702897, "PASSENGER_CAR": 41.762677222234096, "RAIL_TRIP": 4.654098823694316}, "Total_Count": 9, "Total_Duration": 13950.396, "Total_Distance": 62.21973095263131, "Total_Emission": 9.20913497356723}, "start_percents_count": {"FOOT": 0.6666666666666666, "PASSENGER_CAR": 0.4444444444444444, "RAIL_TRIP": 0.2222222222222222}, "start_percents_duration": {"FOOT": 0.6993835157080845, "PASSENGER_CAR": 0.23116440565558138, "RAIL_TRIP": 0.06945207863633406}, "start_percents_distance": {"FOOT": 0.2539862301676279, "PASSENGER_CAR": 0.671212758120548, "RAIL_TRIP": 0.07480101171182404}, "end": {"Count": {"BIKE_TRIP": 2, "FOOT": 6, "MOTORCYCLE": 1, "PASSENGER_CAR": 4, "RAIL_TRIP": 4}, "Duration": {"BIKE_TRIP": 737.857, "FOOT": 55043.168000000005, "MOTORCYCLE": 340.548, "PASSENGER_CAR": 3821.9170000000004, "RAIL_TRIP": 4634.252}, "Distance": {"BIKE_TRIP": 4.104884263048066, "FOOT": 54.4140634114742, "MOTORCYCLE": 1.8844588469464727, "PASSENGER_CAR": 59.799553910450825, "RAIL_TRIP": 32.135048365767446}, "Total_Count": 11, "Total_Duration": 64577.74200000001, "Total_Distance": 152.338008797687, "Total_Emission": 11.603899948289996}, "end_percents_count": {"BIKE_TRIP": 0.18181818181818182, "FOOT": 0.5454545454545454, "MOTORCYCLE": 0.09090909090909091, "PASSENGER_CAR": 0.36363636363636365, "RAIL_TRIP": 0.36363636363636365}, "end_percents_duration": {"BIKE_TRIP": 0.011425871781023248, "FOOT": 0.8523551040233025, "MOTORCYCLE": 0.005273457842486966, "PASSENGER_CAR": 0.05918319349103286, "RAIL_TRIP": 0.07176237286215426}, "end_percents_distance": {"BIKE_TRIP": 0.026945896795195556, "FOOT": 0.3571929542793157, "MOTORCYCLE": 0.012370247332359021, "PASSENGER_CAR": 0.39254519855164854, "RAIL_TRIP": 0.2109457030414813}}