{"start": {"Count": {"BIKE_TRIP": 1, "FOOT": 4, "MOTORCYCLE": 1, "PASSENGER_CAR": 8, "RAIL_TRIP": 4}, "Duration": {"BIKE_TRIP": 720.954, "FOOT": 15229.909, "MOTORCYCLE": 180.296, "PASSENGER_CAR": 8192.78, "RAIL_TRIP": 3967.014}, "Distance": {"BIKE_TRIP": 4.1881314704570896, "FOOT": 16.42132530696319, "MOTORCYCLE": 2.410985671289757, "PASSENGER_CAR": 118.841477718062, "RAIL_TRIP": 35.30420663257911}, "Total_Count": 10, "Total_Duration": 28290.952999999998, "Total_Distance": 177.16612679935116, "Total_Emission": 25.18622767131565}, "start_percents_count": {"BIKE_TRIP": 0.1, "FOOT": 0.4, "MOTORCYCLE": 0.1, "PASSENGER_CAR": 0.8, "RAIL_TRIP": 0.4}, "start_percents_duration": {"BIKE_TRIP": 0.025483552993071673, "FOOT": 0.5383314234766147, "MOTORCYCLE": 0.006372920700126292, "PASSENGER_CAR": 0.28959010323901074, "RAIL_TRIP": 0.14022199959117673}, "start_percents_distance": {"BIKE_TRIP": 0.023639572338793307, "FOOT": 0.09268885426140801, "MOTORCYCLE": 0.013608615342256197, "PASSENGER_CAR": 0.6707911939208079, "RAIL_TRIP": 0.19927176413673456}, "end": {"Count": {"BIKE_TRIP": 1, "FOOT": 5, "PASSENGER_CAR": 6, "RAIL_TRIP": 3}, "Duration": {"BIKE_TRIP": 600.918, "FOOT": 10820.783, "PASSENGER_CAR": 14336.623, "RAIL_TRIP": 2707.801}, "Distance": {"BIKE_TRIP": 3.883860485982345, "FOOT": 16.097008882069556, "PASSENGER_CAR": 87.72292020848533, "RAIL_TRIP": 37.33917767148186}, "Total_Count": 9, "Total_Duration": 28466.125, "Total_Distance": 145.04296724801907, "Total_Emission": 20.302552507305645}, "end_percents_count": {"BIKE_TRIP": 0.1111111111111111, "FOOT": 0.5555555555555556, "PASSENGER_CAR": 0.6666666666666666, "RAIL_TRIP": 0.3333333333333333}, "end_percents_duration": {"BIKE_TRIP": 0.021109933297911113, "FOOT": 0.38012841579245504, "PASSENGER_CAR": 0.5036380258992047, "RAIL_TRIP": 0.09512362501042906}, "end_percents_distance": {"BIKE_TRIP": 0.026777309921832068, "FOOT": 0.1109809678296512, "PASSENGER_CAR": 0.6048064368297279, "RAIL_TRIP": 0.2574352854187891}}