{"start": {"Count": {"BIKE_TRIP": 1, "BUS": 1, "FOOT": 8, "PASSENGER_CAR": 5, "RAIL_TRIP": 8}, "Duration": {"BIKE_TRIP": 1621.852, "BUS": 1382.895, "FOOT": 19712.768, "PASSENGER_CAR": 8330.35, "RAIL_TRIP": 12050.622}, "Distance": {"BIKE_TRIP": 10.750760296804923, "BUS": 34.28815944520451, "FOOT": 16.901962448432744, "PASSENGER_CAR": 83.5623378057079, "RAIL_TRIP": 104.20272453308324}, "Total_Count": 14, "Total_Duration": 43098.486999999994, "Total_Distance": 249.70594452923334, "Total_Emission": 18.764652762063}, "start_percents_count": {"BIKE_TRIP": 0.07142857142857142, "BUS": 0.07142857142857142, "FOOT": 0.5714285714285714, "PASSENGER_CAR": 0.35714285714285715, "RAIL_TRIP": 0.5714285714285714}, "start_percents_duration": {"BIKE_TRIP": 0.03763129782258946, "BUS": 0.03208685724860829, "FOOT": 0.4573888637900445, "PASSENGER_CAR": 0.19328636757016554, "RAIL_TRIP": 0.27960661356859234}, "start_percents_distance": {"BIKE_TRIP": 0.04305368186998176, "BUS": 0.1373141496885364, "FOOT": 0.06768746527159274, "PASSENGER_CAR": 0.334642965601987, "RAIL_TRIP": 0.41730173756790206}, "end": {"Count": {"FOOT": 7, "PASSENGER_CAR": 5, "RAIL_TRIP": 5}, "Duration": {"FOOT": 13230.520999999999, "PASSENGER_CAR": 4151.988, "RAIL_TRIP": 3268.452}, "Distance": {"FOOT": 13.605718735691159, "PASSENGER_CAR": 67.41137900088316, "RAIL_TRIP": 18.109962491580074}, "Total_Count": 11, "Total_Duration": 20650.961, "Total_Distance": 99.12706022815439, "Total_Emission": 14.88850521809318}, "end_percents_count": {"FOOT": 0.6363636363636364, "PASSENGER_CAR": 0.45454545454545453, "RAIL_TRIP": 0.45454545454545453}, "end_percents_duration": {"FOOT": 0.6406733807690596, "PASSENGER_CAR": 0.2010554375653511, "RAIL_TRIP": 0.15827118166558934}, "end_percents_distance": {"FOOT": 0.13725534384229443, "PASSENGER_CAR": 0.680050218837588, "RAIL_TRIP": 0.1826944373201176}}