{"start": {"Count": {"FOOT": 4, "PASSENGER_CAR": 1, "RAIL_TRIP": 3}, "Duration": {"FOOT": 15246.788, "PASSENGER_CAR": 660.19, "RAIL_TRIP": 4246.281}, "Distance": {"FOOT": 12.411536931970005, "PASSENGER_CAR": 0.5937557671671326, "RAIL_TRIP": 43.87976938166908}, "Total_Count": 6, "Total_Duration": 20153.259, "Total_Distance": 56.885062080806215, "Total_Emission": 0.3370167557669177}, "start_percents_count": {"FOOT": 0.6666666666666666, "PASSENGER_CAR": 0.16666666666666666, "RAIL_TRIP": 0.5}, "start_percents_duration": {"FOOT": 0.7565420560515796, "PASSENGER_CAR": 0.03275847345583164, "RAIL_TRIP": 0.21069947049258883}, "start_percents_distance": {"FOOT": 0.21818622460742335, "PASSENGER_CAR": 0.010437815226846238, "RAIL_TRIP": 0.7713759601657304}, "end": {"Count": {"FOOT": 4, "PASSENGER_CAR": 2, "RAIL_TRIP": 4}, "Duration": {"FOOT": 3572.083, "PASSENGER_CAR": 1920.4450000000002, "RAIL_TRIP": 9477.204}, "Distance": {"FOOT": 4.068139475889335, "PASSENGER_CAR": 1.45536453089015, "RAIL_TRIP": 18.45578808892848}, "Total_Count": 6, "Total_Duration": 14969.732000000002, "Total_Distance": 23.979292095707965, "Total_Emission": 0.3811833729878047}, "end_percents_count": {"FOOT": 0.6666666666666666, "PASSENGER_CAR": 0.3333333333333333, "RAIL_TRIP": 0.6666666666666666}, "end_percents_duration": {"FOOT": 0.2386203707588085, "PASSENGER_CAR": 0.1282885358268271, "RAIL_TRIP": 0.6330910934143643}, "end_percents_distance": {"FOOT": 0.16965219238550786, "PASSENGER_CAR": 0.060692556105550945, "RAIL_TRIP": 0.7696552515089412}}