{"start": {"Count": {"BIKE_TRIP": 2, "BUS": 1, "FOOT": 12, "PASSENGER_CAR": 6, "RAIL_TRIP": 1}, "Duration": {"BIKE_TRIP": 1096.8870000000002, "BUS": 422.773, "FOOT": 11989.01, "PASSENGER_CAR": 5303.193, "RAIL_TRIP": 3866.996}, "Distance": {"BIKE_TRIP": 4.3597332376469, "BUS": 3.017231980119803, "FOOT": 9.818119701575144, "PASSENGER_CAR": 62.70787126869394, "RAIL_TRIP": 10.801691603548882}, "Total_Count": 19, "Total_Duration": 22678.859, "Total_Distance": 90.70464779158466, "Total_Emission": 12.474606201607441}, "start_percents_count": {"BIKE_TRIP": 0.10526315789473684, "BUS": 0.05263157894736842, "FOOT": 0.631578947368421, "PASSENGER_CAR": 0.3157894736842105, "RAIL_TRIP": 0.05263157894736842}, "start_percents_duration": {"BIKE_TRIP": 0.048366057569298355, "BUS": 0.01864172267220322, "FOOT": 0.5286425564884019, "PASSENGER_CAR": 0.23383861595506195, "RAIL_TRIP": 0.17051104731503466}, "start_percents_distance": {"BIKE_TRIP": 0.04806515811256349, "BUS": 0.03326435914345432, "FOOT": 0.10824274103499736, "PASSENGER_CAR": 0.6913413236858609, "RAIL_TRIP": 0.119086418023124}, "end": {"Count": {"BIKE_TRIP": 2, "FOOT": 18, "PASSENGER_CAR": 9, "RAIL_TRIP": 7, "UNKNOWN": 1}, "Duration": {"BIKE_TRIP": 752.476, "FOOT": 43517.568, "PASSENGER_CAR": 55892.517, "RAIL_TRIP": 8458.768, "UNKNOWN": 1509.443}, "Distance": {"BIKE_TRIP": 3.3383250679146306, "FOOT": 36.86561483950374, "PASSENGER_CAR": 236.92242171041312, "RAIL_TRIP": 69.09512838046132, "UNKNOWN": 7.45285489385325}, "Total_Count": 22, "Total_Duration": 110130.772, "Total_Distance": 353.67434489214605, "Total_Emission": 47.26453050190028}, "end_percents_count": {"BIKE_TRIP": 0.09090909090909091, "FOOT": 0.8181818181818182, "PASSENGER_CAR": 0.4090909090909091, "RAIL_TRIP": 0.3181818181818182, "UNKNOWN": 0.045454545454545456}, "end_percents_duration": {"BIKE_TRIP": 0.006832568103672242, "FOOT": 0.3951444924039941, "PASSENGER_CAR": 0.5075104440382929, "RAIL_TRIP": 0.0768065804532815, "UNKNOWN": 0.013705915000759279}, "end_percents_distance": {"BIKE_TRIP": 0.0094389799998998, "FOOT": 0.10423604474547345, "PASSENGER_CAR": 0.6698886281465036, "RAIL_TRIP": 0.19536369934192446, "UNKNOWN": 0.021072647766198643}}