{"start": {"Count": {"FOOT": 12, "PASSENGER_CAR": 11, "RAIL_TRIP": 14, "UNKNOWN": 1}, "Duration": {"FOOT": 15972.565, "PASSENGER_CAR": 18456.444, "RAIL_TRIP": 29348.522999999997, "UNKNOWN": 1442.876}, "Distance": {"FOOT": 29.897043063176838, "PASSENGER_CAR": 122.7741170421942, "RAIL_TRIP": 178.57414123366297, "UNKNOWN": 69.8201243836436}, "Total_Count": 23, "Total_Duration": 65220.408, "Total_Distance": 401.0654257226776, "Total_Emission": 26.134203519414292}, "start_percents_count": {"FOOT": 0.5217391304347826, "PASSENGER_CAR": 0.4782608695652174, "RAIL_TRIP": 0.6086956521739131, "UNKNOWN": 0.043478260869565216}, "start_percents_duration": {"FOOT": 0.24490133517717338, "PASSENGER_CAR": 0.2829857182126183, "RAIL_TRIP": 0.44998987126851453, "UNKNOWN": 0.02212307534169366}, "start_percents_distance": {"FOOT": 0.07454405477436885, "PASSENGER_CAR": 0.3061199225063297, "RAIL_TRIP": 0.4452494026676351, "UNKNOWN": 0.1740866200516664}, "end": {"Count": {"FOOT": 11, "PASSENGER_CAR": 8, "RAIL_TRIP": 8, "UNKNOWN": 1}, "Duration": {"FOOT": 12354.806, "PASSENGER_CAR": 12496.176, "RAIL_TRIP": 23631.177, "UNKNOWN": 300.698}, "Distance": {"FOOT": 15.558087941807354, "PASSENGER_CAR": 103.45650443817736, "RAIL_TRIP": 187.65301702469384, "UNKNOWN": 9.319685216653257}, "Total_Count": 18, "Total_Duration": 48782.857, "Total_Distance": 315.98729462133184, "Total_Emission": 19.41435362993112}, "end_percents_count": {"FOOT": 0.6111111111111112, "PASSENGER_CAR": 0.4444444444444444, "RAIL_TRIP": 0.4444444444444444, "UNKNOWN": 0.05555555555555555}, "end_percents_duration": {"FOOT": 0.25326122248231586, "PASSENGER_CAR": 0.25615916673351047, "RAIL_TRIP": 0.48441560116087495, "UNKNOWN": 0.00616400962329861}, "end_percents_distance": {"FOOT": 0.049236435156203434, "PASSENGER_CAR": 0.3274071654120019, "RAIL_TRIP": 0.5938625388390083, "UNKNOWN": 0.02949386059278631}}