{"start": {"Count": {"BIKE_TRIP": 4, "FOOT": 16, "PASSENGER_CAR": 16, "RAIL_TRIP": 27}, "Duration": {"BIKE_TRIP": 2630.757, "FOOT": 15268.012999999999, "PASSENGER_CAR": 19788.088, "RAIL_TRIP": 84320.893}, "Distance": {"BIKE_TRIP": 9.806924024676897, "FOOT": 22.62704793578022, "PASSENGER_CAR": 328.6894563810345, "RAIL_TRIP": 270.72594694818633}, "Total_Count": 40, "Total_Duration": 122007.75099999999, "Total_Distance": 631.8493752896782, "Total_Emission": 63.07663793090976}, "start_percents_count": {"BIKE_TRIP": 0.1, "FOOT": 0.4, "PASSENGER_CAR": 0.4, "RAIL_TRIP": 0.675}, "start_percents_duration": {"BIKE_TRIP": 0.02156221205978955, "FOOT": 0.12513969706727895, "PASSENGER_CAR": 0.16218713842204993, "RAIL_TRIP": 0.6911109524508816}, "start_percents_distance": {"BIKE_TRIP": 0.015520983968973313, "FOOT": 0.03581082584026708, "PASSENGER_CAR": 0.5202022336895455, "RAIL_TRIP": 0.4284659565012138}, "end": {"Count": {"BIKE_TRIP": 3, "FOOT": 18, "HIGH_SPEED_TRAIN": 1, "PASSENGER_CAR": 18, "RAIL_TRIP": 27, "UNKNOWN": 2}, "Duration": {"BIKE_TRIP": 6255.342, "FOOT": 36368.422, "HIGH_SPEED_TRAIN": 7149.4, "PASSENGER_CAR": 39330.651, "RAIL_TRIP": 85387.631, "UNKNOWN": 1761.237}, "Distance": {"BIKE_TRIP": 4.36253855577881, "FOOT": 48.98057404935144, "HIGH_SPEED_TRAIN": 438.47753823262696, "PASSENGER_CAR": 712.3293168453231, "RAIL_TRIP": 250.6955705252509, "UNKNOWN": 107.38761604707939}, "Total_Count": 39, "Total_Duration": 176252.68300000002, "Total_Distance": 1562.2331542554105, "Total_Emission": 147.0954852473713}, "end_percents_count": {"BIKE_TRIP": 0.07692307692307693, "FOOT": 0.46153846153846156, "HIGH_SPEED_TRAIN": 0.02564102564102564, "PASSENGER_CAR": 0.46153846153846156, "RAIL_TRIP": 0.6923076923076923, "UNKNOWN": 0.05128205128205128}, "end_percents_duration": {"BIKE_TRIP": 0.035490761862615156, "FOOT": 0.20634251564840006, "HIGH_SPEED_TRAIN": 0.040563354147635865, "PASSENGER_CAR": 0.22314923285451488, "RAIL_TRIP": 0.4844614535598303, "UNKNOWN": 0.00999268192700363}, "end_percents_distance": {"BIKE_TRIP": 0.0027925015826834616, "FOOT": 0.03135292188360738, "HIGH_SPEED_TRAIN": 0.2806735582574507, "PASSENGER_CAR": 0.45596863368632873, "RAIL_TRIP": 0.160472570846659, "UNKNOWN": 0.06873981374327082}}