{"start": {"Count": {"BIKE_TRIP": 2, "FOOT": 3, "PASSENGER_CAR": 6, "RAIL_TRIP": 1}, "Duration": {"BIKE_TRIP": 6253.098, "FOOT": 2253.143, "PASSENGER_CAR": 7618.776, "RAIL_TRIP": 120.262}, "Distance": {"BIKE_TRIP": 15.362178859817497, "FOOT": 5.640651803571008, "PASSENGER_CAR": 88.43565122762342, "RAIL_TRIP": 2.2640904960898536}, "Total_Count": 8, "Total_Duration": 16245.278999999999, "Total_Distance": 111.70257238710178, "Total_Emission": 19.68801812657185}, "start_percents_count": {"BIKE_TRIP": 0.25, "FOOT": 0.375, "PASSENGER_CAR": 0.75, "RAIL_TRIP": 0.125}, "start_percents_duration": {"BIKE_TRIP": 0.3849178582897838, "FOOT": 0.13869524801636218, "PASSENGER_CAR": 0.46898400452217537, "RAIL_TRIP": 0.007402889171678739}, "start_percents_distance": {"BIKE_TRIP": 0.1375275298636843, "FOOT": 0.05049706271779942, "PASSENGER_CAR": 0.7917064874849294, "RAIL_TRIP": 0.020268919933586833}, "end": {"Count": {"BIKE_TRIP": 1, "PASSENGER_CAR": 3, "RAIL_TRIP": 1}, "Duration": {"BIKE_TRIP": 1178.143, "PASSENGER_CAR": 997.844, "RAIL_TRIP": 281.894}, "Distance": {"BIKE_TRIP": 7.776034266373691, "PASSENGER_CAR": 11.824928642117776, "RAIL_TRIP": 0.6910621348648145}, "Total_Count": 5, "Total_Duration": 2457.8810000000003, "Total_Distance": 20.292025043356283, "Total_Emission": 2.6882443129896645}, "end_percents_count": {"BIKE_TRIP": 0.2, "PASSENGER_CAR": 0.6, "RAIL_TRIP": 0.2}, "end_percents_duration": {"BIKE_TRIP": 0.4793328074060542, "PASSENGER_CAR": 0.40597734389907403, "RAIL_TRIP": 0.11468984869487171}, "end_percents_distance": {"BIKE_TRIP": 0.3832064197515667, "PASSENGER_CAR": 0.5827377315399737, "RAIL_TRIP": 0.03405584870845958}}