{"start": {"Count": {"FOOT": 27, "PASSENGER_CAR": 13, "RAIL_TRIP": 23}, "Duration": {"FOOT": 54345.806, "PASSENGER_CAR": 22169.96, "RAIL_TRIP": 49910.135}, "Distance": {"FOOT": 64.14541909817483, "PASSENGER_CAR": 263.89078666889566, "RAIL_TRIP": 159.39565766995872}, "Total_Count": 38, "Total_Duration": 126425.90100000001, "Total_Distance": 487.4318634370292, "Total_Emission": 48.69836656825729}, "start_percents_count": {"FOOT": 0.7105263157894737, "PASSENGER_CAR": 0.34210526315789475, "RAIL_TRIP": 0.6052631578947368}, "start_percents_duration": {"FOOT": 0.42986291234736773, "PASSENGER_CAR": 0.17535931976470548, "RAIL_TRIP": 0.3947777678879267}, "start_percents_distance": {"FOOT": 0.13159874006977326, "PASSENGER_CAR": 0.5413901028302132, "RAIL_TRIP": 0.32701115710001355}, "end": {"Count": {"FOOT": 25, "PASSENGER_CAR": 10, "RAIL_TRIP": 18}, "Duration": {"FOOT": 32644.75, "PASSENGER_CAR": 8987.336, "RAIL_TRIP": 34672.062}, "Distance": {"FOOT": 44.36006085868018, "PASSENGER_CAR": 104.0760464715979, "RAIL_TRIP": 150.38693556207707}, "Total_Count": 34, "Total_Duration": 76304.148, "Total_Distance": 298.82304289235515, "Total_Emission": 25.55772846557445}, "end_percents_count": {"FOOT": 0.7352941176470589, "PASSENGER_CAR": 0.29411764705882354, "RAIL_TRIP": 0.5294117647058824}, "end_percents_duration": {"FOOT": 0.427824054860032, "PASSENGER_CAR": 0.11778305944782974, "RAIL_TRIP": 0.4543928856921382}, "end_percents_distance": {"FOOT": 0.14844926425121766, "PASSENGER_CAR": 0.34828654933779374, "RAIL_TRIP": 0.5032641864109886}}