{"start": {"Count": {"FOOT": 3, "PASSENGER_CAR": 1, "RAIL_TRIP": 1}, "Duration": {"FOOT": 5770.846, "PASSENGER_CAR": 437.646, "RAIL_TRIP": 186.927}, "Distance": {"FOOT": 2.1834489687770273, "PASSENGER_CAR": 2.990812253878818, "RAIL_TRIP": 1.228695889004122}, "Total_Count": 5, "Total_Duration": 6395.419, "Total_Distance": 6.402957111659967, "Total_Emission": 0.7302733264754216}, "start_percents_count": {"FOOT": 0.6, "PASSENGER_CAR": 0.2, "RAIL_TRIP": 0.2}, "start_percents_duration": {"FOOT": 0.9023405659582272, "PASSENGER_CAR": 0.0684311692478632, "RAIL_TRIP": 0.029228264793909515}, "start_percents_distance": {"FOOT": 0.3410063398364647, "PASSENGER_CAR": 0.4670985923726498, "RAIL_TRIP": 0.19189506779088553}, "end": {"Count": {"FOOT": 5, "PASSENGER_CAR": 3, "RAIL_TRIP": 1}, "Duration": {"FOOT": 14060.084, "PASSENGER_CAR": 5150.915, "RAIL_TRIP": 601.898}, "Distance": {"FOOT": 10.88650835678433, "PASSENGER_CAR": 29.663642595816654, "RAIL_TRIP": 8.945363512520089}, "Total_Count": 7, "Total_Duration": 19812.896999999997, "Total_Distance": 49.495514465121076, "Total_Emission": 6.332865056808583}, "end_percents_count": {"FOOT": 0.7142857142857143, "PASSENGER_CAR": 0.42857142857142855, "RAIL_TRIP": 0.14285714285714285}, "end_percents_duration": {"FOOT": 0.7096430168692647, "PASSENGER_CAR": 0.2599778820835742, "RAIL_TRIP": 0.030379101047161357}, "end_percents_distance": {"FOOT": 0.21994939287793297, "PASSENGER_CAR": 0.599319815469749, "RAIL_TRIP": 0.180730791652318}}