{"start": {"Count": {"BIKE_TRIP": 1, "BUS": 1, "FOOT": 34, "HIGH_SPEED_TRAIN": 1, "PASSENGER_CAR": 13, "RAIL_TRIP": 26, "UNKNOWN": 1}, "Duration": {"BIKE_TRIP": 12405.806, "BUS": 2437.075, "FOOT": 63149.22, "HIGH_SPEED_TRAIN": 8058.487999999999, "PASSENGER_CAR": 34256.15, "RAIL_TRIP": 40648.945999999996, "UNKNOWN": 407.09}, "Distance": {"BIKE_TRIP": 10.592033691026407, "BUS": 55.80397962800504, "FOOT": 45.7955612825772, "HIGH_SPEED_TRAIN": 495.1636134536421, "PASSENGER_CAR": 830.869556291354, "RAIL_TRIP": 358.40091876917234, "UNKNOWN": 34.18316533563439}, "Total_Count": 50, "Total_Duration": 161362.775, "Total_Distance": 1830.8088284514115, "Total_Emission": 132.68886094541915}, "start_percents_count": {"BIKE_TRIP": 0.02, "BUS": 0.02, "FOOT": 0.68, "HIGH_SPEED_TRAIN": 0.02, "PASSENGER_CAR": 0.26, "RAIL_TRIP": 0.52, "UNKNOWN": 0.02}, "start_percents_duration": {"BIKE_TRIP": 0.07688146166301367, "BUS": 0.015103080620669791, "FOOT": 0.39134936790718927, "HIGH_SPEED_TRAIN": 0.04994019221595563, "PASSENGER_CAR": 0.2122927670275874, "RAIL_TRIP": 0.25191030583106916, "UNKNOWN": 0.002522824734515132}, "start_percents_distance": {"BIKE_TRIP": 0.005785439487958812, "BUS": 0.030480506080586688, "FOOT": 0.025013841189149903, "HIGH_SPEED_TRAIN": 0.2704616701419754, "PASSENGER_CAR": 0.45382649645301554, "RAIL_TRIP": 0.19576097361969, "UNKNOWN": 0.018671073027623643}, "end": {"Count": {"FOOT": 28, "HIGH_SPEED_TRAIN": 3, "PASSENGER_CAR": 14, "PLANE": 1, "RAIL_TRIP": 33, "UNKNOWN": 3}, "Duration": {"FOOT": 84154.478, "HIGH_SPEED_TRAIN": 5473.53, "PASSENGER_CAR": 29819.946, "PLANE": 3349.989, "RAIL_TRIP": 42450.048, "UNKNOWN": 4163.599}, "Distance": {"FOOT": 82.95792752331172, "HIGH_SPEED_TRAIN": 395.0954910834092, "PASSENGER_CAR": 782.558031073884, "PLANE": 411.98268812088946, "RAIL_TRIP": 347.235025599938, "UNKNOWN": 181.53023394448712}, "Total_Count": 52, "Total_Duration": 169411.59, "Total_Distance": 2201.3593973459197, "Total_Emission": 209.5963821191846}, "end_percents_count": {"FOOT": 0.5384615384615384, "HIGH_SPEED_TRAIN": 0.057692307692307696, "PASSENGER_CAR": 0.2692307692307692, "PLANE": 0.019230769230769232, "RAIL_TRIP": 0.6346153846153846, "UNKNOWN": 0.057692307692307696}, "end_percents_duration": {"FOOT": 0.4967456949078868, "HIGH_SPEED_TRAIN": 0.03230906456872284, "PASSENGER_CAR": 0.1760206961046762, "PLANE": 0.019774261017206675, "RAIL_TRIP": 0.250573458403879, "UNKNOWN": 0.024576824997628557}, "end_percents_distance": {"FOOT": 0.03768486310019635, "HIGH_SPEED_TRAIN": 0.1794779587375683, "PASSENGER_CAR": 0.35548853677295, "PLANE": 0.1871492172598434, "RAIL_TRIP": 0.15773663583446834, "UNKNOWN": 0.08246278829497354}}