{"start": {"Count": {"BIKE_TRIP": 4, "FOOT": 1, "PASSENGER_CAR": 4}, "Duration": {"BIKE_TRIP": 8191.295, "FOOT": 1501.48, "PASSENGER_CAR": 16863.25}, "Distance": {"BIKE_TRIP": 94.05477240996994, "FOOT": 0.9496327772724212, "PASSENGER_CAR": 331.4522628335051}, "Total_Count": 7, "Total_Duration": 26556.024999999998, "Total_Distance": 426.4566680207474, "Total_Emission": 41.94701344193755}, "start_percents_count": {"BIKE_TRIP": 0.5714285714285714, "FOOT": 0.14285714285714285, "PASSENGER_CAR": 0.5714285714285714}, "start_percents_duration": {"BIKE_TRIP": 0.3084533547471808, "FOOT": 0.05654008836036267, "PASSENGER_CAR": 0.6350065568924567}, "start_percents_distance": {"BIKE_TRIP": 0.22054942380545478, "FOOT": 0.002226797816715627, "PASSENGER_CAR": 0.7772237783778297}, "end": {"Count": {"FOOT": 1, "PASSENGER_CAR": 4, "RAIL_TRIP": 2}, "Duration": {"FOOT": 2103.168, "PASSENGER_CAR": 2851.75, "RAIL_TRIP": 363.54499999999996}, "Distance": {"FOOT": 6.424542146283481, "PASSENGER_CAR": 28.589769962010106, "RAIL_TRIP": 5.553018084560406}, "Total_Count": 5, "Total_Duration": 5318.463, "Total_Distance": 40.56733019285399, "Total_Emission": 5.738587494223459}, "end_percents_count": {"FOOT": 0.2, "PASSENGER_CAR": 0.8, "RAIL_TRIP": 0.4}, "end_percents_duration": {"FOOT": 0.3954465792090685, "PASSENGER_CAR": 0.5361981459681114, "RAIL_TRIP": 0.06835527482282004}, "end_percents_distance": {"FOOT": 0.15836738862877342, "PASSENGER_CAR": 0.7047486197907658, "RAIL_TRIP": 0.13688399158046097}}