{"start": {"Count": {"BIKE_TRIP": 2, "FOOT": 4, "PASSENGER_CAR": 2, "RAIL_TRIP": 8}, "Duration": {"BIKE_TRIP": 1419.4099999999999, "FOOT": 3861.143, "PASSENGER_CAR": 1763.399, "RAIL_TRIP": 9005.661}, "Distance": {"BIKE_TRIP": 2.2592702811496057, "FOOT": 10.585966792277295, "PASSENGER_CAR": 29.887588936452325, "RAIL_TRIP": 30.93812393241723}, "Total_Count": 16, "Total_Duration": 16049.612999999998, "Total_Distance": 73.67094994229646}, "start_percents_count": {"BIKE_TRIP": 0.125, "FOOT": 0.25, "PASSENGER_CAR": 0.125, "RAIL_TRIP": 0.5}, "start_percents_duration": {"BIKE_TRIP": 0.08843889257641291, "FOOT": 0.24057545811229222, "PASSENGER_CAR": 0.1098717458171733, "RAIL_TRIP": 0.5611139034941217}, "start_percents_distance": {"BIKE_TRIP": 0.030667044240900963, "FOOT": 0.1436925518208855, "PASSENGER_CAR": 0.40569028850397737, "RAIL_TRIP": 0.41995011543423616}, "end": {"Count": {"BUS": 1, "FOOT": 3, "PASSENGER_CAR": 5, "RAIL_TRIP": 5}, "Duration": {"BUS": 1114.001, "FOOT": 4531.389, "PASSENGER_CAR": 6712.994, "RAIL_TRIP": 3334.319}, "Distance": {"BUS": 3.745974832718621, "FOOT": 6.355766176531386, "PASSENGER_CAR": 86.15074086398366, "RAIL_TRIP": 17.746448115393328}, "Total_Count": 14, "Total_Duration": 15692.703, "Total_Distance": 113.998929988627}, "end_percents_count": {"BUS": 0.07142857142857142, "FOOT": 0.21428571428571427, "PASSENGER_CAR": 0.35714285714285715, "RAIL_TRIP": 0.35714285714285715}, "end_percents_duration": {"BUS": 0.07098847152080812, "FOOT": 0.2887577111476589, "PASSENGER_CAR": 0.42777805710080663, "RAIL_TRIP": 0.21247576023072634}, "end_percents_distance": {"BUS": 0.03285973678079553, "FOOT": 0.055752858181787, "PASSENGER_CAR": 0.7557153463859565, "RAIL_TRIP": 0.15567205865146092}}