{"start": {"Count": {"BIKE_TRIP": 1, "FOOT": 8, "PASSENGER_CAR": 8, "RAIL_TRIP": 3}, "Duration": {"BIKE_TRIP": 939.445, "FOOT": 11086.458999999999, "PASSENGER_CAR": 15002.331999999999, "RAIL_TRIP": 23327.573}, "Distance": {"BIKE_TRIP": 8.407538897601567, "FOOT": 19.183540255264553, "PASSENGER_CAR": 165.63677191625604, "RAIL_TRIP": 326.24348502732266}, "Total_Count": 14, "Total_Duration": 50355.808999999994, "Total_Distance": 519.4713360964448, "Total_Emission": 34.70614200422539}, "start_percents_count": {"BIKE_TRIP": 0.07142857142857142, "FOOT": 0.5714285714285714, "PASSENGER_CAR": 0.5714285714285714, "RAIL_TRIP": 0.21428571428571427}, "start_percents_duration": {"BIKE_TRIP": 0.018656139552836896, "FOOT": 0.2201624642749757, "PASSENGER_CAR": 0.2979265411067073, "RAIL_TRIP": 0.4632548550654802}, "start_percents_distance": {"BIKE_TRIP": 0.016184798492982926, "FOOT": 0.03692896782220712, "PASSENGER_CAR": 0.3188564226872067, "RAIL_TRIP": 0.6280298109976032}, "end": {"Count": {"BIKE_TRIP": 2, "BUS": 1, "FOOT": 13, "PASSENGER_CAR": 5, "RAIL_TRIP": 7, "UNKNOWN": 1}, "Duration": {"BIKE_TRIP": 1641.399, "BUS": 18262.387, "FOOT": 41129.207, "PASSENGER_CAR": 5988.853999999999, "RAIL_TRIP": 20267.135, "UNKNOWN": 120.172}, "Distance": {"BIKE_TRIP": 7.456815452909732, "BUS": 44.69062315858551, "FOOT": 95.50129342311942, "PASSENGER_CAR": 86.20116965356635, "RAIL_TRIP": 153.86983782279694, "UNKNOWN": 2.906752637116051}, "Total_Count": 19, "Total_Duration": 87409.154, "Total_Distance": 390.62649214809403, "Total_Emission": 19.71153421958387}, "end_percents_count": {"BIKE_TRIP": 0.10526315789473684, "BUS": 0.05263157894736842, "FOOT": 0.6842105263157895, "PASSENGER_CAR": 0.2631578947368421, "RAIL_TRIP": 0.3684210526315789, "UNKNOWN": 0.05263157894736842}, "end_percents_duration": {"BIKE_TRIP": 0.018778342140229387, "BUS": 0.20892991367929267, "FOOT": 0.47053660992989366, "PASSENGER_CAR": 0.06851518091571965, "RAIL_TRIP": 0.23186513165428874, "UNKNOWN": 0.0013748216805759268}, "end_percents_distance": {"BIKE_TRIP": 0.019089374639963512, "BUS": 0.1144075582606477, "FOOT": 0.24448237726516778, "PASSENGER_CAR": 0.22067415136013313, "RAIL_TRIP": 0.39390528014792686, "UNKNOWN": 0.007441258326160953}}