{"start": {"Count": {"BIKE_TRIP": 11, "BUS": 1, "FOOT": 99, "PASSENGER_CAR": 80, "RAIL_TRIP": 35}, "Duration": {"BIKE_TRIP": 20323.212, "BUS": 329.708, "FOOT": 293532.045, "PASSENGER_CAR": 173305.874, "RAIL_TRIP": 24179.397}, "Distance": {"BIKE_TRIP": 81.37995901639808, "BUS": 2.736932641199466, "FOOT": 168.7330162716541, "PASSENGER_CAR": 2477.8759010290905, "RAIL_TRIP": 152.34979248571622}, "Total_Count": 164, "Total_Duration": 511670.236, "Total_Distance": 2883.0756014440585, "Total_Emission": 538.2062780117312}, "start_percents_count": {"BIKE_TRIP": 0.06707317073170732, "BUS": 0.006097560975609756, "FOOT": 0.6036585365853658, "PASSENGER_CAR": 0.4878048780487805, "RAIL_TRIP": 0.21341463414634146}, "start_percents_duration": {"BIKE_TRIP": 0.039719355495206096, "BUS": 0.0006443759609265215, "FOOT": 0.5736742619517935, "PASSENGER_CAR": 0.33870618575515504, "RAIL_TRIP": 0.047255820836918885}, "start_percents_distance": {"BIKE_TRIP": 0.028226786344290433, "BUS": 0.0009493100492503931, "FOOT": 0.058525352643246695, "PASSENGER_CAR": 0.8594557491964436, "RAIL_TRIP": 0.05284280176676884}, "end": {"Count": {"BIKE_TRIP": 9, "BUS": 3, "FOOT": 118, "MOTORCYCLE": 1, "PASSENGER_CAR": 93, "RAIL_TRIP": 51, "UNKNOWN": 1}, "Duration": {"BIKE_TRIP": 78225.497, "BUS": 1358.906, "FOOT": 363843.608, "MOTORCYCLE": 120.09, "PASSENGER_CAR": 186953.408, "RAIL_TRIP": 36961.546, "UNKNOWN": 1621.869}, "Distance": {"BIKE_TRIP": 52.64049309892096, "BUS": 8.47407364535761, "FOOT": 243.62841128578359, "MOTORCYCLE": 0.4814766679388832, "PASSENGER_CAR": 3104.206781963455, "RAIL_TRIP": 301.7001359538538, "UNKNOWN": 58.78681232485551}, "Total_Count": 177, "Total_Duration": 669084.924, "Total_Distance": 3769.9181849401657, "Total_Emission": 600.2622353303307}, "end_percents_count": {"BIKE_TRIP": 0.05084745762711865, "BUS": 0.01694915254237288, "FOOT": 0.6666666666666666, "MOTORCYCLE": 0.005649717514124294, "PASSENGER_CAR": 0.5254237288135594, "RAIL_TRIP": 0.288135593220339, "UNKNOWN": 0.005649717514124294}, "end_percents_duration": {"BIKE_TRIP": 0.11691415273915214, "BUS": 0.002030991808746837, "FOOT": 0.5437928653732452, "MOTORCYCLE": 0.00017948394245989618, "PASSENGER_CAR": 0.2794165602810683, "RAIL_TRIP": 0.055241935177723425, "UNKNOWN": 0.002424010677604208}, "end_percents_distance": {"BIKE_TRIP": 0.013963298542977915, "BUS": 0.002247813673837621, "FOOT": 0.0646243232171497, "MOTORCYCLE": 0.000127715415645426, "PASSENGER_CAR": 0.8234148938202285, "RAIL_TRIP": 0.08002829800367199, "UNKNOWN": 0.015593657326488783}}