{"start": {"Count": {"BIKE_TRIP": 1, "FOOT": 10, "PASSENGER_CAR": 1, "RAIL_TRIP": 10}, "Duration": {"BIKE_TRIP": 120.297, "FOOT": 43109.623999999996, "PASSENGER_CAR": 824.522, "RAIL_TRIP": 8431.746000000001}, "Distance": {"BIKE_TRIP": 1.5200372955222476, "FOOT": 23.243503515852055, "PASSENGER_CAR": 6.105406027483344, "RAIL_TRIP": 46.25641287722274}, "Total_Count": 14, "Total_Duration": 52486.189, "Total_Distance": 77.1253597160804, "Total_Emission": 1.550107810768416}, "start_percents_count": {"BIKE_TRIP": 0.07142857142857142, "FOOT": 0.7142857142857143, "PASSENGER_CAR": 0.07142857142857142, "RAIL_TRIP": 0.7142857142857143}, "start_percents_duration": {"BIKE_TRIP": 0.0022919743706291953, "FOOT": 0.8213517655092085, "PASSENGER_CAR": 0.015709313549131944, "RAIL_TRIP": 0.16064694657103035}, "start_percents_distance": {"BIKE_TRIP": 0.019708657452204074, "FOOT": 0.3013730321831596, "PASSENGER_CAR": 0.07916210763825307, "RAIL_TRIP": 0.5997562027263832}, "end": {"Count": {"BIKE_TRIP": 1, "FOOT": 8, "PASSENGER_CAR": 1, "RAIL_TRIP": 6}, "Duration": {"BIKE_TRIP": 601.501, "FOOT": 70697.79400000001, "PASSENGER_CAR": 1323.856, "RAIL_TRIP": 3054.9359999999997}, "Distance": {"BIKE_TRIP": 2.4275335278684915, "FOOT": 52.92146118070254, "PASSENGER_CAR": 7.936931904009436, "RAIL_TRIP": 31.092450279240694}, "Total_Count": 9, "Total_Duration": 75678.08700000001, "Total_Distance": 94.37837689182116, "Total_Emission": 2.1715046229543136}, "end_percents_count": {"BIKE_TRIP": 0.1111111111111111, "FOOT": 0.8888888888888888, "PASSENGER_CAR": 0.1111111111111111, "RAIL_TRIP": 0.6666666666666666}, "end_percents_duration": {"BIKE_TRIP": 0.007948152812055092, "FOOT": 0.9341910822877961, "PASSENGER_CAR": 0.0174932540247747, "RAIL_TRIP": 0.04036751087537399}, "end_percents_distance": {"BIKE_TRIP": 0.025721289217031044, "FOOT": 0.5607371404719371, "PASSENGER_CAR": 0.08409693157900928, "RAIL_TRIP": 0.3294446387320226}}