{"start": {"Count": {"BIKE_TRIP": 2, "FOOT": 22, "MOTORCYCLE": 1, "PASSENGER_CAR": 14, "RAIL_TRIP": 7}, "Duration": {"BIKE_TRIP": 3920.59, "FOOT": 31314.432, "MOTORCYCLE": 180.238, "PASSENGER_CAR": 18729.55, "RAIL_TRIP": 13043.074}, "Distance": {"BIKE_TRIP": 15.477488056393938, "FOOT": 53.15082276485641, "MOTORCYCLE": 0.5040052427691041, "PASSENGER_CAR": 91.40969730185604, "RAIL_TRIP": 73.8017980677502}, "Total_Count": 31, "Total_Duration": 67187.884, "Total_Distance": 234.3438114336257, "Total_Emission": 20.61534548812774}, "start_percents_count": {"BIKE_TRIP": 0.06451612903225806, "FOOT": 0.7096774193548387, "MOTORCYCLE": 0.03225806451612903, "PASSENGER_CAR": 0.45161290322580644, "RAIL_TRIP": 0.22580645161290322}, "start_percents_duration": {"BIKE_TRIP": 0.05835263393620195, "FOOT": 0.4660726032092333, "MOTORCYCLE": 0.0026825967610469765, "PASSENGER_CAR": 0.2787638021164649, "RAIL_TRIP": 0.19412836397705277}, "start_percents_distance": {"BIKE_TRIP": 0.06604607120498977, "FOOT": 0.22680702528349278, "MOTORCYCLE": 0.002150708566553531, "PASSENGER_CAR": 0.3900666151269219, "RAIL_TRIP": 0.314929579818042}, "end": {"Count": {"BIKE_TRIP": 2, "BUS": 1, "FOOT": 27, "PASSENGER_CAR": 9, "RAIL_TRIP": 11}, "Duration": {"BIKE_TRIP": 7570.086, "BUS": 165.514, "FOOT": 40609.526, "PASSENGER_CAR": 11331.286, "RAIL_TRIP": 18865.529}, "Distance": {"BIKE_TRIP": 43.64503398397494, "BUS": 1.3874161083381729, "FOOT": 67.45539805600984, "PASSENGER_CAR": 52.420164049549676, "RAIL_TRIP": 97.66285689300776}, "Total_Count": 33, "Total_Duration": 78541.94099999999, "Total_Distance": 262.57086909088036, "Total_Emission": 13.430782212144974}, "end_percents_count": {"BIKE_TRIP": 0.06060606060606061, "BUS": 0.030303030303030304, "FOOT": 0.8181818181818182, "PASSENGER_CAR": 0.2727272727272727, "RAIL_TRIP": 0.3333333333333333}, "end_percents_duration": {"BIKE_TRIP": 0.09638272117568372, "BUS": 0.002107332692478278, "FOOT": 0.5170425569187296, "PASSENGER_CAR": 0.14427051147106235, "RAIL_TRIP": 0.24019687774204612}, "end_percents_distance": {"BIKE_TRIP": 0.1662219199528514, "BUS": 0.005283968145978768, "FOOT": 0.25690358678998143, "PASSENGER_CAR": 0.19964196420969357, "RAIL_TRIP": 0.37194856090149486}}