{"start": {"Count": {"BIKE_TRIP": 3, "BUS": 1, "FOOT": 9, "PASSENGER_CAR": 9, "RAIL_TRIP": 17}, "Duration": {"BIKE_TRIP": 2345.041, "BUS": 120.137, "FOOT": 37953.127, "PASSENGER_CAR": 25633.897, "RAIL_TRIP": 19886.456000000002}, "Distance": {"BIKE_TRIP": 9.530882142832318, "BUS": 1.868834592902211, "FOOT": 48.535257969890196, "PASSENGER_CAR": 210.85860915014712, "RAIL_TRIP": 114.10766123984847}, "Total_Count": 26, "Total_Duration": 85938.658, "Total_Distance": 384.90124509562037, "Total_Emission": 46.65220788217783}, "start_percents_count": {"BIKE_TRIP": 0.11538461538461539, "BUS": 0.038461538461538464, "FOOT": 0.34615384615384615, "PASSENGER_CAR": 0.34615384615384615, "RAIL_TRIP": 0.6538461538461539}, "start_percents_duration": {"BIKE_TRIP": 0.027287382123188382, "BUS": 0.0013979389810811335, "FOOT": 0.44163043597911433, "PASSENGER_CAR": 0.29828132759531806, "RAIL_TRIP": 0.23140291532129817}, "start_percents_distance": {"BIKE_TRIP": 0.024761889612657857, "BUS": 0.004855361256204665, "FOOT": 0.12609795002827975, "PASSENGER_CAR": 0.5478252196813858, "RAIL_TRIP": 0.29645957942147183}, "end": {"Count": {"BUS": 2, "FOOT": 13, "PASSENGER_CAR": 9, "RAIL_TRIP": 13}, "Duration": {"BUS": 1752.725, "FOOT": 71970.618, "PASSENGER_CAR": 137665.009, "RAIL_TRIP": 22340.203999999998}, "Distance": {"BUS": 11.126488188327976, "FOOT": 115.93187495483392, "PASSENGER_CAR": 210.8433427348741, "RAIL_TRIP": 153.2852003727683}, "Total_Count": 19, "Total_Duration": 233728.55600000004, "Total_Distance": 491.1869062508043, "Total_Emission": 49.75105136154154}, "end_percents_count": {"BUS": 0.10526315789473684, "FOOT": 0.6842105263157895, "PASSENGER_CAR": 0.47368421052631576, "RAIL_TRIP": 0.6842105263157895}, "end_percents_duration": {"BUS": 0.007498976718959405, "FOOT": 0.3079239406245251, "PASSENGER_CAR": 0.5889952488304423, "RAIL_TRIP": 0.09558183382607298}, "end_percents_distance": {"BUS": 0.022652249167746937, "FOOT": 0.23602395234786264, "PASSENGER_CAR": 0.4292527753726718, "RAIL_TRIP": 0.3120710231117185}}