{"start": {"Count": {"BIKE_TRIP": 2, "FOOT": 20, "PASSENGER_CAR": 11, "PLANE": 1, "RAIL_TRIP": 18, "UNKNOWN": 1}, "Duration": {"BIKE_TRIP": 1038.4279999999999, "FOOT": 74560.084, "PASSENGER_CAR": 13834.059, "PLANE": 1383.435, "RAIL_TRIP": 17348.197, "UNKNOWN": 1082.979}, "Distance": {"BIKE_TRIP": 2.0117717701150997, "FOOT": 70.07007077853032, "PASSENGER_CAR": 225.42328409277388, "PLANE": 144.14196975608698, "RAIL_TRIP": 96.33823293508493, "UNKNOWN": 54.133890030850125}, "Total_Count": 33, "Total_Duration": 109247.182, "Total_Distance": 592.1192193634414, "Total_Emission": 70.21039376233324}, "start_percents_count": {"BIKE_TRIP": 0.06060606060606061, "FOOT": 0.6060606060606061, "PASSENGER_CAR": 0.3333333333333333, "PLANE": 0.030303030303030304, "RAIL_TRIP": 0.5454545454545454, "UNKNOWN": 0.030303030303030304}, "start_percents_duration": {"BIKE_TRIP": 0.009505306965263414, "FOOT": 0.6824897689351841, "PASSENGER_CAR": 0.12663080865554957, "PLANE": 0.012663347233981742, "RAIL_TRIP": 0.15879766125226003, "UNKNOWN": 0.009913106957761162}, "start_percents_distance": {"BIKE_TRIP": 0.003397578906960422, "FOOT": 0.11833777470330932, "PASSENGER_CAR": 0.38070590637999474, "PLANE": 0.2434340332864841, "RAIL_TRIP": 0.162700736244727, "UNKNOWN": 0.09142397047852431}, "end": {"Count": {"BIKE_TRIP": 1, "FOOT": 30, "MOTORCYCLE": 1, "PASSENGER_CAR": 12, "PLANE": 1, "RAIL_TRIP": 29, "UNKNOWN": 2}, "Duration": {"BIKE_TRIP": 576.012, "FOOT": 40216.373, "MOTORCYCLE": 1058.318, "PASSENGER_CAR": 28108.599000000002, "PLANE": 1503.064, "RAIL_TRIP": 37122.786, "UNKNOWN": 6730.907999999999}, "Distance": {"BIKE_TRIP": 4.313250109718018, "FOOT": 60.78805763576839, "MOTORCYCLE": 4.658142704140872, "PASSENGER_CAR": 208.4233996103297, "PLANE": 339.7727626153352, "RAIL_TRIP": 141.05185614618895, "UNKNOWN": 336.1428912679918}, "Total_Count": 53, "Total_Duration": 115316.06000000001, "Total_Distance": 1095.1503600894728, "Total_Emission": 85.78672675831646}, "end_percents_count": {"BIKE_TRIP": 0.018867924528301886, "FOOT": 0.5660377358490566, "MOTORCYCLE": 0.018867924528301886, "PASSENGER_CAR": 0.22641509433962265, "PLANE": 0.018867924528301886, "RAIL_TRIP": 0.5471698113207547, "UNKNOWN": 0.03773584905660377}, "end_percents_duration": {"BIKE_TRIP": 0.004995071805262857, "FOOT": 0.3487491074530295, "MOTORCYCLE": 0.009177542139403652, "PASSENGER_CAR": 0.2437526828440028, "PLANE": 0.013034298951941298, "RAIL_TRIP": 0.3219220809313117, "UNKNOWN": 0.0583692158750481}, "end_percents_distance": {"BIKE_TRIP": 0.003938500380318215, "FOOT": 0.05550658599135379, "MOTORCYCLE": 0.004253427541913337, "PASSENGER_CAR": 0.19031487109523637, "PLANE": 0.3102521580576169, "RAIL_TRIP": 0.1287967947475862, "UNKNOWN": 0.3069376621859753}}