{"start": {"Count": {"BIKE_TRIP": 4, "FOOT": 6, "PASSENGER_CAR": 2}, "Duration": {"BIKE_TRIP": 46901.759, "FOOT": 10786.789999999999, "PASSENGER_CAR": 7717.1230000000005}, "Distance": {"BIKE_TRIP": 71.25401221854376, "FOOT": 6.910995118387331, "PASSENGER_CAR": 122.15540347647635}, "Total_Count": 9, "Total_Duration": 65405.672, "Total_Distance": 200.3204108134075, "Total_Emission": 19.014702100434228}, "start_percents_count": {"BIKE_TRIP": 0.4444444444444444, "FOOT": 0.6666666666666666, "PASSENGER_CAR": 0.2222222222222222}, "start_percents_duration": {"BIKE_TRIP": 0.7170900866212337, "FOOT": 0.16492132364300147, "PASSENGER_CAR": 0.11798858973576483}, "start_percents_distance": {"BIKE_TRIP": 0.35570021012444286, "FOOT": 0.03449970519891114, "PASSENGER_CAR": 0.6098000846766457}, "end": {"Count": {"FOOT": 7, "PASSENGER_CAR": 1, "RAIL_TRIP": 1}, "Duration": {"FOOT": 19498.596, "PASSENGER_CAR": 1707.5300000000002, "RAIL_TRIP": 4144.269}, "Distance": {"FOOT": 13.347392311065214, "PASSENGER_CAR": 11.155389461929545, "RAIL_TRIP": 18.345668513454424}, "Total_Count": 8, "Total_Duration": 25350.394999999997, "Total_Distance": 42.84845028644918, "Total_Emission": 2.766930086765511}, "end_percents_count": {"FOOT": 0.875, "PASSENGER_CAR": 0.125, "RAIL_TRIP": 0.125}, "end_percents_duration": {"FOOT": 0.7691633996235563, "PASSENGER_CAR": 0.0673571358552796, "RAIL_TRIP": 0.1634794645211643}, "end_percents_distance": {"FOOT": 0.3115023348997601, "PASSENGER_CAR": 0.2603452257282088, "RAIL_TRIP": 0.4281524393720312}}