{"start": {"Count": {"FOOT": 2, "PASSENGER_CAR": 21, "RAIL_TRIP": 1}, "Duration": {"FOOT": 1853.9299999999998, "PASSENGER_CAR": 29286.549, "RAIL_TRIP": 316.049}, "Distance": {"FOOT": 3.2411648152479082, "PASSENGER_CAR": 428.0115423820489, "RAIL_TRIP": 1.2500078473490197}, "Total_Count": 23, "Total_Duration": 31456.527999999995, "Total_Distance": 432.5027150446458, "Total_Emission": 77.5001514457223}, "start_percents_count": {"FOOT": 0.08695652173913043, "PASSENGER_CAR": 0.9130434782608695, "RAIL_TRIP": 0.043478260869565216}, "start_percents_duration": {"FOOT": 0.05893625641075201, "PASSENGER_CAR": 0.9310165762731349, "RAIL_TRIP": 0.01004716731611321}, "start_percents_distance": {"FOOT": 0.007493975650333972, "PASSENGER_CAR": 0.9896158509383385, "RAIL_TRIP": 0.0028901734113275694}, "end": {"Count": {"BIKE_TRIP": 1, "FOOT": 8, "MOTORCYCLE": 1, "PASSENGER_CAR": 18, "RAIL_TRIP": 4}, "Duration": {"BIKE_TRIP": 7450.869, "FOOT": 80886.547, "MOTORCYCLE": 820.903, "PASSENGER_CAR": 15621.236, "RAIL_TRIP": 1398.383}, "Distance": {"BIKE_TRIP": 43.23234361421426, "FOOT": 19.83547736904219, "MOTORCYCLE": 7.526026271005824, "PASSENGER_CAR": 168.84879422588375, "RAIL_TRIP": 9.75051803213977}, "Total_Count": 24, "Total_Duration": 106177.938, "Total_Distance": 249.1931595122858, "Total_Emission": 36.09525467600244}, "end_percents_count": {"BIKE_TRIP": 0.041666666666666664, "FOOT": 0.3333333333333333, "MOTORCYCLE": 0.041666666666666664, "PASSENGER_CAR": 0.75, "RAIL_TRIP": 0.16666666666666666}, "end_percents_duration": {"BIKE_TRIP": 0.07017341964203525, "FOOT": 0.7618018255355459, "MOTORCYCLE": 0.007731389547233438, "PASSENGER_CAR": 0.1471231810887117, "RAIL_TRIP": 0.013170184186473843}, "end_percents_distance": {"BIKE_TRIP": 0.17348928718118686, "FOOT": 0.0795988036263261, "MOTORCYCLE": 0.030201576502884596, "PASSENGER_CAR": 0.6775819792017971, "RAIL_TRIP": 0.039128353487805294}}