{"start": {"Count": {"BIKE_TRIP": 1, "FOOT": 7, "PASSENGER_CAR": 23, "RAIL_TRIP": 4}, "Duration": {"BIKE_TRIP": 2705.7219999999998, "FOOT": 43107.299, "PASSENGER_CAR": 27562.072, "RAIL_TRIP": 1815.7420000000002}, "Distance": {"BIKE_TRIP": 9.233797866348556, "FOOT": 67.0331439472551, "PASSENGER_CAR": 371.5054060980606, "RAIL_TRIP": 10.649088214964525}, "Total_Count": 28, "Total_Duration": 75190.83500000002, "Total_Distance": 458.4214361266288, "Total_Emission": 81.2291431662422}, "start_percents_count": {"BIKE_TRIP": 0.03571428571428571, "FOOT": 0.25, "PASSENGER_CAR": 0.8214285714285714, "RAIL_TRIP": 0.14285714285714285}, "start_percents_duration": {"BIKE_TRIP": 0.03598473138381824, "FOOT": 0.5733052306175346, "PASSENGER_CAR": 0.36656158958734786, "RAIL_TRIP": 0.02414844841129906}, "start_percents_distance": {"BIKE_TRIP": 0.02014259617606085, "FOOT": 0.1462260240569088, "PASSENGER_CAR": 0.810401470832268, "RAIL_TRIP": 0.023229908934762268}, "end": {"Count": {"BIKE_TRIP": 3, "FOOT": 5, "MOTORCYCLE": 2, "PASSENGER_CAR": 20, "RAIL_TRIP": 3}, "Duration": {"BIKE_TRIP": 26888.256999999998, "FOOT": 12336.582, "MOTORCYCLE": 1383.384, "PASSENGER_CAR": 17767.035, "RAIL_TRIP": 7515.009}, "Distance": {"BIKE_TRIP": 211.76419381514765, "FOOT": 23.897516796663705, "MOTORCYCLE": 16.53151693564366, "PASSENGER_CAR": 194.50138105961594, "RAIL_TRIP": 15.084652422527107}, "Total_Count": 26, "Total_Duration": 65890.267, "Total_Distance": 461.7792610295981, "Total_Emission": 49.607313518332745}, "end_percents_count": {"BIKE_TRIP": 0.11538461538461539, "FOOT": 0.19230769230769232, "MOTORCYCLE": 0.07692307692307693, "PASSENGER_CAR": 0.7692307692307693, "RAIL_TRIP": 0.11538461538461539}, "end_percents_duration": {"BIKE_TRIP": 0.40807630966194136, "FOOT": 0.18722920033090773, "MOTORCYCLE": 0.020995270818981504, "PASSENGER_CAR": 0.2696458188581934, "RAIL_TRIP": 0.11405340032997588}, "end_percents_distance": {"BIKE_TRIP": 0.45858316231653906, "FOOT": 0.05175095291932562, "MOTORCYCLE": 0.035799608884089874, "PASSENGER_CAR": 0.4211999053962478, "RAIL_TRIP": 0.03266637048379755}}