{"start": {"Count": {"BIKE_TRIP": 5, "BUS": 2, "FOOT": 102, "MOTORCYCLE": 1, "PASSENGER_CAR": 67, "RAIL_TRIP": 35, "UNKNOWN": 3}, "Duration": {"BIKE_TRIP": 16273.851, "BUS": 3968.947, "FOOT": 269729.9, "MOTORCYCLE": 120.246, "PASSENGER_CAR": 141115.527, "RAIL_TRIP": 30823.028, "UNKNOWN": 1022.001}, "Distance": {"BIKE_TRIP": 117.17339135740865, "BUS": 17.19066203362172, "FOOT": 208.71890707824738, "MOTORCYCLE": 3.653247462578272, "PASSENGER_CAR": 2504.3888250563673, "RAIL_TRIP": 257.4821466022799, "UNKNOWN": 28.167742454045346}, "Total_Count": 158, "Total_Duration": 463053.5, "Total_Distance": 3136.7749220445485, "Total_Emission": 510.0041293519925}, "start_percents_count": {"BIKE_TRIP": 0.03164556962025317, "BUS": 0.012658227848101266, "FOOT": 0.6455696202531646, "MOTORCYCLE": 0.006329113924050633, "PASSENGER_CAR": 0.4240506329113924, "RAIL_TRIP": 0.22151898734177214, "UNKNOWN": 0.0189873417721519}, "start_percents_duration": {"BIKE_TRIP": 0.03514464527317038, "BUS": 0.008571249326481713, "FOOT": 0.5825026697778983, "MOTORCYCLE": 0.00025968057686638797, "PASSENGER_CAR": 0.3047499414214556, "RAIL_TRIP": 0.06656472308275393, "UNKNOWN": 0.002207090541373729}, "start_percents_distance": {"BIKE_TRIP": 0.03735473353027035, "BUS": 0.005480361983516769, "FOOT": 0.06653933172298014, "MOTORCYCLE": 0.00116465081281544, "PASSENGER_CAR": 0.798396087477009, "RAIL_TRIP": 0.08208499270787754, "UNKNOWN": 0.008979841765530829}, "end": {"Count": {"BIKE_TRIP": 7, "BUS": 5, "FOOT": 121, "HIGH_SPEED_TRAIN": 1, "MOTORCYCLE": 1, "PASSENGER_CAR": 92, "PLANE": 1, "RAIL_TRIP": 39, "UNKNOWN": 3}, "Duration": {"BIKE_TRIP": 26717.203999999998, "BUS": 3971.773, "FOOT": 309316.2, "HIGH_SPEED_TRAIN": 660.934, "MOTORCYCLE": 902.049, "PASSENGER_CAR": 187793.697, "PLANE": 342.671, "RAIL_TRIP": 40944.287000000004, "UNKNOWN": 1145.567}, "Distance": {"BIKE_TRIP": 126.92022665127618, "BUS": 27.471676601621585, "FOOT": 245.1194934930922, "HIGH_SPEED_TRAIN": 3.098450276825817, "MOTORCYCLE": 5.233139345237239, "PASSENGER_CAR": 3031.282198082043, "PLANE": 495.0058229466263, "RAIL_TRIP": 288.59557943447953, "UNKNOWN": 32.353222484468844}, "Total_Count": 190, "Total_Duration": 571794.382, "Total_Distance": 4255.07980931567, "Total_Emission": 676.5488026256654}, "end_percents_count": {"BIKE_TRIP": 0.03684210526315789, "BUS": 0.02631578947368421, "FOOT": 0.6368421052631579, "HIGH_SPEED_TRAIN": 0.005263157894736842, "MOTORCYCLE": 0.005263157894736842, "PASSENGER_CAR": 0.4842105263157895, "PLANE": 0.005263157894736842, "RAIL_TRIP": 0.20526315789473684, "UNKNOWN": 0.015789473684210527}, "end_percents_duration": {"BIKE_TRIP": 0.04672519500200336, "BUS": 0.006946156039707295, "FOOT": 0.5409570463390807, "HIGH_SPEED_TRAIN": 0.0011558945327308234, "MOTORCYCLE": 0.0015775758356436599, "PASSENGER_CAR": 0.32842872002894213, "PLANE": 0.0005992906030335919, "RAIL_TRIP": 0.07160666192064825, "UNKNOWN": 0.0020034596982101863}, "end_percents_distance": {"BIKE_TRIP": 0.029827930929382105, "BUS": 0.006456207129529672, "FOOT": 0.05760632102750475, "HIGH_SPEED_TRAIN": 0.0007281767712188059, "MOTORCYCLE": 0.0012298569192005042, "PASSENGER_CAR": 0.7123913848679501, "PLANE": 0.1163329115150572, "RAIL_TRIP": 0.06782377590254726, "UNKNOWN": 0.0076034349376098076}}