{"start": {"Count": {"FOOT": 1, "PASSENGER_CAR": 3, "RAIL_TRIP": 3}, "Duration": {"FOOT": 1743.545, "PASSENGER_CAR": 4977.461, "RAIL_TRIP": 2110.144}, "Distance": {"FOOT": 3.8803961402855114, "PASSENGER_CAR": 87.5438586983731, "RAIL_TRIP": 9.698678842119055}, "Total_Count": 5, "Total_Duration": 8831.15, "Total_Distance": 101.12293368077768, "Total_Emission": 14.793390963534563}, "start_percents_count": {"FOOT": 0.2, "PASSENGER_CAR": 0.6, "RAIL_TRIP": 0.6}, "start_percents_duration": {"FOOT": 0.19743125187546356, "PASSENGER_CAR": 0.5636254621425296, "RAIL_TRIP": 0.23894328598200687}, "start_percents_distance": {"FOOT": 0.038373057416777955, "PASSENGER_CAR": 0.8657171574425376, "RAIL_TRIP": 0.0959097851406843}, "end": {"Count": {"FOOT": 2, "PASSENGER_CAR": 5}, "Duration": {"FOOT": 1463.8760000000002, "PASSENGER_CAR": 4788.077}, "Distance": {"FOOT": 2.362417094843009, "PASSENGER_CAR": 83.53095468386927}, "Total_Count": 6, "Total_Duration": 6251.9529999999995, "Total_Distance": 85.89337177871226, "Total_Emission": 14.299208084576108}, "end_percents_count": {"FOOT": 0.3333333333333333, "PASSENGER_CAR": 0.8333333333333334}, "end_percents_duration": {"FOOT": 0.23414699374739387, "PASSENGER_CAR": 0.7658530062526063}, "end_percents_distance": {"FOOT": 0.02750406749579376, "PASSENGER_CAR": 0.9724959325042064}}