{"start": {"Count": {"FOOT": 11, "PASSENGER_CAR": 1, "RAIL_TRIP": 6}, "Duration": {"FOOT": 141888.467, "PASSENGER_CAR": 841.054, "RAIL_TRIP": 6782.849}, "Distance": {"FOOT": 38.27388339861408, "PASSENGER_CAR": 0.4205722311676041, "RAIL_TRIP": 21.033242355756894}, "Total_Count": 13, "Total_Duration": 149512.37000000002, "Total_Distance": 59.72769798553858, "Total_Emission": 0.19574030899132283}, "start_percents_count": {"FOOT": 0.8461538461538461, "PASSENGER_CAR": 0.07692307692307693, "RAIL_TRIP": 0.46153846153846156}, "start_percents_duration": {"FOOT": 0.949008212497735, "PASSENGER_CAR": 0.005625313811827074, "RAIL_TRIP": 0.04536647369043778}, "start_percents_distance": {"FOOT": 0.6408062706163739, "PASSENGER_CAR": 0.007041494069793785, "RAIL_TRIP": 0.35215223531383233}, "end": {"Count": {"BUS": 1, "FOOT": 14, "PASSENGER_CAR": 6, "RAIL_TRIP": 13}, "Duration": {"BUS": 180.24, "FOOT": 32791.421, "PASSENGER_CAR": 2969.274, "RAIL_TRIP": 17223.64}, "Distance": {"BUS": 2.7195104907416456, "FOOT": 28.201030259194418, "PASSENGER_CAR": 9.259293577949038, "RAIL_TRIP": 100.37181801330577}, "Total_Count": 18, "Total_Duration": 53164.575, "Total_Distance": 140.55165234119087, "Total_Emission": 2.3138001669380204}, "end_percents_count": {"BUS": 0.05555555555555555, "FOOT": 0.7777777777777778, "PASSENGER_CAR": 0.3333333333333333, "RAIL_TRIP": 0.7222222222222222}, "end_percents_duration": {"BUS": 0.0033902274211728397, "FOOT": 0.6167908047793104, "PASSENGER_CAR": 0.05585061105068554, "RAIL_TRIP": 0.32396835674883134}, "end_percents_distance": {"BUS": 0.019348833296815325, "FOOT": 0.2006453128756969, "PASSENGER_CAR": 0.06587822642932711, "RAIL_TRIP": 0.7141276273981606}}