{"start": {"Count": {"BIKE_TRIP": 6, "BUS": 1, "FOOT": 65, "MOTORCYCLE": 1, "PASSENGER_CAR": 23, "RAIL_TRIP": 26, "SCOOTER": 1}, "Duration": {"BIKE_TRIP": 7216.5070000000005, "BUS": 300.696, "FOOT": 87695.939, "MOTORCYCLE": 479.798, "PASSENGER_CAR": 45666.389, "RAIL_TRIP": 28195.556, "SCOOTER": 2102.904}, "Distance": {"BIKE_TRIP": 27.252671017574453, "BUS": 1.975011623311124, "FOOT": 120.25212784083074, "MOTORCYCLE": 1.4696651862683434, "PASSENGER_CAR": 557.7799587456399, "RAIL_TRIP": 202.1704559450575, "SCOOTER": 1.3645958433961085}, "Total_Count": 87, "Total_Duration": 171657.789, "Total_Distance": 912.2644862020779, "Total_Emission": 103.67007293934915}, "start_percents_count": {"BIKE_TRIP": 0.06896551724137931, "BUS": 0.011494252873563218, "FOOT": 0.7471264367816092, "MOTORCYCLE": 0.011494252873563218, "PASSENGER_CAR": 0.26436781609195403, "RAIL_TRIP": 0.2988505747126437, "SCOOTER": 0.011494252873563218}, "start_percents_duration": {"BIKE_TRIP": 0.04204007893868423, "BUS": 0.0017517177737853774, "FOOT": 0.5108765498546647, "MOTORCYCLE": 0.0027950843523913737, "PASSENGER_CAR": 0.2660315577057794, "RAIL_TRIP": 0.16425445162875774, "SCOOTER": 0.012250559745937308}, "start_percents_distance": {"BIKE_TRIP": 0.02987365115026263, "BUS": 0.0021649550686045605, "FOOT": 0.13181717545693586, "MOTORCYCLE": 0.00161100778173096, "PASSENGER_CAR": 0.6114235149805938, "RAIL_TRIP": 0.22161386199163544, "SCOOTER": 0.001495833570237035}, "end": {"Count": {"BIKE_TRIP": 5, "FOOT": 87, "PASSENGER_CAR": 27, "RAIL_TRIP": 36}, "Duration": {"BIKE_TRIP": 4064.288, "FOOT": 180837.601, "PASSENGER_CAR": 40037.891, "RAIL_TRIP": 49166.93}, "Distance": {"BIKE_TRIP": 19.04197114445988, "FOOT": 203.80641481745863, "PASSENGER_CAR": 464.1473911792179, "RAIL_TRIP": 416.0456232005016}, "Total_Count": 102, "Total_Duration": 274106.70999999996, "Total_Distance": 1103.0414003416379, "Total_Emission": 82.76116367258236}, "end_percents_count": {"BIKE_TRIP": 0.049019607843137254, "FOOT": 0.8529411764705882, "PASSENGER_CAR": 0.2647058823529412, "RAIL_TRIP": 0.35294117647058826}, "end_percents_duration": {"BIKE_TRIP": 0.014827393317004172, "FOOT": 0.6597343093133329, "PASSENGER_CAR": 0.14606680369116104, "RAIL_TRIP": 0.1793714936785021}, "end_percents_distance": {"BIKE_TRIP": 0.017263151807866986, "FOOT": 0.1847676929935132, "PASSENGER_CAR": 0.4207887310806834, "RAIL_TRIP": 0.37718042411793656}}