{"start": {"Count": {"BIKE_TRIP": 3, "BUS": 1, "FOOT": 22, "PASSENGER_CAR": 5, "RAIL_TRIP": 6}, "Duration": {"BIKE_TRIP": 7368.438, "BUS": 1144.185, "FOOT": 68362.44, "PASSENGER_CAR": 5720.534, "RAIL_TRIP": 9104.778}, "Distance": {"BIKE_TRIP": 18.288015525698242, "BUS": 17.202685926328385, "FOOT": 33.87667526117006, "PASSENGER_CAR": 110.5793126279466, "RAIL_TRIP": 87.80491374185833}, "Total_Count": 26, "Total_Duration": 91700.37500000001, "Total_Distance": 267.7516030830016, "Total_Emission": 26.517742553946217}, "start_percents_count": {"BIKE_TRIP": 0.11538461538461539, "BUS": 0.038461538461538464, "FOOT": 0.8461538461538461, "PASSENGER_CAR": 0.19230769230769232, "RAIL_TRIP": 0.23076923076923078}, "start_percents_duration": {"BIKE_TRIP": 0.08035341185900274, "BUS": 0.01247742989055388, "FOOT": 0.7454979328056182, "PASSENGER_CAR": 0.06238288556617134, "RAIL_TRIP": 0.0992883398786537}, "start_percents_distance": {"BIKE_TRIP": 0.06830217005284951, "BUS": 0.06424867574367292, "FOOT": 0.12652277286522337, "PASSENGER_CAR": 0.41299215898127634, "RAIL_TRIP": 0.32793422235697783}, "end": {"Count": {"FOOT": 15, "PASSENGER_CAR": 5, "RAIL_TRIP": 9}, "Duration": {"FOOT": 52508.365000000005, "PASSENGER_CAR": 4836.787, "RAIL_TRIP": 9801.752}, "Distance": {"FOOT": 38.7243873921198, "PASSENGER_CAR": 72.7096018395954, "RAIL_TRIP": 38.12302613237991}, "Total_Count": 21, "Total_Duration": 67146.904, "Total_Distance": 149.55701536409512, "Total_Emission": 15.70629013984993}, "end_percents_count": {"FOOT": 0.7142857142857143, "PASSENGER_CAR": 0.23809523809523808, "RAIL_TRIP": 0.42857142857142855}, "end_percents_duration": {"FOOT": 0.7819923462145032, "PASSENGER_CAR": 0.07203291159931961, "RAIL_TRIP": 0.14597474218617737}, "end_percents_distance": {"FOOT": 0.25892725458478594, "PASSENGER_CAR": 0.4861664406887538, "RAIL_TRIP": 0.25490630472646014}}