{"start": {"Count": {"BIKE_TRIP": 2, "FOOT": 10, "PASSENGER_CAR": 4, "RAIL_TRIP": 5}, "Duration": {"BIKE_TRIP": 1446.201, "FOOT": 98386.457, "PASSENGER_CAR": 2297.858, "RAIL_TRIP": 5643.16}, "Distance": {"BIKE_TRIP": 2.6255090893877204, "FOOT": 56.90924112964468, "PASSENGER_CAR": 10.579675292324545, "RAIL_TRIP": 13.742606227521698}, "Total_Count": 15, "Total_Duration": 107773.67599999999, "Total_Distance": 83.85703173887865, "Total_Emission": 1.9752151078696611}, "start_percents_count": {"BIKE_TRIP": 0.13333333333333333, "FOOT": 0.6666666666666666, "PASSENGER_CAR": 0.26666666666666666, "RAIL_TRIP": 0.3333333333333333}, "start_percents_duration": {"BIKE_TRIP": 0.013418870485590564, "FOOT": 0.9128987768775745, "PASSENGER_CAR": 0.021321143393123198, "RAIL_TRIP": 0.0523612092437118}, "start_percents_distance": {"BIKE_TRIP": 0.03130934919761124, "FOOT": 0.6786460234706809, "PASSENGER_CAR": 0.12616324562105255, "RAIL_TRIP": 0.16388138171065517}, "end": {"Count": {"BIKE_TRIP": 1, "FOOT": 14, "PASSENGER_CAR": 7, "RAIL_TRIP": 7}, "Duration": {"BIKE_TRIP": 720.949, "FOOT": 30845.645, "PASSENGER_CAR": 4589.978, "RAIL_TRIP": 12238.814}, "Distance": {"BIKE_TRIP": 1.9921323266688729, "FOOT": 48.04570077590667, "PASSENGER_CAR": 52.18443088487804, "RAIL_TRIP": 42.974831877517204}, "Total_Count": 19, "Total_Duration": 48395.386000000006, "Total_Distance": 145.19709586497078, "Total_Emission": 9.842973425397362}, "end_percents_count": {"BIKE_TRIP": 0.05263157894736842, "FOOT": 0.7368421052631579, "PASSENGER_CAR": 0.3684210526315789, "RAIL_TRIP": 0.3684210526315789}, "end_percents_duration": {"BIKE_TRIP": 0.014897060641276834, "FOOT": 0.6373674754861961, "PASSENGER_CAR": 0.0948432976647815, "RAIL_TRIP": 0.25289216620774546}, "end_percents_distance": {"BIKE_TRIP": 0.013720194021797102, "FOOT": 0.33089987433762325, "PASSENGER_CAR": 0.3594040953367834, "RAIL_TRIP": 0.29597583630379626}}