{"start": {"Count": {"FOOT": 3, "PASSENGER_CAR": 7, "RAIL_TRIP": 2}, "Duration": {"FOOT": 3127.3770000000004, "PASSENGER_CAR": 4339.839, "RAIL_TRIP": 3240.691}, "Distance": {"FOOT": 5.947885012480514, "PASSENGER_CAR": 30.950306780895982, "RAIL_TRIP": 44.73474401401225}, "Total_Count": 12, "Total_Duration": 10707.907, "Total_Distance": 81.63293580738875}, "start_percents_count": {"FOOT": 0.25, "PASSENGER_CAR": 0.5833333333333334, "RAIL_TRIP": 0.16666666666666666}, "start_percents_duration": {"FOOT": 0.2920623983753315, "PASSENGER_CAR": 0.40529292979477693, "RAIL_TRIP": 0.3026446718298917}, "start_percents_distance": {"FOOT": 0.07286133903740064, "PASSENGER_CAR": 0.379139944861503, "RAIL_TRIP": 0.5479987161010964}, "end": {"Count": {"BUS": 1, "FOOT": 4, "MOTORCYCLE": 1, "PASSENGER_CAR": 6}, "Duration": {"BUS": 293.628, "FOOT": 3081.214, "MOTORCYCLE": 1090.999, "PASSENGER_CAR": 7716.094}, "Distance": {"BUS": 1.675696033433857, "FOOT": 4.329468664616063, "MOTORCYCLE": 23.875320368204804, "PASSENGER_CAR": 114.99319126463105}, "Total_Count": 12, "Total_Duration": 12181.934999999998, "Total_Distance": 144.8736763308858}, "end_percents_count": {"BUS": 0.08333333333333333, "FOOT": 0.3333333333333333, "MOTORCYCLE": 0.08333333333333333, "PASSENGER_CAR": 0.5}, "end_percents_duration": {"BUS": 0.024103559902429298, "FOOT": 0.25293305209722433, "MOTORCYCLE": 0.08955876057457213, "PASSENGER_CAR": 0.6334046274257744}, "end_percents_distance": {"BUS": 0.011566601165049702, "FOOT": 0.029884439839351674, "MOTORCYCLE": 0.1648009560665425, "PASSENGER_CAR": 0.793748002929056}}