{"start": {"Count": {"BIKE_TRIP": 7, "BUS": 2, "FOOT": 144, "HIGH_SPEED_TRAIN": 1, "MOTORCYCLE": 1, "PASSENGER_CAR": 83, "RAIL_TRIP": 53, "UNKNOWN": 2}, "Duration": {"BIKE_TRIP": 8881.608, "BUS": 3066.202, "FOOT": 344931.424, "HIGH_SPEED_TRAIN": 2663.375, "MOTORCYCLE": 657.245, "PASSENGER_CAR": 187851.978, "RAIL_TRIP": 65233.412, "UNKNOWN": 240.272}, "Distance": {"BIKE_TRIP": 54.109862771649624, "BUS": 34.03160509207485, "FOOT": 260.0695420926688, "HIGH_SPEED_TRAIN": 83.53229355727827, "MOTORCYCLE": 4.952424512198353, "PASSENGER_CAR": 2351.715975211682, "RAIL_TRIP": 289.9946638483764, "UNKNOWN": 23.39371590867413}, "Total_Count": 214, "Total_Duration": 613525.5160000001, "Total_Distance": 3101.8000829946027, "Total_Emission": 506.38037048203114}, "start_percents_count": {"BIKE_TRIP": 0.03271028037383177, "BUS": 0.009345794392523364, "FOOT": 0.6728971962616822, "HIGH_SPEED_TRAIN": 0.004672897196261682, "MOTORCYCLE": 0.004672897196261682, "PASSENGER_CAR": 0.3878504672897196, "RAIL_TRIP": 0.24766355140186916, "UNKNOWN": 0.009345794392523364}, "start_percents_duration": {"BIKE_TRIP": 0.014476346571378784, "BUS": 0.0049976764128584344, "FOOT": 0.5622120270544705, "HIGH_SPEED_TRAIN": 0.004341098993509505, "MOTORCYCLE": 0.0010712594388657829, "PASSENGER_CAR": 0.30618445867539107, "RAIL_TRIP": 0.10632550773976283, "UNKNOWN": 0.0003916251137629946}, "start_percents_distance": {"BIKE_TRIP": 0.017444664815215873, "BUS": 0.010971566245887571, "FOOT": 0.08384471440260818, "HIGH_SPEED_TRAIN": 0.02693026349932676, "MOTORCYCLE": 0.001596629176506141, "PASSENGER_CAR": 0.7581778039483578, "RAIL_TRIP": 0.0934923773579901, "UNKNOWN": 0.007541980554107438}, "end": {"Count": {"BIKE_TRIP": 14, "BUS": 5, "FOOT": 176, "HIGH_SPEED_TRAIN": 1, "MOTORCYCLE": 2, "PASSENGER_CAR": 104, "RAIL_TRIP": 62, "UNKNOWN": 2}, "Duration": {"BIKE_TRIP": 20048.51, "BUS": 3816.728, "FOOT": 331515.248, "HIGH_SPEED_TRAIN": 300.266, "MOTORCYCLE": 1822.514, "PASSENGER_CAR": 220212.938, "RAIL_TRIP": 68230.952, "UNKNOWN": 240.397}, "Distance": {"BIKE_TRIP": 120.96940741012087, "BUS": 13.403876460428705, "FOOT": 316.7902907316465, "HIGH_SPEED_TRAIN": 18.345322057478597, "MOTORCYCLE": 18.598736958025547, "PASSENGER_CAR": 3136.508368687635, "RAIL_TRIP": 421.8952802690672, "UNKNOWN": 21.223669649172926}, "Total_Count": 241, "Total_Duration": 646187.553, "Total_Distance": 4067.7349522235754, "Total_Emission": 646.867572949948}, "end_percents_count": {"BIKE_TRIP": 0.058091286307053944, "BUS": 0.02074688796680498, "FOOT": 0.7302904564315352, "HIGH_SPEED_TRAIN": 0.004149377593360996, "MOTORCYCLE": 0.008298755186721992, "PASSENGER_CAR": 0.4315352697095436, "RAIL_TRIP": 0.2572614107883817, "UNKNOWN": 0.008298755186721992}, "end_percents_duration": {"BIKE_TRIP": 0.03102583747848823, "BUS": 0.005906532835986088, "FOOT": 0.5130325498547633, "HIGH_SPEED_TRAIN": 0.0004646731411120202, "MOTORCYCLE": 0.0028204102532442313, "PASSENGER_CAR": 0.34078796005530615, "RAIL_TRIP": 0.10559001281165192, "UNKNOWN": 0.0003720235694481104}, "end_percents_distance": {"BIKE_TRIP": 0.029738763422625283, "BUS": 0.003295169576646494, "FOOT": 0.07787879359211375, "HIGH_SPEED_TRAIN": 0.004509960032536132, "MOTORCYCLE": 0.004572258806552473, "PASSENGER_CAR": 0.7710699948562536, "RAIL_TRIP": 0.10371749517220721, "UNKNOWN": 0.005217564541065115}}