{"start": {"Count": {"BIKE_TRIP": 2, "BUS": 1, "FOOT": 29, "PASSENGER_CAR": 12, "RAIL_TRIP": 26}, "Duration": {"BIKE_TRIP": 435.078, "BUS": 680.034, "FOOT": 53540.449, "PASSENGER_CAR": 11606.337, "RAIL_TRIP": 41998.055}, "Distance": {"BIKE_TRIP": 2.7968265808639865, "BUS": 3.445911222464409, "FOOT": 55.72177721534335, "PASSENGER_CAR": 108.74748657974723, "RAIL_TRIP": 241.64719971789168}, "Total_Count": 47, "Total_Duration": 108259.95300000001, "Total_Distance": 412.3592013163107, "Total_Emission": 25.61885543760402}, "start_percents_count": {"BIKE_TRIP": 0.0425531914893617, "BUS": 0.02127659574468085, "FOOT": 0.6170212765957447, "PASSENGER_CAR": 0.2553191489361702, "RAIL_TRIP": 0.5531914893617021}, "start_percents_duration": {"BIKE_TRIP": 0.004018826795537219, "BUS": 0.006281491734990869, "FOOT": 0.49455451915815996, "PASSENGER_CAR": 0.10720803656731681, "RAIL_TRIP": 0.3879371257439951}, "start_percents_distance": {"BIKE_TRIP": 0.006782500722515972, "BUS": 0.008356576527126248, "FOOT": 0.13512921995549346, "PASSENGER_CAR": 0.2637202861791598, "RAIL_TRIP": 0.5860114166157044}, "end": {"Count": {"BIKE_TRIP": 3, "FOOT": 26, "PASSENGER_CAR": 8, "RAIL_TRIP": 23}, "Duration": {"BIKE_TRIP": 3798.572, "FOOT": 85009.085, "PASSENGER_CAR": 8244.369, "RAIL_TRIP": 37416.175}, "Distance": {"BIKE_TRIP": 16.04929987269214, "FOOT": 62.27414313646489, "PASSENGER_CAR": 63.71189289895119, "RAIL_TRIP": 235.99917302216812}, "Total_Count": 41, "Total_Duration": 134468.201, "Total_Distance": 378.0345089302764, "Total_Emission": 11.743131600420549}, "end_percents_count": {"BIKE_TRIP": 0.07317073170731707, "FOOT": 0.6341463414634146, "PASSENGER_CAR": 0.1951219512195122, "RAIL_TRIP": 0.5609756097560976}, "end_percents_duration": {"BIKE_TRIP": 0.028248849703879062, "FOOT": 0.6321872708031545, "PASSENGER_CAR": 0.0613109191518075, "RAIL_TRIP": 0.27825296034115904}, "end_percents_distance": {"BIKE_TRIP": 0.04245458944503986, "FOOT": 0.1647313715160077, "PASSENGER_CAR": 0.16853459510677116, "RAIL_TRIP": 0.6242794439321812}}