{"start": {"Count": {"FOOT": 4, "PASSENGER_CAR": 2, "RAIL_TRIP": 1}, "Duration": {"FOOT": 14990.129, "PASSENGER_CAR": 1485.894, "RAIL_TRIP": 582.073}, "Distance": {"FOOT": 12.171986123702887, "PASSENGER_CAR": 20.497788300550198, "RAIL_TRIP": 0.5753313371172143}, "Total_Count": 7, "Total_Duration": 17058.096, "Total_Distance": 33.2451057613703, "Total_Emission": 5.219692289067962}, "start_percents_count": {"FOOT": 0.5714285714285714, "PASSENGER_CAR": 0.2857142857142857, "RAIL_TRIP": 0.14285714285714285}, "start_percents_duration": {"FOOT": 0.878769177990322, "PASSENGER_CAR": 0.08710784603393015, "RAIL_TRIP": 0.034122975975747816}, "start_percents_distance": {"FOOT": 0.3661286629999634, "PASSENGER_CAR": 0.6165655915695099, "RAIL_TRIP": 0.017305745430526803}, "end": {"Count": {"BUS": 1, "FOOT": 3, "PASSENGER_CAR": 2, "RAIL_TRIP": 2}, "Duration": {"BUS": 258.71, "FOOT": 8750.239, "PASSENGER_CAR": 2585.686, "RAIL_TRIP": 1380.032}, "Distance": {"BUS": 1.122689443808644, "FOOT": 11.83432811342978, "PASSENGER_CAR": 25.4583731728961, "RAIL_TRIP": 8.350610686463678}, "Total_Count": 7, "Total_Duration": 12974.666999999998, "Total_Distance": 46.76600141659821, "Total_Emission": 6.715055265736607}, "end_percents_count": {"BUS": 0.14285714285714285, "FOOT": 0.42857142857142855, "PASSENGER_CAR": 0.2857142857142857, "RAIL_TRIP": 0.2857142857142857}, "end_percents_duration": {"BUS": 0.01993962542545408, "FOOT": 0.6744095243446326, "PASSENGER_CAR": 0.19928727265216137, "RAIL_TRIP": 0.10636357757775211}, "end_percents_distance": {"BUS": 0.02400653059489877, "FOOT": 0.2530540938920114, "PASSENGER_CAR": 0.5443778044248274, "RAIL_TRIP": 0.17856157108826234}}