{"start": {"Count": {"BIKE_TRIP": 1, "FOOT": 27, "PASSENGER_CAR": 9, "RAIL_TRIP": 12}, "Duration": {"BIKE_TRIP": 480.559, "FOOT": 52698.015, "PASSENGER_CAR": 9006.565999999999, "RAIL_TRIP": 40451.975000000006}, "Distance": {"BIKE_TRIP": 0.6536351637749263, "FOOT": 55.56804940215095, "PASSENGER_CAR": 133.80358050616138, "RAIL_TRIP": 150.87149048105047}, "Total_Count": 32, "Total_Duration": 102637.11499999998, "Total_Distance": 340.8967555531377, "Total_Emission": 26.947925013444205}, "start_percents_count": {"BIKE_TRIP": 0.03125, "FOOT": 0.84375, "PASSENGER_CAR": 0.28125, "RAIL_TRIP": 0.375}, "start_percents_duration": {"BIKE_TRIP": 0.004682117185386594, "FOOT": 0.5134401429736213, "PASSENGER_CAR": 0.08775155069391809, "RAIL_TRIP": 0.39412618914707426}, "start_percents_distance": {"BIKE_TRIP": 0.0019173991923576404, "FOOT": 0.1630055097238648, "PASSENGER_CAR": 0.3925047050948086, "RAIL_TRIP": 0.442572385988969}, "end": {"Count": {"BIKE_TRIP": 1, "FOOT": 37, "PASSENGER_CAR": 16, "RAIL_TRIP": 21, "UNKNOWN": 2}, "Duration": {"BIKE_TRIP": 3064.843, "FOOT": 96861.56599999999, "PASSENGER_CAR": 26330.339, "RAIL_TRIP": 35849.135, "UNKNOWN": 421.01}, "Distance": {"BIKE_TRIP": 11.963338694576626, "FOOT": 122.23679233936943, "PASSENGER_CAR": 488.49157150891324, "RAIL_TRIP": 280.0459513807749, "UNKNOWN": 21.6388539444811}, "Total_Count": 40, "Total_Duration": 162526.893, "Total_Distance": 924.3765078681154, "Total_Emission": 111.48109178066976}, "end_percents_count": {"BIKE_TRIP": 0.025, "FOOT": 0.925, "PASSENGER_CAR": 0.4, "RAIL_TRIP": 0.525, "UNKNOWN": 0.05}, "end_percents_duration": {"BIKE_TRIP": 0.01885745148650568, "FOOT": 0.5959725446791134, "PASSENGER_CAR": 0.16200604413203173, "RAIL_TRIP": 0.22057355763270514, "UNKNOWN": 0.0025904020696439446}, "end_percents_distance": {"BIKE_TRIP": 0.012942062668995787, "FOOT": 0.13223701738297472, "PASSENGER_CAR": 0.5284551991001143, "RAIL_TRIP": 0.30295658640940953, "UNKNOWN": 0.02340913443850566}}