{"start": {"Count": {"BIKE_TRIP": 2, "FOOT": 5, "PASSENGER_CAR": 5, "RAIL_TRIP": 3}, "Duration": {"BIKE_TRIP": 660.947, "FOOT": 11866.422, "PASSENGER_CAR": 4972.036, "RAIL_TRIP": 721.1379999999999}, "Distance": {"BIKE_TRIP": 7.994419666616417, "FOOT": 12.412462906764866, "PASSENGER_CAR": 33.68252649900643, "RAIL_TRIP": 5.908035632816451}, "Total_Count": 7, "Total_Duration": 18220.543, "Total_Distance": 59.99744470520417, "Total_Emission": 7.585738137722268}, "start_percents_count": {"BIKE_TRIP": 0.2857142857142857, "FOOT": 0.7142857142857143, "PASSENGER_CAR": 0.7142857142857143, "RAIL_TRIP": 0.42857142857142855}, "start_percents_duration": {"BIKE_TRIP": 0.03627482452087185, "FOOT": 0.6512661011255263, "PASSENGER_CAR": 0.2728807807758528, "RAIL_TRIP": 0.03957829357774902}, "start_percents_distance": {"BIKE_TRIP": 0.13324600249055243, "FOOT": 0.2068831925718365, "PASSENGER_CAR": 0.5613993506640927, "RAIL_TRIP": 0.09847145427351824}, "end": {"Count": {"BIKE_TRIP": 1, "BUS": 1, "FOOT": 2, "PASSENGER_CAR": 3, "RAIL_TRIP": 3}, "Duration": {"BIKE_TRIP": 540.772, "BUS": 345.302, "FOOT": 12739.99, "PASSENGER_CAR": 1028.923, "RAIL_TRIP": 7230.12}, "Distance": {"BIKE_TRIP": 7.157260299577773, "BUS": 2.3218085602865592, "FOOT": 14.879500420798829, "PASSENGER_CAR": 9.354605211225003, "RAIL_TRIP": 71.81218696098153}, "Total_Count": 4, "Total_Duration": 21885.106999999996, "Total_Distance": 105.5253614528697, "Total_Emission": 2.6596906616260227}, "end_percents_count": {"BIKE_TRIP": 0.25, "BUS": 0.25, "FOOT": 0.5, "PASSENGER_CAR": 0.75, "RAIL_TRIP": 0.75}, "end_percents_duration": {"BIKE_TRIP": 0.024709589036964734, "BUS": 0.01577794433447367, "FOOT": 0.5821305785710804, "PASSENGER_CAR": 0.047014757570068094, "RAIL_TRIP": 0.33036713048741323}, "end_percents_distance": {"BIKE_TRIP": 0.06782502519808366, "BUS": 0.022002374863444914, "FOOT": 0.14100402231215658, "PASSENGER_CAR": 0.0886479333728983, "RAIL_TRIP": 0.6805206442534165}}