{"start": {"Count": {"BUS": 1, "FOOT": 10, "PASSENGER_CAR": 5, "PLANE": 1, "RAIL_TRIP": 8, "UNKNOWN": 1}, "Duration": {"BUS": 361.006, "FOOT": 14687.67, "PASSENGER_CAR": 4497.237, "PLANE": 2043.804, "RAIL_TRIP": 9903.32, "UNKNOWN": 4268.912}, "Distance": {"BUS": 6.248900620216968, "FOOT": 24.182013884644828, "PASSENGER_CAR": 79.83790404797816, "PLANE": 356.48146205862065, "RAIL_TRIP": 36.4443913760001, "UNKNOWN": 237.98403767143895}, "Total_Count": 17, "Total_Duration": 35761.949, "Total_Distance": 741.1787096588997, "Total_Emission": 56.947994713054655}, "start_percents_count": {"BUS": 0.058823529411764705, "FOOT": 0.5882352941176471, "PASSENGER_CAR": 0.29411764705882354, "PLANE": 0.058823529411764705, "RAIL_TRIP": 0.47058823529411764, "UNKNOWN": 0.058823529411764705}, "start_percents_duration": {"BUS": 0.010094695901501341, "FOOT": 0.4107066424148192, "PASSENGER_CAR": 0.12575480715550486, "PLANE": 0.05715024088871667, "RAIL_TRIP": 0.2769233858031619, "UNKNOWN": 0.11937022783629607}, "start_percents_distance": {"BUS": 0.008431030922478596, "FOOT": 0.03262642810635199, "PASSENGER_CAR": 0.10771748163775592, "PLANE": 0.480965599001998, "RAIL_TRIP": 0.04917085569386132, "UNKNOWN": 0.3210886046375541}, "end": {"Count": {"FOOT": 9, "PASSENGER_CAR": 4, "RAIL_TRIP": 13}, "Duration": {"FOOT": 8793.05, "PASSENGER_CAR": 4310.593, "RAIL_TRIP": 14025.122}, "Distance": {"FOOT": 12.37270780255513, "PASSENGER_CAR": 68.20799258776186, "RAIL_TRIP": 76.71757316698732}, "Total_Count": 18, "Total_Duration": 27128.764999999996, "Total_Distance": 157.29827355730433, "Total_Emission": 16.27344700444957}, "end_percents_count": {"FOOT": 0.5, "PASSENGER_CAR": 0.2222222222222222, "RAIL_TRIP": 0.7222222222222222}, "end_percents_duration": {"FOOT": 0.32412275309989236, "PASSENGER_CAR": 0.15889381621315973, "RAIL_TRIP": 0.5169834306869481}, "end_percents_distance": {"FOOT": 0.07865761983743393, "PASSENGER_CAR": 0.4336220038862248, "RAIL_TRIP": 0.48772037627634124}}