{"start": {"Count": {"BIKE_TRIP": 1, "FOOT": 3, "PASSENGER_CAR": 9, "RAIL_TRIP": 3, "UNKNOWN": 1}, "Duration": {"BIKE_TRIP": 180.34, "FOOT": 3745.6620000000003, "PASSENGER_CAR": 15456.257, "RAIL_TRIP": 989.822, "UNKNOWN": 300.444}, "Distance": {"BIKE_TRIP": 1.0007504414744235, "FOOT": 4.032313732254186, "PASSENGER_CAR": 204.2513398959698, "RAIL_TRIP": 1.5134316994896087, "UNKNOWN": 14.901454669569004}, "Total_Count": 11, "Total_Duration": 20672.525, "Total_Distance": 225.69929043875703, "Total_Emission": 50.62105227657963}, "start_percents_count": {"BIKE_TRIP": 0.09090909090909091, "FOOT": 0.2727272727272727, "PASSENGER_CAR": 0.8181818181818182, "RAIL_TRIP": 0.2727272727272727, "UNKNOWN": 0.09090909090909091}, "start_percents_duration": {"BIKE_TRIP": 0.008723656157145777, "FOOT": 0.18119034805859469, "PASSENGER_CAR": 0.7476714624846262, "RAIL_TRIP": 0.047881040172886476, "UNKNOWN": 0.014533493126746733}, "start_percents_distance": {"BIKE_TRIP": 0.004433999059230426, "FOOT": 0.017865868007007957, "PASSENGER_CAR": 0.9049711210828681, "RAIL_TRIP": 0.0067055226294576, "UNKNOWN": 0.06602348922143589}, "end": {"Count": {"BIKE_TRIP": 1, "BUS": 1, "FOOT": 5, "MOTORCYCLE": 1, "PASSENGER_CAR": 13, "RAIL_TRIP": 6, "UNKNOWN": 1}, "Duration": {"BIKE_TRIP": 1622.323, "BUS": 1233.643, "FOOT": 11577.643, "MOTORCYCLE": 1022.771, "PASSENGER_CAR": 9625.759, "RAIL_TRIP": 2641.282, "UNKNOWN": 300.609}, "Distance": {"BIKE_TRIP": 5.34102429726168, "BUS": 6.5632684829428545, "FOOT": 8.436676738753484, "MOTORCYCLE": 24.53128681994498, "PASSENGER_CAR": 89.9002146686068, "RAIL_TRIP": 12.868391947504882, "UNKNOWN": 19.050705731350547}, "Total_Count": 17, "Total_Duration": 28024.030000000002, "Total_Distance": 166.6915686863652, "Total_Emission": 22.076178600808316}, "end_percents_count": {"BIKE_TRIP": 0.058823529411764705, "BUS": 0.058823529411764705, "FOOT": 0.29411764705882354, "MOTORCYCLE": 0.058823529411764705, "PASSENGER_CAR": 0.7647058823529411, "RAIL_TRIP": 0.35294117647058826, "UNKNOWN": 0.058823529411764705}, "end_percents_duration": {"BIKE_TRIP": 0.057890424753327764, "BUS": 0.044020899206859254, "FOOT": 0.4131326936204393, "MOTORCYCLE": 0.036496214141934616, "PASSENGER_CAR": 0.3434823257040475, "RAIL_TRIP": 0.09425061277767686, "UNKNOWN": 0.010726829795714606}, "end_percents_distance": {"BIKE_TRIP": 0.03204135841633937, "BUS": 0.03937372798555772, "FOOT": 0.050612498311941166, "MOTORCYCLE": 0.14716573257584056, "PASSENGER_CAR": 0.5393207069624292, "RAIL_TRIP": 0.07719881724622268, "UNKNOWN": 0.1142871585016695}}