{"start": {"Count": {"BIKE_TRIP": 1, "FOOT": 11, "PASSENGER_CAR": 10, "RAIL_TRIP": 4}, "Duration": {"BIKE_TRIP": 1442.048, "FOOT": 25029.65, "PASSENGER_CAR": 26538.875, "RAIL_TRIP": 25175.281}, "Distance": {"BIKE_TRIP": 5.161596784705989, "FOOT": 9.30269504641222, "PASSENGER_CAR": 308.08968241948133, "RAIL_TRIP": 49.1956743574906}, "Total_Count": 20, "Total_Duration": 78185.85399999999, "Total_Distance": 371.7496486080901, "Total_Emission": 62.48931711542379}, "start_percents_count": {"BIKE_TRIP": 0.05, "FOOT": 0.55, "PASSENGER_CAR": 0.5, "RAIL_TRIP": 0.2}, "start_percents_duration": {"BIKE_TRIP": 0.018443847911413746, "FOOT": 0.32013016062982447, "PASSENGER_CAR": 0.339433204886398, "RAIL_TRIP": 0.32199278657236385}, "start_percents_distance": {"BIKE_TRIP": 0.0138846043406688, "FOOT": 0.02502408564807927, "PASSENGER_CAR": 0.8287558134164611, "RAIL_TRIP": 0.13233549659479085}, "end": {"Count": {"BUS": 1, "FOOT": 19, "PASSENGER_CAR": 11, "RAIL_TRIP": 8}, "Duration": {"BUS": 1202.509, "FOOT": 144877.714, "PASSENGER_CAR": 24916.97, "RAIL_TRIP": 30444.317}, "Distance": {"BUS": 6.700396656397397, "FOOT": 61.69072618991726, "PASSENGER_CAR": 305.2578462283916, "RAIL_TRIP": 60.658174241709304}, "Total_Count": 22, "Total_Duration": 201441.50999999998, "Total_Distance": 434.30714331641565, "Total_Emission": 67.09039914896772}, "end_percents_count": {"BUS": 0.045454545454545456, "FOOT": 0.8636363636363636, "PASSENGER_CAR": 0.5, "RAIL_TRIP": 0.36363636363636365}, "end_percents_duration": {"BUS": 0.0059695193905168805, "FOOT": 0.7192048649754463, "PASSENGER_CAR": 0.12369332418129711, "RAIL_TRIP": 0.15113229145273982}, "end_percents_distance": {"BUS": 0.01542778367685241, "FOOT": 0.14204400535261819, "PASSENGER_CAR": 0.7028616750288981, "RAIL_TRIP": 0.13966653594163111}}