{"start": {"Count": {"BIKE_TRIP": 1, "BUS": 1, "FOOT": 24, "PASSENGER_CAR": 12, "RAIL_TRIP": 27}, "Duration": {"BIKE_TRIP": 720.767, "BUS": 185.082, "FOOT": 59411.025, "PASSENGER_CAR": 40789.377, "RAIL_TRIP": 44341.61}, "Distance": {"BIKE_TRIP": 0.8863732514467673, "BUS": 1.686656181070255, "FOOT": 46.23171017041337, "PASSENGER_CAR": 345.861380968826, "RAIL_TRIP": 324.1362198414138}, "Total_Count": 44, "Total_Duration": 145447.86099999998, "Total_Distance": 718.8023404131703, "Total_Emission": 65.44828183199085}, "start_percents_count": {"BIKE_TRIP": 0.022727272727272728, "BUS": 0.022727272727272728, "FOOT": 0.5454545454545454, "PASSENGER_CAR": 0.2727272727272727, "RAIL_TRIP": 0.6136363636363636}, "start_percents_duration": {"BIKE_TRIP": 0.004955500858139125, "BUS": 0.0012724972284054424, "FOOT": 0.40846956834930703, "PASSENGER_CAR": 0.280439854663796, "RAIL_TRIP": 0.3048625789003525}, "start_percents_distance": {"BIKE_TRIP": 0.0012331251605793, "BUS": 0.0023464812038602413, "FOOT": 0.06431769566003251, "PASSENGER_CAR": 0.48116340407297997, "RAIL_TRIP": 0.4509392939025477}, "end": {"Count": {"BIKE_TRIP": 2, "BUS": 3, "FOOT": 22, "HIGH_SPEED_TRAIN": 1, "PASSENGER_CAR": 5, "RAIL_TRIP": 33}, "Duration": {"BIKE_TRIP": 3111.91, "BUS": 1632.585, "FOOT": 42980.385, "HIGH_SPEED_TRAIN": 7292.165, "PASSENGER_CAR": 3510.334, "RAIL_TRIP": 67677.24}, "Distance": {"BIKE_TRIP": 35.64221204074656, "BUS": 18.346461094339364, "FOOT": 55.423454696837226, "HIGH_SPEED_TRAIN": 484.96537746942477, "PASSENGER_CAR": 34.33971017151113, "RAIL_TRIP": 486.6089222063048}, "Total_Count": 40, "Total_Duration": 126204.61899999999, "Total_Distance": 1115.3261376791636, "Total_Emission": 12.511210093340555}, "end_percents_count": {"BIKE_TRIP": 0.05, "BUS": 0.075, "FOOT": 0.55, "HIGH_SPEED_TRAIN": 0.025, "PASSENGER_CAR": 0.125, "RAIL_TRIP": 0.825}, "end_percents_duration": {"BIKE_TRIP": 0.02465765535887399, "BUS": 0.012936016232496215, "FOOT": 0.34056110894007774, "HIGH_SPEED_TRAIN": 0.057780492170417315, "PASSENGER_CAR": 0.02781462380548845, "RAIL_TRIP": 0.5362501034926465}, "end_percents_distance": {"BIKE_TRIP": 0.031956762095536446, "BUS": 0.016449413740554635, "FOOT": 0.04969259916401279, "HIGH_SPEED_TRAIN": 0.43481934215095985, "PASSENGER_CAR": 0.030788940572097794, "RAIL_TRIP": 0.4362929422768387}}