{"start": {"Count": {"BIKE_TRIP": 3, "FOOT": 21, "PASSENGER_CAR": 4, "RAIL_TRIP": 7}, "Duration": {"BIKE_TRIP": 2759.3819999999996, "FOOT": 34391.922, "PASSENGER_CAR": 1282.422, "RAIL_TRIP": 5404.443}, "Distance": {"BIKE_TRIP": 7.738308138127577, "FOOT": 36.63247704551245, "PASSENGER_CAR": 12.123025466730883, "RAIL_TRIP": 25.02086767200997}, "Total_Count": 28, "Total_Duration": 43838.169, "Total_Distance": 81.51467832238087, "Total_Emission": 2.5078318218824203}, "start_percents_count": {"BIKE_TRIP": 0.10714285714285714, "FOOT": 0.75, "PASSENGER_CAR": 0.14285714285714285, "RAIL_TRIP": 0.25}, "start_percents_duration": {"BIKE_TRIP": 0.0629447365833185, "FOOT": 0.7845200377780376, "PASSENGER_CAR": 0.029253548431733084, "RAIL_TRIP": 0.12328167720691072}, "start_percents_distance": {"BIKE_TRIP": 0.09493146875368245, "FOOT": 0.4493973085514164, "PASSENGER_CAR": 0.1487219935872869, "RAIL_TRIP": 0.30694922910761435}, "end": {"Count": {"BIKE_TRIP": 2, "FOOT": 19, "MOTORCYCLE": 1, "PASSENGER_CAR": 4, "RAIL_TRIP": 18, "SCOOTER": 1}, "Duration": {"BIKE_TRIP": 1502.811, "FOOT": 38549.989, "MOTORCYCLE": 2056.0, "PASSENGER_CAR": 3226.46, "RAIL_TRIP": 31450.097999999998, "SCOOTER": 1561.991}, "Distance": {"BIKE_TRIP": 1.7717699325313079, "FOOT": 36.5615148114675, "MOTORCYCLE": 20.193312542973462, "PASSENGER_CAR": 26.783929023331236, "RAIL_TRIP": 267.3609816877272, "SCOOTER": 1.3470194871669328}, "Total_Count": 32, "Total_Duration": 78347.34900000002, "Total_Distance": 354.0185274851977, "Total_Emission": 9.861077256306842}, "end_percents_count": {"BIKE_TRIP": 0.0625, "FOOT": 0.59375, "MOTORCYCLE": 0.03125, "PASSENGER_CAR": 0.125, "RAIL_TRIP": 0.5625, "SCOOTER": 0.03125}, "end_percents_duration": {"BIKE_TRIP": 0.01918138927712793, "FOOT": 0.4920394817698298, "MOTORCYCLE": 0.026242113182412843, "PASSENGER_CAR": 0.04118148273274695, "RAIL_TRIP": 0.4014187895495991, "SCOOTER": 0.019936743488283178}, "end_percents_distance": {"BIKE_TRIP": 0.005004737873797832, "FOOT": 0.10327571009117938, "MOTORCYCLE": 0.05704027042431498, "PASSENGER_CAR": 0.07565685675716825, "RAIL_TRIP": 0.7552174842004735, "SCOOTER": 0.0038049406530658333}}