{"start": {"Count": {"FOOT": 7, "PASSENGER_CAR": 6, "RAIL_TRIP": 1}, "Duration": {"FOOT": 47503.973999999995, "PASSENGER_CAR": 5902.357, "RAIL_TRIP": 931.1949999999999}, "Distance": {"FOOT": 6.817647275402673, "PASSENGER_CAR": 22.147306299857995, "RAIL_TRIP": 6.569152952060225}, "Total_Count": 10, "Total_Duration": 54337.52599999999, "Total_Distance": 35.534106527320894, "Total_Emission": 5.447901178132858}, "start_percents_count": {"FOOT": 0.7, "PASSENGER_CAR": 0.6, "RAIL_TRIP": 0.1}, "start_percents_duration": {"FOOT": 0.8742388087378141, "PASSENGER_CAR": 0.10862395538582306, "RAIL_TRIP": 0.01713723587636287}, "start_percents_distance": {"FOOT": 0.19186207116705833, "PASSENGER_CAR": 0.6232689791378243, "RAIL_TRIP": 0.18486894969511727}, "end": {"Count": {"BIKE_TRIP": 1, "FOOT": 2, "PASSENGER_CAR": 5, "RAIL_TRIP": 1}, "Duration": {"BIKE_TRIP": 629.987, "FOOT": 43922.206, "PASSENGER_CAR": 12046.132, "RAIL_TRIP": 155.553}, "Distance": {"BIKE_TRIP": 3.156202471383158, "FOOT": 1.4354721121448273, "PASSENGER_CAR": 184.91363108151478, "RAIL_TRIP": 2.5484808986795358}, "Total_Count": 8, "Total_Duration": 56753.878, "Total_Distance": 192.0537865637223, "Total_Emission": 35.70730225396033}, "end_percents_count": {"BIKE_TRIP": 0.125, "FOOT": 0.25, "PASSENGER_CAR": 0.625, "RAIL_TRIP": 0.125}, "end_percents_duration": {"BIKE_TRIP": 0.011100333971891753, "FOOT": 0.7739066923321082, "PASSENGER_CAR": 0.2122521389639665, "RAIL_TRIP": 0.0027408347320336418}, "end_percents_distance": {"BIKE_TRIP": 0.016433950758559756, "FOOT": 0.007474323406107623, "PASSENGER_CAR": 0.9628221051510565, "RAIL_TRIP": 0.0132696206842762}}