{"start": {"Count": {"BIKE_TRIP": 1, "FOOT": 20, "PASSENGER_CAR": 4, "RAIL_TRIP": 16}, "Duration": {"BIKE_TRIP": 1705.859, "FOOT": 33453.545, "PASSENGER_CAR": 6243.9439999999995, "RAIL_TRIP": 22602.738}, "Distance": {"BIKE_TRIP": 4.815634219573534, "FOOT": 37.463597579640016, "PASSENGER_CAR": 18.90896818870766, "RAIL_TRIP": 165.85397402198618}, "Total_Count": 28, "Total_Duration": 64006.085999999996, "Total_Distance": 227.04217400990737, "Total_Emission": 2.8440448951286816}, "start_percents_count": {"BIKE_TRIP": 0.03571428571428571, "FOOT": 0.7142857142857143, "PASSENGER_CAR": 0.14285714285714285, "RAIL_TRIP": 0.5714285714285714}, "start_percents_duration": {"BIKE_TRIP": 0.026651512482734844, "FOOT": 0.5226619387412629, "PASSENGER_CAR": 0.09755234838137111, "RAIL_TRIP": 0.3531342003946313}, "start_percents_distance": {"BIKE_TRIP": 0.021210307030285022, "FOOT": 0.1650072183417572, "PASSENGER_CAR": 0.08328394612660173, "RAIL_TRIP": 0.7304985285013561}, "end": {"Count": {"BIKE_TRIP": 1, "FOOT": 24, "PASSENGER_CAR": 4, "RAIL_TRIP": 22}, "Duration": {"BIKE_TRIP": 6909.514, "FOOT": 86254.19, "PASSENGER_CAR": 2556.0789999999997, "RAIL_TRIP": 29876.788}, "Distance": {"BIKE_TRIP": 48.05684566064545, "FOOT": 81.52757472400553, "PASSENGER_CAR": 21.258246642449002, "RAIL_TRIP": 184.8671779487784}, "Total_Count": 36, "Total_Duration": 125596.571, "Total_Distance": 335.70984497587835, "Total_Emission": 5.94982726648332}, "end_percents_count": {"BIKE_TRIP": 0.027777777777777776, "FOOT": 0.6666666666666666, "PASSENGER_CAR": 0.1111111111111111, "RAIL_TRIP": 0.6111111111111112}, "end_percents_duration": {"BIKE_TRIP": 0.05501355606276863, "FOOT": 0.6867559306217047, "PASSENGER_CAR": 0.020351503067707156, "RAIL_TRIP": 0.2378790102478196}, "end_percents_distance": {"BIKE_TRIP": 0.14314994445306917, "FOOT": 0.24285130729443904, "PASSENGER_CAR": 0.0633232744305621, "RAIL_TRIP": 0.5506754738219297}}