{"start": {"Count": {"BIKE_TRIP": 4, "BUS": 1, "FOOT": 39, "PASSENGER_CAR": 10, "RAIL_TRIP": 14}, "Duration": {"BIKE_TRIP": 15882.99, "BUS": 1797.268, "FOOT": 74808.88, "PASSENGER_CAR": 16761.101000000002, "RAIL_TRIP": 13122.423}, "Distance": {"BIKE_TRIP": 57.854309967345685, "BUS": 8.043348808189414, "FOOT": 82.6399244148718, "PASSENGER_CAR": 129.28256520856868, "RAIL_TRIP": 62.12883483351412}, "Total_Count": 46, "Total_Duration": 122372.662, "Total_Distance": 339.9489832324897, "Total_Emission": 18.968928781549014}, "start_percents_count": {"BIKE_TRIP": 0.08695652173913043, "BUS": 0.021739130434782608, "FOOT": 0.8478260869565217, "PASSENGER_CAR": 0.21739130434782608, "RAIL_TRIP": 0.30434782608695654}, "start_percents_duration": {"BIKE_TRIP": 0.12979197919221533, "BUS": 0.014686842392952112, "FOOT": 0.6113201982972308, "PASSENGER_CAR": 0.13696769136230771, "RAIL_TRIP": 0.10723328875529406}, "start_percents_distance": {"BIKE_TRIP": 0.17018527138167483, "BUS": 0.023660458494998943, "FOOT": 0.24309507747035883, "PASSENGER_CAR": 0.38029990258906843, "RAIL_TRIP": 0.182759290063899}, "end": {"Count": {"BIKE_TRIP": 6, "FOOT": 52, "MOTORCYCLE": 1, "PASSENGER_CAR": 20, "RAIL_TRIP": 24, "UNKNOWN": 1}, "Duration": {"BIKE_TRIP": 5290.302000000001, "FOOT": 154595.057, "MOTORCYCLE": 360.663, "PASSENGER_CAR": 35765.437, "RAIL_TRIP": 60797.509999999995, "UNKNOWN": 120.125}, "Distance": {"BIKE_TRIP": 18.754172541274233, "FOOT": 144.65824791429208, "MOTORCYCLE": 9.233528893622362, "PASSENGER_CAR": 482.6311201526981, "RAIL_TRIP": 242.21523603772948, "UNKNOWN": 6.381252794759448}, "Total_Count": 61, "Total_Duration": 256929.09399999998, "Total_Distance": 903.8735583343757, "Total_Emission": 98.91167183899101}, "end_percents_count": {"BIKE_TRIP": 0.09836065573770492, "FOOT": 0.8524590163934426, "MOTORCYCLE": 0.01639344262295082, "PASSENGER_CAR": 0.32786885245901637, "RAIL_TRIP": 0.39344262295081966, "UNKNOWN": 0.01639344262295082}, "end_percents_duration": {"BIKE_TRIP": 0.020590513583486972, "FOOT": 0.6017031959798216, "MOTORCYCLE": 0.001403745268334617, "PASSENGER_CAR": 0.13920353060521826, "RAIL_TRIP": 0.23663147311763766, "UNKNOWN": 0.0004675414455009132}, "end_percents_distance": {"BIKE_TRIP": 0.020748668183007496, "FOOT": 0.16004257075609432, "MOTORCYCLE": 0.010215509468644666, "PASSENGER_CAR": 0.5339586667875014, "RAIL_TRIP": 0.267974689384735, "UNKNOWN": 0.007059895420017133}}