{"start": {"Count": {"FOOT": 2, "PASSENGER_CAR": 5}, "Duration": {"FOOT": 2343.128, "PASSENGER_CAR": 4717.131}, "Distance": {"FOOT": 2.677577456932489, "PASSENGER_CAR": 73.02072219365296}, "Total_Count": 6, "Total_Duration": 7060.259, "Total_Distance": 75.69829965058545, "Total_Emission": 15.894425494396224}, "start_percents_count": {"FOOT": 0.3333333333333333, "PASSENGER_CAR": 0.8333333333333334}, "start_percents_duration": {"FOOT": 0.33187564365556566, "PASSENGER_CAR": 0.6681243563444345}, "start_percents_distance": {"FOOT": 0.0353716988266827, "PASSENGER_CAR": 0.9646283011733172}, "end": {"Count": {"FOOT": 1, "PASSENGER_CAR": 9}, "Duration": {"FOOT": 1381.355, "PASSENGER_CAR": 5388.152}, "Distance": {"FOOT": 1.152599055391506, "PASSENGER_CAR": 55.404097715274006}, "Total_Count": 9, "Total_Duration": 6769.507, "Total_Distance": 56.55669677066551, "Total_Emission": 12.926151261220735}, "end_percents_count": {"FOOT": 0.1111111111111111, "PASSENGER_CAR": 1.0}, "end_percents_duration": {"FOOT": 0.20405547996331197, "PASSENGER_CAR": 0.7959445200366881}, "end_percents_distance": {"FOOT": 0.020379532773373163, "PASSENGER_CAR": 0.9796204672266269}}