{"start": {"Count": {"BIKE_TRIP": 1, "BUS": 1, "FOOT": 24, "PASSENGER_CAR": 6, "RAIL_TRIP": 8}, "Duration": {"BIKE_TRIP": 1655.864, "BUS": 646.267, "FOOT": 58322.892, "PASSENGER_CAR": 10941.481, "RAIL_TRIP": 18323.147}, "Distance": {"BIKE_TRIP": 10.022144728673005, "BUS": 3.070632028187044, "FOOT": 59.74708475251944, "PASSENGER_CAR": 168.81172447756802, "RAIL_TRIP": 91.1226806815452}, "Total_Count": 25, "Total_Duration": 89889.65100000001, "Total_Distance": 332.7742666684927, "Total_Emission": 20.48103923632472}, "start_percents_count": {"BIKE_TRIP": 0.04, "BUS": 0.04, "FOOT": 0.96, "PASSENGER_CAR": 0.24, "RAIL_TRIP": 0.32}, "start_percents_duration": {"BIKE_TRIP": 0.018421074968908265, "BUS": 0.00718955956342516, "FOOT": 0.6488276609283975, "PASSENGER_CAR": 0.12172125354007658, "RAIL_TRIP": 0.20384045099919232}, "start_percents_distance": {"BIKE_TRIP": 0.03011694632823575, "BUS": 0.00922737223322014, "FOOT": 0.1795423827409078, "PASSENGER_CAR": 0.5072859934982203, "RAIL_TRIP": 0.273827305199416}, "end": {"Count": {"BUS": 1, "FOOT": 17, "PASSENGER_CAR": 6, "RAIL_TRIP": 9}, "Duration": {"BUS": 749.05, "FOOT": 42693.71, "PASSENGER_CAR": 9631.889, "RAIL_TRIP": 23725.356}, "Distance": {"BUS": 4.085547886209884, "FOOT": 31.13541636903981, "PASSENGER_CAR": 153.22706397669614, "RAIL_TRIP": 153.5051233716022}, "Total_Count": 20, "Total_Duration": 76800.00499999999, "Total_Distance": 341.95315160354806, "Total_Emission": 23.988797852767807}, "end_percents_count": {"BUS": 0.05, "FOOT": 0.85, "PASSENGER_CAR": 0.3, "RAIL_TRIP": 0.45}, "end_percents_duration": {"BUS": 0.009753254573355822, "FOOT": 0.5559076460997627, "PASSENGER_CAR": 0.12541521318911372, "RAIL_TRIP": 0.3089238861377679}, "end_percents_distance": {"BUS": 0.011947683087730586, "FOOT": 0.09105170174052798, "PASSENGER_CAR": 0.4480937323085233, "RAIL_TRIP": 0.44890688286321806}}