{"start": {"Count": {"BIKE_TRIP": 6, "BUS": 3, "FOOT": 26, "PASSENGER_CAR": 16, "RAIL_TRIP": 6}, "Duration": {"BIKE_TRIP": 19966.755, "BUS": 2857.453, "FOOT": 48697.598, "PASSENGER_CAR": 22017.245, "RAIL_TRIP": 3262.876}, "Distance": {"BIKE_TRIP": 98.23243719886653, "BUS": 22.926784565180284, "FOOT": 53.59903051135487, "PASSENGER_CAR": 180.81172464523152, "RAIL_TRIP": 16.30522489075076}, "Total_Count": 33, "Total_Duration": 96801.927, "Total_Distance": 371.875201811384, "Total_Emission": 43.99058461768482}, "start_percents_count": {"BIKE_TRIP": 0.18181818181818182, "BUS": 0.09090909090909091, "FOOT": 0.7878787878787878, "PASSENGER_CAR": 0.48484848484848486, "RAIL_TRIP": 0.18181818181818182}, "start_percents_duration": {"BIKE_TRIP": 0.20626402406224828, "BUS": 0.02951855493537851, "FOOT": 0.5030643449897438, "PASSENGER_CAR": 0.2274463503190386, "RAIL_TRIP": 0.033706725693590796}, "start_percents_distance": {"BIKE_TRIP": 0.2641543096188766, "BUS": 0.06165182419667985, "FOOT": 0.1441317685349195, "PASSENGER_CAR": 0.48621613854461765, "RAIL_TRIP": 0.043845959104906414}, "end": {"Count": {"BIKE_TRIP": 3, "BUS": 1, "FOOT": 27, "PASSENGER_CAR": 13, "RAIL_TRIP": 6}, "Duration": {"BIKE_TRIP": 14456.447, "BUS": 1286.754, "FOOT": 49951.729, "PASSENGER_CAR": 25933.773, "RAIL_TRIP": 9153.427}, "Distance": {"BIKE_TRIP": 64.38347584138688, "BUS": 7.855386343591515, "FOOT": 62.278147099250624, "PASSENGER_CAR": 297.93503684148226, "RAIL_TRIP": 58.71846942475109}, "Total_Count": 32, "Total_Duration": 100782.13, "Total_Distance": 491.1705155504623, "Total_Emission": 58.79561786379131}, "end_percents_count": {"BIKE_TRIP": 0.09375, "BUS": 0.03125, "FOOT": 0.84375, "PASSENGER_CAR": 0.40625, "RAIL_TRIP": 0.1875}, "end_percents_duration": {"BIKE_TRIP": 0.14344256268447592, "BUS": 0.012767680143295244, "FOOT": 0.4956407351184183, "PASSENGER_CAR": 0.25732511309296596, "RAIL_TRIP": 0.09082390896084454}, "end_percents_distance": {"BIKE_TRIP": 0.131081719694089, "BUS": 0.01599319603862594, "FOOT": 0.12679536968837501, "PASSENGER_CAR": 0.6065816807175037, "RAIL_TRIP": 0.11954803386140637}}