{"start": {"Count": {"FOOT": 8, "RAIL_TRIP": 1}, "Duration": {"FOOT": 12956.908, "RAIL_TRIP": 780.903}, "Distance": {"FOOT": 10.28170817293635, "RAIL_TRIP": 5.271218104045107}, "Total_Count": 9, "Total_Duration": 13737.811, "Total_Distance": 15.552926276981458}, "start_percents_count": {"FOOT": 0.8888888888888888, "RAIL_TRIP": 0.1111111111111111}, "start_percents_duration": {"FOOT": 0.9431566644787878, "RAIL_TRIP": 0.05684333552121223}, "start_percents_distance": {"FOOT": 0.6610786928343779, "RAIL_TRIP": 0.338921307165622}, "end": {"Count": {"BIKE_TRIP": 1, "FOOT": 11, "MOTORCYCLE": 1, "PASSENGER_CAR": 2, "RAIL_TRIP": 1}, "Duration": {"BIKE_TRIP": 540.112, "FOOT": 22273.703, "MOTORCYCLE": 1240.56, "PASSENGER_CAR": 544.961, "RAIL_TRIP": 573.033}, "Distance": {"BIKE_TRIP": 0.7417074079454068, "FOOT": 18.82470088103421, "MOTORCYCLE": 7.534296545055821, "PASSENGER_CAR": 2.9878560380076244, "RAIL_TRIP": 5.623402814151396}, "Total_Count": 16, "Total_Duration": 25172.369, "Total_Distance": 35.71196368619446}, "end_percents_count": {"BIKE_TRIP": 0.0625, "FOOT": 0.6875, "MOTORCYCLE": 0.0625, "PASSENGER_CAR": 0.125, "RAIL_TRIP": 0.0625}, "end_percents_duration": {"BIKE_TRIP": 0.021456542290477307, "FOOT": 0.8848473101598027, "MOTORCYCLE": 0.049282608243983714, "PASSENGER_CAR": 0.021649174140105767, "RAIL_TRIP": 0.02276436516563062}, "end_percents_distance": {"BIKE_TRIP": 0.020769157766368816, "FOOT": 0.5271258967008714, "MOTORCYCLE": 0.21097402011439745, "PASSENGER_CAR": 0.0836654087202343, "RAIL_TRIP": 0.15746551669812803}}