{"start": {"Count": {"BIKE_TRIP": 1, "FOOT": 5, "PASSENGER_CAR": 10, "RAIL_TRIP": 8}, "Duration": {"BIKE_TRIP": 172.286, "FOOT": 9434.924, "PASSENGER_CAR": 19668.887, "RAIL_TRIP": 8720.633}, "Distance": {"BIKE_TRIP": 0.3804553496739871, "FOOT": 7.535199812154897, "PASSENGER_CAR": 208.7109573793407, "RAIL_TRIP": 88.38037204831403}, "Total_Count": 14, "Total_Duration": 37996.73, "Total_Distance": 305.00698458948364, "Total_Emission": 42.25029561107948}, "start_percents_count": {"BIKE_TRIP": 0.07142857142857142, "FOOT": 0.35714285714285715, "PASSENGER_CAR": 0.7142857142857143, "RAIL_TRIP": 0.5714285714285714}, "start_percents_duration": {"BIKE_TRIP": 0.00453423228788372, "FOOT": 0.24830884131344988, "PASSENGER_CAR": 0.5176468343460081, "RAIL_TRIP": 0.22951009205265818}, "start_percents_distance": {"BIKE_TRIP": 0.0012473660240471256, "FOOT": 0.02470500740268852, "PASSENGER_CAR": 0.6842825506447004, "RAIL_TRIP": 0.2897650759285639}, "end": {"Count": {"FOOT": 4, "PASSENGER_CAR": 10, "RAIL_TRIP": 7}, "Duration": {"FOOT": 8360.983, "PASSENGER_CAR": 27782.246, "RAIL_TRIP": 10814.872}, "Distance": {"FOOT": 9.874528757617707, "PASSENGER_CAR": 258.7438401377339, "RAIL_TRIP": 94.6725162034143}, "Total_Count": 13, "Total_Duration": 46958.10100000001, "Total_Distance": 363.29088509876595, "Total_Emission": 55.144940214472214}, "end_percents_count": {"FOOT": 0.3076923076923077, "PASSENGER_CAR": 0.7692307692307693, "RAIL_TRIP": 0.5384615384615384}, "end_percents_duration": {"FOOT": 0.178051982979465, "PASSENGER_CAR": 0.5916390443472148, "RAIL_TRIP": 0.23030897267331993}, "end_percents_distance": {"FOOT": 0.02718077761552749, "PASSENGER_CAR": 0.7122222184775998, "RAIL_TRIP": 0.26059700390687257}}