{"start": {"Count": {"BIKE_TRIP": 3, "FOOT": 14, "PASSENGER_CAR": 7, "RAIL_TRIP": 14}, "Duration": {"BIKE_TRIP": 6573.493, "FOOT": 30167.409, "PASSENGER_CAR": 14126.599, "RAIL_TRIP": 12300.492}, "Distance": {"BIKE_TRIP": 22.664096951934287, "FOOT": 28.892536735737067, "PASSENGER_CAR": 68.7883377535104, "RAIL_TRIP": 100.13350245171733}, "Total_Count": 25, "Total_Duration": 63167.992999999995, "Total_Distance": 220.4784738928991, "Total_Emission": 15.724772832197822}, "start_percents_count": {"BIKE_TRIP": 0.12, "FOOT": 0.56, "PASSENGER_CAR": 0.28, "RAIL_TRIP": 0.56}, "start_percents_duration": {"BIKE_TRIP": 0.10406366718030761, "FOOT": 0.47757428354578246, "PASSENGER_CAR": 0.22363539395655646, "RAIL_TRIP": 0.19472665531735353}, "start_percents_distance": {"BIKE_TRIP": 0.10279505546171247, "FOOT": 0.131044705751057, "PASSENGER_CAR": 0.3119957088732636, "RAIL_TRIP": 0.45416452991396683}, "end": {"Count": {"BIKE_TRIP": 6, "FOOT": 20, "PASSENGER_CAR": 11, "RAIL_TRIP": 14, "UNKNOWN": 1}, "Duration": {"BIKE_TRIP": 13903.17, "FOOT": 41486.158, "PASSENGER_CAR": 5299.379, "RAIL_TRIP": 19886.45, "UNKNOWN": 300.7}, "Distance": {"BIKE_TRIP": 32.69334345446048, "FOOT": 44.11575656708658, "PASSENGER_CAR": 29.840920494892146, "RAIL_TRIP": 153.51323425192766, "UNKNOWN": 7.081672206716421}, "Total_Count": 39, "Total_Duration": 80875.857, "Total_Distance": 267.2449269750833, "Total_Emission": 8.43510507312998}, "end_percents_count": {"BIKE_TRIP": 0.15384615384615385, "FOOT": 0.5128205128205128, "PASSENGER_CAR": 0.28205128205128205, "RAIL_TRIP": 0.358974358974359, "UNKNOWN": 0.02564102564102564}, "end_percents_duration": {"BIKE_TRIP": 0.1719075446705931, "FOOT": 0.5129609693038554, "PASSENGER_CAR": 0.06552485743675025, "RAIL_TRIP": 0.24588858452529289, "UNKNOWN": 0.003718044063508347}, "end_percents_distance": {"BIKE_TRIP": 0.12233475794849667, "FOOT": 0.16507612348877154, "PASSENGER_CAR": 0.11166131695242387, "RAIL_TRIP": 0.5744289928700519, "UNKNOWN": 0.02649880874025603}}