{"start": {"Count": {"BUS": 1, "FOOT": 6, "PASSENGER_CAR": 12, "RAIL_TRIP": 9}, "Duration": {"BUS": 661.57, "FOOT": 13817.581, "PASSENGER_CAR": 14810.194, "RAIL_TRIP": 9422.884}, "Distance": {"BUS": 3.4452584025395634, "FOOT": 15.698840866294532, "PASSENGER_CAR": 102.48158508053592, "RAIL_TRIP": 140.002234388712}, "Total_Count": 20, "Total_Duration": 38712.229, "Total_Distance": 261.627918738082, "Total_Emission": 24.40427867247429}, "start_percents_count": {"BUS": 0.05, "FOOT": 0.3, "PASSENGER_CAR": 0.6, "RAIL_TRIP": 0.45}, "start_percents_duration": {"BUS": 0.017089431869190486, "FOOT": 0.3569306484521984, "PASSENGER_CAR": 0.38257146081668403, "RAIL_TRIP": 0.24340845886192708}, "start_percents_distance": {"BUS": 0.013168542635500005, "FOOT": 0.06000445572481422, "PASSENGER_CAR": 0.3917073742543935, "RAIL_TRIP": 0.5351196273852924}, "end": {"Count": {"FOOT": 4, "PASSENGER_CAR": 5, "RAIL_TRIP": 15}, "Duration": {"FOOT": 10737.97, "PASSENGER_CAR": 6012.231, "RAIL_TRIP": 24905.589}, "Distance": {"FOOT": 15.600650687114248, "PASSENGER_CAR": 53.473829692116595, "RAIL_TRIP": 148.52490062100404}, "Total_Count": 22, "Total_Duration": 41655.79, "Total_Distance": 217.59938100023487, "Total_Emission": 10.494262012032754}, "end_percents_count": {"FOOT": 0.18181818181818182, "PASSENGER_CAR": 0.22727272727272727, "RAIL_TRIP": 0.6818181818181818}, "end_percents_duration": {"FOOT": 0.25777857051804803, "PASSENGER_CAR": 0.14433122022172667, "RAIL_TRIP": 0.5978902092602253}, "end_percents_distance": {"FOOT": 0.07169437070732021, "PASSENGER_CAR": 0.24574440169045736, "RAIL_TRIP": 0.6825612276022225}}