{"start": {"Count": {"BIKE_TRIP": 3, "BUS": 1, "FOOT": 19, "PASSENGER_CAR": 17, "RAIL_TRIP": 8}, "Duration": {"BIKE_TRIP": 12079.079, "BUS": 360.696, "FOOT": 27100.490999999998, "PASSENGER_CAR": 26901.424, "RAIL_TRIP": 18609.269}, "Distance": {"BIKE_TRIP": 77.50947977078671, "BUS": 3.7233203394092387, "FOOT": 30.633273277505282, "PASSENGER_CAR": 176.58019580779083, "RAIL_TRIP": 185.57079949711323}, "Total_Count": 34, "Total_Duration": 85050.95899999999, "Total_Distance": 474.01706869260533, "Total_Emission": 40.40864199638833}, "start_percents_count": {"BIKE_TRIP": 0.08823529411764706, "BUS": 0.029411764705882353, "FOOT": 0.5588235294117647, "PASSENGER_CAR": 0.5, "RAIL_TRIP": 0.23529411764705882}, "start_percents_duration": {"BIKE_TRIP": 0.14202166726891347, "BUS": 0.004240939834670178, "FOOT": 0.3186382766124954, "PASSENGER_CAR": 0.3162977151145351, "RAIL_TRIP": 0.218801401169386}, "start_percents_distance": {"BIKE_TRIP": 0.16351622101829993, "BUS": 0.007854823349881879, "FOOT": 0.06462483167957525, "PASSENGER_CAR": 0.37251864430709153, "RAIL_TRIP": 0.3914854796451513}, "end": {"Count": {"BIKE_TRIP": 1, "BUS": 2, "FOOT": 21, "PASSENGER_CAR": 13, "RAIL_TRIP": 11}, "Duration": {"BIKE_TRIP": 229.055, "BUS": 2043.476, "FOOT": 45366.493, "PASSENGER_CAR": 19795.403000000002, "RAIL_TRIP": 18761.738}, "Distance": {"BIKE_TRIP": 0.9643450691214936, "BUS": 17.70026407944436, "FOOT": 67.4142088036649, "PASSENGER_CAR": 141.38766631381358, "RAIL_TRIP": 143.7341795237767}, "Total_Count": 35, "Total_Duration": 86196.16500000001, "Total_Distance": 371.20066378982114, "Total_Emission": 42.13239789242349}, "end_percents_count": {"BIKE_TRIP": 0.02857142857142857, "BUS": 0.05714285714285714, "FOOT": 0.6, "PASSENGER_CAR": 0.37142857142857144, "RAIL_TRIP": 0.3142857142857143}, "end_percents_duration": {"BIKE_TRIP": 0.0026573688052130857, "BUS": 0.023707272823564714, "FOOT": 0.5263168378778801, "PASSENGER_CAR": 0.22965526366515263, "RAIL_TRIP": 0.21766325682818952}, "end_percents_distance": {"BIKE_TRIP": 0.0025979077172866238, "BUS": 0.04768381580660774, "FOOT": 0.18161122912710023, "PASSENGER_CAR": 0.3808928164898681, "RAIL_TRIP": 0.38721423085913703}}