{"start": {"Count": {"BIKE_TRIP": 4, "FOOT": 21, "PASSENGER_CAR": 10, "RAIL_TRIP": 4}, "Duration": {"BIKE_TRIP": 5461.626, "FOOT": 50847.098, "PASSENGER_CAR": 17049.158, "RAIL_TRIP": 5212.894}, "Distance": {"BIKE_TRIP": 29.80041948510326, "FOOT": 36.83552147392617, "PASSENGER_CAR": 200.13687522906702, "RAIL_TRIP": 36.270208322639505}, "Total_Count": 30, "Total_Duration": 78570.776, "Total_Distance": 303.04302451073596, "Total_Emission": 50.74001117258092}, "start_percents_count": {"BIKE_TRIP": 0.13333333333333333, "FOOT": 0.7, "PASSENGER_CAR": 0.3333333333333333, "RAIL_TRIP": 0.13333333333333333}, "start_percents_duration": {"BIKE_TRIP": 0.06951218096662301, "FOOT": 0.6471502585134198, "PASSENGER_CAR": 0.2169910858459639, "RAIL_TRIP": 0.0663464746739933}, "start_percents_distance": {"BIKE_TRIP": 0.09833725601576258, "FOOT": 0.12155211799841706, "PASSENGER_CAR": 0.6604239630731931, "RAIL_TRIP": 0.11968666291262729}, "end": {"Count": {"BIKE_TRIP": 1, "FOOT": 23, "PASSENGER_CAR": 7, "RAIL_TRIP": 11}, "Duration": {"BIKE_TRIP": 2888.677, "FOOT": 44723.6, "PASSENGER_CAR": 10952.059000000001, "RAIL_TRIP": 14758.707}, "Distance": {"BIKE_TRIP": 18.485123426794765, "FOOT": 43.24361116589708, "PASSENGER_CAR": 80.57341003640174, "RAIL_TRIP": 69.37435571365057}, "Total_Count": 31, "Total_Duration": 73323.04299999999, "Total_Distance": 211.67650034274416, "Total_Emission": 21.404559319196974}, "end_percents_count": {"BIKE_TRIP": 0.03225806451612903, "FOOT": 0.7419354838709677, "PASSENGER_CAR": 0.22580645161290322, "RAIL_TRIP": 0.3548387096774194}, "end_percents_duration": {"BIKE_TRIP": 0.039396578235303195, "FOOT": 0.6099528629765134, "PASSENGER_CAR": 0.14936721870640315, "RAIL_TRIP": 0.20128334008178034}, "end_percents_distance": {"BIKE_TRIP": 0.0873272347042013, "FOOT": 0.20429103417657377, "PASSENGER_CAR": 0.3806440956173132, "RAIL_TRIP": 0.3277376355019117}}