{"start": {"Count": {"BIKE_TRIP": 1, "BUS": 1, "FOOT": 22, "MOTORCYCLE": 1, "PASSENGER_CAR": 34, "RAIL_TRIP": 16}, "Duration": {"BIKE_TRIP": 859.409, "BUS": 600.803, "FOOT": 41136.102, "MOTORCYCLE": 1010.8610000000001, "PASSENGER_CAR": 84519.68800000001, "RAIL_TRIP": 17140.378}, "Distance": {"BIKE_TRIP": 1.19937624387224, "BUS": 1.8191499168533771, "FOOT": 46.30871859282722, "MOTORCYCLE": 5.29348064421524, "PASSENGER_CAR": 1156.0585931868034, "RAIL_TRIP": 149.44504040646245}, "Total_Count": 47, "Total_Duration": 145267.24099999998, "Total_Distance": 1360.124358991034, "Total_Emission": 236.446178985612}, "start_percents_count": {"BIKE_TRIP": 0.02127659574468085, "BUS": 0.02127659574468085, "FOOT": 0.46808510638297873, "MOTORCYCLE": 0.02127659574468085, "PASSENGER_CAR": 0.723404255319149, "RAIL_TRIP": 0.3404255319148936}, "start_percents_duration": {"BIKE_TRIP": 0.005916055086363209, "BUS": 0.004135846429409368, "FOOT": 0.2831753512823996, "MOTORCYCLE": 0.00695863012914247, "PASSENGER_CAR": 0.5818220778351536, "RAIL_TRIP": 0.1179920392375319}, "start_percents_distance": {"BIKE_TRIP": 0.0008818136635402663, "BUS": 0.0013374879325026257, "FOOT": 0.03404741506664869, "MOTORCYCLE": 0.003891909301692122, "PASSENGER_CAR": 0.8499653620235061, "RAIL_TRIP": 0.10987601201211014}, "end": {"Count": {"BUS": 1, "FOOT": 26, "MOTORCYCLE": 2, "PASSENGER_CAR": 37, "RAIL_TRIP": 14}, "Duration": {"BUS": 300.655, "FOOT": 64694.274, "MOTORCYCLE": 5611.652, "PASSENGER_CAR": 144396.007, "RAIL_TRIP": 18233.097}, "Distance": {"BUS": 1.444579046250858, "FOOT": 60.860204902794344, "MOTORCYCLE": 80.54509308648701, "PASSENGER_CAR": 1926.2026638923542, "RAIL_TRIP": 106.81490732795544}, "Total_Count": 51, "Total_Duration": 233235.68499999994, "Total_Distance": 2175.8674482558413, "Total_Emission": 385.191842039706}, "end_percents_count": {"BUS": 0.0196078431372549, "FOOT": 0.5098039215686274, "MOTORCYCLE": 0.0392156862745098, "PASSENGER_CAR": 0.7254901960784313, "RAIL_TRIP": 0.27450980392156865}, "end_percents_duration": {"BUS": 0.0012890608913468796, "FOOT": 0.27737725468553415, "MOTORCYCLE": 0.024060006083545925, "PASSENGER_CAR": 0.6190991185589806, "RAIL_TRIP": 0.07817455978059278}, "end_percents_distance": {"BUS": 0.0006639094892516645, "FOOT": 0.027970547999869852, "MOTORCYCLE": 0.03701746315063969, "PASSENGER_CAR": 0.8852573558358914, "RAIL_TRIP": 0.04909072352434771}}