{"start": {"Count": {"BIKE_TRIP": 2, "FOOT": 30, "PASSENGER_CAR": 8, "RAIL_TRIP": 21}, "Duration": {"BIKE_TRIP": 2718.643, "FOOT": 67176.284, "PASSENGER_CAR": 21424.998, "RAIL_TRIP": 27137.319}, "Distance": {"BIKE_TRIP": 3.452407766328865, "FOOT": 39.60140874544936, "PASSENGER_CAR": 230.7293485749689, "RAIL_TRIP": 149.84582634089924}, "Total_Count": 40, "Total_Duration": 118457.244, "Total_Distance": 423.6289914276464, "Total_Emission": 58.32792523725473}, "start_percents_count": {"BIKE_TRIP": 0.05, "FOOT": 0.75, "PASSENGER_CAR": 0.2, "RAIL_TRIP": 0.525}, "start_percents_duration": {"BIKE_TRIP": 0.022950415763513796, "FOOT": 0.5670930855018035, "PASSENGER_CAR": 0.18086692950580546, "RAIL_TRIP": 0.2290895692288772}, "start_percents_distance": {"BIKE_TRIP": 0.008149602213706184, "FOOT": 0.09348134699655719, "PASSENGER_CAR": 0.5446495713086158, "RAIL_TRIP": 0.35371947948112076}, "end": {"Count": {"BIKE_TRIP": 3, "FOOT": 35, "MOTORCYCLE": 1, "PASSENGER_CAR": 6, "RAIL_TRIP": 26}, "Duration": {"BIKE_TRIP": 10377.257, "FOOT": 43422.437, "MOTORCYCLE": 2540.8, "PASSENGER_CAR": 13557.204, "RAIL_TRIP": 44540.807}, "Distance": {"BIKE_TRIP": 33.650288066100615, "FOOT": 68.93225894006898, "MOTORCYCLE": 10.51281889548377, "PASSENGER_CAR": 75.94171617404447, "RAIL_TRIP": 201.4551008920089}, "Total_Count": 51, "Total_Duration": 114438.50499999999, "Total_Distance": 390.4921829677067, "Total_Emission": 19.210191374415242}, "end_percents_count": {"BIKE_TRIP": 0.058823529411764705, "FOOT": 0.6862745098039216, "MOTORCYCLE": 0.0196078431372549, "PASSENGER_CAR": 0.11764705882352941, "RAIL_TRIP": 0.5098039215686274}, "end_percents_duration": {"BIKE_TRIP": 0.09067976726889258, "FOOT": 0.37943904457682315, "MOTORCYCLE": 0.02220231730570056, "PASSENGER_CAR": 0.11846715404050412, "RAIL_TRIP": 0.38921171680807964}, "end_percents_distance": {"BIKE_TRIP": 0.086174037621858, "FOOT": 0.17652660398010991, "MOTORCYCLE": 0.026921970154657793, "PASSENGER_CAR": 0.1944769178140623, "RAIL_TRIP": 0.5159004704293121}}