{"start": {"Count": {"FOOT": 20, "PASSENGER_CAR": 15, "RAIL_TRIP": 29, "UNKNOWN": 1}, "Duration": {"FOOT": 32962.366, "PASSENGER_CAR": 27081.103, "RAIL_TRIP": 46246.939, "UNKNOWN": 124.986}, "Distance": {"FOOT": 42.491927828201554, "PASSENGER_CAR": 481.8289142941268, "RAIL_TRIP": 453.7563121034147, "UNKNOWN": 13.32596165187157}, "Total_Count": 44, "Total_Duration": 106415.39400000001, "Total_Distance": 991.4031158776149, "Total_Emission": 114.00443577061809}, "start_percents_count": {"FOOT": 0.45454545454545453, "PASSENGER_CAR": 0.3409090909090909, "RAIL_TRIP": 0.6590909090909091, "UNKNOWN": 0.022727272727272728}, "start_percents_duration": {"FOOT": 0.30975185789379306, "PASSENGER_CAR": 0.2544848257574463, "RAIL_TRIP": 0.43458880582634496, "UNKNOWN": 0.001174510522415582}, "start_percents_distance": {"FOOT": 0.04286039366598786, "PASSENGER_CAR": 0.4860070606774316, "RAIL_TRIP": 0.4576910288422265, "UNKNOWN": 0.013441516814353658}, "end": {"Count": {"BIKE_TRIP": 2, "BUS": 2, "FOOT": 27, "HIGH_SPEED_TRAIN": 1, "PASSENGER_CAR": 19, "RAIL_TRIP": 33, "UNKNOWN": 3}, "Duration": {"BIKE_TRIP": 1292.9679999999998, "BUS": 536.177, "FOOT": 86593.102, "HIGH_SPEED_TRAIN": 4436.822, "PASSENGER_CAR": 26474.34, "RAIL_TRIP": 53002.73, "UNKNOWN": 12062.832}, "Distance": {"BIKE_TRIP": 3.9671337279434575, "BUS": 1.5063668481386219, "FOOT": 63.58541220722159, "HIGH_SPEED_TRAIN": 301.3500571555576, "PASSENGER_CAR": 492.7822741700576, "RAIL_TRIP": 525.170910357609, "UNKNOWN": 636.5827860552173}, "Total_Count": 47, "Total_Duration": 184398.971, "Total_Distance": 2024.944940521745, "Total_Emission": 92.56342248530161}, "end_percents_count": {"BIKE_TRIP": 0.0425531914893617, "BUS": 0.0425531914893617, "FOOT": 0.574468085106383, "HIGH_SPEED_TRAIN": 0.02127659574468085, "PASSENGER_CAR": 0.40425531914893614, "RAIL_TRIP": 0.7021276595744681, "UNKNOWN": 0.06382978723404255}, "end_percents_duration": {"BIKE_TRIP": 0.007011796177539407, "BUS": 0.0029077006075050173, "FOOT": 0.46959644910382936, "HIGH_SPEED_TRAIN": 0.024060991099565304, "PASSENGER_CAR": 0.14357097469920263, "RAIL_TRIP": 0.28743506383232476, "UNKNOWN": 0.06541702448003357}, "end_percents_distance": {"BIKE_TRIP": 0.00195913165269634, "BUS": 0.0007439050899578994, "FOOT": 0.031401057349657244, "HIGH_SPEED_TRAIN": 0.1488188894054137, "PASSENGER_CAR": 0.24335588800902797, "RAIL_TRIP": 0.25935071114688885, "UNKNOWN": 0.3143704173463581}}