{"start": {"Count": {"FOOT": 5, "PASSENGER_CAR": 3}, "Duration": {"FOOT": 3072.862, "PASSENGER_CAR": 7529.494000000001}, "Distance": {"FOOT": 3.9538701239435667, "PASSENGER_CAR": 123.00180656303317}, "Total_Count": 7, "Total_Duration": 10602.356, "Total_Distance": 126.95567668697673, "Total_Emission": 21.59187479151443}, "start_percents_count": {"FOOT": 0.7142857142857143, "PASSENGER_CAR": 0.42857142857142855}, "start_percents_duration": {"FOOT": 0.28982822308551043, "PASSENGER_CAR": 0.7101717769144896}, "start_percents_distance": {"FOOT": 0.03114370485135746, "PASSENGER_CAR": 0.9688562951486426}, "end": {"Count": {"BUS": 1, "FOOT": 7, "PASSENGER_CAR": 2, "RAIL_TRIP": 4}, "Duration": {"BUS": 1499.0, "FOOT": 7385.694, "PASSENGER_CAR": 3427.602, "RAIL_TRIP": 6015.184}, "Distance": {"BUS": 6.669927680961976, "FOOT": 9.800064544037912, "PASSENGER_CAR": 40.3138037880947, "RAIL_TRIP": 50.21192142855338}, "Total_Count": 11, "Total_Duration": 18327.480000000003, "Total_Distance": 106.99571744164798, "Total_Emission": 10.86974018850647}, "end_percents_count": {"BUS": 0.09090909090909091, "FOOT": 0.6363636363636364, "PASSENGER_CAR": 0.18181818181818182, "RAIL_TRIP": 0.36363636363636365}, "end_percents_duration": {"BUS": 0.08178974960005411, "FOOT": 0.40298469838733963, "PASSENGER_CAR": 0.1870198194187089, "RAIL_TRIP": 0.3282057325938972}, "end_percents_distance": {"BUS": 0.06233826774047793, "FOOT": 0.09159305417417807, "PASSENGER_CAR": 0.3767796015768627, "RAIL_TRIP": 0.46928907650848123}}