{"start": {"Count": {"BIKE_TRIP": 2, "BUS": 1, "FOOT": 27, "HIGH_SPEED_TRAIN": 1, "PASSENGER_CAR": 7, "PLANE": 1, "RAIL_TRIP": 21}, "Duration": {"BIKE_TRIP": 3492.665, "BUS": 2225.431, "FOOT": 43358.388, "HIGH_SPEED_TRAIN": 1803.224, "PASSENGER_CAR": 15154.854, "PLANE": 1263.329, "RAIL_TRIP": 32338.635000000002}, "Distance": {"BIKE_TRIP": 14.017026639521099, "BUS": 35.24584959057826, "FOOT": 69.57265336831996, "HIGH_SPEED_TRAIN": 103.16243092494476, "PASSENGER_CAR": 142.50891461909637, "PLANE": 158.82833276129648, "RAIL_TRIP": 180.36130052252494}, "Total_Count": 39, "Total_Duration": 99636.52599999998, "Total_Distance": 703.696508426282, "Total_Emission": 54.372775116508464}, "start_percents_count": {"BIKE_TRIP": 0.05128205128205128, "BUS": 0.02564102564102564, "FOOT": 0.6923076923076923, "HIGH_SPEED_TRAIN": 0.02564102564102564, "PASSENGER_CAR": 0.1794871794871795, "PLANE": 0.02564102564102564, "RAIL_TRIP": 0.5384615384615384}, "start_percents_duration": {"BIKE_TRIP": 0.03505406240277788, "BUS": 0.022335493712416273, "FOOT": 0.4351655937903737, "HIGH_SPEED_TRAIN": 0.018098021603041442, "PASSENGER_CAR": 0.15210138900266357, "PLANE": 0.012679376235979967, "RAIL_TRIP": 0.32456606325274734}, "start_percents_distance": {"BIKE_TRIP": 0.019919136263540943, "BUS": 0.050086719443017604, "FOOT": 0.09886741306122065, "HIGH_SPEED_TRAIN": 0.14660074291920674, "PASSENGER_CAR": 0.2025147388293818, "PLANE": 0.2257057280509941, "RAIL_TRIP": 0.256305521432638}, "end": {"Count": {"BIKE_TRIP": 2, "FOOT": 28, "MOTORCYCLE": 1, "PASSENGER_CAR": 9, "RAIL_TRIP": 21}, "Duration": {"BIKE_TRIP": 1796.3229999999999, "FOOT": 52862.926999999996, "MOTORCYCLE": 897.702, "PASSENGER_CAR": 9099.132, "RAIL_TRIP": 18860.005}, "Distance": {"BIKE_TRIP": 8.66581920926754, "FOOT": 52.62697591960923, "MOTORCYCLE": 9.246115126768844, "PASSENGER_CAR": 75.24465084795091, "RAIL_TRIP": 101.29127113400286}, "Total_Count": 44, "Total_Duration": 83516.089, "Total_Distance": 247.07483223759934, "Total_Emission": 17.295875118186835}, "end_percents_count": {"BIKE_TRIP": 0.045454545454545456, "FOOT": 0.6363636363636364, "MOTORCYCLE": 0.022727272727272728, "PASSENGER_CAR": 0.20454545454545456, "RAIL_TRIP": 0.4772727272727273}, "end_percents_duration": {"BIKE_TRIP": 0.021508705945270015, "FOOT": 0.6329669843615401, "MOTORCYCLE": 0.01074885103875015, "PASSENGER_CAR": 0.10895064782068517, "RAIL_TRIP": 0.22582481083375444}, "end_percents_distance": {"BIKE_TRIP": 0.03507366222122559, "FOOT": 0.21300014834777076, "MOTORCYCLE": 0.03742232684338049, "PASSENGER_CAR": 0.3045419485526229, "RAIL_TRIP": 0.40996191403500043}}