{"start": {"Count": {"BUS": 1, "FOOT": 2, "PASSENGER_CAR": 3, "RAIL_TRIP": 6}, "Duration": {"BUS": 1833.637, "FOOT": 1104.882, "PASSENGER_CAR": 1185.417, "RAIL_TRIP": 5739.006}, "Distance": {"BUS": 2.3970874365180097, "FOOT": 0.7555708170588555, "PASSENGER_CAR": 7.34064583232184, "RAIL_TRIP": 23.629393961319018}, "Total_Count": 12, "Total_Duration": 9862.942, "Total_Distance": 34.122698047217725}, "start_percents_count": {"BUS": 0.08333333333333333, "FOOT": 0.16666666666666666, "PASSENGER_CAR": 0.25, "RAIL_TRIP": 0.5}, "start_percents_duration": {"BUS": 0.18591176953083574, "FOOT": 0.11202357268247143, "PASSENGER_CAR": 0.12018898620715807, "RAIL_TRIP": 0.5818756715795349}, "start_percents_distance": {"BUS": 0.07024905923913194, "FOOT": 0.022142763037475074, "PASSENGER_CAR": 0.21512501215947596, "RAIL_TRIP": 0.692483165563917}, "end": {"Count": {"BUS": 1, "FOOT": 5, "PASSENGER_CAR": 2, "RAIL_TRIP": 4, "UNKNOWN": 1}, "Duration": {"BUS": 3347.61, "FOOT": 30647.508, "PASSENGER_CAR": 759.925, "RAIL_TRIP": 3761.2200000000003, "UNKNOWN": 411.52}, "Distance": {"BUS": 48.76035265731861, "FOOT": 8.34603644197893, "PASSENGER_CAR": 2.6438358068521013, "RAIL_TRIP": 9.135449767988915, "UNKNOWN": 0.4695453774427681}, "Total_Count": 13, "Total_Duration": 38927.783, "Total_Distance": 69.35522005158133}, "end_percents_count": {"BUS": 0.07692307692307693, "FOOT": 0.38461538461538464, "PASSENGER_CAR": 0.15384615384615385, "RAIL_TRIP": 0.3076923076923077, "UNKNOWN": 0.07692307692307693}, "end_percents_duration": {"BUS": 0.08599539305898822, "FOOT": 0.787291380040831, "PASSENGER_CAR": 0.01952140454543738, "RAIL_TRIP": 0.09662045228725201, "UNKNOWN": 0.010571370067491384}, "end_percents_distance": {"BUS": 0.7030523819411753, "FOOT": 0.12033753819498748, "PASSENGER_CAR": 0.03812021366071379, "RAIL_TRIP": 0.13171971426512147, "UNKNOWN": 0.006770151938001994}}