{"start": {"Count": {"BIKE_TRIP": 1, "FOOT": 12, "PASSENGER_CAR": 14, "RAIL_TRIP": 7}, "Duration": {"BIKE_TRIP": 183.137, "FOOT": 30528.027, "PASSENGER_CAR": 17207.471, "RAIL_TRIP": 5681.518}, "Distance": {"BIKE_TRIP": 1.9343034178564107, "FOOT": 27.502526147450673, "PASSENGER_CAR": 162.3139955120232, "RAIL_TRIP": 69.57550179127941}, "Total_Count": 28, "Total_Duration": 53600.153000000006, "Total_Distance": 261.3263268686097, "Total_Emission": 39.284915936146525}, "start_percents_count": {"BIKE_TRIP": 0.03571428571428571, "FOOT": 0.42857142857142855, "PASSENGER_CAR": 0.5, "RAIL_TRIP": 0.25}, "start_percents_duration": {"BIKE_TRIP": 0.0034167253216609286, "FOOT": 0.5695511167664017, "PASSENGER_CAR": 0.3210339903320798, "RAIL_TRIP": 0.10599816757985746}, "start_percents_distance": {"BIKE_TRIP": 0.007401869689267642, "FOOT": 0.10524207980498826, "PASSENGER_CAR": 0.621116125026438, "RAIL_TRIP": 0.26623992547930597}, "end": {"Count": {"BIKE_TRIP": 1, "BUS": 1, "FOOT": 27, "PASSENGER_CAR": 20, "RAIL_TRIP": 16}, "Duration": {"BIKE_TRIP": 500.699, "BUS": 275.694, "FOOT": 66354.645, "PASSENGER_CAR": 41186.44, "RAIL_TRIP": 21483.379}, "Distance": {"BIKE_TRIP": 5.407913111703693, "BUS": 1.377751103490601, "FOOT": 103.61759120075415, "PASSENGER_CAR": 271.47103697547243, "RAIL_TRIP": 176.37605252446136}, "Total_Count": 43, "Total_Duration": 129800.857, "Total_Distance": 558.2503449158824, "Total_Emission": 62.10561162897698}, "end_percents_count": {"BIKE_TRIP": 0.023255813953488372, "BUS": 0.023255813953488372, "FOOT": 0.627906976744186, "PASSENGER_CAR": 0.46511627906976744, "RAIL_TRIP": 0.37209302325581395}, "end_percents_duration": {"BIKE_TRIP": 0.00385743986266593, "BUS": 0.00212397673152497, "FOOT": 0.5112034429788087, "PASSENGER_CAR": 0.3173048387500246, "RAIL_TRIP": 0.16551030167697584}, "end_percents_distance": {"BIKE_TRIP": 0.00968725440289439, "BUS": 0.0024679807474157524, "FOOT": 0.1856113339551404, "PASSENGER_CAR": 0.48628906268992617, "RAIL_TRIP": 0.31594436820462307}}