{"start": {"Count": {"BIKE_TRIP": 1, "BUS": 1, "FOOT": 2, "MOTORCYCLE": 3, "PASSENGER_CAR": 24, "RAIL_TRIP": 6}, "Duration": {"BIKE_TRIP": 365.77, "BUS": 320.521, "FOOT": 3377.0860000000002, "MOTORCYCLE": 2670.987, "PASSENGER_CAR": 32650.644, "RAIL_TRIP": 9291.011999999999}, "Distance": {"BIKE_TRIP": 3.3407772353936847, "BUS": 3.585695565141685, "FOOT": 3.8932414367894292, "MOTORCYCLE": 24.789329309566924, "PASSENGER_CAR": 220.38020993547607, "RAIL_TRIP": 48.27977717164663}, "Total_Count": 29, "Total_Duration": 48676.020000000004, "Total_Distance": 304.2690306540144, "Total_Emission": 48.04578523137035}, "start_percents_count": {"BIKE_TRIP": 0.034482758620689655, "BUS": 0.034482758620689655, "FOOT": 0.06896551724137931, "MOTORCYCLE": 0.10344827586206896, "PASSENGER_CAR": 0.8275862068965517, "RAIL_TRIP": 0.20689655172413793}, "start_percents_duration": {"BIKE_TRIP": 0.007514377716173178, "BUS": 0.006584782404148901, "FOOT": 0.06937884403860463, "MOTORCYCLE": 0.05487274842930872, "PASSENGER_CAR": 0.6707747264464103, "RAIL_TRIP": 0.19087452096535415}, "start_percents_distance": {"BIKE_TRIP": 0.010979682119513822, "BUS": 0.01178462217280008, "FOOT": 0.012795391724294315, "MOTORCYCLE": 0.08147174642218181, "PASSENGER_CAR": 0.7242939232487033, "RAIL_TRIP": 0.15867463431250672}, "end": {"Count": {"BIKE_TRIP": 1, "FOOT": 7, "MOTORCYCLE": 4, "PASSENGER_CAR": 23, "RAIL_TRIP": 4}, "Duration": {"BIKE_TRIP": 3424.713, "FOOT": 10007.979, "MOTORCYCLE": 2073.023, "PASSENGER_CAR": 34832.081, "RAIL_TRIP": 2182.564}, "Distance": {"BIKE_TRIP": 32.14717264733636, "FOOT": 13.585909588721318, "MOTORCYCLE": 17.13121949706762, "PASSENGER_CAR": 253.64868636423438, "RAIL_TRIP": 12.289818778146293}, "Total_Count": 29, "Total_Duration": 52520.35999999999, "Total_Distance": 328.802806875506, "Total_Emission": 52.06645002406128}, "end_percents_count": {"BIKE_TRIP": 0.034482758620689655, "FOOT": 0.2413793103448276, "MOTORCYCLE": 0.13793103448275862, "PASSENGER_CAR": 0.7931034482758621, "RAIL_TRIP": 0.13793103448275862}, "end_percents_duration": {"BIKE_TRIP": 0.06520734054374343, "FOOT": 0.19055427266682864, "MOTORCYCLE": 0.03947084521126665, "PASSENGER_CAR": 0.6632110099778449, "RAIL_TRIP": 0.041556531600316526}, "end_percents_distance": {"BIKE_TRIP": 0.09777037170947322, "FOOT": 0.041319323632980194, "MOTORCYCLE": 0.05210180429984584, "PASSENGER_CAR": 0.7714310251015373, "RAIL_TRIP": 0.03737747525616338}}