{"start": {"Count": {"FOOT": 4, "PASSENGER_CAR": 3, "RAIL_TRIP": 3}, "Duration": {"FOOT": 3184.522, "PASSENGER_CAR": 3328.4700000000003, "RAIL_TRIP": 10397.746}, "Distance": {"FOOT": 3.5128736247281473, "PASSENGER_CAR": 44.66041228599793, "RAIL_TRIP": 31.469210259362498}, "Total_Count": 7, "Total_Duration": 16910.737999999998, "Total_Distance": 79.64249617008858, "Total_Emission": 12.932214449184919}, "start_percents_count": {"FOOT": 0.5714285714285714, "PASSENGER_CAR": 0.42857142857142855, "RAIL_TRIP": 0.42857142857142855}, "start_percents_duration": {"FOOT": 0.18831360287173748, "PASSENGER_CAR": 0.19682582747127894, "RAIL_TRIP": 0.6148605696569837}, "start_percents_distance": {"FOOT": 0.04410803018059448, "PASSENGER_CAR": 0.5607610815037599, "RAIL_TRIP": 0.3951308883156455}, "end": {"Count": {"FOOT": 6, "PASSENGER_CAR": 5, "RAIL_TRIP": 4}, "Duration": {"FOOT": 12191.705, "PASSENGER_CAR": 5368.223, "RAIL_TRIP": 17191.328999999998}, "Distance": {"FOOT": 10.27717345030679, "PASSENGER_CAR": 77.1461451025154, "RAIL_TRIP": 49.93281772478747}, "Total_Count": 11, "Total_Duration": 34751.257, "Total_Distance": 137.3561362776097, "Total_Emission": 22.289856053733217}, "end_percents_count": {"FOOT": 0.5454545454545454, "PASSENGER_CAR": 0.45454545454545453, "RAIL_TRIP": 0.36363636363636365}, "end_percents_duration": {"FOOT": 0.35082774128141614, "PASSENGER_CAR": 0.15447564961463123, "RAIL_TRIP": 0.4946966091039527}, "end_percents_distance": {"FOOT": 0.07482136385618517, "PASSENGER_CAR": 0.5616505180853062, "RAIL_TRIP": 0.36352811805850843}}