{"start": {"Count": {"FOOT": 2, "PASSENGER_CAR": 2}, "Duration": {"FOOT": 476.48, "PASSENGER_CAR": 2111.941}, "Distance": {"FOOT": 0.923117288406313, "PASSENGER_CAR": 18.20163943789824}, "Total_Count": 4, "Total_Duration": 2588.4210000000003, "Total_Distance": 19.124756726304557, "Total_Emission": 2.4085327012946234}, "start_percents_count": {"FOOT": 0.5, "PASSENGER_CAR": 0.5}, "start_percents_duration": {"FOOT": 0.18408133761857132, "PASSENGER_CAR": 0.8159186623814285}, "start_percents_distance": {"FOOT": 0.04826818461625919, "PASSENGER_CAR": 0.9517318153837406}, "end": {"Count": {"BIKE_TRIP": 2, "FOOT": 4, "PASSENGER_CAR": 3, "RAIL_TRIP": 1}, "Duration": {"BIKE_TRIP": 21773.239999999998, "FOOT": 23384.440000000002, "PASSENGER_CAR": 4552.955, "RAIL_TRIP": 1321.616}, "Distance": {"BIKE_TRIP": 47.31488843051202, "FOOT": 22.290050767025253, "PASSENGER_CAR": 30.201453481090525, "RAIL_TRIP": 10.152076824584427}, "Total_Count": 6, "Total_Duration": 51032.251000000004, "Total_Distance": 109.95846950321223, "Total_Emission": 6.213101327476982}, "end_percents_count": {"BIKE_TRIP": 0.3333333333333333, "FOOT": 0.6666666666666666, "PASSENGER_CAR": 0.5, "RAIL_TRIP": 0.16666666666666666}, "end_percents_duration": {"BIKE_TRIP": 0.4266564686711546, "FOOT": 0.4582286601466982, "PASSENGER_CAR": 0.08921720893714838, "RAIL_TRIP": 0.025897662244998752}, "end_percents_distance": {"BIKE_TRIP": 0.4302978082932466, "FOOT": 0.20271335957776396, "PASSENGER_CAR": 0.27466236677847033, "RAIL_TRIP": 0.09232646535051903}}