{"start": {"Count": {"BIKE_TRIP": 6, "BUS": 2, "FOOT": 37, "HIGH_SPEED_TRAIN": 1, "MOTORCYCLE": 3, "PASSENGER_CAR": 17, "RAIL_TRIP": 24, "SCOOTER": 1, "UNKNOWN": 1}, "Duration": {"BIKE_TRIP": 11486.512999999999, "BUS": 276.216, "FOOT": 78422.939, "HIGH_SPEED_TRAIN": 1253.24, "MOTORCYCLE": 5867.403, "PASSENGER_CAR": 38321.942, "RAIL_TRIP": 32595.736, "SCOOTER": 780.892, "UNKNOWN": 2166.2019999999998}, "Distance": {"BIKE_TRIP": 20.0240056791737, "BUS": 1.3426373401780882, "FOOT": 149.7991524726565, "HIGH_SPEED_TRAIN": 119.4577811949862, "MOTORCYCLE": 114.03167858349165, "PASSENGER_CAR": 282.8306961295222, "RAIL_TRIP": 197.6557678485645, "SCOOTER": 5.057400993507548, "UNKNOWN": 120.46420087154007}, "Total_Count": 60, "Total_Duration": 171171.08299999998, "Total_Distance": 1010.6633211136204, "Total_Emission": 72.93472837092543}, "start_percents_count": {"BIKE_TRIP": 0.1, "BUS": 0.03333333333333333, "FOOT": 0.6166666666666667, "HIGH_SPEED_TRAIN": 0.016666666666666666, "MOTORCYCLE": 0.05, "PASSENGER_CAR": 0.2833333333333333, "RAIL_TRIP": 0.4, "SCOOTER": 0.016666666666666666, "UNKNOWN": 0.016666666666666666}, "start_percents_duration": {"BIKE_TRIP": 0.06710545261900341, "BUS": 0.0016136837785854286, "FOOT": 0.4581553006824173, "HIGH_SPEED_TRAIN": 0.007321563771376034, "MOTORCYCLE": 0.03427800360414849, "PASSENGER_CAR": 0.22388093437487924, "RAIL_TRIP": 0.19042781893247707, "SCOOTER": 0.004562055613096753, "UNKNOWN": 0.012655186624016395}, "start_percents_distance": {"BIKE_TRIP": 0.019812736111873373, "BUS": 0.001328471422806435, "FOOT": 0.1482186494188759, "HIGH_SPEED_TRAIN": 0.1181974043179475, "MOTORCYCLE": 0.11282855150797742, "PASSENGER_CAR": 0.2798466019503699, "RAIL_TRIP": 0.19557033852853525, "SCOOTER": 0.005004041294320393, "UNKNOWN": 0.11919320544729385}, "end": {"Count": {"BIKE_TRIP": 7, "BUS": 1, "FOOT": 30, "HIGH_SPEED_TRAIN": 1, "MOTORCYCLE": 2, "PASSENGER_CAR": 21, "RAIL_TRIP": 29, "UNKNOWN": 3}, "Duration": {"BIKE_TRIP": 16999.302, "BUS": 180.353, "FOOT": 78304.907, "HIGH_SPEED_TRAIN": 8063.963, "MOTORCYCLE": 2689.692, "PASSENGER_CAR": 35687.032, "RAIL_TRIP": 44624.956, "UNKNOWN": 585.001}, "Distance": {"BIKE_TRIP": 68.15071024800655, "BUS": 4.4873540569206325, "FOOT": 93.39418769402478, "HIGH_SPEED_TRAIN": 341.9428313690761, "MOTORCYCLE": 77.02160591031259, "PASSENGER_CAR": 519.6845070099037, "RAIL_TRIP": 362.6531134370622, "UNKNOWN": 23.686900878254217}, "Total_Count": 52, "Total_Duration": 187135.206, "Total_Distance": 1491.0212106035608, "Total_Emission": 106.41826476813561}, "end_percents_count": {"BIKE_TRIP": 0.1346153846153846, "BUS": 0.019230769230769232, "FOOT": 0.5769230769230769, "HIGH_SPEED_TRAIN": 0.019230769230769232, "MOTORCYCLE": 0.038461538461538464, "PASSENGER_CAR": 0.40384615384615385, "RAIL_TRIP": 0.5576923076923077, "UNKNOWN": 0.057692307692307696}, "end_percents_duration": {"BIKE_TRIP": 0.09083967877214937, "BUS": 0.0009637577228520004, "FOOT": 0.41844027467498557, "HIGH_SPEED_TRAIN": 0.04309164038326385, "MOTORCYCLE": 0.014372987624787182, "PASSENGER_CAR": 0.1907018607711902, "RAIL_TRIP": 0.23846371270192737, "UNKNOWN": 0.00312608734884445}, "end_percents_distance": {"BIKE_TRIP": 0.04570740494055034, "BUS": 0.003009584320469972, "FOOT": 0.06263773246808414, "HIGH_SPEED_TRAIN": 0.22933465261078256, "MOTORCYCLE": 0.05165694851459187, "PASSENGER_CAR": 0.3485426654658635, "RAIL_TRIP": 0.24322465090235793, "UNKNOWN": 0.01588636077729963}}