{"start": {"Count": {"BIKE_TRIP": 1, "PASSENGER_CAR": 9}, "Duration": {"BIKE_TRIP": 826.984, "PASSENGER_CAR": 8091.61}, "Distance": {"BIKE_TRIP": 11.30698907290031, "PASSENGER_CAR": 71.78341378869435}, "Total_Count": 10, "Total_Duration": 8918.594000000001, "Total_Distance": 83.09040286159467, "Total_Emission": 12.753699750070567}, "start_percents_count": {"BIKE_TRIP": 0.1, "PASSENGER_CAR": 0.9}, "start_percents_duration": {"BIKE_TRIP": 0.09272582651480715, "PASSENGER_CAR": 0.9072741734851927}, "start_percents_distance": {"BIKE_TRIP": 0.13608056626870116, "PASSENGER_CAR": 0.8639194337312986}, "end": {"Count": {"BIKE_TRIP": 1, "PASSENGER_CAR": 10, "RAIL_TRIP": 1}, "Duration": {"BIKE_TRIP": 267.1, "PASSENGER_CAR": 7925.119, "RAIL_TRIP": 841.707}, "Distance": {"BIKE_TRIP": 1.6127981747265483, "PASSENGER_CAR": 112.85964192405893, "RAIL_TRIP": 7.862843266262536}, "Total_Count": 10, "Total_Duration": 9033.926, "Total_Distance": 122.33528336504803, "Total_Emission": 21.495888340676725}, "end_percents_count": {"BIKE_TRIP": 0.1, "PASSENGER_CAR": 1.0, "RAIL_TRIP": 0.1}, "end_percents_duration": {"BIKE_TRIP": 0.02956632586983777, "PASSENGER_CAR": 0.8772618903453493, "RAIL_TRIP": 0.09317178378481294}, "end_percents_distance": {"BIKE_TRIP": 0.013183426157717431, "PASSENGER_CAR": 0.9225436752149925, "RAIL_TRIP": 0.06427289862729006}}