{"start": {"Count": {"FOOT": 6, "PASSENGER_CAR": 3, "RAIL_TRIP": 2}, "Duration": {"FOOT": 10090.598, "PASSENGER_CAR": 2685.109, "RAIL_TRIP": 466.865}, "Distance": {"FOOT": 15.247133755437673, "PASSENGER_CAR": 25.377490139905145, "RAIL_TRIP": 1.612925559659667}, "Total_Count": 11, "Total_Duration": 13242.572, "Total_Distance": 42.23754945500249, "Total_Emission": 6.122145297624593}, "start_percents_count": {"FOOT": 0.5454545454545454, "PASSENGER_CAR": 0.2727272727272727, "RAIL_TRIP": 0.18181818181818182}, "start_percents_duration": {"FOOT": 0.7619817358742698, "PASSENGER_CAR": 0.20276340577948151, "RAIL_TRIP": 0.03525485834624875}, "start_percents_distance": {"FOOT": 0.36098528328877394, "PASSENGER_CAR": 0.600827710588203, "RAIL_TRIP": 0.038187006123023004}, "end": {"Count": {"FOOT": 8, "MOTORCYCLE": 1, "PASSENGER_CAR": 6, "RAIL_TRIP": 3}, "Duration": {"FOOT": 15593.729, "MOTORCYCLE": 261.43, "PASSENGER_CAR": 6753.712, "RAIL_TRIP": 567.905}, "Distance": {"FOOT": 20.79945011621897, "MOTORCYCLE": 2.043843256288239, "PASSENGER_CAR": 101.01446278561134, "RAIL_TRIP": 1.8736606520636867}, "Total_Count": 13, "Total_Duration": 23176.775999999998, "Total_Distance": 125.73141681018225, "Total_Emission": 24.786745503328383}, "end_percents_count": {"FOOT": 0.6153846153846154, "MOTORCYCLE": 0.07692307692307693, "PASSENGER_CAR": 0.46153846153846156, "RAIL_TRIP": 0.23076923076923078}, "end_percents_duration": {"FOOT": 0.6728170044013024, "MOTORCYCLE": 0.011279825977521637, "PASSENGER_CAR": 0.29139997728760897, "RAIL_TRIP": 0.024503192333567018}, "end_percents_distance": {"FOOT": 0.16542762854267418, "MOTORCYCLE": 0.016255628928240312, "PASSENGER_CAR": 0.8034146544146059, "RAIL_TRIP": 0.014902088114479514}}