{"start": {"Count": {"BIKE_TRIP": 4, "FOOT": 33, "HIGH_SPEED_TRAIN": 1, "MOTORCYCLE": 1, "PASSENGER_CAR": 14, "RAIL_TRIP": 24, "UNKNOWN": 2}, "Duration": {"BIKE_TRIP": 2592.756, "FOOT": 48700.522, "HIGH_SPEED_TRAIN": 3904.348, "MOTORCYCLE": 380.33, "PASSENGER_CAR": 14586.712, "RAIL_TRIP": 27162.864999999998, "UNKNOWN": 1622.136}, "Distance": {"BIKE_TRIP": 11.47898730489904, "FOOT": 57.635727608851006, "HIGH_SPEED_TRAIN": 261.0623785632154, "MOTORCYCLE": 2.120576120718475, "PASSENGER_CAR": 76.79386060498427, "RAIL_TRIP": 161.62078097744183, "UNKNOWN": 80.74038010773886}, "Total_Count": 55, "Total_Duration": 98949.669, "Total_Distance": 651.4526912878489, "Total_Emission": 18.755012097171665}, "start_percents_count": {"BIKE_TRIP": 0.07272727272727272, "FOOT": 0.6, "HIGH_SPEED_TRAIN": 0.01818181818181818, "MOTORCYCLE": 0.01818181818181818, "PASSENGER_CAR": 0.2545454545454545, "RAIL_TRIP": 0.43636363636363634, "UNKNOWN": 0.03636363636363636}, "start_percents_duration": {"BIKE_TRIP": 0.026202775877906172, "FOOT": 0.49217468327256353, "HIGH_SPEED_TRAIN": 0.039457918752613515, "MOTORCYCLE": 0.003843671270896318, "PASSENGER_CAR": 0.14741547038424152, "RAIL_TRIP": 0.2745119339408806, "UNKNOWN": 0.016393546500898352}, "start_percents_distance": {"BIKE_TRIP": 0.01762060001963668, "FOOT": 0.0884726218490427, "HIGH_SPEED_TRAIN": 0.4007388135078917, "MOTORCYCLE": 0.003255149835249485, "PASSENGER_CAR": 0.11788094766048388, "RAIL_TRIP": 0.24809289014976002, "UNKNOWN": 0.12393897697793554}, "end": {"Count": {"BIKE_TRIP": 3, "BUS": 4, "FOOT": 31, "HIGH_SPEED_TRAIN": 1, "PASSENGER_CAR": 11, "RAIL_TRIP": 25}, "Duration": {"BIKE_TRIP": 4464.494, "BUS": 2623.723, "FOOT": 51105.317, "HIGH_SPEED_TRAIN": 14969.57, "PASSENGER_CAR": 18917.136000000002, "RAIL_TRIP": 28728.288}, "Distance": {"BIKE_TRIP": 20.171374453305773, "BUS": 19.663285191106414, "FOOT": 57.464527463788144, "HIGH_SPEED_TRAIN": 154.57963647338858, "PASSENGER_CAR": 141.30867002236167, "RAIL_TRIP": 172.61282015144232}, "Total_Count": 54, "Total_Duration": 120808.528, "Total_Distance": 565.8003137553928, "Total_Emission": 39.32733913299336}, "end_percents_count": {"BIKE_TRIP": 0.05555555555555555, "BUS": 0.07407407407407407, "FOOT": 0.5740740740740741, "HIGH_SPEED_TRAIN": 0.018518518518518517, "PASSENGER_CAR": 0.2037037037037037, "RAIL_TRIP": 0.46296296296296297}, "end_percents_duration": {"BIKE_TRIP": 0.03695512290324404, "BUS": 0.02171802805179449, "FOOT": 0.42302739588052923, "HIGH_SPEED_TRAIN": 0.12391153379503142, "PASSENGER_CAR": 0.1565877534738276, "RAIL_TRIP": 0.23780016589557318}, "end_percents_distance": {"BIKE_TRIP": 0.03565104854647761, "BUS": 0.03475304752059091, "FOOT": 0.10156326546087997, "HIGH_SPEED_TRAIN": 0.273205285885042, "PASSENGER_CAR": 0.24975007363366775, "RAIL_TRIP": 0.30507727895334186}}