{"start": {"Count": {"BIKE_TRIP": 1, "FOOT": 8, "PASSENGER_CAR": 5, "RAIL_TRIP": 3}, "Duration": {"BIKE_TRIP": 321.194, "FOOT": 9289.159, "PASSENGER_CAR": 5951.921, "RAIL_TRIP": 2415.495}, "Distance": {"BIKE_TRIP": 1.7362426590001354, "FOOT": 12.520706248303181, "PASSENGER_CAR": 37.18002862181338, "RAIL_TRIP": 16.211826581924498}, "Total_Count": 14, "Total_Duration": 17977.769, "Total_Distance": 67.64880411104119, "Total_Emission": 9.459776797678268}, "start_percents_count": {"BIKE_TRIP": 0.07142857142857142, "FOOT": 0.5714285714285714, "PASSENGER_CAR": 0.35714285714285715, "RAIL_TRIP": 0.21428571428571427}, "start_percents_duration": {"BIKE_TRIP": 0.017866176832064092, "FOOT": 0.5167025452379547, "PASSENGER_CAR": 0.3310711690644151, "RAIL_TRIP": 0.13436010886556612}, "start_percents_distance": {"BIKE_TRIP": 0.025665533660435506, "FOOT": 0.18508392591465833, "PASSENGER_CAR": 0.5496036346893101, "RAIL_TRIP": 0.23964690573559616}, "end": {"Count": {"FOOT": 5, "PASSENGER_CAR": 1, "RAIL_TRIP": 6}, "Duration": {"FOOT": 13919.08, "PASSENGER_CAR": 1677.809, "RAIL_TRIP": 9846.864}, "Distance": {"FOOT": 18.13952540000437, "PASSENGER_CAR": 17.06588893607234, "RAIL_TRIP": 49.42674346357623}, "Total_Count": 11, "Total_Duration": 25443.753000000004, "Total_Distance": 84.63215779965296, "Total_Emission": 4.388968075858634}, "end_percents_count": {"FOOT": 0.45454545454545453, "PASSENGER_CAR": 0.09090909090909091, "RAIL_TRIP": 0.5454545454545454}, "end_percents_duration": {"FOOT": 0.5470529445872233, "PASSENGER_CAR": 0.06594188365214831, "RAIL_TRIP": 0.38700517176062815}, "end_percents_distance": {"FOOT": 0.2143337222116621, "PASSENGER_CAR": 0.20164780598495294, "RAIL_TRIP": 0.5840184718033847}}