{"start": {"Count": {"BIKE_TRIP": 1, "FOOT": 14, "PASSENGER_CAR": 4, "RAIL_TRIP": 11, "UNKNOWN": 1}, "Duration": {"BIKE_TRIP": 1384.579, "FOOT": 31702.615999999998, "PASSENGER_CAR": 9616.104, "RAIL_TRIP": 12732.698, "UNKNOWN": 759.703}, "Distance": {"BIKE_TRIP": 0.6372002692699283, "FOOT": 23.27726894238981, "PASSENGER_CAR": 26.769102246815624, "RAIL_TRIP": 76.9176122586726, "UNKNOWN": 17.063315082948503}, "Total_Count": 19, "Total_Duration": 56195.70000000001, "Total_Distance": 144.66449880009648, "Total_Emission": 1.852252861689576}, "start_percents_count": {"BIKE_TRIP": 0.05263157894736842, "FOOT": 0.7368421052631579, "PASSENGER_CAR": 0.21052631578947367, "RAIL_TRIP": 0.5789473684210527, "UNKNOWN": 0.05263157894736842}, "start_percents_duration": {"BIKE_TRIP": 0.024638522164507244, "FOOT": 0.5641466517900834, "PASSENGER_CAR": 0.17111814605032052, "RAIL_TRIP": 0.2265777986571926, "UNKNOWN": 0.013518881337895956}, "start_percents_distance": {"BIKE_TRIP": 0.004404676161429478, "FOOT": 0.16090519191273958, "PASSENGER_CAR": 0.1850426501930256, "RAIL_TRIP": 0.5316965316069744, "UNKNOWN": 0.11795095012583089}, "end": {"Count": {"BIKE_TRIP": 1, "FOOT": 14, "PASSENGER_CAR": 6, "RAIL_TRIP": 10, "UNKNOWN": 1}, "Duration": {"BIKE_TRIP": 1384.579, "FOOT": 35494.259, "PASSENGER_CAR": 10988.005000000001, "RAIL_TRIP": 14990.491, "UNKNOWN": 759.703}, "Distance": {"BIKE_TRIP": 0.6372002692699283, "FOOT": 19.687782224056964, "PASSENGER_CAR": 37.0750220532656, "RAIL_TRIP": 57.187899680394644, "UNKNOWN": 17.063315082948503}, "Total_Count": 23, "Total_Duration": 63617.037000000004, "Total_Distance": 131.65121930993564, "Total_Emission": 7.389744662540499}, "end_percents_count": {"BIKE_TRIP": 0.043478260869565216, "FOOT": 0.6086956521739131, "PASSENGER_CAR": 0.2608695652173913, "RAIL_TRIP": 0.43478260869565216, "UNKNOWN": 0.043478260869565216}, "end_percents_duration": {"BIKE_TRIP": 0.021764279905082656, "FOOT": 0.5579363748110431, "PASSENGER_CAR": 0.17272110614016808, "RAIL_TRIP": 0.23563642236277052, "UNKNOWN": 0.011941816780935584}, "end_percents_distance": {"BIKE_TRIP": 0.0048400635604431445, "FOOT": 0.1495450048032418, "PASSENGER_CAR": 0.281615485580752, "RAIL_TRIP": 0.4343894418916233, "UNKNOWN": 0.12961000416393975}}