{"start": {"Count": {"BIKE_TRIP": 3, "FOOT": 41, "PASSENGER_CAR": 16, "RAIL_TRIP": 23, "UNKNOWN": 1}, "Duration": {"BIKE_TRIP": 3568.384, "FOOT": 54191.147000000004, "PASSENGER_CAR": 25511.257999999998, "RAIL_TRIP": 24938.657, "UNKNOWN": 162.191}, "Distance": {"BIKE_TRIP": 16.14208173256145, "FOOT": 72.60801224613766, "PASSENGER_CAR": 235.4749419248938, "RAIL_TRIP": 153.0831706137303, "UNKNOWN": 8.67729074591074}, "Total_Count": 61, "Total_Duration": 108371.637, "Total_Distance": 485.9854972632339, "Total_Emission": 41.96514518099816}, "start_percents_count": {"BIKE_TRIP": 0.04918032786885246, "FOOT": 0.6721311475409836, "PASSENGER_CAR": 0.26229508196721313, "RAIL_TRIP": 0.3770491803278688, "UNKNOWN": 0.01639344262295082}, "start_percents_duration": {"BIKE_TRIP": 0.03292728705389954, "FOOT": 0.500049168769131, "PASSENGER_CAR": 0.23540530258853612, "RAIL_TRIP": 0.2301216230589928, "UNKNOWN": 0.0014966185294405028}, "start_percents_distance": {"BIKE_TRIP": 0.03321515111760238, "FOOT": 0.1494036605104896, "PASSENGER_CAR": 0.4845308003035919, "RAIL_TRIP": 0.3149953475480212, "UNKNOWN": 0.017855040520294966}, "end": {"Count": {"BIKE_TRIP": 6, "FOOT": 59, "MOTORCYCLE": 1, "PASSENGER_CAR": 29, "RAIL_TRIP": 31, "UNKNOWN": 2}, "Duration": {"BIKE_TRIP": 7303.13, "FOOT": 78910.956, "MOTORCYCLE": 137.665, "PASSENGER_CAR": 46325.704, "RAIL_TRIP": 38950.122, "UNKNOWN": 282.304}, "Distance": {"BIKE_TRIP": 33.33686114465447, "FOOT": 101.54718805456396, "MOTORCYCLE": 3.396429375399274, "PASSENGER_CAR": 392.00874572810886, "RAIL_TRIP": 282.1222488482562, "UNKNOWN": 16.79298073726477}, "Total_Count": 81, "Total_Duration": 171909.881, "Total_Distance": 829.2044538882474, "Total_Emission": 82.82494994546973}, "end_percents_count": {"BIKE_TRIP": 0.07407407407407407, "FOOT": 0.7283950617283951, "MOTORCYCLE": 0.012345679012345678, "PASSENGER_CAR": 0.35802469135802467, "RAIL_TRIP": 0.38271604938271603, "UNKNOWN": 0.024691358024691357}, "end_percents_duration": {"BIKE_TRIP": 0.04248231665054786, "FOOT": 0.4590251330579422, "MOTORCYCLE": 0.0008007974829556191, "PASSENGER_CAR": 0.2694766800519163, "RAIL_TRIP": 0.2265729100237118, "UNKNOWN": 0.001642162732926329}, "end_percents_distance": {"BIKE_TRIP": 0.040203427500097956, "FOOT": 0.12246338955175169, "MOTORCYCLE": 0.004096009566124464, "PASSENGER_CAR": 0.4727528221657867, "RAIL_TRIP": 0.34023243305718914, "UNKNOWN": 0.020251918159050284}}