{"start": {"Count": {"BIKE_TRIP": 1, "FOOT": 13, "PASSENGER_CAR": 2, "RAIL_TRIP": 11}, "Duration": {"BIKE_TRIP": 857.0, "FOOT": 18531.85, "PASSENGER_CAR": 1936.6419999999998, "RAIL_TRIP": 15588.273000000001}, "Distance": {"BIKE_TRIP": 2.3061265671073974, "FOOT": 24.073385943690774, "PASSENGER_CAR": 16.125635474588876, "RAIL_TRIP": 47.60267383375083}, "Total_Count": 18, "Total_Duration": 36913.765, "Total_Distance": 90.10782181913788, "Total_Emission": 3.925376840121622}, "start_percents_count": {"BIKE_TRIP": 0.05555555555555555, "FOOT": 0.7222222222222222, "PASSENGER_CAR": 0.1111111111111111, "RAIL_TRIP": 0.6111111111111112}, "start_percents_duration": {"BIKE_TRIP": 0.023216271762037822, "FOOT": 0.50203088197587, "PASSENGER_CAR": 0.05246395213276131, "RAIL_TRIP": 0.4222888941293309}, "start_percents_distance": {"BIKE_TRIP": 0.025592967630892197, "FOOT": 0.2671620005642824, "PASSENGER_CAR": 0.17895933060013192, "RAIL_TRIP": 0.5282857012046934}, "end": {"Count": {"BIKE_TRIP": 1, "FOOT": 5, "PASSENGER_CAR": 6, "RAIL_TRIP": 14}, "Duration": {"BIKE_TRIP": 1023.369, "FOOT": 7762.358, "PASSENGER_CAR": 7234.0560000000005, "RAIL_TRIP": 17571.317}, "Distance": {"BIKE_TRIP": 4.703048307306203, "FOOT": 6.351256475092123, "PASSENGER_CAR": 74.88765224255867, "RAIL_TRIP": 71.33724118362}, "Total_Count": 21, "Total_Duration": 33591.1, "Total_Distance": 157.279198208577, "Total_Emission": 14.045789426849979}, "end_percents_count": {"BIKE_TRIP": 0.047619047619047616, "FOOT": 0.23809523809523808, "PASSENGER_CAR": 0.2857142857142857, "RAIL_TRIP": 0.6666666666666666}, "end_percents_duration": {"BIKE_TRIP": 0.030465480439759343, "FOOT": 0.23108376921267837, "PASSENGER_CAR": 0.215356329503946, "RAIL_TRIP": 0.5230944208436163}, "end_percents_distance": {"BIKE_TRIP": 0.02990254503376359, "FOOT": 0.040382050184852525, "PASSENGER_CAR": 0.47614467199435906, "RAIL_TRIP": 0.45357073278702487}}