{"start": {"Count": {"BIKE_TRIP": 1, "FOOT": 11, "PASSENGER_CAR": 13, "RAIL_TRIP": 5}, "Duration": {"BIKE_TRIP": 963.065, "FOOT": 17342.743, "PASSENGER_CAR": 22663.53, "RAIL_TRIP": 9876.779}, "Distance": {"BIKE_TRIP": 1.246844489950535, "FOOT": 21.38105653951591, "PASSENGER_CAR": 271.3836524034951, "RAIL_TRIP": 27.656223934862446}, "Total_Count": 23, "Total_Duration": 50846.11700000001, "Total_Distance": 321.66777736782404, "Total_Emission": 68.13978244662275}, "start_percents_count": {"BIKE_TRIP": 0.043478260869565216, "FOOT": 0.4782608695652174, "PASSENGER_CAR": 0.5652173913043478, "RAIL_TRIP": 0.21739130434782608}, "start_percents_duration": {"BIKE_TRIP": 0.01894077771956509, "FOOT": 0.34108293854572996, "PASSENGER_CAR": 0.4457278419117038, "RAIL_TRIP": 0.1942484418230009}, "start_percents_distance": {"BIKE_TRIP": 0.003876187102585598, "FOOT": 0.06646937630643332, "PASSENGER_CAR": 0.8436768352248427, "RAIL_TRIP": 0.08597760136613813}, "end": {"Count": {"FOOT": 19, "PASSENGER_CAR": 15, "RAIL_TRIP": 7}, "Duration": {"FOOT": 40970.236, "PASSENGER_CAR": 17606.389, "RAIL_TRIP": 4712.282}, "Distance": {"FOOT": 35.351303831260005, "PASSENGER_CAR": 261.5590277203005, "RAIL_TRIP": 14.209601733513226}, "Total_Count": 28, "Total_Duration": 63288.90699999999, "Total_Distance": 311.1199332850737, "Total_Emission": 62.38284555848338}, "end_percents_count": {"FOOT": 0.6785714285714286, "PASSENGER_CAR": 0.5357142857142857, "RAIL_TRIP": 0.25}, "end_percents_duration": {"FOOT": 0.6473525605363987, "PASSENGER_CAR": 0.2781907578211139, "RAIL_TRIP": 0.07445668164248753}, "end_percents_distance": {"FOOT": 0.11362596879598912, "PASSENGER_CAR": 0.8407016064786776, "RAIL_TRIP": 0.04567242472533323}}