{"start": {"Count": {"BIKE_TRIP": 4, "BUS": 3, "FOOT": 76, "PASSENGER_CAR": 69, "RAIL_TRIP": 23}, "Duration": {"BIKE_TRIP": 2131.5950000000003, "BUS": 5886.8150000000005, "FOOT": 90060.078, "PASSENGER_CAR": 177680.032, "RAIL_TRIP": 9933.656}, "Distance": {"BIKE_TRIP": 11.172878908078207, "BUS": 58.19632691430136, "FOOT": 123.25757461233601, "PASSENGER_CAR": 1370.548513278074, "RAIL_TRIP": 61.99323449309391}, "Total_Count": 136, "Total_Duration": 285692.176, "Total_Distance": 1625.1685282058838, "Total_Emission": 260.59713899836277}, "start_percents_count": {"BIKE_TRIP": 0.029411764705882353, "BUS": 0.022058823529411766, "FOOT": 0.5588235294117647, "PASSENGER_CAR": 0.5073529411764706, "RAIL_TRIP": 0.16911764705882354}, "start_percents_duration": {"BIKE_TRIP": 0.007461159874395722, "BUS": 0.02060544703191312, "FOOT": 0.3152346671194804, "PASSENGER_CAR": 0.6219282392948696, "RAIL_TRIP": 0.0347704866793412}, "start_percents_distance": {"BIKE_TRIP": 0.006874904795512245, "BUS": 0.03580941047298498, "FOOT": 0.07584294949915568, "PASSENGER_CAR": 0.8433270085479078, "RAIL_TRIP": 0.03814572668443916}, "end": {"Count": {"BIKE_TRIP": 7, "BUS": 1, "FOOT": 100, "PASSENGER_CAR": 85, "RAIL_TRIP": 34}, "Duration": {"BIKE_TRIP": 16284.363, "BUS": 300.315, "FOOT": 178458.922, "PASSENGER_CAR": 189657.893, "RAIL_TRIP": 18438.885}, "Distance": {"BIKE_TRIP": 49.49078670320101, "BUS": 1.5508066944270085, "FOOT": 168.63479943454766, "PASSENGER_CAR": 2640.2079580293243, "RAIL_TRIP": 124.4044503840268}, "Total_Count": 154, "Total_Duration": 403140.378, "Total_Distance": 2984.288801245527, "Total_Emission": 532.5253198209512}, "end_percents_count": {"BIKE_TRIP": 0.045454545454545456, "BUS": 0.006493506493506494, "FOOT": 0.6493506493506493, "PASSENGER_CAR": 0.551948051948052, "RAIL_TRIP": 0.22077922077922077}, "end_percents_duration": {"BIKE_TRIP": 0.04039377816925101, "BUS": 0.0007449390246888144, "FOOT": 0.4426719121645512, "PASSENGER_CAR": 0.4704512456452576, "RAIL_TRIP": 0.0457381249962513}, "end_percents_distance": {"BIKE_TRIP": 0.016583779251708303, "BUS": 0.0005196570431721493, "FOOT": 0.05650753350820671, "PASSENGER_CAR": 0.884702565290398, "RAIL_TRIP": 0.04168646490651481}}