{"start": {"Count": {"FOOT": 22, "PASSENGER_CAR": 10, "RAIL_TRIP": 5}, "Duration": {"FOOT": 25715.46, "PASSENGER_CAR": 19112.053, "RAIL_TRIP": 2159.224}, "Distance": {"FOOT": 61.66853699553367, "PASSENGER_CAR": 320.349054392911, "RAIL_TRIP": 18.737303813179167}, "Total_Count": 37, "Total_Duration": 46986.73700000001, "Total_Distance": 400.7548952016238}, "start_percents_count": {"FOOT": 0.5945945945945946, "PASSENGER_CAR": 0.2702702702702703, "RAIL_TRIP": 0.13513513513513514}, "start_percents_duration": {"FOOT": 0.5472918879214786, "PASSENGER_CAR": 0.40675420810770485, "RAIL_TRIP": 0.04595390397081627}, "start_percents_distance": {"FOOT": 0.15388093254483545, "PASSENGER_CAR": 0.7993640457760103, "RAIL_TRIP": 0.04675502167915439}, "end": {"Count": {"FOOT": 17, "PASSENGER_CAR": 14, "RAIL_TRIP": 5}, "Duration": {"FOOT": 27144.928, "PASSENGER_CAR": 20048.123, "RAIL_TRIP": 2034.8429999999998}, "Distance": {"FOOT": 42.610306272494554, "PASSENGER_CAR": 241.85144409104888, "RAIL_TRIP": 22.20829431169867}, "Total_Count": 36, "Total_Duration": 49227.89400000001, "Total_Distance": 306.67004467524214}, "end_percents_count": {"FOOT": 0.4722222222222222, "PASSENGER_CAR": 0.3888888888888889, "RAIL_TRIP": 0.1388888888888889}, "end_percents_duration": {"FOOT": 0.5514135542747369, "PASSENGER_CAR": 0.4072512831850982, "RAIL_TRIP": 0.04133516254016472}, "end_percents_distance": {"FOOT": 0.13894512037397744, "PASSENGER_CAR": 0.7886373263067316, "RAIL_TRIP": 0.0724175533192909}}