{"start": {"Count": {"FOOT": 6, "PASSENGER_CAR": 3}, "Duration": {"FOOT": 4689.6630000000005, "PASSENGER_CAR": 7410.173000000001}, "Distance": {"FOOT": 12.14581620509718, "PASSENGER_CAR": 13.666815025779222}, "Total_Count": 8, "Total_Duration": 12099.836000000003, "Total_Distance": 25.8126312308764, "Total_Emission": 3.5270996668362677}, "start_percents_count": {"FOOT": 0.75, "PASSENGER_CAR": 0.375}, "start_percents_duration": {"FOOT": 0.38758070770545977, "PASSENGER_CAR": 0.6124192922945401}, "start_percents_distance": {"FOOT": 0.470537702896738, "PASSENGER_CAR": 0.5294622971032621}, "end": {"Count": {"BUS": 1, "FOOT": 5, "PASSENGER_CAR": 3, "UNKNOWN": 1}, "Duration": {"BUS": 715.0, "FOOT": 3759.4359999999997, "PASSENGER_CAR": 6950.950000000001, "UNKNOWN": 484.196}, "Distance": {"BUS": 7.90523105206764, "FOOT": 9.092830536899104, "PASSENGER_CAR": 39.338852829488154, "UNKNOWN": 1.4811775546708237}, "Total_Count": 8, "Total_Duration": 11909.581999999999, "Total_Distance": 57.81809197312572, "Total_Emission": 12.134936244279338}, "end_percents_count": {"BUS": 0.125, "FOOT": 0.625, "PASSENGER_CAR": 0.375, "UNKNOWN": 0.125}, "end_percents_duration": {"BUS": 0.060035692268628746, "FOOT": 0.315664815104342, "PASSENGER_CAR": 0.5836434897547204, "UNKNOWN": 0.04065600287230904}, "end_percents_distance": {"BUS": 0.1367259067584252, "FOOT": 0.15726618133862874, "PASSENGER_CAR": 0.6803900213063612, "UNKNOWN": 0.025617890596584994}}