{"start": {"Count": {"BUS": 2, "FOOT": 6, "PASSENGER_CAR": 5, "RAIL_TRIP": 13}, "Duration": {"BUS": 1461.969, "FOOT": 5651.08, "PASSENGER_CAR": 3590.612, "RAIL_TRIP": 19149.904}, "Distance": {"BUS": 8.886165505159155, "FOOT": 10.35012988396348, "PASSENGER_CAR": 50.70265198525844, "RAIL_TRIP": 139.12516023447952}, "Total_Count": 19, "Total_Duration": 29853.564999999995, "Total_Distance": 209.06410760886058, "Total_Emission": 13.782630256525097}, "start_percents_count": {"BUS": 0.10526315789473684, "FOOT": 0.3157894736842105, "PASSENGER_CAR": 0.2631578947368421, "RAIL_TRIP": 0.6842105263157895}, "start_percents_duration": {"BUS": 0.04897133725905098, "FOOT": 0.1892933055063943, "PASSENGER_CAR": 0.12027414481319068, "RAIL_TRIP": 0.6414612124213641}, "start_percents_distance": {"BUS": 0.04250450068542775, "FOOT": 0.049506967036769434, "PASSENGER_CAR": 0.24252203099404498, "RAIL_TRIP": 0.665466501283758}, "end": {"Count": {"FOOT": 8, "PASSENGER_CAR": 8, "RAIL_TRIP": 11}, "Duration": {"FOOT": 13780.191, "PASSENGER_CAR": 6146.001, "RAIL_TRIP": 15708.757}, "Distance": {"FOOT": 25.36001873131284, "PASSENGER_CAR": 28.500957349468074, "RAIL_TRIP": 66.98796758801139}, "Total_Count": 21, "Total_Duration": 35634.949, "Total_Distance": 120.8489436687923, "Total_Emission": 6.486920799677936}, "end_percents_count": {"FOOT": 0.38095238095238093, "PASSENGER_CAR": 0.38095238095238093, "RAIL_TRIP": 0.5238095238095238}, "end_percents_duration": {"FOOT": 0.3867043839462209, "PASSENGER_CAR": 0.1724711602646043, "RAIL_TRIP": 0.44082445578917484}, "end_percents_distance": {"FOOT": 0.20984890691983552, "PASSENGER_CAR": 0.2358395239893858, "RAIL_TRIP": 0.5543115690907787}}