{"start": {"Count": {"BIKE_TRIP": 7, "FOOT": 9, "MOTORCYCLE": 1, "PASSENGER_CAR": 15, "RAIL_TRIP": 8}, "Duration": {"BIKE_TRIP": 6578.367, "FOOT": 23696.128999999997, "MOTORCYCLE": 285.118, "PASSENGER_CAR": 14984.633, "RAIL_TRIP": 6596.799}, "Distance": {"BIKE_TRIP": 29.1439072000011, "FOOT": 19.62944751258741, "MOTORCYCLE": 1.2040990506333673, "PASSENGER_CAR": 101.0714315461749, "RAIL_TRIP": 58.0588874678169}, "Total_Count": 34, "Total_Duration": 52141.045999999995, "Total_Distance": 209.10777277721368, "Total_Emission": 22.661965202125415}, "start_percents_count": {"BIKE_TRIP": 0.20588235294117646, "FOOT": 0.2647058823529412, "MOTORCYCLE": 0.029411764705882353, "PASSENGER_CAR": 0.4411764705882353, "RAIL_TRIP": 0.23529411764705882}, "start_percents_duration": {"BIKE_TRIP": 0.12616484525454286, "FOOT": 0.4544620949875075, "MOTORCYCLE": 0.005468206372384628, "PASSENGER_CAR": 0.2873865054414137, "RAIL_TRIP": 0.12651834794415134}, "start_percents_distance": {"BIKE_TRIP": 0.13937266325844053, "FOOT": 0.09387239532937351, "MOTORCYCLE": 0.005758270171602999, "PASSENGER_CAR": 0.4833461243636209, "RAIL_TRIP": 0.27765054687696206}, "end": {"Count": {"BIKE_TRIP": 5, "FOOT": 9, "MOTORCYCLE": 1, "PASSENGER_CAR": 12, "RAIL_TRIP": 7}, "Duration": {"BIKE_TRIP": 4069.927, "FOOT": 7307.562, "MOTORCYCLE": 285.118, "PASSENGER_CAR": 9385.439, "RAIL_TRIP": 50969.171}, "Distance": {"BIKE_TRIP": 18.423357829517165, "FOOT": 10.65135116518382, "MOTORCYCLE": 1.2040990506333673, "PASSENGER_CAR": 73.76541289472658, "RAIL_TRIP": 194.01578988939912}, "Total_Count": 30, "Total_Duration": 72017.21700000002, "Total_Distance": 298.06001082946005, "Total_Emission": 14.900068240427526}, "end_percents_count": {"BIKE_TRIP": 0.16666666666666666, "FOOT": 0.3, "MOTORCYCLE": 0.03333333333333333, "PASSENGER_CAR": 0.4, "RAIL_TRIP": 0.23333333333333334}, "end_percents_duration": {"BIKE_TRIP": 0.05651325015794486, "FOOT": 0.10146965273595615, "MOTORCYCLE": 0.0039590255202446925, "PASSENGER_CAR": 0.13032215615885293, "RAIL_TRIP": 0.7077359154270011}, "end_percents_distance": {"BIKE_TRIP": 0.06181090102710354, "FOOT": 0.035735592760473216, "MOTORCYCLE": 0.004039787314247641, "PASSENGER_CAR": 0.24748510439037955, "RAIL_TRIP": 0.650928614507796}}