{"start": {"Count": {"BIKE_TRIP": 1, "FOOT": 7, "PASSENGER_CAR": 4, "RAIL_TRIP": 6}, "Duration": {"BIKE_TRIP": 120.259, "FOOT": 9676.129, "PASSENGER_CAR": 10827.8, "RAIL_TRIP": 17756.192}, "Distance": {"BIKE_TRIP": 0.4897497447814763, "FOOT": 13.003397743557175, "PASSENGER_CAR": 204.20575926629624, "RAIL_TRIP": 52.966654912169844}, "Total_Count": 9, "Total_Duration": 38380.38, "Total_Distance": 270.6655616668047, "Total_Emission": 46.67234286631232}, "start_percents_count": {"BIKE_TRIP": 0.1111111111111111, "FOOT": 0.7777777777777778, "PASSENGER_CAR": 0.4444444444444444, "RAIL_TRIP": 0.6666666666666666}, "start_percents_duration": {"BIKE_TRIP": 0.003133345735503401, "FOOT": 0.2521113391790285, "PASSENGER_CAR": 0.2821181030516113, "RAIL_TRIP": 0.4626372120338569}, "start_percents_distance": {"BIKE_TRIP": 0.001809427626350075, "FOOT": 0.04804230602327105, "PASSENGER_CAR": 0.7544578556974975, "RAIL_TRIP": 0.19569041065288154}, "end": {"Count": {"BIKE_TRIP": 1, "FOOT": 12, "PASSENGER_CAR": 2, "RAIL_TRIP": 6, "UNKNOWN": 2}, "Duration": {"BIKE_TRIP": 1442.117, "FOOT": 34161.695, "PASSENGER_CAR": 5506.113, "RAIL_TRIP": 5321.994000000001, "UNKNOWN": 792.336}, "Distance": {"BIKE_TRIP": 11.581089075801868, "FOOT": 48.483114330056594, "PASSENGER_CAR": 50.57064579857806, "RAIL_TRIP": 34.41181029731418, "UNKNOWN": 28.97197628189866}, "Total_Count": 14, "Total_Duration": 47224.255000000005, "Total_Distance": 174.01863578364936, "Total_Emission": 10.860576112554327}, "end_percents_count": {"BIKE_TRIP": 0.07142857142857142, "FOOT": 0.8571428571428571, "PASSENGER_CAR": 0.14285714285714285, "RAIL_TRIP": 0.42857142857142855, "UNKNOWN": 0.14285714285714285}, "end_percents_duration": {"BIKE_TRIP": 0.03053763367998076, "FOOT": 0.7233929894711943, "PASSENGER_CAR": 0.11659502092727561, "RAIL_TRIP": 0.11269619817189282, "UNKNOWN": 0.016778157749656398}, "end_percents_distance": {"BIKE_TRIP": 0.06655085545090808, "FOOT": 0.2786087484925107, "PASSENGER_CAR": 0.29060477098240556, "RAIL_TRIP": 0.1977478454669479, "UNKNOWN": 0.1664877796072278}}