{"start": {"Count": {"FOOT": 4, "PASSENGER_CAR": 8, "RAIL_TRIP": 3}, "Duration": {"FOOT": 4405.419, "PASSENGER_CAR": 15922.401, "RAIL_TRIP": 3652.586}, "Distance": {"FOOT": 4.764163543505865, "PASSENGER_CAR": 293.9594577377849, "RAIL_TRIP": 36.236772993127055}, "Total_Count": 10, "Total_Duration": 23980.406, "Total_Distance": 334.96039427441775, "Total_Emission": 45.529696302590956}, "start_percents_count": {"FOOT": 0.4, "PASSENGER_CAR": 0.8, "RAIL_TRIP": 0.3}, "start_percents_duration": {"FOOT": 0.18370910817773478, "PASSENGER_CAR": 0.6639754556282325, "RAIL_TRIP": 0.15231543619403273}, "start_percents_distance": {"FOOT": 0.014223065248731476, "PASSENGER_CAR": 0.877594673168904, "RAIL_TRIP": 0.10818226158236463}, "end": {"Count": {"BIKE_TRIP": 1, "FOOT": 3, "PASSENGER_CAR": 5, "RAIL_TRIP": 3}, "Duration": {"BIKE_TRIP": 841.706, "FOOT": 3228.285, "PASSENGER_CAR": 5619.91, "RAIL_TRIP": 9578.014}, "Distance": {"BIKE_TRIP": 2.4380337681362447, "FOOT": 6.9159688654835065, "PASSENGER_CAR": 55.45386133149802, "RAIL_TRIP": 35.287841669786026}, "Total_Count": 10, "Total_Duration": 19267.915, "Total_Distance": 100.09570563490381, "Total_Emission": 12.774888840281013}, "end_percents_count": {"BIKE_TRIP": 0.1, "FOOT": 0.3, "PASSENGER_CAR": 0.5, "RAIL_TRIP": 0.3}, "end_percents_duration": {"BIKE_TRIP": 0.04368433221757517, "FOOT": 0.1675471892002845, "PASSENGER_CAR": 0.291671932328952, "RAIL_TRIP": 0.4970965462531882}, "end_percents_distance": {"BIKE_TRIP": 0.024357026634378325, "FOOT": 0.06909356222243243, "PASSENGER_CAR": 0.5540083960621085, "RAIL_TRIP": 0.3525410150810806}}