{"start": {"Count": {"BIKE_TRIP": 5, "BUS": 2, "FOOT": 41, "PASSENGER_CAR": 45, "RAIL_TRIP": 23, "UNKNOWN": 1}, "Duration": {"BIKE_TRIP": 5236.52, "BUS": 8914.033, "FOOT": 148262.942, "PASSENGER_CAR": 112133.702, "RAIL_TRIP": 54667.649000000005, "UNKNOWN": 360.556}, "Distance": {"BIKE_TRIP": 27.86267720036419, "BUS": 12.012893991211904, "FOOT": 153.79200850418354, "PASSENGER_CAR": 2116.667317990097, "RAIL_TRIP": 374.2311664027428, "UNKNOWN": 7.764221191852332}, "Total_Count": 84, "Total_Duration": 329575.402, "Total_Distance": 2692.3302852804522, "Total_Emission": 353.77694853826995}, "start_percents_count": {"BIKE_TRIP": 0.05952380952380952, "BUS": 0.023809523809523808, "FOOT": 0.4880952380952381, "PASSENGER_CAR": 0.5357142857142857, "RAIL_TRIP": 0.27380952380952384, "UNKNOWN": 0.011904761904761904}, "start_percents_duration": {"BIKE_TRIP": 0.015888685770305153, "BUS": 0.027047021549259916, "FOOT": 0.4498604601565502, "PASSENGER_CAR": 0.3402368663423492, "RAIL_TRIP": 0.16587296463344678, "UNKNOWN": 0.0010940015480888346}, "start_percents_distance": {"BIKE_TRIP": 0.01034890754403181, "BUS": 0.004461894611106585, "FOOT": 0.05712226666430841, "PASSENGER_CAR": 0.7861841207085074, "RAIL_TRIP": 0.13899898108666123, "UNKNOWN": 0.002883829385384474}, "end": {"Count": {"BIKE_TRIP": 6, "BUS": 3, "FOOT": 52, "PASSENGER_CAR": 44, "RAIL_TRIP": 22}, "Duration": {"BIKE_TRIP": 7654.476000000001, "BUS": 1591.385, "FOOT": 155634.46899999998, "PASSENGER_CAR": 86319.812, "RAIL_TRIP": 45035.914}, "Distance": {"BIKE_TRIP": 33.86282549082951, "BUS": 7.251340969974553, "FOOT": 197.42917916869155, "PASSENGER_CAR": 1154.6051647514062, "RAIL_TRIP": 311.2373509234249}, "Total_Count": 85, "Total_Duration": 296236.056, "Total_Distance": 1704.3858613043267, "Total_Emission": 194.62844966843252}, "end_percents_count": {"BIKE_TRIP": 0.07058823529411765, "BUS": 0.03529411764705882, "FOOT": 0.611764705882353, "PASSENGER_CAR": 0.5176470588235295, "RAIL_TRIP": 0.25882352941176473}, "end_percents_duration": {"BIKE_TRIP": 0.025839109875267854, "BUS": 0.0053720165650598594, "FOOT": 0.5253731470148927, "PASSENGER_CAR": 0.291388608009283, "RAIL_TRIP": 0.15202711853549658}, "end_percents_distance": {"BIKE_TRIP": 0.019868051161205408, "BUS": 0.0042545183779131275, "FOOT": 0.1158359639392946, "PASSENGER_CAR": 0.6774317899280236, "RAIL_TRIP": 0.18260967659356328}}