{"start": {"Count": {"BIKE_TRIP": 4, "BUS": 1, "FOOT": 24, "MOTORCYCLE": 1, "PASSENGER_CAR": 18, "RAIL_TRIP": 31, "UNKNOWN": 1}, "Duration": {"BIKE_TRIP": 3861.3149999999996, "BUS": 1342.973, "FOOT": 51494.974, "MOTORCYCLE": 2820.999, "PASSENGER_CAR": 30415.351, "RAIL_TRIP": 58655.571, "UNKNOWN": 160.637}, "Distance": {"BIKE_TRIP": 6.075549157923004, "BUS": 13.218205398335993, "FOOT": 50.80790586959084, "MOTORCYCLE": 48.49960617976182, "PASSENGER_CAR": 729.966375957411, "RAIL_TRIP": 545.8319093033194, "UNKNOWN": 9.41561838032452}, "Total_Count": 49, "Total_Duration": 148751.82, "Total_Distance": 1403.8151702466666, "Total_Emission": 168.16750471559067}, "start_percents_count": {"BIKE_TRIP": 0.08163265306122448, "BUS": 0.02040816326530612, "FOOT": 0.4897959183673469, "MOTORCYCLE": 0.02040816326530612, "PASSENGER_CAR": 0.3673469387755102, "RAIL_TRIP": 0.6326530612244898, "UNKNOWN": 0.02040816326530612}, "start_percents_duration": {"BIKE_TRIP": 0.02595810256304763, "BUS": 0.00902827945231191, "FOOT": 0.3461804635398747, "MOTORCYCLE": 0.01896446712383082, "PASSENGER_CAR": 0.20447044614311272, "RAIL_TRIP": 0.3943183417856669, "UNKNOWN": 0.0010798993921553362}, "start_percents_distance": {"BIKE_TRIP": 0.004327883959863077, "BUS": 0.009415915769034893, "FOOT": 0.0361927317402214, "MOTORCYCLE": 0.034548427177375406, "PASSENGER_CAR": 0.519987525016664, "RAIL_TRIP": 0.38882035247375935, "UNKNOWN": 0.006707163863081838}, "end": {"Count": {"BIKE_TRIP": 6, "BUS": 2, "FOOT": 31, "MOTORCYCLE": 1, "PASSENGER_CAR": 17, "RAIL_TRIP": 26, "UNKNOWN": 1}, "Duration": {"BIKE_TRIP": 13719.033, "BUS": 1737.378, "FOOT": 312497.507, "MOTORCYCLE": 1859.762, "PASSENGER_CAR": 131104.85, "RAIL_TRIP": 44783.61, "UNKNOWN": 6358.999}, "Distance": {"BIKE_TRIP": 27.84668177366869, "BUS": 15.363152506982036, "FOOT": 66.77533436276421, "MOTORCYCLE": 1.44354111212195, "PASSENGER_CAR": 1210.1967176822861, "RAIL_TRIP": 464.72321804663756, "UNKNOWN": 217.09700720297636}, "Total_Count": 54, "Total_Duration": 512061.1389999999, "Total_Distance": 2003.445652687437, "Total_Emission": 246.25473339327775}, "end_percents_count": {"BIKE_TRIP": 0.1111111111111111, "BUS": 0.037037037037037035, "FOOT": 0.5740740740740741, "MOTORCYCLE": 0.018518518518518517, "PASSENGER_CAR": 0.3148148148148148, "RAIL_TRIP": 0.48148148148148145, "UNKNOWN": 0.018518518518518517}, "end_percents_duration": {"BIKE_TRIP": 0.02679178706431773, "BUS": 0.0033929112515605295, "FOOT": 0.6102738192753191, "MOTORCYCLE": 0.00363191396174276, "PASSENGER_CAR": 0.25603358664559783, "RAIL_TRIP": 0.08745754479134572, "UNKNOWN": 0.012418437010116483}, "end_percents_distance": {"BIKE_TRIP": 0.013899394643580644, "BUS": 0.0076683649922690885, "FOOT": 0.03333024495732703, "MOTORCYCLE": 0.0007205292093576749, "PASSENGER_CAR": 0.6040576723700587, "RAIL_TRIP": 0.23196197881547442, "UNKNOWN": 0.10836181501193247}}