{"start": {"Count": {"FOOT": 18, "PASSENGER_CAR": 4, "RAIL_TRIP": 3}, "Duration": {"FOOT": 24937.425, "PASSENGER_CAR": 5881.269, "RAIL_TRIP": 2376.216}, "Distance": {"FOOT": 32.91950720876507, "PASSENGER_CAR": 38.833715257251626, "RAIL_TRIP": 28.16647336436563}, "Total_Count": 20, "Total_Duration": 33194.909999999996, "Total_Distance": 99.91969583038231, "Total_Emission": 9.84060225630086}, "start_percents_count": {"FOOT": 0.9, "PASSENGER_CAR": 0.2, "RAIL_TRIP": 0.15}, "start_percents_duration": {"FOOT": 0.751242434457572, "PASSENGER_CAR": 0.17717381972115606, "RAIL_TRIP": 0.071583745821272}, "start_percents_distance": {"FOOT": 0.3294596419173178, "PASSENGER_CAR": 0.3886492541287697, "RAIL_TRIP": 0.28189110395391265}, "end": {"Count": {"BIKE_TRIP": 1, "FOOT": 17, "PASSENGER_CAR": 3, "RAIL_TRIP": 3}, "Duration": {"BIKE_TRIP": 607.69, "FOOT": 38438.674, "PASSENGER_CAR": 4349.8099999999995, "RAIL_TRIP": 3681.7019999999998}, "Distance": {"BIKE_TRIP": 2.5907156258878987, "FOOT": 37.34864285228272, "PASSENGER_CAR": 55.07489015418108, "RAIL_TRIP": 29.982829780731606}, "Total_Count": 19, "Total_Duration": 47077.87600000001, "Total_Distance": 124.99707841308332, "Total_Emission": 8.594427317432668}, "end_percents_count": {"BIKE_TRIP": 0.05263157894736842, "FOOT": 0.8947368421052632, "PASSENGER_CAR": 0.15789473684210525, "RAIL_TRIP": 0.15789473684210525}, "end_percents_duration": {"BIKE_TRIP": 0.012908186427102189, "FOOT": 0.8164912537685428, "PASSENGER_CAR": 0.09239605457136593, "RAIL_TRIP": 0.07820450523298882}, "end_percents_distance": {"BIKE_TRIP": 0.02072620943448172, "FOOT": 0.29879612648909304, "PASSENGER_CAR": 0.4406094194631708, "RAIL_TRIP": 0.23986824461325437}}