{"start": {"Count": {"BIKE_TRIP": 1, "FOOT": 15, "PASSENGER_CAR": 4, "RAIL_TRIP": 13, "UNKNOWN": 1}, "Duration": {"BIKE_TRIP": 9923.358, "FOOT": 47346.284999999996, "PASSENGER_CAR": 7597.903, "RAIL_TRIP": 19462.801, "UNKNOWN": 609.656}, "Distance": {"BIKE_TRIP": 4.303293047504411, "FOOT": 20.565963907398412, "PASSENGER_CAR": 82.83440844390931, "RAIL_TRIP": 131.83894765074032, "UNKNOWN": 32.18286928754263}, "Total_Count": 22, "Total_Duration": 84940.00300000001, "Total_Distance": 271.72548233709506, "Total_Emission": 19.655330473928256}, "start_percents_count": {"BIKE_TRIP": 0.045454545454545456, "FOOT": 0.6818181818181818, "PASSENGER_CAR": 0.18181818181818182, "RAIL_TRIP": 0.5909090909090909, "UNKNOWN": 0.045454545454545456}, "start_percents_duration": {"BIKE_TRIP": 0.11682785083019127, "FOOT": 0.5574085628417036, "PASSENGER_CAR": 0.08945023230102782, "RAIL_TRIP": 0.2291358642876431, "UNKNOWN": 0.007177489739434079}, "start_percents_distance": {"BIKE_TRIP": 0.01583691382380496, "FOOT": 0.07568654853608779, "PASSENGER_CAR": 0.304845933960464, "RAIL_TRIP": 0.48519169610741403, "UNKNOWN": 0.11843890757222932}, "end": {"Count": {"BIKE_TRIP": 1, "FOOT": 14, "PASSENGER_CAR": 4, "RAIL_TRIP": 11}, "Duration": {"BIKE_TRIP": 7882.614, "FOOT": 31415.031, "PASSENGER_CAR": 4235.859, "RAIL_TRIP": 17480.608}, "Distance": {"BIKE_TRIP": 43.665072455942834, "FOOT": 35.482038810507916, "PASSENGER_CAR": 38.61585315572452, "RAIL_TRIP": 110.54449821257731}, "Total_Count": 22, "Total_Duration": 61014.112, "Total_Distance": 228.3074626347526, "Total_Emission": 9.240862250824277}, "end_percents_count": {"BIKE_TRIP": 0.045454545454545456, "FOOT": 0.6363636363636364, "PASSENGER_CAR": 0.18181818181818182, "RAIL_TRIP": 0.5}, "end_percents_duration": {"BIKE_TRIP": 0.12919329220099113, "FOOT": 0.5148813933406095, "PASSENGER_CAR": 0.06942425057337555, "RAIL_TRIP": 0.28650106388502383}, "end_percents_distance": {"BIKE_TRIP": 0.19125556366853602, "FOOT": 0.15541339911114627, "PASSENGER_CAR": 0.16913968869034454, "RAIL_TRIP": 0.48419134852997314}}