{"start": {"Count": {"BIKE_TRIP": 6, "BUS": 2, "FOOT": 144, "MOTORCYCLE": 2, "PASSENGER_CAR": 58, "RAIL_TRIP": 72, "UNKNOWN": 1}, "Duration": {"BIKE_TRIP": 9505.693, "BUS": 720.944, "FOOT": 414115.226, "MOTORCYCLE": 2570.559, "PASSENGER_CAR": 180005.95500000002, "RAIL_TRIP": 118752.64, "UNKNOWN": 146.003}, "Distance": {"BIKE_TRIP": 27.91385452537338, "BUS": 9.09240470077739, "FOOT": 395.439551950973, "MOTORCYCLE": 21.107492696520925, "PASSENGER_CAR": 1163.5817464558, "RAIL_TRIP": 685.2383364786369, "UNKNOWN": 19.6033951030704}, "Total_Count": 198, "Total_Duration": 725817.02, "Total_Distance": 2321.976781911152, "Total_Emission": 235.38418477661946}, "start_percents_count": {"BIKE_TRIP": 0.030303030303030304, "BUS": 0.010101010101010102, "FOOT": 0.7272727272727273, "MOTORCYCLE": 0.010101010101010102, "PASSENGER_CAR": 0.29292929292929293, "RAIL_TRIP": 0.36363636363636365, "UNKNOWN": 0.005050505050505051}, "start_percents_duration": {"BIKE_TRIP": 0.013096541880486626, "BUS": 0.0009932861590928248, "FOOT": 0.5705504481005419, "MOTORCYCLE": 0.0035416074977134048, "PASSENGER_CAR": 0.24800459349933682, "RAIL_TRIP": 0.16361236610296076, "UNKNOWN": 0.0002011567598676592}, "start_percents_distance": {"BIKE_TRIP": 0.012021590716509357, "BUS": 0.003915803453165322, "FOOT": 0.17030297418628712, "MOTORCYCLE": 0.009090311695170335, "PASSENGER_CAR": 0.5011168740016811, "RAIL_TRIP": 0.29510990024397965, "UNKNOWN": 0.008442545703206994}, "end": {"Count": {"BIKE_TRIP": 6, "BUS": 3, "FOOT": 152, "MOTORCYCLE": 2, "PASSENGER_CAR": 66, "RAIL_TRIP": 88, "UNKNOWN": 3}, "Duration": {"BIKE_TRIP": 11136.673999999999, "BUS": 3490.2470000000003, "FOOT": 664306.162, "MOTORCYCLE": 2570.559, "PASSENGER_CAR": 262390.567, "RAIL_TRIP": 146165.882, "UNKNOWN": 1212.201}, "Distance": {"BIKE_TRIP": 39.152991325667145, "BUS": 21.4101392845915, "FOOT": 614.6592920130967, "MOTORCYCLE": 21.107492696520925, "PASSENGER_CAR": 1606.022102799485, "RAIL_TRIP": 1002.1117705901197, "UNKNOWN": 59.445811400166804}, "Total_Count": 210, "Total_Duration": 1091272.292, "Total_Distance": 3363.909600109648, "Total_Emission": 307.34376544682175}, "end_percents_count": {"BIKE_TRIP": 0.02857142857142857, "BUS": 0.014285714285714285, "FOOT": 0.7238095238095238, "MOTORCYCLE": 0.009523809523809525, "PASSENGER_CAR": 0.3142857142857143, "RAIL_TRIP": 0.41904761904761906, "UNKNOWN": 0.014285714285714285}, "end_percents_duration": {"BIKE_TRIP": 0.010205220165161125, "BUS": 0.0031983282500496223, "FOOT": 0.6087446431747211, "MOTORCYCLE": 0.002355561502701473, "PASSENGER_CAR": 0.2404446341426948, "RAIL_TRIP": 0.1339407983429309, "UNKNOWN": 0.0011108144217410406}, "end_percents_distance": {"BIKE_TRIP": 0.011639133026758786, "BUS": 0.006364659527085278, "FOOT": 0.182721703339787, "MOTORCYCLE": 0.006274690822795272, "PASSENGER_CAR": 0.47742724796978375, "RAIL_TRIP": 0.29790092176004235, "UNKNOWN": 0.017671643553747444}}