{"start": {"Count": {"BIKE_TRIP": 1, "FOOT": 7, "MOTORCYCLE": 1, "PASSENGER_CAR": 8, "RAIL_TRIP": 6}, "Duration": {"BIKE_TRIP": 901.561, "FOOT": 9261.44, "MOTORCYCLE": 782.444, "PASSENGER_CAR": 17924.952, "RAIL_TRIP": 2120.191}, "Distance": {"BIKE_TRIP": 1.9518418177861192, "FOOT": 7.768402317514358, "MOTORCYCLE": 2.610744356052675, "PASSENGER_CAR": 220.55162271618985, "RAIL_TRIP": 14.093350247677208}, "Total_Count": 15, "Total_Duration": 30990.587999999996, "Total_Distance": 246.97596145522022, "Total_Emission": 47.1840348102903}, "start_percents_count": {"BIKE_TRIP": 0.06666666666666667, "FOOT": 0.4666666666666667, "MOTORCYCLE": 0.06666666666666667, "PASSENGER_CAR": 0.5333333333333333, "RAIL_TRIP": 0.4}, "start_percents_duration": {"BIKE_TRIP": 0.02909144544143532, "FOOT": 0.2988468627958915, "MOTORCYCLE": 0.02524779458847312, "PASSENGER_CAR": 0.5783998677275825, "RAIL_TRIP": 0.0684140294466178}, "start_percents_distance": {"BIKE_TRIP": 0.007902962726759187, "FOOT": 0.031454082704007874, "MOTORCYCLE": 0.01057084398283043, "PASSENGER_CAR": 0.8930084588664657, "RAIL_TRIP": 0.05706365171993674}, "end": {"Count": {"BIKE_TRIP": 1, "FOOT": 6, "MOTORCYCLE": 1, "PASSENGER_CAR": 9, "RAIL_TRIP": 7}, "Duration": {"BIKE_TRIP": 1562.673, "FOOT": 56303.609, "MOTORCYCLE": 782.444, "PASSENGER_CAR": 18554.809, "RAIL_TRIP": 4338.897}, "Distance": {"BIKE_TRIP": 9.405712103350025, "FOOT": 8.81082625096835, "MOTORCYCLE": 2.610744356052675, "PASSENGER_CAR": 205.43701680535577, "RAIL_TRIP": 54.21936277553491}, "Total_Count": 16, "Total_Duration": 81542.432, "Total_Distance": 280.48366229126174, "Total_Emission": 45.90027382407553}, "end_percents_count": {"BIKE_TRIP": 0.0625, "FOOT": 0.375, "MOTORCYCLE": 0.0625, "PASSENGER_CAR": 0.5625, "RAIL_TRIP": 0.4375}, "end_percents_duration": {"BIKE_TRIP": 0.019163924372527914, "FOOT": 0.6904823368525481, "MOTORCYCLE": 0.009595544072072807, "PASSENGER_CAR": 0.22754789800726083, "RAIL_TRIP": 0.05321029669559034}, "end_percents_distance": {"BIKE_TRIP": 0.03353390363814803, "FOOT": 0.03141297492692802, "MOTORCYCLE": 0.009308008654499128, "PASSENGER_CAR": 0.7324384426784348, "RAIL_TRIP": 0.19330667010199}}