{"start": {"Count": {"BIKE_TRIP": 1, "BUS": 4, "FOOT": 29, "MOTORCYCLE": 1, "PASSENGER_CAR": 15, "RAIL_TRIP": 18}, "Duration": {"BIKE_TRIP": 447.811, "BUS": 1515.1109999999999, "FOOT": 35361.595, "MOTORCYCLE": 432.579, "PASSENGER_CAR": 41016.786, "RAIL_TRIP": 45276.965}, "Distance": {"BIKE_TRIP": 2.292162839526853, "BUS": 7.307493469464042, "FOOT": 68.05126666178955, "MOTORCYCLE": 1.8344230344814183, "PASSENGER_CAR": 807.0866238584798, "RAIL_TRIP": 90.32245995738737}, "Total_Count": 46, "Total_Duration": 124050.84700000001, "Total_Distance": 976.8944298211289, "Total_Emission": 165.6625386733971}, "start_percents_count": {"BIKE_TRIP": 0.021739130434782608, "BUS": 0.08695652173913043, "FOOT": 0.6304347826086957, "MOTORCYCLE": 0.021739130434782608, "PASSENGER_CAR": 0.32608695652173914, "RAIL_TRIP": 0.391304347826087}, "start_percents_duration": {"BIKE_TRIP": 0.0036098987699777654, "BUS": 0.012213628819479159, "FOOT": 0.2850572636557653, "MOTORCYCLE": 0.0034871104104593495, "PASSENGER_CAR": 0.3306449491634668, "RAIL_TRIP": 0.36498714918085157}, "start_percents_distance": {"BIKE_TRIP": 0.0023463772231217986, "BUS": 0.0074803307771977535, "FOOT": 0.06966081961819545, "MOTORCYCLE": 0.0018778109266293025, "PASSENGER_CAR": 0.8261758888381202, "RAIL_TRIP": 0.09245877261673563}, "end": {"Count": {"BIKE_TRIP": 1, "BUS": 4, "FOOT": 45, "MOTORCYCLE": 3, "PASSENGER_CAR": 28, "RAIL_TRIP": 21, "UNKNOWN": 1}, "Duration": {"BIKE_TRIP": 480.97, "BUS": 3346.397, "FOOT": 129583.793, "MOTORCYCLE": 1646.847, "PASSENGER_CAR": 73204.761, "RAIL_TRIP": 22043.319, "UNKNOWN": 698.338}, "Distance": {"BIKE_TRIP": 11.28397061935073, "BUS": 44.95931821863144, "FOOT": 392.6935897844872, "MOTORCYCLE": 31.22833211075039, "PASSENGER_CAR": 932.6936117816848, "RAIL_TRIP": 189.09490408034037, "UNKNOWN": 4.41861463037847}, "Total_Count": 60, "Total_Duration": 231004.42500000002, "Total_Distance": 1606.3723412256231, "Total_Emission": 212.44106620190135}, "end_percents_count": {"BIKE_TRIP": 0.016666666666666666, "BUS": 0.06666666666666667, "FOOT": 0.75, "MOTORCYCLE": 0.05, "PASSENGER_CAR": 0.4666666666666667, "RAIL_TRIP": 0.35, "UNKNOWN": 0.016666666666666666}, "end_percents_duration": {"BIKE_TRIP": 0.0020820813280957714, "BUS": 0.014486289602461077, "FOOT": 0.5609580552407167, "MOTORCYCLE": 0.007129071228830356, "PASSENGER_CAR": 0.3168976568305996, "RAIL_TRIP": 0.0954237954532689, "UNKNOWN": 0.0030230503160274956}, "end_percents_distance": {"BIKE_TRIP": 0.007024505047653731, "BUS": 0.02798810528842184, "FOOT": 0.24445988000818758, "MOTORCYCLE": 0.019440282498218272, "PASSENGER_CAR": 0.5806210601647076, "RAIL_TRIP": 0.11771548801448209, "UNKNOWN": 0.002750678978329006}}