{"start": {"Count": {"BIKE_TRIP": 1, "FOOT": 12, "PASSENGER_CAR": 7, "RAIL_TRIP": 5}, "Duration": {"BIKE_TRIP": 351.277, "FOOT": 14893.45, "PASSENGER_CAR": 14603.528, "RAIL_TRIP": 3100.744}, "Distance": {"BIKE_TRIP": 2.6802223207209552, "FOOT": 22.960204175129153, "PASSENGER_CAR": 167.8545103121854, "RAIL_TRIP": 24.11214392311619}, "Total_Count": 14, "Total_Duration": 32948.999, "Total_Distance": 217.60708073115168, "Total_Emission": 16.21096570730343}, "start_percents_count": {"BIKE_TRIP": 0.07142857142857142, "FOOT": 0.8571428571428571, "PASSENGER_CAR": 0.5, "RAIL_TRIP": 0.35714285714285715}, "start_percents_duration": {"BIKE_TRIP": 0.010661234351914604, "FOOT": 0.4520152493858766, "PASSENGER_CAR": 0.44321613533691867, "RAIL_TRIP": 0.09410738092529002}, "start_percents_distance": {"BIKE_TRIP": 0.012316797374954473, "FOOT": 0.10551221080666917, "PASSENGER_CAR": 0.7713651125147237, "RAIL_TRIP": 0.11080587930365264}, "end": {"Count": {"BIKE_TRIP": 1, "FOOT": 11, "PASSENGER_CAR": 6, "RAIL_TRIP": 5}, "Duration": {"BIKE_TRIP": 120.156, "FOOT": 9926.328, "PASSENGER_CAR": 27944.892, "RAIL_TRIP": 4625.901}, "Distance": {"BIKE_TRIP": 0.8784041650209459, "FOOT": 15.725059589589044, "PASSENGER_CAR": 395.44622856963406, "RAIL_TRIP": 43.44966634275559}, "Total_Count": 14, "Total_Duration": 42617.277, "Total_Distance": 455.4993586669996, "Total_Emission": 63.51528627090279}, "end_percents_count": {"BIKE_TRIP": 0.07142857142857142, "FOOT": 0.7857142857142857, "PASSENGER_CAR": 0.42857142857142855, "RAIL_TRIP": 0.35714285714285715}, "end_percents_duration": {"BIKE_TRIP": 0.002819419926805741, "FOOT": 0.2329179313826174, "PASSENGER_CAR": 0.6557174452980653, "RAIL_TRIP": 0.10854520339251143}, "end_percents_distance": {"BIKE_TRIP": 0.0019284421554216014, "FOOT": 0.03452268217370885, "PASSENGER_CAR": 0.868159792204519, "RAIL_TRIP": 0.0953890834663506}}