{"start": {"Count": {"BIKE_TRIP": 1, "BUS": 1, "FOOT": 13, "PASSENGER_CAR": 8, "RAIL_TRIP": 7}, "Duration": {"BIKE_TRIP": 1081.649, "BUS": 284.975, "FOOT": 15169.411, "PASSENGER_CAR": 8276.166, "RAIL_TRIP": 5474.63}, "Distance": {"BIKE_TRIP": 5.959617563148451, "BUS": 1.2808591079809215, "FOOT": 14.204765225109071, "PASSENGER_CAR": 61.814528075379904, "RAIL_TRIP": 16.429787644077734}, "Total_Count": 20, "Total_Duration": 30286.831000000002, "Total_Distance": 99.6895576156961, "Total_Emission": 11.250449108025691}, "start_percents_count": {"BIKE_TRIP": 0.05, "BUS": 0.05, "FOOT": 0.65, "PASSENGER_CAR": 0.4, "RAIL_TRIP": 0.35}, "start_percents_duration": {"BIKE_TRIP": 0.03571350862029771, "BUS": 0.009409204944551644, "FOOT": 0.5008583103329628, "PASSENGER_CAR": 0.27325955627381415, "RAIL_TRIP": 0.1807594198283736}, "start_percents_distance": {"BIKE_TRIP": 0.05978176356367049, "BUS": 0.012848478201885916, "FOOT": 0.14249000160948186, "PASSENGER_CAR": 0.6200702415961691, "RAIL_TRIP": 0.16480951502879243}, "end": {"Count": {"BIKE_TRIP": 2, "FOOT": 15, "PASSENGER_CAR": 6, "RAIL_TRIP": 6}, "Duration": {"BIKE_TRIP": 1316.7559999999999, "FOOT": 55612.386, "PASSENGER_CAR": 6256.356, "RAIL_TRIP": 6198.032}, "Distance": {"BIKE_TRIP": 8.895377706942442, "FOOT": 29.997926068157504, "PASSENGER_CAR": 62.40811157321231, "RAIL_TRIP": 17.134730101301045}, "Total_Count": 22, "Total_Duration": 69383.53000000001, "Total_Distance": 118.4361454496133, "Total_Emission": 13.831651012514344}, "end_percents_count": {"BIKE_TRIP": 0.09090909090909091, "FOOT": 0.6818181818181818, "PASSENGER_CAR": 0.2727272727272727, "RAIL_TRIP": 0.2727272727272727}, "end_percents_duration": {"BIKE_TRIP": 0.018977933235740523, "FOOT": 0.8015214273473833, "PASSENGER_CAR": 0.09017062118344221, "RAIL_TRIP": 0.08933001823343377}, "end_percents_distance": {"BIKE_TRIP": 0.07510695044298646, "FOOT": 0.25328353902668693, "PASSENGER_CAR": 0.5269346729944264, "RAIL_TRIP": 0.14467483753590016}}