{"start": {"Count": {"FOOT": 12, "PASSENGER_CAR": 2, "RAIL_TRIP": 13}, "Duration": {"FOOT": 25436.56, "PASSENGER_CAR": 339.677, "RAIL_TRIP": 26906.864999999998}, "Distance": {"FOOT": 38.217162332558345, "PASSENGER_CAR": 2.530998363580739, "RAIL_TRIP": 105.93338977311411}, "Total_Count": 18, "Total_Duration": 52683.102, "Total_Distance": 146.6815504692532, "Total_Emission": 1.0719625231572043}, "start_percents_count": {"FOOT": 0.6666666666666666, "PASSENGER_CAR": 0.1111111111111111, "RAIL_TRIP": 0.7222222222222222}, "start_percents_duration": {"FOOT": 0.48282198720948516, "PASSENGER_CAR": 0.006447551247077289, "RAIL_TRIP": 0.5107304615434376}, "start_percents_distance": {"FOOT": 0.260545121116437, "PASSENGER_CAR": 0.017255055973186464, "RAIL_TRIP": 0.7221998229103764}, "end": {"Count": {"FOOT": 12, "PASSENGER_CAR": 6, "RAIL_TRIP": 12}, "Duration": {"FOOT": 19292.764, "PASSENGER_CAR": 6821.488, "RAIL_TRIP": 19756.927}, "Distance": {"FOOT": 34.032408527548924, "PASSENGER_CAR": 49.41042456814813, "RAIL_TRIP": 143.67414822204947}, "Total_Count": 18, "Total_Duration": 45871.179000000004, "Total_Distance": 227.11698131774654, "Total_Emission": 10.33973746404643}, "end_percents_count": {"FOOT": 0.6666666666666666, "PASSENGER_CAR": 0.3333333333333333, "RAIL_TRIP": 0.6666666666666666}, "end_percents_duration": {"FOOT": 0.42058574513639596, "PASSENGER_CAR": 0.14870967236311933, "RAIL_TRIP": 0.43070458250048466}, "end_percents_distance": {"FOOT": 0.14984528382726303, "PASSENGER_CAR": 0.21755495463820382, "RAIL_TRIP": 0.6325997615345331}}