{"start": {"Count": {"BIKE_TRIP": 1, "FOOT": 20, "PASSENGER_CAR": 7, "RAIL_TRIP": 14, "UNKNOWN": 1}, "Duration": {"BIKE_TRIP": 1002.773, "FOOT": 62419.954999999994, "PASSENGER_CAR": 10808.509, "RAIL_TRIP": 22224.294, "UNKNOWN": 600.616}, "Distance": {"BIKE_TRIP": 4.6855971232319495, "FOOT": 81.30026288901513, "PASSENGER_CAR": 42.42163717884062, "RAIL_TRIP": 110.86962888424185, "UNKNOWN": 18.12894795699003}, "Total_Count": 29, "Total_Duration": 97056.14700000001, "Total_Distance": 257.4060740323196, "Total_Emission": 10.811748181028916}, "start_percents_count": {"BIKE_TRIP": 0.034482758620689655, "FOOT": 0.6896551724137931, "PASSENGER_CAR": 0.2413793103448276, "RAIL_TRIP": 0.4827586206896552, "UNKNOWN": 0.034482758620689655}, "start_percents_duration": {"BIKE_TRIP": 0.010331885521892806, "FOOT": 0.6431324231323544, "PASSENGER_CAR": 0.11136346675703085, "RAIL_TRIP": 0.2289838890884469, "UNKNOWN": 0.006188335500274907}, "start_percents_distance": {"BIKE_TRIP": 0.018203133476343808, "FOOT": 0.31584438399385695, "PASSENGER_CAR": 0.1648043362547622, "RAIL_TRIP": 0.43071877499798694, "UNKNOWN": 0.07042937127704989}, "end": {"Count": {"FOOT": 12, "PASSENGER_CAR": 5, "RAIL_TRIP": 10, "UNKNOWN": 2}, "Duration": {"FOOT": 43689.727, "PASSENGER_CAR": 6771.405, "RAIL_TRIP": 27783.694, "UNKNOWN": 1081.363}, "Distance": {"FOOT": 52.04651375800289, "PASSENGER_CAR": 149.46647243673584, "RAIL_TRIP": 151.4850086906416, "UNKNOWN": 29.82704403051744}, "Total_Count": 16, "Total_Duration": 79326.189, "Total_Distance": 382.8250389158978, "Total_Emission": 35.11326314626897}, "end_percents_count": {"FOOT": 0.75, "PASSENGER_CAR": 0.3125, "RAIL_TRIP": 0.625, "UNKNOWN": 0.125}, "end_percents_duration": {"FOOT": 0.5507604430612443, "PASSENGER_CAR": 0.08536153173827625, "RAIL_TRIP": 0.35024617153863274, "UNKNOWN": 0.013631853661846783}, "end_percents_distance": {"FOOT": 0.135953786892808, "PASSENGER_CAR": 0.39043024160593603, "RAIL_TRIP": 0.39570297992948444, "UNKNOWN": 0.07791299157177149}}