{"start": {"Count": {"BIKE_TRIP": 1, "BUS": 1, "FOOT": 6, "PASSENGER_CAR": 11, "RAIL_TRIP": 8}, "Duration": {"BIKE_TRIP": 161.999, "BUS": 120.147, "FOOT": 13419.780999999999, "PASSENGER_CAR": 17340.565, "RAIL_TRIP": 8837.651}, "Distance": {"BIKE_TRIP": 3.653523804678505, "BUS": 0.7891733098519746, "FOOT": 15.364467576229933, "PASSENGER_CAR": 92.64560049584722, "RAIL_TRIP": 68.74180265548932}, "Total_Count": 17, "Total_Duration": 39880.143, "Total_Distance": 181.19456784209694, "Total_Emission": 19.865043139129252}, "start_percents_count": {"BIKE_TRIP": 0.058823529411764705, "BUS": 0.058823529411764705, "FOOT": 0.35294117647058826, "PASSENGER_CAR": 0.6470588235294118, "RAIL_TRIP": 0.47058823529411764}, "start_percents_duration": {"BIKE_TRIP": 0.004062146918580508, "BUS": 0.003012702336598944, "FOOT": 0.3365028304938626, "PASSENGER_CAR": 0.4348170215939296, "RAIL_TRIP": 0.2216052986570284}, "start_percents_distance": {"BIKE_TRIP": 0.020163539383048115, "BUS": 0.00435539166129806, "FOOT": 0.08479540948280186, "PASSENGER_CAR": 0.5113045142533399, "RAIL_TRIP": 0.3793811452195121}, "end": {"Count": {"BIKE_TRIP": 1, "BUS": 1, "FOOT": 13, "MOTORCYCLE": 1, "PASSENGER_CAR": 8, "RAIL_TRIP": 9}, "Duration": {"BIKE_TRIP": 1682.801, "BUS": 144.73, "FOOT": 30213.819, "MOTORCYCLE": 3006.26, "PASSENGER_CAR": 10798.51, "RAIL_TRIP": 9971.884}, "Distance": {"BIKE_TRIP": 8.110365579941687, "BUS": 1.2804777251710489, "FOOT": 52.28298350467008, "MOTORCYCLE": 7.723920514237377, "PASSENGER_CAR": 134.49249459098374, "RAIL_TRIP": 49.833143436428685}, "Total_Count": 22, "Total_Duration": 55818.00399999999, "Total_Distance": 253.72338535143257, "Total_Emission": 30.802290790947595}, "end_percents_count": {"BIKE_TRIP": 0.045454545454545456, "BUS": 0.045454545454545456, "FOOT": 0.5909090909090909, "MOTORCYCLE": 0.045454545454545456, "PASSENGER_CAR": 0.36363636363636365, "RAIL_TRIP": 0.4090909090909091}, "end_percents_duration": {"BIKE_TRIP": 0.030147996692966667, "BUS": 0.0025928909962455843, "FOOT": 0.5412916413134372, "MOTORCYCLE": 0.05385824975038521, "PASSENGER_CAR": 0.19345926450540943, "RAIL_TRIP": 0.17864995674155604}, "end_percents_distance": {"BIKE_TRIP": 0.031965384541547126, "BUS": 0.005046746965785032, "FOOT": 0.20606292727906358, "MOTORCYCLE": 0.03044228857162285, "PASSENGER_CAR": 0.5300752802296801, "RAIL_TRIP": 0.19640737241230144}}