{"start": {"Count": {"BIKE_TRIP": 2, "FOOT": 3, "PASSENGER_CAR": 4, "RAIL_TRIP": 9, "UNKNOWN": 1}, "Duration": {"BIKE_TRIP": 694.204, "FOOT": 8963.136, "PASSENGER_CAR": 53974.359000000004, "RAIL_TRIP": 10523.788, "UNKNOWN": 137.568}, "Distance": {"BIKE_TRIP": 4.956865783879088, "FOOT": 11.441493145730808, "PASSENGER_CAR": 46.64272068355679, "RAIL_TRIP": 60.09401930382647, "UNKNOWN": 8.478325416710975}, "Total_Count": 11, "Total_Duration": 74293.05500000001, "Total_Distance": 131.61342433370416, "Total_Emission": 11.375317449140558}, "start_percents_count": {"BIKE_TRIP": 0.18181818181818182, "FOOT": 0.2727272727272727, "PASSENGER_CAR": 0.36363636363636365, "RAIL_TRIP": 0.8181818181818182, "UNKNOWN": 0.09090909090909091}, "start_percents_duration": {"BIKE_TRIP": 0.009344130484336657, "FOOT": 0.12064567811890357, "PASSENGER_CAR": 0.7265061182367585, "RAIL_TRIP": 0.14165237921633456, "UNKNOWN": 0.0018516939436667398}, "start_percents_distance": {"BIKE_TRIP": 0.03766231149271687, "FOOT": 0.08693256940660588, "PASSENGER_CAR": 0.35439181770162564, "RAIL_TRIP": 0.45659490745760745, "UNKNOWN": 0.06441839394144391}, "end": {"Count": {"BUS": 1, "FOOT": 6, "PASSENGER_CAR": 2, "RAIL_TRIP": 5, "UNKNOWN": 1}, "Duration": {"BUS": 5436.138, "FOOT": 117152.84, "PASSENGER_CAR": 1409.115, "RAIL_TRIP": 13204.087, "UNKNOWN": 137.568}, "Distance": {"BUS": 1.774423874861788, "FOOT": 111.7836452482894, "PASSENGER_CAR": 21.3032731611479, "RAIL_TRIP": 57.5295134238595, "UNKNOWN": 8.478325416710975}, "Total_Count": 10, "Total_Duration": 137339.748, "Total_Distance": 200.86918112486956, "Total_Emission": 5.101656719141452}, "end_percents_count": {"BUS": 0.1, "FOOT": 0.6, "PASSENGER_CAR": 0.2, "RAIL_TRIP": 0.5, "UNKNOWN": 0.1}, "end_percents_duration": {"BUS": 0.0395816803158835, "FOOT": 0.8530148169486957, "PASSENGER_CAR": 0.01026006688173041, "RAIL_TRIP": 0.09614177390219181, "UNKNOWN": 0.0010016619514985569}, "end_percents_distance": {"BUS": 0.00883372882253512, "FOOT": 0.5564997309308466, "PASSENGER_CAR": 0.10605545879088739, "RAIL_TRIP": 0.2864028872009813, "UNKNOWN": 0.042208194254749594}}