{"start": {"Count": {"BIKE_TRIP": 5, "BUS": 2, "FOOT": 29, "PASSENGER_CAR": 19, "RAIL_TRIP": 38, "UNKNOWN": 3}, "Duration": {"BIKE_TRIP": 10494.733, "BUS": 576.745, "FOOT": 86576.526, "PASSENGER_CAR": 20096.482, "RAIL_TRIP": 60619.739, "UNKNOWN": 965.733}, "Distance": {"BIKE_TRIP": 35.421545761440875, "BUS": 8.210320579382689, "FOOT": 97.5520093166566, "PASSENGER_CAR": 270.7958534404448, "RAIL_TRIP": 392.70124727302743, "UNKNOWN": 32.29212732043854}, "Total_Count": 61, "Total_Duration": 179329.95799999998, "Total_Distance": 836.9731036913909, "Total_Emission": 48.95514864158389}, "start_percents_count": {"BIKE_TRIP": 0.08196721311475409, "BUS": 0.03278688524590164, "FOOT": 0.47540983606557374, "PASSENGER_CAR": 0.3114754098360656, "RAIL_TRIP": 0.6229508196721312, "UNKNOWN": 0.04918032786885246}, "start_percents_duration": {"BIKE_TRIP": 0.05852191745898921, "BUS": 0.003216110718098758, "FOOT": 0.4827778189743401, "PASSENGER_CAR": 0.11206427651089955, "RAIL_TRIP": 0.33803464672645495, "UNKNOWN": 0.005385229611217552}, "start_percents_distance": {"BIKE_TRIP": 0.042321008411402336, "BUS": 0.009809539330680813, "FOOT": 0.11655333831686188, "PASSENGER_CAR": 0.32354188234499437, "RAIL_TRIP": 0.4691921945174291, "UNKNOWN": 0.03858203707863151}, "end": {"Count": {"BIKE_TRIP": 8, "BUS": 1, "FOOT": 33, "PASSENGER_CAR": 19, "RAIL_TRIP": 37, "UNKNOWN": 2}, "Duration": {"BIKE_TRIP": 6340.105, "BUS": 510.919, "FOOT": 60079.478, "PASSENGER_CAR": 15060.097, "RAIL_TRIP": 69725.834, "UNKNOWN": 845.39}, "Distance": {"BIKE_TRIP": 33.80862848571197, "BUS": 10.095076492120242, "FOOT": 69.35849750027451, "PASSENGER_CAR": 135.7809664477346, "RAIL_TRIP": 396.88315825000217, "UNKNOWN": 29.52906219593371}, "Total_Count": 62, "Total_Duration": 152561.82300000003, "Total_Distance": 675.4553893717773, "Total_Emission": 28.96901735625397}, "end_percents_count": {"BIKE_TRIP": 0.12903225806451613, "BUS": 0.016129032258064516, "FOOT": 0.532258064516129, "PASSENGER_CAR": 0.3064516129032258, "RAIL_TRIP": 0.5967741935483871, "UNKNOWN": 0.03225806451612903}, "end_percents_duration": {"BIKE_TRIP": 0.04155761169686598, "BUS": 0.003348930878991921, "FOOT": 0.39380414325541974, "PASSENGER_CAR": 0.09871471580409731, "RAIL_TRIP": 0.45703330380366514, "UNKNOWN": 0.005541294560959722}, "end_percents_distance": {"BIKE_TRIP": 0.05005308865350302, "BUS": 0.014945585823971881, "FOOT": 0.10268405373859399, "PASSENGER_CAR": 0.20102136807883167, "RAIL_TRIP": 0.5875786387893542, "UNKNOWN": 0.04371726491574505}}