{"start": {"Count": {"BUS": 1, "FOOT": 30, "PASSENGER_CAR": 13, "RAIL_TRIP": 11, "UNKNOWN": 1}, "Duration": {"BUS": 253.15, "FOOT": 154659.05399999997, "PASSENGER_CAR": 26031.144, "RAIL_TRIP": 8332.601, "UNKNOWN": 277.29}, "Distance": {"BUS": 1.6158876134052649, "FOOT": 94.80530772402282, "PASSENGER_CAR": 281.33501545054133, "RAIL_TRIP": 65.22911237310635, "UNKNOWN": 5.836697203439233}, "Total_Count": 45, "Total_Duration": 189553.23900000003, "Total_Distance": 448.822020364515, "Total_Emission": 45.578983841690594}, "start_percents_count": {"BUS": 0.022222222222222223, "FOOT": 0.6666666666666666, "PASSENGER_CAR": 0.28888888888888886, "RAIL_TRIP": 0.24444444444444444, "UNKNOWN": 0.022222222222222223}, "start_percents_duration": {"BUS": 0.0013355087010673554, "FOOT": 0.8159135386760653, "PASSENGER_CAR": 0.137328932691042, "RAIL_TRIP": 0.04395915914684, "UNKNOWN": 0.0014628607849850562}, "start_percents_distance": {"BUS": 0.0036002859487440178, "FOOT": 0.21123140893805925, "PASSENGER_CAR": 0.6268297959669012, "RAIL_TRIP": 0.1453340286649258, "UNKNOWN": 0.013004480481369662}, "end": {"Count": {"BIKE_TRIP": 3, "BUS": 2, "FOOT": 30, "HIGH_SPEED_TRAIN": 1, "PASSENGER_CAR": 16, "RAIL_TRIP": 16}, "Duration": {"BIKE_TRIP": 3180.257, "BUS": 438.916, "FOOT": 62199.82, "HIGH_SPEED_TRAIN": 302.744, "PASSENGER_CAR": 17521.166, "RAIL_TRIP": 15768.499}, "Distance": {"BIKE_TRIP": 16.508984763290478, "BUS": 4.402507914717772, "FOOT": 88.78912665647152, "HIGH_SPEED_TRAIN": 7.835732365184485, "PASSENGER_CAR": 153.0062418948404, "RAIL_TRIP": 154.85057214546248}, "Total_Count": 48, "Total_Duration": 99411.40199999999, "Total_Distance": 425.3931657399671, "Total_Emission": 32.65040043666669}, "end_percents_count": {"BIKE_TRIP": 0.0625, "BUS": 0.041666666666666664, "FOOT": 0.625, "HIGH_SPEED_TRAIN": 0.020833333333333332, "PASSENGER_CAR": 0.3333333333333333, "RAIL_TRIP": 0.3333333333333333}, "end_percents_duration": {"BIKE_TRIP": 0.03199086760691697, "BUS": 0.004415147469703728, "FOOT": 0.6256809455317812, "HIGH_SPEED_TRAIN": 0.003045364957230963, "PASSENGER_CAR": 0.17624905843295524, "RAIL_TRIP": 0.158618616001412}, "end_percents_distance": {"BIKE_TRIP": 0.03880876820052637, "BUS": 0.010349268087228561, "FOOT": 0.20872250380897336, "HIGH_SPEED_TRAIN": 0.01841997708532601, "PASSENGER_CAR": 0.3596819465321865, "RAIL_TRIP": 0.3640175362857592}}