{"start": {"Count": {"BIKE_TRIP": 3, "FOOT": 68, "MOTORCYCLE": 1, "PASSENGER_CAR": 17, "RAIL_TRIP": 21}, "Duration": {"BIKE_TRIP": 4678.3150000000005, "FOOT": 221017.056, "MOTORCYCLE": 1767.4070000000002, "PASSENGER_CAR": 31145.167999999998, "RAIL_TRIP": 32694.675}, "Distance": {"BIKE_TRIP": 16.88753334571461, "FOOT": 171.65665426065232, "MOTORCYCLE": 12.594044489826816, "PASSENGER_CAR": 199.5591017055285, "RAIL_TRIP": 211.81223280902032}, "Total_Count": 84, "Total_Duration": 291302.62100000004, "Total_Distance": 612.5095666107426, "Total_Emission": 48.96492024347239}, "start_percents_count": {"BIKE_TRIP": 0.03571428571428571, "FOOT": 0.8095238095238095, "MOTORCYCLE": 0.011904761904761904, "PASSENGER_CAR": 0.20238095238095238, "RAIL_TRIP": 0.25}, "start_percents_duration": {"BIKE_TRIP": 0.01605998251557098, "FOOT": 0.7587197644884904, "MOTORCYCLE": 0.006067254025840021, "PASSENGER_CAR": 0.10691688215191168, "RAIL_TRIP": 0.11223611681818679}, "start_percents_distance": {"BIKE_TRIP": 0.027571052382348905, "FOOT": 0.28025138482407125, "MOTORCYCLE": 0.02056138414215249, "PASSENGER_CAR": 0.32580568954990835, "RAIL_TRIP": 0.345810489101519}, "end": {"Count": {"BIKE_TRIP": 5, "FOOT": 67, "MOTORCYCLE": 2, "PASSENGER_CAR": 18, "RAIL_TRIP": 21, "UNKNOWN": 1}, "Duration": {"BIKE_TRIP": 5127.116, "FOOT": 107736.612, "MOTORCYCLE": 3577.9230000000002, "PASSENGER_CAR": 34556.495, "RAIL_TRIP": 29341.214, "UNKNOWN": 781.223}, "Distance": {"BIKE_TRIP": 18.103297978924964, "FOOT": 147.87354835650996, "MOTORCYCLE": 14.99853139726298, "PASSENGER_CAR": 168.4587763282869, "RAIL_TRIP": 138.8217731671211, "UNKNOWN": 17.383294045677722}, "Total_Count": 81, "Total_Duration": 181120.583, "Total_Distance": 505.6392212737836, "Total_Emission": 41.31527604491347}, "end_percents_count": {"BIKE_TRIP": 0.06172839506172839, "FOOT": 0.8271604938271605, "MOTORCYCLE": 0.024691358024691357, "PASSENGER_CAR": 0.2222222222222222, "RAIL_TRIP": 0.25925925925925924, "UNKNOWN": 0.012345679012345678}, "end_percents_duration": {"BIKE_TRIP": 0.028307748987314155, "FOOT": 0.5948336197658992, "MOTORCYCLE": 0.019754369938175385, "PASSENGER_CAR": 0.19079275490185452, "RAIL_TRIP": 0.1619982307587868, "UNKNOWN": 0.0043132756479698385}, "end_percents_distance": {"BIKE_TRIP": 0.03580279617811282, "FOOT": 0.29244873050787784, "MOTORCYCLE": 0.029662515814100326, "PASSENGER_CAR": 0.3331600264392329, "RAIL_TRIP": 0.2745470828338979, "UNKNOWN": 0.03437884822677819}}