{"start": {"Count": {"BUS": 1, "FOOT": 2, "MOTORCYCLE": 1, "PASSENGER_CAR": 4}, "Duration": {"BUS": 567.309, "FOOT": 2284.001, "MOTORCYCLE": 1070.14, "PASSENGER_CAR": 4004.738}, "Distance": {"BUS": 1.851365943134294, "FOOT": 4.847972324439817, "MOTORCYCLE": 14.539191670095189, "PASSENGER_CAR": 25.05443207951939}, "Total_Count": 8, "Total_Duration": 7926.188, "Total_Distance": 46.292962017188685, "Total_Emission": 7.708489732948175}, "start_percents_count": {"BUS": 0.125, "FOOT": 0.25, "MOTORCYCLE": 0.125, "PASSENGER_CAR": 0.5}, "start_percents_duration": {"BUS": 0.07157400253438348, "FOOT": 0.28815882237463963, "MOTORCYCLE": 0.13501319928318634, "PASSENGER_CAR": 0.5052539758077905}, "start_percents_distance": {"BUS": 0.03999238464038826, "FOOT": 0.10472374445687345, "MOTORCYCLE": 0.3140691594695702, "PASSENGER_CAR": 0.5412147114331682}, "end": {"Count": {"BIKE_TRIP": 1, "FOOT": 5, "PASSENGER_CAR": 5}, "Duration": {"BIKE_TRIP": 598.904, "FOOT": 18234.776, "PASSENGER_CAR": 16873.582}, "Distance": {"BIKE_TRIP": 2.4935794916367753, "FOOT": 19.116727172543445, "PASSENGER_CAR": 86.59747588464903}, "Total_Count": 10, "Total_Duration": 35707.262, "Total_Distance": 108.20778254882924, "Total_Emission": 15.665314406870483}, "end_percents_count": {"BIKE_TRIP": 0.1, "FOOT": 0.5, "PASSENGER_CAR": 0.5}, "end_percents_duration": {"BIKE_TRIP": 0.016772610568684877, "FOOT": 0.5106741592228494, "PASSENGER_CAR": 0.4725532302084656}, "end_percents_distance": {"BIKE_TRIP": 0.02304436365759123, "FOOT": 0.17666684153625398, "PASSENGER_CAR": 0.8002887948061549}}