{"start": {"Count": {"FOOT": 24, "HIGH_SPEED_TRAIN": 1, "MOTORCYCLE": 1, "PASSENGER_CAR": 32, "RAIL_TRIP": 28}, "Duration": {"FOOT": 60819.395000000004, "HIGH_SPEED_TRAIN": 7294.368, "MOTORCYCLE": 915.957, "PASSENGER_CAR": 50991.621, "RAIL_TRIP": 48635.291}, "Distance": {"FOOT": 67.82604045139996, "HIGH_SPEED_TRAIN": 177.1873405415293, "MOTORCYCLE": 14.92571016222189, "PASSENGER_CAR": 818.8907378700314, "RAIL_TRIP": 441.6141717256969}, "Total_Count": 65, "Total_Duration": 168656.632, "Total_Distance": 1520.4440007508797, "Total_Emission": 181.20029663689633}, "start_percents_count": {"FOOT": 0.36923076923076925, "HIGH_SPEED_TRAIN": 0.015384615384615385, "MOTORCYCLE": 0.015384615384615385, "PASSENGER_CAR": 0.49230769230769234, "RAIL_TRIP": 0.4307692307692308}, "start_percents_duration": {"FOOT": 0.3606107526207448, "HIGH_SPEED_TRAIN": 0.043249814214243294, "MOTORCYCLE": 0.0054308982050584285, "PASSENGER_CAR": 0.30233985106497324, "RAIL_TRIP": 0.28836868389498016}, "start_percents_distance": {"FOOT": 0.04460936438165674, "HIGH_SPEED_TRAIN": 0.11653657777203524, "MOTORCYCLE": 0.00981667865100638, "PASSENGER_CAR": 0.538586582252038, "RAIL_TRIP": 0.2904507969432635}, "end": {"Count": {"BIKE_TRIP": 1, "BUS": 1, "FOOT": 21, "HIGH_SPEED_TRAIN": 1, "PASSENGER_CAR": 33, "RAIL_TRIP": 25}, "Duration": {"BIKE_TRIP": 961.459, "BUS": 181.091, "FOOT": 43482.942, "HIGH_SPEED_TRAIN": 3070.975, "PASSENGER_CAR": 40396.079, "RAIL_TRIP": 40902.05}, "Distance": {"BIKE_TRIP": 5.228534425993412, "BUS": 2.0367106539738087, "FOOT": 74.54653800398447, "HIGH_SPEED_TRAIN": 50.06210101219833, "PASSENGER_CAR": 586.5862810124784, "RAIL_TRIP": 385.8648047793852}, "Total_Count": 59, "Total_Duration": 128994.596, "Total_Distance": 1104.3249698880136, "Total_Emission": 131.09222100351064}, "end_percents_count": {"BIKE_TRIP": 0.01694915254237288, "BUS": 0.01694915254237288, "FOOT": 0.3559322033898305, "HIGH_SPEED_TRAIN": 0.01694915254237288, "PASSENGER_CAR": 0.559322033898305, "RAIL_TRIP": 0.423728813559322}, "end_percents_duration": {"BIKE_TRIP": 0.0074534827800073105, "BUS": 0.0014038650115234285, "FOOT": 0.3370911910139243, "HIGH_SPEED_TRAIN": 0.02380700506244463, "PASSENGER_CAR": 0.31316101800109514, "RAIL_TRIP": 0.31708343813100515}, "end_percents_distance": {"BIKE_TRIP": 0.004734597666956333, "BUS": 0.0018443037235500938, "FOOT": 0.06750416773745867, "HIGH_SPEED_TRAIN": 0.04533276198334534, "PASSENGER_CAR": 0.53117179906922, "RAIL_TRIP": 0.3494123698194696}}