{"start": {"Count": {"BIKE_TRIP": 1, "BUS": 2, "FOOT": 20, "PASSENGER_CAR": 11, "RAIL_TRIP": 15, "UNKNOWN": 1}, "Duration": {"BIKE_TRIP": 619.728, "BUS": 4506.269, "FOOT": 167079.907, "PASSENGER_CAR": 12195.188, "RAIL_TRIP": 20988.507, "UNKNOWN": 240.176}, "Distance": {"BIKE_TRIP": 1.4113062117822794, "BUS": 16.85240855146899, "FOOT": 103.41846208768956, "PASSENGER_CAR": 81.42092183073187, "RAIL_TRIP": 145.28578476155585, "UNKNOWN": 5.386913161358019}, "Total_Count": 31, "Total_Duration": 205629.77500000002, "Total_Distance": 353.77579660458656, "Total_Emission": 18.782254237942908}, "start_percents_count": {"BIKE_TRIP": 0.03225806451612903, "BUS": 0.06451612903225806, "FOOT": 0.6451612903225806, "PASSENGER_CAR": 0.3548387096774194, "RAIL_TRIP": 0.4838709677419355, "UNKNOWN": 0.03225806451612903}, "start_percents_duration": {"BIKE_TRIP": 0.0030138047858098366, "BUS": 0.021914477122780492, "FOOT": 0.8125277917558388, "PASSENGER_CAR": 0.05930652795783101, "RAIL_TRIP": 0.10206939632161732, "UNKNOWN": 0.0011680020561224656}, "start_percents_distance": {"BIKE_TRIP": 0.0039892672854601454, "BUS": 0.0476358436987843, "FOOT": 0.29232769194575475, "PASSENGER_CAR": 0.23014836688145637, "RAIL_TRIP": 0.4106719175137383, "UNKNOWN": 0.015226912674806144}, "end": {"Count": {"BIKE_TRIP": 2, "FOOT": 27, "PASSENGER_CAR": 14, "RAIL_TRIP": 16, "UNKNOWN": 1}, "Duration": {"BIKE_TRIP": 7629.38, "FOOT": 59169.045, "PASSENGER_CAR": 20514.25, "RAIL_TRIP": 29027.765, "UNKNOWN": 240.176}, "Distance": {"BIKE_TRIP": 52.86832794345183, "FOOT": 71.11802228297638, "PASSENGER_CAR": 266.2000493964941, "RAIL_TRIP": 254.20558277202994, "UNKNOWN": 5.386913161358019}, "Total_Count": 38, "Total_Duration": 116580.61600000001, "Total_Distance": 649.7788955563103, "Total_Emission": 70.71960807258964}, "end_percents_count": {"BIKE_TRIP": 0.05263157894736842, "FOOT": 0.7105263157894737, "PASSENGER_CAR": 0.3684210526315789, "RAIL_TRIP": 0.42105263157894735, "UNKNOWN": 0.02631578947368421}, "end_percents_duration": {"BIKE_TRIP": 0.06544295494201197, "FOOT": 0.5075375909833929, "PASSENGER_CAR": 0.1759662172311733, "RAIL_TRIP": 0.24899306587983716, "UNKNOWN": 0.0020601709635845464}, "end_percents_distance": {"BIKE_TRIP": 0.08136356582986347, "FOOT": 0.10944957241507276, "PASSENGER_CAR": 0.4096778938450841, "RAIL_TRIP": 0.39121858913929636, "UNKNOWN": 0.008290378770683213}}