{"start": {"Count": {"BIKE_TRIP": 2, "FOOT": 19, "PASSENGER_CAR": 12, "RAIL_TRIP": 5}, "Duration": {"BIKE_TRIP": 582.097, "FOOT": 31050.624, "PASSENGER_CAR": 16448.049, "RAIL_TRIP": 7714.302}, "Distance": {"BIKE_TRIP": 5.269294926343529, "FOOT": 24.45479251638804, "PASSENGER_CAR": 110.80922329254696, "RAIL_TRIP": 50.21776550317763}, "Total_Count": 32, "Total_Duration": 55795.072, "Total_Distance": 190.75107623845616, "Total_Emission": 25.71047808313689}, "start_percents_count": {"BIKE_TRIP": 0.0625, "FOOT": 0.59375, "PASSENGER_CAR": 0.375, "RAIL_TRIP": 0.15625}, "start_percents_duration": {"BIKE_TRIP": 0.010432767252276329, "FOOT": 0.5565119442806705, "PASSENGER_CAR": 0.2947939380739575, "RAIL_TRIP": 0.13826135039309564}, "start_percents_distance": {"BIKE_TRIP": 0.027623932877612875, "FOOT": 0.1282026450315663, "PASSENGER_CAR": 0.5809100817550584, "RAIL_TRIP": 0.2632633403357623}, "end": {"Count": {"BIKE_TRIP": 2, "FOOT": 17, "PASSENGER_CAR": 12, "RAIL_TRIP": 5}, "Duration": {"BIKE_TRIP": 360.303, "FOOT": 26814.545000000002, "PASSENGER_CAR": 12315.044, "RAIL_TRIP": 4614.367}, "Distance": {"BIKE_TRIP": 3.5733483870946983, "FOOT": 21.121446394087577, "PASSENGER_CAR": 74.991842635744, "RAIL_TRIP": 14.946714459923493}, "Total_Count": 27, "Total_Duration": 44104.259, "Total_Distance": 114.63335187684979, "Total_Emission": 16.70383160097081}, "end_percents_count": {"BIKE_TRIP": 0.07407407407407407, "FOOT": 0.6296296296296297, "PASSENGER_CAR": 0.4444444444444444, "RAIL_TRIP": 0.18518518518518517}, "end_percents_duration": {"BIKE_TRIP": 0.00816934709185342, "FOOT": 0.6079808528242137, "PASSENGER_CAR": 0.2792257319185433, "RAIL_TRIP": 0.10462406816538966}, "end_percents_distance": {"BIKE_TRIP": 0.031171978561121846, "FOOT": 0.18425219230070386, "PASSENGER_CAR": 0.6541886929757361, "RAIL_TRIP": 0.1303871361624381}}