{"start": {"Count": {"BIKE_TRIP": 1, "FOOT": 22, "PASSENGER_CAR": 8, "RAIL_TRIP": 12}, "Duration": {"BIKE_TRIP": 2194.001, "FOOT": 19845.096, "PASSENGER_CAR": 6732.967000000001, "RAIL_TRIP": 26339.248}, "Distance": {"BIKE_TRIP": 11.693180367106892, "FOOT": 33.73337157497194, "PASSENGER_CAR": 73.29756704520501, "RAIL_TRIP": 264.6465710256375}, "Total_Count": 34, "Total_Duration": 55111.31199999999, "Total_Distance": 383.3706900129214, "Total_Emission": 14.827745532231669}, "start_percents_count": {"BIKE_TRIP": 0.029411764705882353, "FOOT": 0.6470588235294118, "PASSENGER_CAR": 0.23529411764705882, "RAIL_TRIP": 0.35294117647058826}, "start_percents_duration": {"BIKE_TRIP": 0.03981035690095711, "FOOT": 0.36009115515159584, "PASSENGER_CAR": 0.12217032684687314, "RAIL_TRIP": 0.4779281611005741}, "start_percents_distance": {"BIKE_TRIP": 0.030500976396272698, "FOOT": 0.0879915247924534, "PASSENGER_CAR": 0.19119241234308898, "RAIL_TRIP": 0.6903150864681848}, "end": {"Count": {"BIKE_TRIP": 2, "BUS": 1, "FOOT": 25, "PASSENGER_CAR": 11, "RAIL_TRIP": 19}, "Duration": {"BIKE_TRIP": 2982.831, "BUS": 1009.782, "FOOT": 34496.518000000004, "PASSENGER_CAR": 5862.0869999999995, "RAIL_TRIP": 29997.44}, "Distance": {"BIKE_TRIP": 8.290853519012217, "BUS": 6.301068726984478, "FOOT": 57.81901293454212, "PASSENGER_CAR": 66.1316006831345, "RAIL_TRIP": 245.8763580190007}, "Total_Count": 40, "Total_Duration": 74348.65800000001, "Total_Distance": 384.418893882674, "Total_Emission": 16.862663953705738}, "end_percents_count": {"BIKE_TRIP": 0.05, "BUS": 0.025, "FOOT": 0.625, "PASSENGER_CAR": 0.275, "RAIL_TRIP": 0.475}, "end_percents_duration": {"BIKE_TRIP": 0.040119500206715224, "BUS": 0.013581711185694836, "FOOT": 0.4639830620749066, "PASSENGER_CAR": 0.07884590196638114, "RAIL_TRIP": 0.4034698245663021}, "end_percents_distance": {"BIKE_TRIP": 0.021567237331322778, "BUS": 0.016391152535045757, "FOOT": 0.15040627257043376, "PASSENGER_CAR": 0.17203004778250594, "RAIL_TRIP": 0.6396052897806918}}