{"start": {"Count": {"BIKE_TRIP": 1, "FOOT": 3, "PASSENGER_CAR": 7, "RAIL_TRIP": 3}, "Duration": {"BIKE_TRIP": 8654.27, "FOOT": 2452.532, "PASSENGER_CAR": 8510.24, "RAIL_TRIP": 811.418}, "Distance": {"BIKE_TRIP": 7.969504248384415, "FOOT": 4.297284329104847, "PASSENGER_CAR": 76.0884941464334, "RAIL_TRIP": 4.056927836412539}, "Total_Count": 9, "Total_Duration": 20428.46, "Total_Distance": 92.4122105603352, "Total_Emission": 16.727146099215986}, "start_percents_count": {"BIKE_TRIP": 0.1111111111111111, "FOOT": 0.3333333333333333, "PASSENGER_CAR": 0.7777777777777778, "RAIL_TRIP": 0.3333333333333333}, "start_percents_duration": {"BIKE_TRIP": 0.4236379051578044, "FOOT": 0.12005466882966216, "PASSENGER_CAR": 0.41658744712034096, "RAIL_TRIP": 0.03971997889219256}, "start_percents_distance": {"BIKE_TRIP": 0.08623864963365625, "FOOT": 0.04650126106765062, "PASSENGER_CAR": 0.8233597452660851, "RAIL_TRIP": 0.04390034403260815}, "end": {"Count": {"BIKE_TRIP": 2, "FOOT": 3, "PASSENGER_CAR": 5, "RAIL_TRIP": 4}, "Duration": {"BIKE_TRIP": 9321.833999999999, "FOOT": 5221.3369999999995, "PASSENGER_CAR": 5637.848, "RAIL_TRIP": 1715.349}, "Distance": {"BIKE_TRIP": 13.997121315800312, "FOOT": 5.836669923410267, "PASSENGER_CAR": 74.90404069228562, "RAIL_TRIP": 7.991123263093202}, "Total_Count": 9, "Total_Duration": 21896.368000000002, "Total_Distance": 102.7289551945894, "Total_Emission": 10.563040484574351}, "end_percents_count": {"BIKE_TRIP": 0.2222222222222222, "FOOT": 0.3333333333333333, "PASSENGER_CAR": 0.5555555555555556, "RAIL_TRIP": 0.4444444444444444}, "end_percents_duration": {"BIKE_TRIP": 0.4257251248243543, "FOOT": 0.23845676141358232, "PASSENGER_CAR": 0.2574786832227153, "RAIL_TRIP": 0.07833943053934789}, "end_percents_distance": {"BIKE_TRIP": 0.1362529317005798, "FOOT": 0.056816210311439796, "PASSENGER_CAR": 0.7291424365253422, "RAIL_TRIP": 0.07778842146263826}}