{"start": {"Count": {"BIKE_TRIP": 3, "BUS": 1, "FOOT": 31, "PASSENGER_CAR": 22, "RAIL_TRIP": 6}, "Duration": {"BIKE_TRIP": 1912.49, "BUS": 732.151, "FOOT": 128062.56099999999, "PASSENGER_CAR": 36916.19, "RAIL_TRIP": 4268.996}, "Distance": {"BIKE_TRIP": 19.743468051183324, "BUS": 0.8347401828482772, "FOOT": 67.07669681446765, "PASSENGER_CAR": 534.6123385820588, "RAIL_TRIP": 38.33259107664392}, "Total_Count": 44, "Total_Duration": 171892.38800000004, "Total_Distance": 660.5998347072021, "Total_Emission": 101.22358843522979}, "start_percents_count": {"BIKE_TRIP": 0.06818181818181818, "BUS": 0.022727272727272728, "FOOT": 0.7045454545454546, "PASSENGER_CAR": 0.5, "RAIL_TRIP": 0.13636363636363635}, "start_percents_duration": {"BIKE_TRIP": 0.011126088957470297, "BUS": 0.004259356731957205, "FOOT": 0.7450158933157642, "PASSENGER_CAR": 0.21476337858544378, "RAIL_TRIP": 0.02483528240936416}, "start_percents_distance": {"BIKE_TRIP": 0.02988718285092249, "BUS": 0.0012636094334147984, "FOOT": 0.10153907598871574, "PASSENGER_CAR": 0.8092831855142912, "RAIL_TRIP": 0.058026946212655486}, "end": {"Count": {"BIKE_TRIP": 5, "BUS": 1, "FOOT": 32, "PASSENGER_CAR": 20, "RAIL_TRIP": 8}, "Duration": {"BIKE_TRIP": 4212.243, "BUS": 732.151, "FOOT": 75930.887, "PASSENGER_CAR": 22846.899, "RAIL_TRIP": 13400.707}, "Distance": {"BIKE_TRIP": 27.174256107587425, "BUS": 0.8347401828482772, "FOOT": 81.54641921819864, "PASSENGER_CAR": 252.72614575970175, "RAIL_TRIP": 136.4065904752293}, "Total_Count": 39, "Total_Duration": 117122.88700000002, "Total_Distance": 498.6881517435654, "Total_Emission": 47.42137212905186}, "end_percents_count": {"BIKE_TRIP": 0.1282051282051282, "BUS": 0.02564102564102564, "FOOT": 0.8205128205128205, "PASSENGER_CAR": 0.5128205128205128, "RAIL_TRIP": 0.20512820512820512}, "end_percents_duration": {"BIKE_TRIP": 0.035964303031567176, "BUS": 0.00625113518590094, "FOOT": 0.6483010190826324, "PASSENGER_CAR": 0.1950677581914455, "RAIL_TRIP": 0.11441578450845391}, "end_percents_distance": {"BIKE_TRIP": 0.05449148132470756, "BUS": 0.0016738720980832846, "FOOT": 0.163521870197011, "PASSENGER_CAR": 0.5067819335111418, "RAIL_TRIP": 0.2735308428690563}}