{"start": {"Count": {"BIKE_TRIP": 2, "BUS": 1, "FOOT": 13, "PASSENGER_CAR": 11, "RAIL_TRIP": 8}, "Duration": {"BIKE_TRIP": 1232.35, "BUS": 570.558, "FOOT": 31882.854, "PASSENGER_CAR": 14588.194, "RAIL_TRIP": 6053.0419999999995}, "Distance": {"BIKE_TRIP": 7.074538989861691, "BUS": 6.125419260351008, "FOOT": 38.57555498482432, "PASSENGER_CAR": 161.29188397897056, "RAIL_TRIP": 51.93543983670488}, "Total_Count": 21, "Total_Duration": 54326.998, "Total_Distance": 265.00283705071246, "Total_Emission": 31.845033488605146}, "start_percents_count": {"BIKE_TRIP": 0.09523809523809523, "BUS": 0.047619047619047616, "FOOT": 0.6190476190476191, "PASSENGER_CAR": 0.5238095238095238, "RAIL_TRIP": 0.38095238095238093}, "start_percents_duration": {"BIKE_TRIP": 0.022683933318016207, "BUS": 0.01050229206480358, "FOOT": 0.5868694235599029, "PASSENGER_CAR": 0.2685256785217545, "RAIL_TRIP": 0.11141867253552275}, "start_percents_distance": {"BIKE_TRIP": 0.026696087742290348, "BUS": 0.02311454220083996, "FOOT": 0.14556657360404893, "PASSENGER_CAR": 0.6086421027564503, "RAIL_TRIP": 0.19598069369637056}, "end": {"Count": {"BIKE_TRIP": 1, "FOOT": 12, "PASSENGER_CAR": 8, "RAIL_TRIP": 8}, "Duration": {"BIKE_TRIP": 300.681, "FOOT": 39055.956, "PASSENGER_CAR": 13128.55, "RAIL_TRIP": 10055.194}, "Distance": {"BIKE_TRIP": 2.652017117752018, "FOOT": 43.09151228691075, "PASSENGER_CAR": 138.9313933073412, "RAIL_TRIP": 90.81730782945816}, "Total_Count": 18, "Total_Duration": 62540.381, "Total_Distance": 275.49223054146216, "Total_Emission": 24.530240357871342}, "end_percents_count": {"BIKE_TRIP": 0.05555555555555555, "FOOT": 0.6666666666666666, "PASSENGER_CAR": 0.4444444444444444, "RAIL_TRIP": 0.4444444444444444}, "end_percents_duration": {"BIKE_TRIP": 0.004807789706301917, "FOOT": 0.6244918143367243, "PASSENGER_CAR": 0.20992117077124936, "RAIL_TRIP": 0.1607792251857244}, "end_percents_distance": {"BIKE_TRIP": 0.009626467913594696, "FOOT": 0.15641643396700214, "PASSENGER_CAR": 0.5043024009580254, "RAIL_TRIP": 0.3296546971613777}}