{"start": {"Count": {"BIKE_TRIP": 1, "PASSENGER_CAR": 7, "RAIL_TRIP": 1}, "Duration": {"BIKE_TRIP": 1514.999, "PASSENGER_CAR": 3258.402, "RAIL_TRIP": 327.627}, "Distance": {"BIKE_TRIP": 7.408359665935047, "PASSENGER_CAR": 39.49237602474069, "RAIL_TRIP": 5.352153674849938}, "Total_Count": 9, "Total_Duration": 5101.028, "Total_Distance": 52.252889365525675}, "start_percents_count": {"BIKE_TRIP": 0.1111111111111111, "PASSENGER_CAR": 0.7777777777777778, "RAIL_TRIP": 0.1111111111111111}, "start_percents_duration": {"BIKE_TRIP": 0.29699876181820606, "PASSENGER_CAR": 0.6387735962241337, "RAIL_TRIP": 0.0642276419576603}, "start_percents_distance": {"BIKE_TRIP": 0.14177894765036247, "PASSENGER_CAR": 0.75579315334084, "RAIL_TRIP": 0.1024278990087976}, "end": {"Count": {"FOOT": 1, "PASSENGER_CAR": 8, "RAIL_TRIP": 1}, "Duration": {"FOOT": 395.037, "PASSENGER_CAR": 4239.833, "RAIL_TRIP": 300.302}, "Distance": {"FOOT": 1.8450420611449223, "PASSENGER_CAR": 43.68860303246389, "RAIL_TRIP": 2.1875449775707074}, "Total_Count": 10, "Total_Duration": 4935.172, "Total_Distance": 47.72119007117952}, "end_percents_count": {"FOOT": 0.1, "PASSENGER_CAR": 0.8, "RAIL_TRIP": 0.1}, "end_percents_duration": {"FOOT": 0.0800452344923338, "PASSENGER_CAR": 0.8591054171972122, "RAIL_TRIP": 0.060849348310454035}, "end_percents_distance": {"FOOT": 0.03866295158173784, "PASSENGER_CAR": 0.9154969305522191, "RAIL_TRIP": 0.045840117866042945}}