{"start": {"Count": {"BIKE_TRIP": 2, "FOOT": 13, "PASSENGER_CAR": 7, "RAIL_TRIP": 12}, "Duration": {"BIKE_TRIP": 3210.719, "FOOT": 19623.523, "PASSENGER_CAR": 6591.151, "RAIL_TRIP": 15033.83}, "Distance": {"BIKE_TRIP": 2.980040642844098, "FOOT": 25.403652418197037, "PASSENGER_CAR": 33.19691954316443, "RAIL_TRIP": 110.87335265583296}, "Total_Count": 24, "Total_Duration": 44459.223, "Total_Distance": 172.45396526003853, "Total_Emission": 7.997351920970594}, "start_percents_count": {"BIKE_TRIP": 0.08333333333333333, "FOOT": 0.5416666666666666, "PASSENGER_CAR": 0.2916666666666667, "RAIL_TRIP": 0.5}, "start_percents_duration": {"BIKE_TRIP": 0.07221716402915994, "FOOT": 0.44138250009452484, "PASSENGER_CAR": 0.14825160124818196, "RAIL_TRIP": 0.33814873462813333}, "start_percents_distance": {"BIKE_TRIP": 0.017280209465468526, "FOOT": 0.14730686174650479, "PASSENGER_CAR": 0.19249728177086398, "RAIL_TRIP": 0.6429156470171626}, "end": {"Count": {"BIKE_TRIP": 1, "FOOT": 9, "PASSENGER_CAR": 5, "RAIL_TRIP": 11}, "Duration": {"BIKE_TRIP": 780.819, "FOOT": 266381.111, "PASSENGER_CAR": 2630.591, "RAIL_TRIP": 12716.019}, "Distance": {"BIKE_TRIP": 2.2644823935293714, "FOOT": 20.31961595346961, "PASSENGER_CAR": 20.039333121404685, "RAIL_TRIP": 61.868663798463466}, "Total_Count": 18, "Total_Duration": 282508.54, "Total_Distance": 104.49209526686714, "Total_Emission": 4.711456995301636}, "end_percents_count": {"BIKE_TRIP": 0.05555555555555555, "FOOT": 0.5, "PASSENGER_CAR": 0.2777777777777778, "RAIL_TRIP": 0.6111111111111112}, "end_percents_duration": {"BIKE_TRIP": 0.002763877509685194, "FOOT": 0.942913481482719, "PASSENGER_CAR": 0.009311545059841378, "RAIL_TRIP": 0.04501109594775436}, "end_percents_distance": {"BIKE_TRIP": 0.02167132726878532, "FOOT": 0.19446079535082933, "PASSENGER_CAR": 0.19177846008566787, "RAIL_TRIP": 0.5920894172947174}}