{"start": {"Count": {"FOOT": 4, "PASSENGER_CAR": 3, "RAIL_TRIP": 5}, "Duration": {"FOOT": 2294.2459999999996, "PASSENGER_CAR": 2858.4049999999997, "RAIL_TRIP": 4194.812}, "Distance": {"FOOT": 7.733662992213941, "PASSENGER_CAR": 18.951315385139743, "RAIL_TRIP": 21.226123855304863}, "Total_Count": 11, "Total_Duration": 9347.463, "Total_Distance": 47.91110223265855, "Total_Emission": 4.239517181359688}, "start_percents_count": {"FOOT": 0.36363636363636365, "PASSENGER_CAR": 0.2727272727272727, "RAIL_TRIP": 0.45454545454545453}, "start_percents_duration": {"FOOT": 0.2454405008075453, "PASSENGER_CAR": 0.3057947381016646, "RAIL_TRIP": 0.4487647610907901}, "start_percents_distance": {"FOOT": 0.1614169291004601, "PASSENGER_CAR": 0.3955516467375614, "RAIL_TRIP": 0.44303142416197844}, "end": {"Count": {"FOOT": 5, "PASSENGER_CAR": 4, "RAIL_TRIP": 5}, "Duration": {"FOOT": 4130.266, "PASSENGER_CAR": 3299.513, "RAIL_TRIP": 2272.61}, "Distance": {"FOOT": 12.658630547684826, "PASSENGER_CAR": 24.878599427735573, "RAIL_TRIP": 17.36238301246265}, "Total_Count": 11, "Total_Duration": 9702.389000000001, "Total_Distance": 54.89961298788306, "Total_Emission": 5.892760904512278}, "end_percents_count": {"FOOT": 0.45454545454545453, "PASSENGER_CAR": 0.36363636363636365, "RAIL_TRIP": 0.45454545454545453}, "end_percents_duration": {"FOOT": 0.4256957745149158, "PASSENGER_CAR": 0.34007222344929683, "RAIL_TRIP": 0.23423200203578726}, "end_percents_distance": {"FOOT": 0.23057777384475775, "PASSENGER_CAR": 0.4531652970527597, "RAIL_TRIP": 0.3162569291024823}}