{"start": {"Count": {"BUS": 1, "FOOT": 11, "PASSENGER_CAR": 5, "RAIL_TRIP": 5, "UNKNOWN": 2}, "Duration": {"BUS": 660.915, "FOOT": 12317.172, "PASSENGER_CAR": 12791.244, "RAIL_TRIP": 1611.402, "UNKNOWN": 243.839}, "Distance": {"BUS": 3.0832356498003173, "FOOT": 18.533140605032226, "PASSENGER_CAR": 234.73417219451358, "RAIL_TRIP": 11.876993654170459, "UNKNOWN": 19.18749252069441}, "Total_Count": 16, "Total_Duration": 27624.572, "Total_Distance": 287.41503462421093, "Total_Emission": 56.82092543801002}, "start_percents_count": {"BUS": 0.0625, "FOOT": 0.6875, "PASSENGER_CAR": 0.3125, "RAIL_TRIP": 0.3125, "UNKNOWN": 0.125}, "start_percents_duration": {"BUS": 0.023924895560372843, "FOOT": 0.4458773877112015, "PASSENGER_CAR": 0.46303863096955855, "RAIL_TRIP": 0.05833219787079416, "UNKNOWN": 0.00882688788807298}, "start_percents_distance": {"BUS": 0.010727468219717812, "FOOT": 0.06448215428000806, "PASSENGER_CAR": 0.8167080490462982, "RAIL_TRIP": 0.04132349467973857, "UNKNOWN": 0.06675883377423748}, "end": {"Count": {"BUS": 1, "FOOT": 10, "PASSENGER_CAR": 8, "RAIL_TRIP": 6, "UNKNOWN": 1}, "Duration": {"BUS": 697.477, "FOOT": 6341.813, "PASSENGER_CAR": 10977.597, "RAIL_TRIP": 1772.3449999999998, "UNKNOWN": 123.666}, "Distance": {"BUS": 7.277699840651921, "FOOT": 10.02137813110078, "PASSENGER_CAR": 116.4808996143035, "RAIL_TRIP": 10.84181120285173, "UNKNOWN": 12.951120020933828}, "Total_Count": 22, "Total_Duration": 19912.898, "Total_Distance": 157.57290880984178, "Total_Emission": 22.555572916917168}, "end_percents_count": {"BUS": 0.045454545454545456, "FOOT": 0.45454545454545453, "PASSENGER_CAR": 0.36363636363636365, "RAIL_TRIP": 0.2727272727272727, "UNKNOWN": 0.045454545454545456}, "end_percents_duration": {"BUS": 0.03502639344609709, "FOOT": 0.3184776520223224, "PASSENGER_CAR": 0.5512807327190647, "RAIL_TRIP": 0.08900487513168599, "UNKNOWN": 0.006210346680829681}, "end_percents_distance": {"BUS": 0.04618623782235697, "FOOT": 0.06359835714649738, "PASSENGER_CAR": 0.7392190732156381, "RAIL_TRIP": 0.06880504577049837, "UNKNOWN": 0.08219128604500903}}