{"start": {"Count": {"BIKE_TRIP": 5, "FOOT": 32, "HIGH_SPEED_TRAIN": 1, "PASSENGER_CAR": 5, "RAIL_TRIP": 9}, "Duration": {"BIKE_TRIP": 15012.493, "FOOT": 71891.234, "HIGH_SPEED_TRAIN": 1142.774, "PASSENGER_CAR": 7394.825, "RAIL_TRIP": 9882.829}, "Distance": {"BIKE_TRIP": 29.310229296197083, "FOOT": 55.275371978727655, "HIGH_SPEED_TRAIN": 13.856991603016574, "PASSENGER_CAR": 45.05531570037474, "RAIL_TRIP": 62.398981650711654}, "Total_Count": 36, "Total_Duration": 105324.15499999998, "Total_Distance": 205.89689022902775, "Total_Emission": 8.389268847341683}, "start_percents_count": {"BIKE_TRIP": 0.1388888888888889, "FOOT": 0.8888888888888888, "HIGH_SPEED_TRAIN": 0.027777777777777776, "PASSENGER_CAR": 0.1388888888888889, "RAIL_TRIP": 0.25}, "start_percents_duration": {"BIKE_TRIP": 0.1425360877568873, "FOOT": 0.68257119176508, "HIGH_SPEED_TRAIN": 0.010850065685312169, "PASSENGER_CAR": 0.07021015264732008, "RAIL_TRIP": 0.09383250214540056}, "start_percents_distance": {"BIKE_TRIP": 0.1423539193020064, "FOOT": 0.2684614222062438, "HIGH_SPEED_TRAIN": 0.06730063570947022, "PASSENGER_CAR": 0.2188246536907761, "RAIL_TRIP": 0.3030593690915033}, "end": {"Count": {"BIKE_TRIP": 3, "FOOT": 23, "PASSENGER_CAR": 3, "RAIL_TRIP": 8}, "Duration": {"BIKE_TRIP": 3411.369, "FOOT": 36977.332, "PASSENGER_CAR": 2977.545, "RAIL_TRIP": 18221.670000000002}, "Distance": {"BIKE_TRIP": 10.756364009744772, "FOOT": 48.15977797719883, "PASSENGER_CAR": 43.33704825895465, "RAIL_TRIP": 97.93024713072943}, "Total_Count": 27, "Total_Duration": 61587.916, "Total_Distance": 200.18343737662767, "Total_Emission": 5.573276581005757}, "end_percents_count": {"BIKE_TRIP": 0.1111111111111111, "FOOT": 0.8518518518518519, "PASSENGER_CAR": 0.1111111111111111, "RAIL_TRIP": 0.2962962962962963}, "end_percents_duration": {"BIKE_TRIP": 0.0553902327203278, "FOOT": 0.6003991432345268, "PASSENGER_CAR": 0.04834625350856165, "RAIL_TRIP": 0.2958643705365839}, "end_percents_distance": {"BIKE_TRIP": 0.05373253727034176, "FOOT": 0.24057823468477268, "PASSENGER_CAR": 0.21648668254916503, "RAIL_TRIP": 0.48920254549572056}}