{"start": {"Count": {"FOOT": 3, "PASSENGER_CAR": 8, "RAIL_TRIP": 3}, "Duration": {"FOOT": 44564.643, "PASSENGER_CAR": 8617.382, "RAIL_TRIP": 2163.54}, "Distance": {"FOOT": 6.905069875335234, "PASSENGER_CAR": 130.35510872428506, "RAIL_TRIP": 32.291860605659224}, "Total_Count": 10, "Total_Duration": 55345.564999999995, "Total_Distance": 169.55203920527953, "Total_Emission": 21.562399774279562}, "start_percents_count": {"FOOT": 0.3, "PASSENGER_CAR": 0.8, "RAIL_TRIP": 0.3}, "start_percents_duration": {"FOOT": 0.8052071200284974, "PASSENGER_CAR": 0.1557014008258837, "RAIL_TRIP": 0.03909147914561899}, "start_percents_distance": {"FOOT": 0.040725372031504434, "PASSENGER_CAR": 0.7688206484291347, "RAIL_TRIP": 0.19045397953936088}, "end": {"Count": {"BIKE_TRIP": 2, "PASSENGER_CAR": 10, "RAIL_TRIP": 1}, "Duration": {"BIKE_TRIP": 1021.341, "PASSENGER_CAR": 7393.834, "RAIL_TRIP": 1853.135}, "Distance": {"BIKE_TRIP": 6.744589235542735, "PASSENGER_CAR": 131.71937936748475, "RAIL_TRIP": 0.9228288694098083}, "Total_Count": 11, "Total_Duration": 10268.31, "Total_Distance": 139.3867974724373, "Total_Emission": 21.597982670370204}, "end_percents_count": {"BIKE_TRIP": 0.18181818181818182, "PASSENGER_CAR": 0.9090909090909091, "RAIL_TRIP": 0.09090909090909091}, "end_percents_duration": {"BIKE_TRIP": 0.09946534531972642, "PASSENGER_CAR": 0.7200633794655595, "RAIL_TRIP": 0.180471275214714}, "end_percents_distance": {"BIKE_TRIP": 0.04838757585255825, "PASSENGER_CAR": 0.9449917908726705, "RAIL_TRIP": 0.006620633274771169}}