{"start": {"Count": {"BIKE_TRIP": 2, "FOOT": 3, "PASSENGER_CAR": 2, "RAIL_TRIP": 4, "UNKNOWN": 1}, "Duration": {"BIKE_TRIP": 1048.833, "FOOT": 9554.258, "PASSENGER_CAR": 1761.382, "RAIL_TRIP": 2703.164, "UNKNOWN": 1596.458}, "Distance": {"BIKE_TRIP": 3.478349774292798, "FOOT": 18.855815182811963, "PASSENGER_CAR": 7.418366883788725, "RAIL_TRIP": 23.535904384319434, "UNKNOWN": 12.261704338863042}, "Total_Count": 7, "Total_Duration": 16664.094999999998, "Total_Distance": 65.55014056407595, "Total_Emission": 1.159003816252043}, "start_percents_count": {"BIKE_TRIP": 0.2857142857142857, "FOOT": 0.42857142857142855, "PASSENGER_CAR": 0.2857142857142857, "RAIL_TRIP": 0.5714285714285714, "UNKNOWN": 0.14285714285714285}, "start_percents_duration": {"BIKE_TRIP": 0.06293969159441304, "FOOT": 0.5733439469710176, "PASSENGER_CAR": 0.10569922939109506, "RAIL_TRIP": 0.16221486975440313, "UNKNOWN": 0.09580226228907122}, "start_percents_distance": {"BIKE_TRIP": 0.053063955994002404, "FOOT": 0.28765483979977446, "PASSENGER_CAR": 0.11317087682729214, "RAIL_TRIP": 0.3590519285204712, "UNKNOWN": 0.1870583988584601}, "end": {"Count": {"BIKE_TRIP": 1, "BUS": 1, "FOOT": 6, "PASSENGER_CAR": 3, "RAIL_TRIP": 7}, "Duration": {"BIKE_TRIP": 660.83, "BUS": 459.722, "FOOT": 13089.316, "PASSENGER_CAR": 2452.154, "RAIL_TRIP": 12756.98}, "Distance": {"BIKE_TRIP": 1.4831805182731592, "BUS": 1.4329047438279552, "FOOT": 23.539441688848772, "PASSENGER_CAR": 17.933886744165918, "RAIL_TRIP": 85.52767655623506}, "Total_Count": 10, "Total_Duration": 29419.002, "Total_Distance": 129.91709025135086, "Total_Emission": 3.9251099898556308}, "end_percents_count": {"BIKE_TRIP": 0.1, "BUS": 0.1, "FOOT": 0.6, "PASSENGER_CAR": 0.3, "RAIL_TRIP": 0.7}, "end_percents_duration": {"BIKE_TRIP": 0.022462692650144965, "BUS": 0.01562670276850316, "FOOT": 0.44492726163858315, "PASSENGER_CAR": 0.08335272556152652, "RAIL_TRIP": 0.4336306173812422}, "end_percents_distance": {"BIKE_TRIP": 0.011416361892062445, "BUS": 0.011029378360119607, "FOOT": 0.18118818427434732, "PASSENGER_CAR": 0.13804101299889945, "RAIL_TRIP": 0.6583250624745712}}