{"start": {"Count": {"FOOT": 5, "PASSENGER_CAR": 8, "RAIL_TRIP": 7}, "Duration": {"FOOT": 2682.233, "PASSENGER_CAR": 4590.017, "RAIL_TRIP": 10451.585}, "Distance": {"FOOT": 8.192216680644416, "PASSENGER_CAR": 42.82843592873194, "RAIL_TRIP": 60.95277597357057}, "Total_Count": 20, "Total_Duration": 17723.835, "Total_Distance": 111.97342858294692}, "start_percents_count": {"FOOT": 0.25, "PASSENGER_CAR": 0.4, "RAIL_TRIP": 0.35}, "start_percents_duration": {"FOOT": 0.15133479859183976, "PASSENGER_CAR": 0.25897425698219373, "RAIL_TRIP": 0.5896909444259665}, "start_percents_distance": {"FOOT": 0.07316214913054878, "PASSENGER_CAR": 0.38248749253047815, "RAIL_TRIP": 0.544350358338973}, "end": {"Count": {"BUS": 1, "FOOT": 7, "MOTORCYCLE": 1, "PASSENGER_CAR": 11, "RAIL_TRIP": 9}, "Duration": {"BUS": 392.0, "FOOT": 5623.232, "MOTORCYCLE": 390.188, "PASSENGER_CAR": 21253.637, "RAIL_TRIP": 5707.019}, "Distance": {"BUS": 1.299011566469765, "FOOT": 11.443516338593303, "MOTORCYCLE": 4.197468958293964, "PASSENGER_CAR": 202.43098655630234, "RAIL_TRIP": 27.02769247673352}, "Total_Count": 29, "Total_Duration": 33366.076, "Total_Distance": 246.3986758963929}, "end_percents_count": {"BUS": 0.034482758620689655, "FOOT": 0.2413793103448276, "MOTORCYCLE": 0.034482758620689655, "PASSENGER_CAR": 0.3793103448275862, "RAIL_TRIP": 0.3103448275862069}, "end_percents_duration": {"BUS": 0.011748459722983308, "FOOT": 0.1685314149617114, "MOTORCYCLE": 0.011694153067325028, "PASSENGER_CAR": 0.6369834139321626, "RAIL_TRIP": 0.17104255831581755}, "end_percents_distance": {"BUS": 0.005271990856866377, "FOOT": 0.046443091859004706, "MOTORCYCLE": 0.01703527400471478, "PASSENGER_CAR": 0.8215587434464204, "RAIL_TRIP": 0.10969089983299374}}