{"start": {"Count": {"BIKE_TRIP": 2, "FOOT": 10, "RAIL_TRIP": 2}, "Duration": {"BIKE_TRIP": 1469.289, "FOOT": 7215.42, "RAIL_TRIP": 323.846}, "Distance": {"BIKE_TRIP": 5.5187548020162795, "FOOT": 10.38996661968898, "RAIL_TRIP": 2.124475899422781}, "Total_Count": 12, "Total_Duration": 9008.555, "Total_Distance": 18.033197321128043, "Total_Emission": 0.0106223794971138}, "start_percents_count": {"BIKE_TRIP": 0.16666666666666666, "FOOT": 0.8333333333333334, "RAIL_TRIP": 0.16666666666666666}, "start_percents_duration": {"BIKE_TRIP": 0.1630992983891423, "FOOT": 0.8009519839752324, "RAIL_TRIP": 0.035948717635625245}, "start_percents_distance": {"BIKE_TRIP": 0.3060330735443348, "FOOT": 0.5761577625236705, "RAIL_TRIP": 0.11780916393199468}, "end": {"Count": {"BIKE_TRIP": 1, "FOOT": 19, "PASSENGER_CAR": 4, "RAIL_TRIP": 6}, "Duration": {"BIKE_TRIP": 1144.292, "FOOT": 47828.798, "PASSENGER_CAR": 17609.356, "RAIL_TRIP": 9392.568000000001}, "Distance": {"BIKE_TRIP": 3.951884566496916, "FOOT": 47.889451816713965, "PASSENGER_CAR": 179.72433643234368, "RAIL_TRIP": 84.67226702473049}, "Total_Count": 21, "Total_Duration": 75975.014, "Total_Distance": 316.23793984028504, "Total_Emission": 34.31577344352434}, "end_percents_count": {"BIKE_TRIP": 0.047619047619047616, "FOOT": 0.9047619047619048, "PASSENGER_CAR": 0.19047619047619047, "RAIL_TRIP": 0.2857142857142857}, "end_percents_duration": {"BIKE_TRIP": 0.015061425325963086, "FOOT": 0.6295332568151946, "PASSENGER_CAR": 0.23177825278189484, "RAIL_TRIP": 0.12362706507694755}, "end_percents_distance": {"BIKE_TRIP": 0.012496554235373538, "FOOT": 0.15143487160617217, "PASSENGER_CAR": 0.5683199698401554, "RAIL_TRIP": 0.2677486043182989}}