{"start": {"Count": {"BIKE_TRIP": 3, "BUS": 1, "FOOT": 30, "PASSENGER_CAR": 11, "RAIL_TRIP": 20, "UNKNOWN": 1}, "Duration": {"BIKE_TRIP": 3484.951, "BUS": 560.293, "FOOT": 104142.344, "PASSENGER_CAR": 27880.463, "RAIL_TRIP": 24627.985, "UNKNOWN": 648.525}, "Distance": {"BIKE_TRIP": 12.279583010303513, "BUS": 15.297586433267869, "FOOT": 174.68330990144645, "PASSENGER_CAR": 497.59196702103327, "RAIL_TRIP": 219.9893914397291, "UNKNOWN": 19.38143618869949}, "Total_Count": 42, "Total_Duration": 161344.561, "Total_Distance": 939.2232739944797, "Total_Emission": 106.97103879077964}, "start_percents_count": {"BIKE_TRIP": 0.07142857142857142, "BUS": 0.023809523809523808, "FOOT": 0.7142857142857143, "PASSENGER_CAR": 0.2619047619047619, "RAIL_TRIP": 0.47619047619047616, "UNKNOWN": 0.023809523809523808}, "start_percents_duration": {"BIKE_TRIP": 0.021599432781623178, "BUS": 0.0034726488239042656, "FOOT": 0.6454654768312891, "PASSENGER_CAR": 0.17280076147097392, "RAIL_TRIP": 0.15264217676355388, "UNKNOWN": 0.004019503328655746}, "start_percents_distance": {"BIKE_TRIP": 0.013074189439619537, "BUS": 0.016287486540029865, "FOOT": 0.18598699024836257, "PASSENGER_CAR": 0.5297909249041436, "RAIL_TRIP": 0.2342248084463696, "UNKNOWN": 0.020635600421474866}, "end": {"Count": {"BIKE_TRIP": 1, "FOOT": 24, "HIGH_SPEED_TRAIN": 2, "MOTORCYCLE": 1, "PASSENGER_CAR": 11, "RAIL_TRIP": 17, "UNKNOWN": 3}, "Duration": {"BIKE_TRIP": 1862.741, "FOOT": 55453.084, "HIGH_SPEED_TRAIN": 13515.619999999999, "MOTORCYCLE": 1500.5500000000002, "PASSENGER_CAR": 33158.042, "RAIL_TRIP": 25962.702, "UNKNOWN": 1147.857}, "Distance": {"BIKE_TRIP": 9.97826426607486, "FOOT": 42.917119873423914, "HIGH_SPEED_TRAIN": 802.178051255948, "MOTORCYCLE": 14.254357308030963, "PASSENGER_CAR": 861.1838658074212, "RAIL_TRIP": 267.3067997222235, "UNKNOWN": 65.25173963578493}, "Total_Count": 39, "Total_Duration": 132600.596, "Total_Distance": 2063.0701978689076, "Total_Emission": 169.63578437661232}, "end_percents_count": {"BIKE_TRIP": 0.02564102564102564, "FOOT": 0.6153846153846154, "HIGH_SPEED_TRAIN": 0.05128205128205128, "MOTORCYCLE": 0.02564102564102564, "PASSENGER_CAR": 0.28205128205128205, "RAIL_TRIP": 0.4358974358974359, "UNKNOWN": 0.07692307692307693}, "end_percents_duration": {"BIKE_TRIP": 0.014047757372070938, "FOOT": 0.418196340535302, "HIGH_SPEED_TRAIN": 0.1019272945047698, "MOTORCYCLE": 0.011316314143867048, "PASSENGER_CAR": 0.2500595246193313, "RAIL_TRIP": 0.19579626927167057, "UNKNOWN": 0.008656499552988434}, "end_percents_distance": {"BIKE_TRIP": 0.00483660918391537, "FOOT": 0.02080254948074771, "HIGH_SPEED_TRAIN": 0.388827317696012, "MOTORCYCLE": 0.006909293402985175, "PASSENGER_CAR": 0.4174282904658307, "RAIL_TRIP": 0.12956747666576918, "UNKNOWN": 0.031628463104739775}}