{"start": {"Count": {"BIKE_TRIP": 4, "FOOT": 24, "PASSENGER_CAR": 4, "RAIL_TRIP": 18, "UNKNOWN": 2}, "Duration": {"BIKE_TRIP": 3172.023, "FOOT": 35288.865, "PASSENGER_CAR": 4112.121, "RAIL_TRIP": 31797.72, "UNKNOWN": 781.527}, "Distance": {"BIKE_TRIP": 14.81058363663631, "FOOT": 54.34502183318325, "PASSENGER_CAR": 28.719727930896806, "RAIL_TRIP": 216.7068136867261, "UNKNOWN": 25.09821530399278}, "Total_Count": 36, "Total_Duration": 75152.25600000001, "Total_Distance": 339.68036239143527, "Total_Emission": 7.40647101056131}, "start_percents_count": {"BIKE_TRIP": 0.1111111111111111, "FOOT": 0.6666666666666666, "PASSENGER_CAR": 0.1111111111111111, "RAIL_TRIP": 0.5, "UNKNOWN": 0.05555555555555555}, "start_percents_duration": {"BIKE_TRIP": 0.04220795447577781, "FOOT": 0.4695649455952459, "PASSENGER_CAR": 0.05471719970721837, "RAIL_TRIP": 0.4231106515285449, "UNKNOWN": 0.010399248693212881}, "start_percents_distance": {"BIKE_TRIP": 0.04360153036921555, "FOOT": 0.15998870659045644, "PASSENGER_CAR": 0.08454927370161375, "RAIL_TRIP": 0.6379727463814969, "UNKNOWN": 0.07388774295721727}, "end": {"Count": {"BIKE_TRIP": 2, "BUS": 1, "FOOT": 22, "PASSENGER_CAR": 8, "RAIL_TRIP": 16, "UNKNOWN": 1}, "Duration": {"BIKE_TRIP": 1005.857, "BUS": 240.339, "FOOT": 34597.809, "PASSENGER_CAR": 16684.467, "RAIL_TRIP": 25896.878, "UNKNOWN": 180.196}, "Distance": {"BIKE_TRIP": 4.10932202088031, "BUS": 3.929940953350191, "FOOT": 43.319958305274454, "PASSENGER_CAR": 185.70183797187894, "RAIL_TRIP": 178.3447215028682, "UNKNOWN": 16.78146805798313}, "Total_Count": 37, "Total_Duration": 78605.54600000002, "Total_Distance": 432.1872488122351, "Total_Emission": 39.833014890279685}, "end_percents_count": {"BIKE_TRIP": 0.05405405405405406, "BUS": 0.02702702702702703, "FOOT": 0.5945945945945946, "PASSENGER_CAR": 0.21621621621621623, "RAIL_TRIP": 0.43243243243243246, "UNKNOWN": 0.02702702702702703}, "end_percents_duration": {"BIKE_TRIP": 0.01279625994837565, "BUS": 0.0030575323527426415, "FOOT": 0.44014463050736896, "PASSENGER_CAR": 0.21225559580745101, "RAIL_TRIP": 0.3294535731613644, "UNKNOWN": 0.002292408222697161}, "end_percents_distance": {"BIKE_TRIP": 0.009508198199215303, "BUS": 0.009093144150251328, "FOOT": 0.10023423510140375, "PASSENGER_CAR": 0.4296791228390859, "RAIL_TRIP": 0.4126561391919976, "UNKNOWN": 0.038829160518046385}}