{"start": {"Count": {"FOOT": 5, "PASSENGER_CAR": 3, "RAIL_TRIP": 2}, "Duration": {"FOOT": 42227.340000000004, "PASSENGER_CAR": 4526.503000000001, "RAIL_TRIP": 2832.243}, "Distance": {"FOOT": 10.540704682461321, "PASSENGER_CAR": 79.84185620037326, "RAIL_TRIP": 21.394412281989194}, "Total_Count": 6, "Total_Duration": 49586.085999999996, "Total_Distance": 111.77697316482377, "Total_Emission": 11.22229850071328}, "start_percents_count": {"FOOT": 0.8333333333333334, "PASSENGER_CAR": 0.5, "RAIL_TRIP": 0.3333333333333333}, "start_percents_duration": {"FOOT": 0.8515965547270661, "PASSENGER_CAR": 0.0912857489901502, "RAIL_TRIP": 0.05711769628278385}, "start_percents_distance": {"FOOT": 0.0943012177196661, "PASSENGER_CAR": 0.7142961017797492, "RAIL_TRIP": 0.1914026805005847}, "end": {"Count": {"BIKE_TRIP": 1, "FOOT": 3, "PASSENGER_CAR": 1, "RAIL_TRIP": 2}, "Duration": {"BIKE_TRIP": 300.085, "FOOT": 3692.4179999999997, "PASSENGER_CAR": 784.07, "RAIL_TRIP": 1818.335}, "Distance": {"BIKE_TRIP": 2.6005501725356472, "FOOT": 3.5165710534058827, "PASSENGER_CAR": 7.34871627045075, "RAIL_TRIP": 26.286077997827345}, "Total_Count": 5, "Total_Duration": 6594.907999999999, "Total_Distance": 39.75191549421963, "Total_Emission": 0.9982569002605415}, "end_percents_count": {"BIKE_TRIP": 0.2, "FOOT": 0.6, "PASSENGER_CAR": 0.2, "RAIL_TRIP": 0.4}, "end_percents_duration": {"BIKE_TRIP": 0.04550253013385479, "FOOT": 0.5598892357558286, "PASSENGER_CAR": 0.11889021044721171, "RAIL_TRIP": 0.27571802366310494}, "end_percents_distance": {"BIKE_TRIP": 0.06541949338048367, "FOOT": 0.08846293341303846, "PASSENGER_CAR": 0.18486445694722145, "RAIL_TRIP": 0.6612531162592563}}