{"start": {"Count": {"BIKE_TRIP": 4, "BUS": 1, "FOOT": 28, "PASSENGER_CAR": 20, "RAIL_TRIP": 23}, "Duration": {"BIKE_TRIP": 1937.735, "BUS": 120.171, "FOOT": 69496.643, "PASSENGER_CAR": 27864.941, "RAIL_TRIP": 33606.971}, "Distance": {"BIKE_TRIP": 11.744357830823551, "BUS": 0.7588308601705658, "FOOT": 44.52187147124136, "PASSENGER_CAR": 170.15535283258714, "RAIL_TRIP": 252.61188327910327}, "Total_Count": 43, "Total_Duration": 133026.461, "Total_Distance": 479.7922962739259, "Total_Emission": 34.573760802757896}, "start_percents_count": {"BIKE_TRIP": 0.09302325581395349, "BUS": 0.023255813953488372, "FOOT": 0.6511627906976745, "PASSENGER_CAR": 0.46511627906976744, "RAIL_TRIP": 0.5348837209302325}, "start_percents_duration": {"BIKE_TRIP": 0.01456653800629936, "BUS": 0.0009033616251732052, "FOOT": 0.5224272109291097, "PASSENGER_CAR": 0.20946915967342766, "RAIL_TRIP": 0.2526337297659899}, "start_percents_distance": {"BIKE_TRIP": 0.024478004173952787, "BUS": 0.0015815820013444517, "FOOT": 0.0927940523784956, "PASSENGER_CAR": 0.35464377847251016, "RAIL_TRIP": 0.526502582973697}, "end": {"Count": {"BIKE_TRIP": 3, "FOOT": 31, "MOTORCYCLE": 1, "PASSENGER_CAR": 13, "RAIL_TRIP": 27}, "Duration": {"BIKE_TRIP": 5831.357, "FOOT": 116222.315, "MOTORCYCLE": 120.125, "PASSENGER_CAR": 17444.033, "RAIL_TRIP": 52742.258}, "Distance": {"BIKE_TRIP": 26.105886965129066, "FOOT": 87.64640200698099, "MOTORCYCLE": 0.6137979777652803, "PASSENGER_CAR": 151.50947824539384, "RAIL_TRIP": 398.032112761263}, "Total_Count": 45, "Total_Duration": 192360.08800000002, "Total_Distance": 663.9076779565323, "Total_Emission": 30.904724721653814}, "end_percents_count": {"BIKE_TRIP": 0.06666666666666667, "FOOT": 0.6888888888888889, "MOTORCYCLE": 0.022222222222222223, "PASSENGER_CAR": 0.28888888888888886, "RAIL_TRIP": 0.6}, "end_percents_duration": {"BIKE_TRIP": 0.030314796903191266, "FOOT": 0.6041914214553696, "MOTORCYCLE": 0.0006244798557172628, "PASSENGER_CAR": 0.0906842639830774, "RAIL_TRIP": 0.27418503780264436}, "end_percents_distance": {"BIKE_TRIP": 0.03932156206640268, "FOOT": 0.1320159487788292, "MOTORCYCLE": 0.0009245230897984391, "PASSENGER_CAR": 0.22820865502223267, "RAIL_TRIP": 0.5995293110427369}}