{"start": {"Count": {"FOOT": 7, "PASSENGER_CAR": 12, "RAIL_TRIP": 2}, "Duration": {"FOOT": 10146.873, "PASSENGER_CAR": 12364.042, "RAIL_TRIP": 1141.997}, "Distance": {"FOOT": 10.792147112742219, "PASSENGER_CAR": 137.65041692399828, "RAIL_TRIP": 6.866136426082724}, "Total_Count": 16, "Total_Duration": 23652.912000000004, "Total_Distance": 155.3087004628232, "Total_Emission": 29.10920618611195}, "start_percents_count": {"FOOT": 0.4375, "PASSENGER_CAR": 0.75, "RAIL_TRIP": 0.125}, "start_percents_duration": {"FOOT": 0.4289904346661417, "PASSENGER_CAR": 0.5227281106021955, "RAIL_TRIP": 0.048281454731662635}, "start_percents_distance": {"FOOT": 0.06948836144131909, "PASSENGER_CAR": 0.8863020327502397, "RAIL_TRIP": 0.044209605808441466}, "end": {"Count": {"BIKE_TRIP": 1, "FOOT": 9, "MOTORCYCLE": 1, "PASSENGER_CAR": 15, "RAIL_TRIP": 3}, "Duration": {"BIKE_TRIP": 9621.914, "FOOT": 30144.246, "MOTORCYCLE": 526.824, "PASSENGER_CAR": 22883.635000000002, "RAIL_TRIP": 2645.253}, "Distance": {"BIKE_TRIP": 45.37553649878117, "FOOT": 18.16452998933392, "MOTORCYCLE": 3.088361709099067, "PASSENGER_CAR": 177.94019528611264, "RAIL_TRIP": 15.039911072526603}, "Total_Count": 19, "Total_Duration": 65821.872, "Total_Distance": 259.60853455585345, "Total_Emission": 36.79703927694446}, "end_percents_count": {"BIKE_TRIP": 0.05263157894736842, "FOOT": 0.47368421052631576, "MOTORCYCLE": 0.05263157894736842, "PASSENGER_CAR": 0.7894736842105263, "RAIL_TRIP": 0.15789473684210525}, "end_percents_duration": {"BIKE_TRIP": 0.14618110527151218, "FOOT": 0.45796701133021556, "MOTORCYCLE": 0.008003783301696432, "PASSENGER_CAR": 0.3476600452809972, "RAIL_TRIP": 0.040188054815578626}, "end_percents_distance": {"BIKE_TRIP": 0.17478445605192097, "FOOT": 0.06996892463651234, "MOTORCYCLE": 0.011896225655226376, "PASSENGER_CAR": 0.6854173557527236, "RAIL_TRIP": 0.05793303790361654}}