{"start": {"Count": {"BIKE_TRIP": 9, "BUS": 2, "FOOT": 168, "HIGH_SPEED_TRAIN": 1, "MOTORCYCLE": 2, "PASSENGER_CAR": 94, "RAIL_TRIP": 55, "UNKNOWN": 2}, "Duration": {"BIKE_TRIP": 8093.975, "BUS": 475.113, "FOOT": 239854.789, "HIGH_SPEED_TRAIN": 661.016, "MOTORCYCLE": 1239.212, "PASSENGER_CAR": 167854.15, "RAIL_TRIP": 75866.795, "UNKNOWN": 3727.1220000000003}, "Distance": {"BIKE_TRIP": 52.1078967242695, "BUS": 2.698100591448638, "FOOT": 258.7792106208636, "HIGH_SPEED_TRAIN": 52.19186939785612, "MOTORCYCLE": 13.286522509888647, "PASSENGER_CAR": 2328.648178671524, "RAIL_TRIP": 345.9226905737537, "UNKNOWN": 150.43772729263443}, "Total_Count": 231, "Total_Duration": 497772.172, "Total_Distance": 3204.072196382238, "Total_Emission": 487.65900241252723}, "start_percents_count": {"BIKE_TRIP": 0.03896103896103896, "BUS": 0.008658008658008658, "FOOT": 0.7272727272727273, "HIGH_SPEED_TRAIN": 0.004329004329004329, "MOTORCYCLE": 0.008658008658008658, "PASSENGER_CAR": 0.4069264069264069, "RAIL_TRIP": 0.23809523809523808, "UNKNOWN": 0.008658008658008658}, "start_percents_duration": {"BIKE_TRIP": 0.016260400752173828, "BUS": 0.0009544788293227448, "FOOT": 0.4818565650954067, "HIGH_SPEED_TRAIN": 0.001327948883410059, "MOTORCYCLE": 0.0024895164288131397, "PASSENGER_CAR": 0.3372107953033582, "RAIL_TRIP": 0.15241268851003587, "UNKNOWN": 0.007487606197479436}, "start_percents_distance": {"BIKE_TRIP": 0.016263022032744844, "BUS": 0.0008420848302029836, "FOOT": 0.08076572397870896, "HIGH_SPEED_TRAIN": 0.016289230141813493, "MOTORCYCLE": 0.004146761276131868, "PASSENGER_CAR": 0.7267776866266724, "RAIL_TRIP": 0.10796345068764049, "UNKNOWN": 0.0469520404260852}, "end": {"Count": {"BIKE_TRIP": 11, "BUS": 7, "FOOT": 194, "MOTORCYCLE": 1, "PASSENGER_CAR": 144, "PLANE": 1, "RAIL_TRIP": 82, "UNKNOWN": 6}, "Duration": {"BIKE_TRIP": 16529.548, "BUS": 1210.653, "FOOT": 367328.63, "MOTORCYCLE": 6493.694, "PASSENGER_CAR": 360273.565, "PLANE": 2705.049, "RAIL_TRIP": 107763.001, "UNKNOWN": 2404.15}, "Distance": {"BIKE_TRIP": 164.1033517921112, "BUS": 7.276686735977939, "FOOT": 388.32389180907256, "MOTORCYCLE": 194.2416006138854, "PASSENGER_CAR": 4978.444409236501, "PLANE": 324.97441711994736, "RAIL_TRIP": 620.3915297329884, "UNKNOWN": 150.49208207018395}, "Total_Count": 276, "Total_Duration": 864708.2899999999, "Total_Distance": 6828.247969110667, "Total_Emission": 1028.4102019851546}, "end_percents_count": {"BIKE_TRIP": 0.03985507246376811, "BUS": 0.025362318840579712, "FOOT": 0.7028985507246377, "MOTORCYCLE": 0.0036231884057971015, "PASSENGER_CAR": 0.5217391304347826, "PLANE": 0.0036231884057971015, "RAIL_TRIP": 0.2971014492753623, "UNKNOWN": 0.021739130434782608}, "end_percents_duration": {"BIKE_TRIP": 0.019115750584512148, "BUS": 0.0014000709996662575, "FOOT": 0.4248006342115675, "MOTORCYCLE": 0.007509693240017394, "PASSENGER_CAR": 0.4166417382213371, "PLANE": 0.0031282792489476423, "RAIL_TRIP": 0.12462353171148621, "UNKNOWN": 0.0027803017824658536}, "end_percents_distance": {"BIKE_TRIP": 0.024033010009957875, "BUS": 0.0010656740600071789, "FOOT": 0.056870209395697896, "MOTORCYCLE": 0.028446770166020208, "PASSENGER_CAR": 0.7290954329364974, "PLANE": 0.0475926502069129, "RAIL_TRIP": 0.0908566198151398, "UNKNOWN": 0.022039633409766828}}