{"start": {"Count": {"BIKE_TRIP": 1, "FOOT": 20, "PASSENGER_CAR": 17, "RAIL_TRIP": 14}, "Duration": {"BIKE_TRIP": 480.655, "FOOT": 33845.562, "PASSENGER_CAR": 42520.57, "RAIL_TRIP": 9127.318}, "Distance": {"BIKE_TRIP": 0.8673628554157674, "FOOT": 47.19165137362131, "PASSENGER_CAR": 694.8025140935645, "RAIL_TRIP": 55.09199207417785}, "Total_Count": 39, "Total_Duration": 85974.105, "Total_Distance": 797.9535203967796, "Total_Emission": 123.48230105130052}, "start_percents_count": {"BIKE_TRIP": 0.02564102564102564, "FOOT": 0.5128205128205128, "PASSENGER_CAR": 0.4358974358974359, "RAIL_TRIP": 0.358974358974359}, "start_percents_duration": {"BIKE_TRIP": 0.005590695012178376, "FOOT": 0.39367158285625653, "PASSENGER_CAR": 0.4945741511353913, "RAIL_TRIP": 0.10616357099617378}, "start_percents_distance": {"BIKE_TRIP": 0.001086984182969046, "FOOT": 0.059140852402224414, "PASSENGER_CAR": 0.8707305580255806, "RAIL_TRIP": 0.06904160538922562}, "end": {"Count": {"BIKE_TRIP": 2, "FOOT": 15, "PASSENGER_CAR": 11, "RAIL_TRIP": 7, "SCOOTER": 2}, "Duration": {"BIKE_TRIP": 5413.784, "FOOT": 14135.329, "PASSENGER_CAR": 20943.532, "RAIL_TRIP": 2210.585, "SCOOTER": 1922.063}, "Distance": {"BIKE_TRIP": 34.00338458820766, "FOOT": 19.014265843377494, "PASSENGER_CAR": 325.0601756760331, "RAIL_TRIP": 16.886343315901485, "SCOOTER": 7.691921974564144}, "Total_Count": 27, "Total_Duration": 44625.293, "Total_Distance": 402.6560913980839, "Total_Emission": 73.70226120456894}, "end_percents_count": {"BIKE_TRIP": 0.07407407407407407, "FOOT": 0.5555555555555556, "PASSENGER_CAR": 0.4074074074074074, "RAIL_TRIP": 0.25925925925925924, "SCOOTER": 0.07407407407407407}, "end_percents_duration": {"BIKE_TRIP": 0.12131649197238883, "FOOT": 0.31675599306429203, "PASSENGER_CAR": 0.4693197644663084, "RAIL_TRIP": 0.049536593518836956, "SCOOTER": 0.04307115697817379}, "end_percents_distance": {"BIKE_TRIP": 0.08444770938431026, "FOOT": 0.04722209908052561, "PASSENGER_CAR": 0.8072898501233998, "RAIL_TRIP": 0.04193738447435255, "SCOOTER": 0.01910295693741179}}