{"start": {"Count": {"BIKE_TRIP": 1, "FOOT": 3, "HIGH_SPEED_TRAIN": 1, "PASSENGER_CAR": 4, "RAIL_TRIP": 7, "UNKNOWN": 1}, "Duration": {"BIKE_TRIP": 601.218, "FOOT": 11517.259, "HIGH_SPEED_TRAIN": 961.255, "PASSENGER_CAR": 10421.331, "RAIL_TRIP": 27958.561999999998, "UNKNOWN": 180.236}, "Distance": {"BIKE_TRIP": 7.526245942656302, "FOOT": 23.555776640319223, "HIGH_SPEED_TRAIN": 56.35036478093944, "PASSENGER_CAR": 218.61828871720246, "RAIL_TRIP": 431.2714238967723, "UNKNOWN": 35.53000291682403}, "Total_Count": 8, "Total_Duration": 51639.861, "Total_Distance": 772.8521028947138, "Total_Emission": 37.88647772459387}, "start_percents_count": {"BIKE_TRIP": 0.125, "FOOT": 0.375, "HIGH_SPEED_TRAIN": 0.125, "PASSENGER_CAR": 0.5, "RAIL_TRIP": 0.875, "UNKNOWN": 0.125}, "start_percents_duration": {"BIKE_TRIP": 0.011642517782919672, "FOOT": 0.22303040281227715, "HIGH_SPEED_TRAIN": 0.01861459309505113, "PASSENGER_CAR": 0.20180788248055123, "RAIL_TRIP": 0.5414143543105199, "UNKNOWN": 0.0034902495186809276}, "start_percents_distance": {"BIKE_TRIP": 0.00973827452169281, "FOOT": 0.03047902250908185, "HIGH_SPEED_TRAIN": 0.07291222288181584, "PASSENGER_CAR": 0.282872088849042, "RAIL_TRIP": 0.5580258141000682, "UNKNOWN": 0.04597257713829927}, "end": {"Count": {"BIKE_TRIP": 1, "FOOT": 3, "PASSENGER_CAR": 3, "RAIL_TRIP": 4}, "Duration": {"BIKE_TRIP": 601.218, "FOOT": 11790.809000000001, "PASSENGER_CAR": 1072.684, "RAIL_TRIP": 7907.885}, "Distance": {"BIKE_TRIP": 7.526245942656302, "FOOT": 23.727237431490867, "PASSENGER_CAR": 11.783680252056586, "RAIL_TRIP": 86.31977331889503}, "Total_Count": 8, "Total_Duration": 21372.595999999998, "Total_Distance": 129.3569369450988, "Total_Emission": 3.5011938560234994}, "end_percents_count": {"BIKE_TRIP": 0.125, "FOOT": 0.375, "PASSENGER_CAR": 0.375, "RAIL_TRIP": 0.5}, "end_percents_duration": {"BIKE_TRIP": 0.02813032165114617, "FOOT": 0.551678841447244, "PASSENGER_CAR": 0.05018969150963225, "RAIL_TRIP": 0.3700011453919777}, "end_percents_distance": {"BIKE_TRIP": 0.05818200492680624, "FOOT": 0.18342454600298008, "PASSENGER_CAR": 0.09109430487719242, "RAIL_TRIP": 0.6672991441930212}}