{"start": {"Count": {"BIKE_TRIP": 2, "BUS": 4, "FOOT": 13, "PASSENGER_CAR": 5, "RAIL_TRIP": 22}, "Duration": {"BIKE_TRIP": 781.219, "BUS": 1378.881, "FOOT": 25320.475, "PASSENGER_CAR": 1803.1680000000001, "RAIL_TRIP": 32841.893000000004}, "Distance": {"BIKE_TRIP": 2.793376149379112, "BUS": 18.66650674401762, "FOOT": 39.66192965565773, "PASSENGER_CAR": 11.932223859519828, "RAIL_TRIP": 192.7784050339088}, "Total_Count": 30, "Total_Duration": 62125.636, "Total_Distance": 265.83244144248306, "Total_Emission": 5.846076781712051}, "start_percents_count": {"BIKE_TRIP": 0.06666666666666667, "BUS": 0.13333333333333333, "FOOT": 0.43333333333333335, "PASSENGER_CAR": 0.16666666666666666, "RAIL_TRIP": 0.7333333333333333}, "start_percents_duration": {"BIKE_TRIP": 0.01257482498851199, "BUS": 0.022195040385582534, "FOOT": 0.4075688657738651, "PASSENGER_CAR": 0.0290245398855957, "RAIL_TRIP": 0.5286367289664448}, "start_percents_distance": {"BIKE_TRIP": 0.0105080333093337, "BUS": 0.07021906973704113, "FOOT": 0.14919898203710852, "PASSENGER_CAR": 0.0448862591592364, "RAIL_TRIP": 0.7251876557572804}, "end": {"Count": {"BIKE_TRIP": 2, "BUS": 1, "FOOT": 10, "PASSENGER_CAR": 4, "RAIL_TRIP": 14}, "Duration": {"BIKE_TRIP": 809.233, "BUS": 135.642, "FOOT": 20098.881, "PASSENGER_CAR": 1198.688, "RAIL_TRIP": 28153.756999999998}, "Distance": {"BIKE_TRIP": 4.9847902749501465, "BUS": 0.7975693901312779, "FOOT": 21.810140040030134, "PASSENGER_CAR": 6.980857320957971, "RAIL_TRIP": 271.76690813210234}, "Total_Count": 21, "Total_Duration": 50396.200999999994, "Total_Distance": 306.34026515817186, "Total_Emission": 3.2958848702141053}, "end_percents_count": {"BIKE_TRIP": 0.09523809523809523, "BUS": 0.047619047619047616, "FOOT": 0.47619047619047616, "PASSENGER_CAR": 0.19047619047619047, "RAIL_TRIP": 0.6666666666666666}, "end_percents_duration": {"BIKE_TRIP": 0.01605742067740384, "BUS": 0.0026915124018971194, "FOOT": 0.3988173830801255, "PASSENGER_CAR": 0.02378528492653643, "RAIL_TRIP": 0.5586483989140372}, "end_percents_distance": {"BIKE_TRIP": 0.01627207011907613, "BUS": 0.0026035408362641162, "FOOT": 0.07119579931410244, "PASSENGER_CAR": 0.022787919561777368, "RAIL_TRIP": 0.88714067016878}}