{"start": {"Count": {"FOOT": 9, "PASSENGER_CAR": 11, "RAIL_TRIP": 6}, "Duration": {"FOOT": 13073.974999999999, "PASSENGER_CAR": 14623.283, "RAIL_TRIP": 2607.049}, "Distance": {"FOOT": 7.78709372991556, "PASSENGER_CAR": 81.99265399234771, "RAIL_TRIP": 5.734428756307223}, "Total_Count": 20, "Total_Duration": 30304.307, "Total_Distance": 95.5141764785705, "Total_Emission": 19.204996149411155}, "start_percents_count": {"FOOT": 0.45, "PASSENGER_CAR": 0.55, "RAIL_TRIP": 0.3}, "start_percents_duration": {"FOOT": 0.43142299871764095, "PASSENGER_CAR": 0.4825480087698425, "RAIL_TRIP": 0.08602899251251646}, "start_percents_distance": {"FOOT": 0.08152814605131069, "PASSENGER_CAR": 0.8584343917862657, "RAIL_TRIP": 0.06003746216242356}, "end": {"Count": {"FOOT": 11, "PASSENGER_CAR": 16, "RAIL_TRIP": 6}, "Duration": {"FOOT": 22836.628, "PASSENGER_CAR": 40895.43, "RAIL_TRIP": 2577.88}, "Distance": {"FOOT": 24.736604197989763, "PASSENGER_CAR": 365.81678888627494, "RAIL_TRIP": 25.16924556223187}, "Total_Count": 23, "Total_Duration": 66309.93800000001, "Total_Distance": 415.7226386464966, "Total_Emission": 112.65379110876016}, "end_percents_count": {"FOOT": 0.4782608695652174, "PASSENGER_CAR": 0.6956521739130435, "RAIL_TRIP": 0.2608695652173913}, "end_percents_duration": {"FOOT": 0.3443922387621596, "PASSENGER_CAR": 0.6167315372848033, "RAIL_TRIP": 0.03887622395303702}, "end_percents_distance": {"FOOT": 0.059502663310631386, "PASSENGER_CAR": 0.8799539762311133, "RAIL_TRIP": 0.06054336045825533}}