{"start": {"Count": {"BIKE_TRIP": 4, "BUS": 1, "FOOT": 21, "MOTORCYCLE": 1, "PASSENGER_CAR": 13, "RAIL_TRIP": 5}, "Duration": {"BIKE_TRIP": 6514.9, "BUS": 2042.244, "FOOT": 40680.898, "MOTORCYCLE": 841.554, "PASSENGER_CAR": 14914.785, "RAIL_TRIP": 8479.768}, "Distance": {"BIKE_TRIP": 35.75508953026272, "BUS": 30.556373492592414, "FOOT": 54.18281478694722, "MOTORCYCLE": 4.587286139430916, "PASSENGER_CAR": 108.74103468074728, "RAIL_TRIP": 64.90077515999683}, "Total_Count": 34, "Total_Duration": 73474.14899999999, "Total_Distance": 298.72337378997736, "Total_Emission": 28.205456705577774}, "start_percents_count": {"BIKE_TRIP": 0.11764705882352941, "BUS": 0.029411764705882353, "FOOT": 0.6176470588235294, "MOTORCYCLE": 0.029411764705882353, "PASSENGER_CAR": 0.38235294117647056, "RAIL_TRIP": 0.14705882352941177}, "start_percents_duration": {"BIKE_TRIP": 0.08866928149109969, "BUS": 0.02779540869537666, "FOOT": 0.5536763413210816, "MOTORCYCLE": 0.011453742730657555, "PASSENGER_CAR": 0.20299364066128894, "RAIL_TRIP": 0.1154115851004957}, "start_percents_distance": {"BIKE_TRIP": 0.11969297573413508, "BUS": 0.10228986471636331, "FOOT": 0.1813812360898193, "MOTORCYCLE": 0.015356301320619414, "PASSENGER_CAR": 0.36401917031507397, "RAIL_TRIP": 0.21726045182398898}, "end": {"Count": {"BIKE_TRIP": 4, "BUS": 2, "FOOT": 28, "PASSENGER_CAR": 10, "RAIL_TRIP": 12}, "Duration": {"BIKE_TRIP": 4486.654, "BUS": 5709.642, "FOOT": 48748.432, "PASSENGER_CAR": 24400.012, "RAIL_TRIP": 17436.16}, "Distance": {"BIKE_TRIP": 24.387163871388115, "BUS": 34.78629130804593, "FOOT": 73.39223661637229, "PASSENGER_CAR": 132.38410838565366, "RAIL_TRIP": 146.6285716891967}, "Total_Count": 40, "Total_Duration": 100780.9, "Total_Distance": 411.5783718706567, "Total_Emission": 30.96916590743996}, "end_percents_count": {"BIKE_TRIP": 0.1, "BUS": 0.05, "FOOT": 0.7, "PASSENGER_CAR": 0.25, "RAIL_TRIP": 0.3}, "end_percents_duration": {"BIKE_TRIP": 0.04451889197258608, "BUS": 0.056654008844929944, "FOOT": 0.48370705163379174, "PASSENGER_CAR": 0.24210948701589288, "RAIL_TRIP": 0.17301056053279937}, "end_percents_distance": {"BIKE_TRIP": 0.0592527827945538, "BUS": 0.08451924028451603, "FOOT": 0.17831898280465683, "PASSENGER_CAR": 0.3216498179531574, "RAIL_TRIP": 0.3562591761631158}}