{"start": {"Count": {"BIKE_TRIP": 1, "FOOT": 11, "PASSENGER_CAR": 5, "RAIL_TRIP": 7}, "Duration": {"BIKE_TRIP": 2739.584, "FOOT": 37147.37, "PASSENGER_CAR": 2376.635, "RAIL_TRIP": 17542.748}, "Distance": {"BIKE_TRIP": 7.394104376720218, "FOOT": 29.442703779084553, "PASSENGER_CAR": 13.697289229899205, "RAIL_TRIP": 87.42183212338294}, "Total_Count": 14, "Total_Duration": 59806.337, "Total_Distance": 137.95592950908693, "Total_Emission": 4.157140372280309}, "start_percents_count": {"BIKE_TRIP": 0.07142857142857142, "FOOT": 0.7857142857142857, "PASSENGER_CAR": 0.35714285714285715, "RAIL_TRIP": 0.5}, "start_percents_duration": {"BIKE_TRIP": 0.04580758724614751, "FOOT": 0.6211276574253327, "PASSENGER_CAR": 0.039738849078819194, "RAIL_TRIP": 0.2933259062497006}, "start_percents_distance": {"BIKE_TRIP": 0.053597582960239344, "FOOT": 0.21342108225326561, "PASSENGER_CAR": 0.09928742663429328, "RAIL_TRIP": 0.6336939081522017}, "end": {"Count": {"BUS": 1, "FOOT": 6, "PASSENGER_CAR": 4, "RAIL_TRIP": 7}, "Duration": {"BUS": 607.905, "FOOT": 7519.206, "PASSENGER_CAR": 9535.672, "RAIL_TRIP": 16159.181}, "Distance": {"BUS": 1.955068374251036, "FOOT": 10.894403975831688, "PASSENGER_CAR": 40.56097615212241, "RAIL_TRIP": 93.99699645636562}, "Total_Count": 12, "Total_Duration": 33821.96400000001, "Total_Distance": 147.40744495857072, "Total_Emission": 8.65791438610229}, "end_percents_count": {"BUS": 0.08333333333333333, "FOOT": 0.5, "PASSENGER_CAR": 0.3333333333333333, "RAIL_TRIP": 0.5833333333333334}, "end_percents_duration": {"BUS": 0.01797367533121376, "FOOT": 0.22231724922893298, "PASSENGER_CAR": 0.28193726419908666, "RAIL_TRIP": 0.4777718112407664}, "end_percents_distance": {"BUS": 0.013263023280815385, "FOOT": 0.0739067418127598, "PASSENGER_CAR": 0.27516233093601333, "RAIL_TRIP": 0.6376679039704117}}