{"start": {"Count": {"BIKE_TRIP": 1, "FOOT": 23, "MOTORCYCLE": 1, "PASSENGER_CAR": 7, "RAIL_TRIP": 9}, "Duration": {"BIKE_TRIP": 2072.774, "FOOT": 30931.677, "MOTORCYCLE": 1744.009, "PASSENGER_CAR": 3673.5119999999997, "RAIL_TRIP": 7121.881}, "Distance": {"BIKE_TRIP": 7.0150450560666195, "FOOT": 38.81727675897653, "MOTORCYCLE": 13.048715631783114, "PASSENGER_CAR": 22.104435077970255, "RAIL_TRIP": 49.656493548259995}, "Total_Count": 31, "Total_Duration": 45543.853, "Total_Distance": 130.64196607305652, "Total_Emission": 6.048844755551879}, "start_percents_count": {"BIKE_TRIP": 0.03225806451612903, "FOOT": 0.7419354838709677, "MOTORCYCLE": 0.03225806451612903, "PASSENGER_CAR": 0.22580645161290322, "RAIL_TRIP": 0.2903225806451613}, "start_percents_duration": {"BIKE_TRIP": 0.045511608339329566, "FOOT": 0.6791624986142476, "MOTORCYCLE": 0.03829296129161492, "PASSENGER_CAR": 0.08065878835503881, "RAIL_TRIP": 0.15637414339976902}, "start_percents_distance": {"BIKE_TRIP": 0.05369671987440639, "FOOT": 0.2971271630837939, "MOTORCYCLE": 0.09988150074598631, "PASSENGER_CAR": 0.16919857946419142, "RAIL_TRIP": 0.3800960368316219}, "end": {"Count": {"FOOT": 18, "PASSENGER_CAR": 4, "RAIL_TRIP": 13}, "Duration": {"FOOT": 21753.052, "PASSENGER_CAR": 4725.432, "RAIL_TRIP": 17786.623}, "Distance": {"FOOT": 23.37832360324495, "PASSENGER_CAR": 42.41500361823067, "RAIL_TRIP": 126.93799690975112}, "Total_Count": 26, "Total_Duration": 44265.106999999996, "Total_Distance": 192.73132413122673, "Total_Emission": 10.155828453049548}, "end_percents_count": {"FOOT": 0.6923076923076923, "PASSENGER_CAR": 0.15384615384615385, "RAIL_TRIP": 0.5}, "end_percents_duration": {"FOOT": 0.49142662187623315, "PASSENGER_CAR": 0.10675297814145124, "RAIL_TRIP": 0.40182039998231567}, "end_percents_distance": {"FOOT": 0.12130007256800218, "PASSENGER_CAR": 0.22007322270743693, "RAIL_TRIP": 0.658626704724561}}