{"start": {"Count": {"BIKE_TRIP": 4, "FOOT": 51, "MOTORCYCLE": 1, "PASSENGER_CAR": 22, "RAIL_TRIP": 15, "UNKNOWN": 1}, "Duration": {"BIKE_TRIP": 14145.673, "FOOT": 119149.769, "MOTORCYCLE": 390.0, "PASSENGER_CAR": 36731.687, "RAIL_TRIP": 35006.681, "UNKNOWN": 6494.218}, "Distance": {"BIKE_TRIP": 74.64431270790055, "FOOT": 109.93567249023225, "MOTORCYCLE": 3.0630268020615152, "PASSENGER_CAR": 666.4669539756105, "RAIL_TRIP": 345.484511853139, "UNKNOWN": 291.0909884580952}, "Total_Count": 74, "Total_Duration": 211918.028, "Total_Distance": 1490.6854662870392, "Total_Emission": 147.77397325197416}, "start_percents_count": {"BIKE_TRIP": 0.05405405405405406, "FOOT": 0.6891891891891891, "MOTORCYCLE": 0.013513513513513514, "PASSENGER_CAR": 0.2972972972972973, "RAIL_TRIP": 0.20270270270270271, "UNKNOWN": 0.013513513513513514}, "start_percents_duration": {"BIKE_TRIP": 0.06675068248558826, "FOOT": 0.5622446099772125, "MOTORCYCLE": 0.0018403342258356615, "PASSENGER_CAR": 0.17332969425328928, "RAIL_TRIP": 0.1651897260954127, "UNKNOWN": 0.030644952962661582}, "start_percents_distance": {"BIKE_TRIP": 0.050073817982423, "FOOT": 0.0737484029840696, "MOTORCYCLE": 0.0020547773969319116, "PASSENGER_CAR": 0.44708757752608214, "RAIL_TRIP": 0.23176217898847762, "UNKNOWN": 0.19527324512201563}, "end": {"Count": {"BIKE_TRIP": 1, "BUS": 3, "FOOT": 51, "MOTORCYCLE": 1, "PASSENGER_CAR": 30, "RAIL_TRIP": 25, "UNKNOWN": 2}, "Duration": {"BIKE_TRIP": 6498.194, "BUS": 2176.8469999999998, "FOOT": 90836.729, "MOTORCYCLE": 691.809, "PASSENGER_CAR": 65887.12, "RAIL_TRIP": 55313.62, "UNKNOWN": 6614.499}, "Distance": {"BIKE_TRIP": 73.5513903235951, "BUS": 12.166069582556755, "FOOT": 102.81686862174367, "MOTORCYCLE": 4.510713924165847, "PASSENGER_CAR": 1050.5774037846627, "RAIL_TRIP": 403.0153745091241, "UNKNOWN": 296.8147045758848}, "Total_Count": 82, "Total_Duration": 228018.81800000003, "Total_Distance": 1943.452525321733, "Total_Emission": 238.73862474982053}, "end_percents_count": {"BIKE_TRIP": 0.012195121951219513, "BUS": 0.036585365853658534, "FOOT": 0.6219512195121951, "MOTORCYCLE": 0.012195121951219513, "PASSENGER_CAR": 0.36585365853658536, "RAIL_TRIP": 0.3048780487804878, "UNKNOWN": 0.024390243902439025}, "end_percents_duration": {"BIKE_TRIP": 0.02849849875109869, "BUS": 0.009546786616532674, "FOOT": 0.3983738263216503, "MOTORCYCLE": 0.0030339995885778157, "PASSENGER_CAR": 0.2889547475857891, "RAIL_TRIP": 0.24258357483459983, "UNKNOWN": 0.02900856630175146}, "end_percents_distance": {"BIKE_TRIP": 0.03784573554809057, "BUS": 0.00626002921298152, "FOOT": 0.05290423474827235, "MOTORCYCLE": 0.002320979733435532, "PASSENGER_CAR": 0.5405727127863557, "RAIL_TRIP": 0.20737083579770288, "UNKNOWN": 0.1527254721731615}}