{"start": {"Count": {"FOOT": 7, "PASSENGER_CAR": 14, "RAIL_TRIP": 15}, "Duration": {"FOOT": 95768.16300000002, "PASSENGER_CAR": 11348.299, "RAIL_TRIP": 16923.585}, "Distance": {"FOOT": 9.201181393547895, "PASSENGER_CAR": 105.54294540335312, "RAIL_TRIP": 152.45096191221953}, "Total_Count": 24, "Total_Duration": 124040.04699999999, "Total_Distance": 267.19508870912057, "Total_Emission": 22.819100645537098}, "start_percents_count": {"FOOT": 0.2916666666666667, "PASSENGER_CAR": 0.5833333333333334, "RAIL_TRIP": 0.625}, "start_percents_duration": {"FOOT": 0.7720745462149012, "PASSENGER_CAR": 0.09148899306689236, "RAIL_TRIP": 0.1364364607182066}, "start_percents_distance": {"FOOT": 0.034436192064760125, "PASSENGER_CAR": 0.3950033135461238, "RAIL_TRIP": 0.5705604943891159}, "end": {"Count": {"BIKE_TRIP": 2, "FOOT": 8, "PASSENGER_CAR": 15, "RAIL_TRIP": 12}, "Duration": {"BIKE_TRIP": 621.344, "FOOT": 11030.326, "PASSENGER_CAR": 14040.429, "RAIL_TRIP": 16254.253}, "Distance": {"BIKE_TRIP": 2.4027261588496773, "FOOT": 17.424784168070463, "PASSENGER_CAR": 203.82483348443927, "RAIL_TRIP": 172.0381468112137}, "Total_Count": 26, "Total_Duration": 41946.352000000006, "Total_Distance": 395.69049062257307, "Total_Emission": 43.04515206377824}, "end_percents_count": {"BIKE_TRIP": 0.07692307692307693, "FOOT": 0.3076923076923077, "PASSENGER_CAR": 0.5769230769230769, "RAIL_TRIP": 0.46153846153846156}, "end_percents_duration": {"BIKE_TRIP": 0.014812825677904004, "FOOT": 0.26296270054664106, "PASSENGER_CAR": 0.334723482032478, "RAIL_TRIP": 0.3875009917429768}, "end_percents_distance": {"BIKE_TRIP": 0.006072236295265187, "FOOT": 0.044036398601984564, "PASSENGER_CAR": 0.5151117813413826, "RAIL_TRIP": 0.4347795837613677}}