{"start": {"Count": {"BIKE_TRIP": 4, "BUS": 1, "FOOT": 6, "PASSENGER_CAR": 2, "RAIL_TRIP": 6}, "Duration": {"BIKE_TRIP": 3951.3869999999997, "BUS": 300.666, "FOOT": 8468.664, "PASSENGER_CAR": 762.039, "RAIL_TRIP": 10319.801}, "Distance": {"BIKE_TRIP": 15.30904825833475, "BUS": 1.2211981037238184, "FOOT": 5.290891346946732, "PASSENGER_CAR": 10.652473775746277, "RAIL_TRIP": 57.47943400035591}, "Total_Count": 13, "Total_Duration": 23802.557000000004, "Total_Distance": 89.95304548510748, "Total_Emission": 2.709164061786403}, "start_percents_count": {"BIKE_TRIP": 0.3076923076923077, "BUS": 0.07692307692307693, "FOOT": 0.46153846153846156, "PASSENGER_CAR": 0.15384615384615385, "RAIL_TRIP": 0.46153846153846156}, "start_percents_duration": {"BIKE_TRIP": 0.16600682859408755, "BUS": 0.012631668101876615, "FOOT": 0.355787993701685, "PASSENGER_CAR": 0.03201500578278207, "RAIL_TRIP": 0.4335585038195685}, "start_percents_distance": {"BIKE_TRIP": 0.1701893268401824, "BUS": 0.013575950621104858, "FOOT": 0.058818368165452335, "PASSENGER_CAR": 0.11842260279569843, "RAIL_TRIP": 0.638993751577562}, "end": {"Count": {"BIKE_TRIP": 3, "FOOT": 11, "PASSENGER_CAR": 5, "RAIL_TRIP": 14}, "Duration": {"BIKE_TRIP": 2711.325, "FOOT": 182149.04, "PASSENGER_CAR": 3249.94, "RAIL_TRIP": 18056.093}, "Distance": {"BIKE_TRIP": 7.496466909523329, "FOOT": 53.180746128901845, "PASSENGER_CAR": 20.275487078349826, "RAIL_TRIP": 107.65960754606101}, "Total_Count": 26, "Total_Duration": 206166.398, "Total_Distance": 188.61230766283603, "Total_Emission": 5.651692371523765}, "end_percents_count": {"BIKE_TRIP": 0.11538461538461539, "FOOT": 0.4230769230769231, "PASSENGER_CAR": 0.19230769230769232, "RAIL_TRIP": 0.5384615384615384}, "end_percents_duration": {"BIKE_TRIP": 0.013151148908368666, "FOOT": 0.8835049831932361, "PASSENGER_CAR": 0.015763674544093262, "RAIL_TRIP": 0.0875801933543021}, "end_percents_distance": {"BIKE_TRIP": 0.039745375062819534, "FOOT": 0.28195798454450766, "PASSENGER_CAR": 0.10749821859236436, "RAIL_TRIP": 0.5707984218003084}}