{"start": {"Count": {"BIKE_TRIP": 2, "FOOT": 18, "PASSENGER_CAR": 5, "RAIL_TRIP": 9}, "Duration": {"BIKE_TRIP": 2065.968, "FOOT": 22594.546000000002, "PASSENGER_CAR": 44304.755000000005, "RAIL_TRIP": 10397.407}, "Distance": {"BIKE_TRIP": 5.452172981465539, "FOOT": 32.01528429758311, "PASSENGER_CAR": 43.016176110143526, "RAIL_TRIP": 58.34240094936905}, "Total_Count": 23, "Total_Duration": 79362.676, "Total_Distance": 138.82603433856121, "Total_Emission": 7.598402479588262}, "start_percents_count": {"BIKE_TRIP": 0.08695652173913043, "FOOT": 0.782608695652174, "PASSENGER_CAR": 0.21739130434782608, "RAIL_TRIP": 0.391304347826087}, "start_percents_duration": {"BIKE_TRIP": 0.026031985110985922, "FOOT": 0.28469990099628195, "PASSENGER_CAR": 0.5582568183562762, "RAIL_TRIP": 0.13101129553645594}, "start_percents_distance": {"BIKE_TRIP": 0.03927341876069933, "FOOT": 0.2306144121318485, "PASSENGER_CAR": 0.30985669449606307, "RAIL_TRIP": 0.4202554746113891}, "end": {"Count": {"BIKE_TRIP": 2, "BUS": 1, "FOOT": 14, "HIGH_SPEED_TRAIN": 1, "PASSENGER_CAR": 10, "RAIL_TRIP": 14}, "Duration": {"BIKE_TRIP": 10437.256, "BUS": 180.241, "FOOT": 22964.982, "HIGH_SPEED_TRAIN": 1142.863, "PASSENGER_CAR": 15569.448, "RAIL_TRIP": 18759.343}, "Distance": {"BIKE_TRIP": 51.23770292844135, "BUS": 4.946848527743761, "FOOT": 27.0749889030523, "HIGH_SPEED_TRAIN": 14.27656794512246, "PASSENGER_CAR": 73.62542800687106, "RAIL_TRIP": 125.35691795264792}, "Total_Count": 24, "Total_Duration": 69054.13299999999, "Total_Distance": 296.5184542638788, "Total_Emission": 16.41992553178814}, "end_percents_count": {"BIKE_TRIP": 0.08333333333333333, "BUS": 0.041666666666666664, "FOOT": 0.5833333333333334, "HIGH_SPEED_TRAIN": 0.041666666666666664, "PASSENGER_CAR": 0.4166666666666667, "RAIL_TRIP": 0.5833333333333334}, "end_percents_duration": {"BIKE_TRIP": 0.15114600019668628, "BUS": 0.002610140655882249, "FOOT": 0.3325649168602262, "HIGH_SPEED_TRAIN": 0.01655024761515723, "PASSENGER_CAR": 0.22546728665755608, "RAIL_TRIP": 0.2716614080144921}, "end_percents_distance": {"BIKE_TRIP": 0.17279768659135022, "BUS": 0.016683105070220833, "FOOT": 0.09130962513030512, "HIGH_SPEED_TRAIN": 0.04814731676841065, "PASSENGER_CAR": 0.24829964863283027, "RAIL_TRIP": 0.422762617806883}}