{"start": {"Count": {"FOOT": 22, "PASSENGER_CAR": 11, "RAIL_TRIP": 5}, "Duration": {"FOOT": 72067.65, "PASSENGER_CAR": 44160.945, "RAIL_TRIP": 6913.709}, "Distance": {"FOOT": 63.364363053253754, "PASSENGER_CAR": 842.5970067196903, "RAIL_TRIP": 19.665013194707388}, "Total_Count": 27, "Total_Duration": 123142.30399999999, "Total_Distance": 925.6263829676514, "Total_Emission": 175.26628139691763}, "start_percents_count": {"FOOT": 0.8148148148148148, "PASSENGER_CAR": 0.4074074074074074, "RAIL_TRIP": 0.18518518518518517}, "start_percents_duration": {"FOOT": 0.585238765712878, "PASSENGER_CAR": 0.358617173510088, "RAIL_TRIP": 0.05614406077703403}, "start_percents_distance": {"FOOT": 0.06845565794062744, "PASSENGER_CAR": 0.9102992548875276, "RAIL_TRIP": 0.021245087171845055}, "end": {"Count": {"BIKE_TRIP": 4, "FOOT": 25, "PASSENGER_CAR": 15, "RAIL_TRIP": 9, "UNKNOWN": 2}, "Duration": {"BIKE_TRIP": 10643.482, "FOOT": 58578.71, "PASSENGER_CAR": 38230.748999999996, "RAIL_TRIP": 13627.733, "UNKNOWN": 841.3770000000001}, "Distance": {"BIKE_TRIP": 79.49848424660578, "FOOT": 73.73864705285615, "PASSENGER_CAR": 557.7972367699106, "RAIL_TRIP": 108.91985353938875, "UNKNOWN": 22.5783841450448}, "Total_Count": 33, "Total_Duration": 121922.05099999998, "Total_Distance": 842.5326057538059, "Total_Emission": 103.46498087377728}, "end_percents_count": {"BIKE_TRIP": 0.12121212121212122, "FOOT": 0.7575757575757576, "PASSENGER_CAR": 0.45454545454545453, "RAIL_TRIP": 0.2727272727272727, "UNKNOWN": 0.06060606060606061}, "end_percents_duration": {"BIKE_TRIP": 0.08729743235700654, "FOOT": 0.4804603393687989, "PASSENGER_CAR": 0.3135671413532898, "RAIL_TRIP": 0.11177414494118051, "UNKNOWN": 0.006900941979724408}, "end_percents_distance": {"BIKE_TRIP": 0.09435656697876903, "FOOT": 0.08752022954278771, "PASSENGER_CAR": 0.6620482494809262, "RAIL_TRIP": 0.12927672210613048, "UNKNOWN": 0.026798231891386727}}