{"start": {"Count": {"BIKE_TRIP": 2, "FOOT": 18, "PASSENGER_CAR": 14, "RAIL_TRIP": 10}, "Duration": {"BIKE_TRIP": 643.7280000000001, "FOOT": 24865.463, "PASSENGER_CAR": 15618.581, "RAIL_TRIP": 6920.142}, "Distance": {"BIKE_TRIP": 4.609327901094719, "FOOT": 20.304303848992262, "PASSENGER_CAR": 130.5533472437425, "RAIL_TRIP": 43.3622504656093}, "Total_Count": 31, "Total_Duration": 48047.914, "Total_Distance": 198.82922945943878, "Total_Emission": 30.20736828971355}, "start_percents_count": {"BIKE_TRIP": 0.06451612903225806, "FOOT": 0.5806451612903226, "PASSENGER_CAR": 0.45161290322580644, "RAIL_TRIP": 0.3225806451612903}, "start_percents_duration": {"BIKE_TRIP": 0.013397626377702893, "FOOT": 0.5175138924865709, "PASSENGER_CAR": 0.325062623946588, "RAIL_TRIP": 0.14402585718913832}, "start_percents_distance": {"BIKE_TRIP": 0.023182345541579556, "FOOT": 0.10211931064760449, "PASSENGER_CAR": 0.6566104370000359, "RAIL_TRIP": 0.2180879068107801}, "end": {"Count": {"BIKE_TRIP": 2, "BUS": 1, "FOOT": 22, "PASSENGER_CAR": 17, "RAIL_TRIP": 12}, "Duration": {"BIKE_TRIP": 1263.576, "BUS": 1303.833, "FOOT": 45006.566, "PASSENGER_CAR": 32085.779, "RAIL_TRIP": 6809.408}, "Distance": {"BIKE_TRIP": 8.038524234768548, "BUS": 4.298569986161085, "FOOT": 30.576551158962356, "PASSENGER_CAR": 266.44196137165744, "RAIL_TRIP": 33.794835825983014}, "Total_Count": 38, "Total_Duration": 86469.162, "Total_Distance": 343.15044257753243, "Total_Emission": 54.01110404477314}, "end_percents_count": {"BIKE_TRIP": 0.05263157894736842, "BUS": 0.02631578947368421, "FOOT": 0.5789473684210527, "PASSENGER_CAR": 0.4473684210526316, "RAIL_TRIP": 0.3157894736842105}, "end_percents_duration": {"BIKE_TRIP": 0.014613024698909422, "BUS": 0.015078589520735729, "FOOT": 0.520492681541195, "PASSENGER_CAR": 0.37106614957133505, "RAIL_TRIP": 0.07874955466782482}, "end_percents_distance": {"BIKE_TRIP": 0.02342565603118026, "BUS": 0.012526779665131433, "FOOT": 0.0891053816783401, "PASSENGER_CAR": 0.7764581603634585, "RAIL_TRIP": 0.09848402226188972}}