{"start": {"Count": {"BIKE_TRIP": 3, "FOOT": 6, "PASSENGER_CAR": 4, "RAIL_TRIP": 4}, "Duration": {"BIKE_TRIP": 6614.5470000000005, "FOOT": 10097.008, "PASSENGER_CAR": 7247.5960000000005, "RAIL_TRIP": 2486.069}, "Distance": {"BIKE_TRIP": 19.555878706807608, "FOOT": 20.199818297849944, "PASSENGER_CAR": 74.17882991233654, "RAIL_TRIP": 29.730163490173005}, "Total_Count": 10, "Total_Duration": 26445.22, "Total_Distance": 143.6646904071671, "Total_Emission": 13.262577204074125}, "start_percents_count": {"BIKE_TRIP": 0.3, "FOOT": 0.6, "PASSENGER_CAR": 0.4, "RAIL_TRIP": 0.4}, "start_percents_duration": {"BIKE_TRIP": 0.25012259304327966, "FOOT": 0.38180843267705844, "PASSENGER_CAR": 0.2740607187234593, "RAIL_TRIP": 0.09400825555620258}, "start_percents_distance": {"BIKE_TRIP": 0.13612167785545176, "FOOT": 0.14060391764044913, "PASSENGER_CAR": 0.5163330648755983, "RAIL_TRIP": 0.20694133962850095}, "end": {"Count": {"BUS": 1, "FOOT": 9, "PASSENGER_CAR": 4, "RAIL_TRIP": 5}, "Duration": {"BUS": 205.886, "FOOT": 11916.019, "PASSENGER_CAR": 3424.241, "RAIL_TRIP": 4651.41}, "Distance": {"BUS": 1.2282534121104278, "FOOT": 14.71549250731042, "PASSENGER_CAR": 35.23122160532458, "RAIL_TRIP": 35.188278845491084}, "Total_Count": 11, "Total_Duration": 20197.555999999997, "Total_Distance": 86.36324637023651, "Total_Emission": 6.518791496894734}, "end_percents_count": {"BUS": 0.09090909090909091, "FOOT": 0.8181818181818182, "PASSENGER_CAR": 0.36363636363636365, "RAIL_TRIP": 0.45454545454545453}, "end_percents_duration": {"BUS": 0.010193609563454114, "FOOT": 0.5899733116224558, "PASSENGER_CAR": 0.16953739353414843, "RAIL_TRIP": 0.23029568527994182}, "end_percents_distance": {"BUS": 0.014221945836136639, "FOOT": 0.17039068267797125, "PASSENGER_CAR": 0.40794230284361294, "RAIL_TRIP": 0.4074450686422792}}