{"start": {"Count": {"FOOT": 18, "PASSENGER_CAR": 2, "RAIL_TRIP": 30, "UNKNOWN": 1}, "Duration": {"FOOT": 45222.482, "PASSENGER_CAR": 5356.633, "RAIL_TRIP": 19479.683, "UNKNOWN": 5769.157}, "Distance": {"FOOT": 58.35621011962306, "PASSENGER_CAR": 55.738606941532865, "RAIL_TRIP": 215.66261468839974, "UNKNOWN": 139.07276879208533}, "Total_Count": 40, "Total_Duration": 75827.955, "Total_Distance": 468.8302005416409, "Total_Emission": 8.950135910719775}, "start_percents_count": {"FOOT": 0.45, "PASSENGER_CAR": 0.05, "RAIL_TRIP": 0.75, "UNKNOWN": 0.025}, "start_percents_duration": {"FOOT": 0.5963827192754968, "PASSENGER_CAR": 0.07064192882427067, "RAIL_TRIP": 0.25689316031271053, "UNKNOWN": 0.07608219158752204}, "start_percents_distance": {"FOOT": 0.12447195179023014, "PASSENGER_CAR": 0.11888868694281615, "RAIL_TRIP": 0.4600015409400761, "UNKNOWN": 0.29663782032687774}, "end": {"Count": {"BIKE_TRIP": 2, "BUS": 1, "FOOT": 37, "PASSENGER_CAR": 13, "RAIL_TRIP": 44}, "Duration": {"BIKE_TRIP": 2885.04, "BUS": 467.703, "FOOT": 87901.168, "PASSENGER_CAR": 12441.318, "RAIL_TRIP": 31744.968}, "Distance": {"BIKE_TRIP": 14.684886957314196, "BUS": 2.744058610495132, "FOOT": 132.06264273952382, "PASSENGER_CAR": 127.91618395079111, "RAIL_TRIP": 322.5433147102265}, "Total_Count": 63, "Total_Duration": 135440.197, "Total_Distance": 599.9510869683508, "Total_Emission": 29.83570221340984}, "end_percents_count": {"BIKE_TRIP": 0.031746031746031744, "BUS": 0.015873015873015872, "FOOT": 0.5873015873015873, "PASSENGER_CAR": 0.20634920634920634, "RAIL_TRIP": 0.6984126984126984}, "end_percents_duration": {"BIKE_TRIP": 0.02130120941864844, "BUS": 0.0034532067315288977, "FOOT": 0.6490035450849205, "PASSENGER_CAR": 0.0918583867682945, "RAIL_TRIP": 0.2343836519966078}, "end_percents_distance": {"BIKE_TRIP": 0.024476806986915033, "BUS": 0.004573803881848604, "FOOT": 0.22012234931827124, "PASSENGER_CAR": 0.21321102124703556, "RAIL_TRIP": 0.5376160185659297}}