{"start": {"Count": {"FOOT": 2, "PASSENGER_CAR": 1, "RAIL_TRIP": 1}, "Duration": {"FOOT": 1895.094, "PASSENGER_CAR": 921.002, "RAIL_TRIP": 1385.809}, "Distance": {"FOOT": 14.511657213064948, "PASSENGER_CAR": 4.823018256700504, "RAIL_TRIP": 4.3052696769099095}, "Total_Count": 4, "Total_Duration": 4201.905000000001, "Total_Distance": 23.639945146675363}, "start_percents_count": {"FOOT": 0.5, "PASSENGER_CAR": 0.25, "RAIL_TRIP": 0.25}, "start_percents_duration": {"FOOT": 0.45100829266725445, "PASSENGER_CAR": 0.21918677361815647, "RAIL_TRIP": 0.3298049337145889}, "start_percents_distance": {"FOOT": 0.61386171258125, "PASSENGER_CAR": 0.20401985820084678, "RAIL_TRIP": 0.1821184292179031}, "end": {"Count": {"FOOT": 5, "PASSENGER_CAR": 1, "RAIL_TRIP": 5}, "Duration": {"FOOT": 4464.693, "PASSENGER_CAR": 2047.0, "RAIL_TRIP": 4489.455}, "Distance": {"FOOT": 8.431456348392564, "PASSENGER_CAR": 29.787718012102467, "RAIL_TRIP": 24.65677883425418}, "Total_Count": 11, "Total_Duration": 11001.148000000001, "Total_Distance": 62.87595319474921}, "end_percents_count": {"FOOT": 0.45454545454545453, "PASSENGER_CAR": 0.09090909090909091, "RAIL_TRIP": 0.45454545454545453}, "end_percents_duration": {"FOOT": 0.4058388270024183, "PASSENGER_CAR": 0.18607148999358974, "RAIL_TRIP": 0.4080896830039919}, "end_percents_distance": {"FOOT": 0.13409667639196407, "PASSENGER_CAR": 0.47375374047752883, "RAIL_TRIP": 0.39214958313050713}}