{"start": {"Count": {"BUS": 1, "FOOT": 1, "PASSENGER_CAR": 7}, "Duration": {"BUS": 17419.733, "FOOT": 360.337, "PASSENGER_CAR": 4673.723}, "Distance": {"BUS": 71.43701738918118, "FOOT": 0.3808056465181531, "PASSENGER_CAR": 31.101546192005554}, "Total_Count": 8, "Total_Duration": 22453.792999999998, "Total_Distance": 102.91936922770489, "Total_Emission": 14.358735350499682}, "start_percents_count": {"BUS": 0.125, "FOOT": 0.125, "PASSENGER_CAR": 0.875}, "start_percents_duration": {"BUS": 0.7758035802681534, "FOOT": 0.016047934529368826, "PASSENGER_CAR": 0.20814848520247783}, "start_percents_distance": {"BUS": 0.6941066382862268, "FOOT": 0.003700038674699183, "PASSENGER_CAR": 0.302193323039074}, "end": {"Count": {"BIKE_TRIP": 1, "BUS": 1, "FOOT": 2, "PASSENGER_CAR": 11, "RAIL_TRIP": 2}, "Duration": {"BIKE_TRIP": 1984.126, "BUS": 12855.545, "FOOT": 540.5889999999999, "PASSENGER_CAR": 14960.859, "RAIL_TRIP": 968.98}, "Distance": {"BIKE_TRIP": 5.711826433109961, "BUS": 64.01162223397549, "FOOT": 1.0228932267409492, "PASSENGER_CAR": 199.55278829156396, "RAIL_TRIP": 8.599983467715322}, "Total_Count": 13, "Total_Duration": 31310.099000000002, "Total_Distance": 278.8991136531057, "Total_Emission": 50.25378939215221}, "end_percents_count": {"BIKE_TRIP": 0.07692307692307693, "BUS": 0.07692307692307693, "FOOT": 0.15384615384615385, "PASSENGER_CAR": 0.8461538461538461, "RAIL_TRIP": 0.15384615384615385}, "end_percents_duration": {"BIKE_TRIP": 0.06337016053510403, "BUS": 0.41058781066134603, "FOOT": 0.017265643267368777, "PASSENGER_CAR": 0.4778285434357777, "RAIL_TRIP": 0.03094784210040345}, "end_percents_distance": {"BIKE_TRIP": 0.020479901704579535, "BUS": 0.2295153304559908, "FOOT": 0.003667610173954236, "PASSENGER_CAR": 0.7155016940633502, "RAIL_TRIP": 0.030835463602125208}}