{"start": {"Count": {"BIKE_TRIP": 1, "BUS": 1, "FOOT": 7, "PASSENGER_CAR": 8, "RAIL_TRIP": 5}, "Duration": {"BIKE_TRIP": 2042.989, "BUS": 2358.074, "FOOT": 32156.881, "PASSENGER_CAR": 19853.777000000002, "RAIL_TRIP": 3300.671}, "Distance": {"BIKE_TRIP": 6.221090592799071, "BUS": 6.5623886909839895, "FOOT": 32.17060268571159, "PASSENGER_CAR": 249.34611955759644, "RAIL_TRIP": 8.961414238384705}, "Total_Count": 14, "Total_Duration": 59712.39199999999, "Total_Distance": 303.2616157654758, "Total_Emission": 57.28836845928754}, "start_percents_count": {"BIKE_TRIP": 0.07142857142857142, "BUS": 0.07142857142857142, "FOOT": 0.5, "PASSENGER_CAR": 0.5714285714285714, "RAIL_TRIP": 0.35714285714285715}, "start_percents_duration": {"BIKE_TRIP": 0.03421381946983468, "BUS": 0.03949052987192341, "FOOT": 0.538529439584333, "PASSENGER_CAR": 0.33249006336909104, "RAIL_TRIP": 0.055276147704818125}, "start_percents_distance": {"BIKE_TRIP": 0.0205139400088473, "BUS": 0.02163936466017824, "FOOT": 0.10608201306488584, "PASSENGER_CAR": 0.8222145718250925, "RAIL_TRIP": 0.029550110440996005}, "end": {"Count": {"BIKE_TRIP": 1, "BUS": 1, "FOOT": 9, "PASSENGER_CAR": 8, "RAIL_TRIP": 4}, "Duration": {"BIKE_TRIP": 2042.989, "BUS": 756.052, "FOOT": 60350.811, "PASSENGER_CAR": 10037.16, "RAIL_TRIP": 1983.9829999999997}, "Distance": {"BIKE_TRIP": 6.221090592799071, "BUS": 7.302203955267846, "FOOT": 18.06080928212443, "PASSENGER_CAR": 87.24860055959316, "RAIL_TRIP": 4.793993065554389}, "Total_Count": 13, "Total_Duration": 75170.995, "Total_Distance": 123.6266974553389, "Total_Emission": 19.62259469136132}, "end_percents_count": {"BIKE_TRIP": 0.07692307692307693, "BUS": 0.07692307692307693, "FOOT": 0.6923076923076923, "PASSENGER_CAR": 0.6153846153846154, "RAIL_TRIP": 0.3076923076923077}, "end_percents_duration": {"BIKE_TRIP": 0.027177889557002673, "BUS": 0.010057762305793612, "FOOT": 0.802847042266768, "PASSENGER_CAR": 0.13352437333043152, "RAIL_TRIP": 0.026392932540004292}, "end_percents_distance": {"BIKE_TRIP": 0.05032157875968893, "BUS": 0.05906656171823908, "FOOT": 0.14609149685203746, "PASSENGER_CAR": 0.7057423870043312, "RAIL_TRIP": 0.03877797566570324}}