{"start": {"Count": {"BIKE_TRIP": 1, "PASSENGER_CAR": 9, "RAIL_TRIP": 2, "UNKNOWN": 1}, "Duration": {"BIKE_TRIP": 2474.969, "PASSENGER_CAR": 11878.300000000001, "RAIL_TRIP": 644.403, "UNKNOWN": 392.023}, "Distance": {"BIKE_TRIP": 24.27522570905869, "PASSENGER_CAR": 145.65587646870543, "RAIL_TRIP": 1.4238412419100404, "UNKNOWN": 9.1071428742766}, "Total_Count": 12, "Total_Duration": 15389.695, "Total_Distance": 180.46208629395076, "Total_Emission": 27.80197809013406}, "start_percents_count": {"BIKE_TRIP": 0.08333333333333333, "PASSENGER_CAR": 0.75, "RAIL_TRIP": 0.16666666666666666, "UNKNOWN": 0.08333333333333333}, "start_percents_duration": {"BIKE_TRIP": 0.16081988629404287, "PASSENGER_CAR": 0.7718346594913026, "RAIL_TRIP": 0.04187236979030449, "UNKNOWN": 0.025473084424350194}, "start_percents_distance": {"BIKE_TRIP": 0.13451704015832613, "PASSENGER_CAR": 0.8071273000327046, "RAIL_TRIP": 0.007889974404877357, "UNKNOWN": 0.050465685404091874}, "end": {"Count": {"FOOT": 4, "PASSENGER_CAR": 9, "RAIL_TRIP": 2}, "Duration": {"FOOT": 6888.226, "PASSENGER_CAR": 19456.792, "RAIL_TRIP": 2613.982}, "Distance": {"FOOT": 9.749831891853475, "PASSENGER_CAR": 262.1157677705204, "RAIL_TRIP": 19.303494190416384}, "Total_Count": 13, "Total_Duration": 28959.0, "Total_Distance": 291.1690938527902, "Total_Emission": 49.91773467309145}, "end_percents_count": {"FOOT": 0.3076923076923077, "PASSENGER_CAR": 0.6923076923076923, "RAIL_TRIP": 0.15384615384615385}, "end_percents_duration": {"FOOT": 0.23786132117821746, "PASSENGER_CAR": 0.671873752546704, "RAIL_TRIP": 0.09026492627507855}, "end_percents_distance": {"FOOT": 0.03348511946389068, "PASSENGER_CAR": 0.9002183724315238, "RAIL_TRIP": 0.06629650810458572}}