{"start": {"Count": {"BIKE_TRIP": 1, "FOOT": 16, "PASSENGER_CAR": 8, "RAIL_TRIP": 11}, "Duration": {"BIKE_TRIP": 1381.587, "FOOT": 26851.269, "PASSENGER_CAR": 7776.493, "RAIL_TRIP": 19729.89}, "Distance": {"BIKE_TRIP": 1.2774594897530014, "FOOT": 23.28081292397043, "PASSENGER_CAR": 105.6805914930717, "RAIL_TRIP": 137.0443205077249}, "Total_Count": 25, "Total_Duration": 55739.239, "Total_Distance": 267.28318441452, "Total_Emission": 21.772282315896952}, "start_percents_count": {"BIKE_TRIP": 0.04, "FOOT": 0.64, "PASSENGER_CAR": 0.32, "RAIL_TRIP": 0.44}, "start_percents_duration": {"BIKE_TRIP": 0.024786613968662184, "FOOT": 0.48173009681743234, "PASSENGER_CAR": 0.13951559331479213, "RAIL_TRIP": 0.35396769589911337}, "start_percents_distance": {"BIKE_TRIP": 0.004779423339149666, "FOOT": 0.08710167448418694, "PASSENGER_CAR": 0.3953881039114508, "RAIL_TRIP": 0.5127307982652127}, "end": {"Count": {"BIKE_TRIP": 2, "FOOT": 21, "PASSENGER_CAR": 7, "RAIL_TRIP": 17, "UNKNOWN": 1}, "Duration": {"BIKE_TRIP": 903.823, "FOOT": 32829.47, "PASSENGER_CAR": 22426.561, "RAIL_TRIP": 22103.357, "UNKNOWN": 315.0}, "Distance": {"BIKE_TRIP": 5.7949487751402105, "FOOT": 39.925770181139015, "PASSENGER_CAR": 71.78225830201002, "RAIL_TRIP": 133.6734515641278, "UNKNOWN": 17.489993136764618}, "Total_Count": 35, "Total_Duration": 78578.211, "Total_Distance": 268.66642195918166, "Total_Emission": 17.544026859442166}, "end_percents_count": {"BIKE_TRIP": 0.05714285714285714, "FOOT": 0.6, "PASSENGER_CAR": 0.2, "RAIL_TRIP": 0.4857142857142857, "UNKNOWN": 0.02857142857142857}, "end_percents_duration": {"BIKE_TRIP": 0.011502208926594168, "FOOT": 0.41779355348265695, "PASSENGER_CAR": 0.28540432156186407, "RAIL_TRIP": 0.2812911711619395, "UNKNOWN": 0.004008744866945368}, "end_percents_distance": {"BIKE_TRIP": 0.02156930789073684, "FOOT": 0.14860722039617186, "PASSENGER_CAR": 0.2671798648247746, "RAIL_TRIP": 0.4975443175568725, "UNKNOWN": 0.06509928933144411}}