{"start": {"Count": {"FOOT": 10, "PASSENGER_CAR": 5, "RAIL_TRIP": 11}, "Duration": {"FOOT": 16579.642, "PASSENGER_CAR": 6954.529, "RAIL_TRIP": 11739.354}, "Distance": {"FOOT": 16.670629925196984, "PASSENGER_CAR": 32.25757885746113, "RAIL_TRIP": 48.88885719989137}, "Total_Count": 17, "Total_Duration": 35273.525, "Total_Distance": 97.8170659825495, "Total_Emission": 8.29732334127475}, "start_percents_count": {"FOOT": 0.5882352941176471, "PASSENGER_CAR": 0.29411764705882354, "RAIL_TRIP": 0.6470588235294118}, "start_percents_duration": {"FOOT": 0.4700307667010881, "PASSENGER_CAR": 0.19716002299174806, "RAIL_TRIP": 0.33280921030716376}, "start_percents_distance": {"FOOT": 0.17042659946650837, "PASSENGER_CAR": 0.32977454939423206, "RAIL_TRIP": 0.4997988511392594}, "end": {"Count": {"BUS": 2, "FOOT": 9, "PASSENGER_CAR": 3, "RAIL_TRIP": 14, "UNKNOWN": 1}, "Duration": {"BUS": 416.96299999999997, "FOOT": 15995.069000000001, "PASSENGER_CAR": 1257.489, "RAIL_TRIP": 17996.788, "UNKNOWN": 144.248}, "Distance": {"BUS": 1.712680505799478, "FOOT": 14.70478427409349, "PASSENGER_CAR": 6.888497096894909, "RAIL_TRIP": 74.59607534629085, "UNKNOWN": 10.350706032400444}, "Total_Count": 19, "Total_Duration": 35810.55699999999, "Total_Distance": 108.25274325547917, "Total_Emission": 1.9770579957958763}, "end_percents_count": {"BUS": 0.10526315789473684, "FOOT": 0.47368421052631576, "PASSENGER_CAR": 0.15789473684210525, "RAIL_TRIP": 0.7368421052631579, "UNKNOWN": 0.05263157894736842}, "end_percents_duration": {"BUS": 0.011643577618745222, "FOOT": 0.446657922690228, "PASSENGER_CAR": 0.035115036049285696, "RAIL_TRIP": 0.5025553777340018, "UNKNOWN": 0.004028085907739442}, "end_percents_distance": {"BUS": 0.015821127985251232, "FOOT": 0.13583752089672066, "PASSENGER_CAR": 0.06363346451773406, "RAIL_TRIP": 0.6890917782124213, "UNKNOWN": 0.09561610838787263}}