{"start": {"Count": {"BIKE_TRIP": 3, "BUS": 7, "FOOT": 32, "PASSENGER_CAR": 23, "RAIL_TRIP": 14}, "Duration": {"BIKE_TRIP": 5653.466, "BUS": 9609.817000000001, "FOOT": 79402.023, "PASSENGER_CAR": 39866.807, "RAIL_TRIP": 16397.113}, "Distance": {"BIKE_TRIP": 38.923228940776866, "BUS": 65.55487814864884, "FOOT": 71.98676923042756, "PASSENGER_CAR": 348.0696896618452, "RAIL_TRIP": 161.26604398847826}, "Total_Count": 48, "Total_Duration": 150929.22600000002, "Total_Distance": 685.8006099701767, "Total_Emission": 87.54581215947799}, "start_percents_count": {"BIKE_TRIP": 0.0625, "BUS": 0.14583333333333334, "FOOT": 0.6666666666666666, "PASSENGER_CAR": 0.4791666666666667, "RAIL_TRIP": 0.2916666666666667}, "start_percents_duration": {"BIKE_TRIP": 0.03745772869729021, "BUS": 0.06367101491662058, "FOOT": 0.526087790313057, "PASSENGER_CAR": 0.26414239346857843, "RAIL_TRIP": 0.10864107260445369}, "start_percents_distance": {"BIKE_TRIP": 0.05675589723151386, "BUS": 0.09558883033291501, "FOOT": 0.10496749081858944, "PASSENGER_CAR": 0.5075377370646865, "RAIL_TRIP": 0.23515004455229518}, "end": {"Count": {"BIKE_TRIP": 6, "BUS": 4, "FOOT": 33, "PASSENGER_CAR": 22, "RAIL_TRIP": 14, "UNKNOWN": 1}, "Duration": {"BIKE_TRIP": 5038.936, "BUS": 2240.841, "FOOT": 97816.935, "PASSENGER_CAR": 50381.115, "RAIL_TRIP": 42230.893, "UNKNOWN": 196.167}, "Distance": {"BIKE_TRIP": 15.69129809381819, "BUS": 16.30002088758782, "FOOT": 70.29831373748668, "PASSENGER_CAR": 532.8625513309617, "RAIL_TRIP": 331.4120444785086, "UNKNOWN": 5.041063639248454}, "Total_Count": 49, "Total_Duration": 197904.88700000002, "Total_Distance": 971.6052921676113, "Total_Emission": 125.5537523028187}, "end_percents_count": {"BIKE_TRIP": 0.12244897959183673, "BUS": 0.08163265306122448, "FOOT": 0.673469387755102, "PASSENGER_CAR": 0.4489795918367347, "RAIL_TRIP": 0.2857142857142857, "UNKNOWN": 0.02040816326530612}, "end_percents_duration": {"BIKE_TRIP": 0.025461402577693797, "BUS": 0.011322817915052293, "FOOT": 0.494262352399615, "PASSENGER_CAR": 0.25457236434995156, "RAIL_TRIP": 0.21338984418307969, "UNKNOWN": 0.0009912185746075081}, "end_percents_distance": {"BIKE_TRIP": 0.01614986890284588, "BUS": 0.016776381334052994, "FOOT": 0.07235274890347092, "PASSENGER_CAR": 0.548435208851289, "RAIL_TRIP": 0.34109740565445257, "UNKNOWN": 0.005188386353888675}}