{"start": {"Count": {"BIKE_TRIP": 2, "FOOT": 28, "HIGH_SPEED_TRAIN": 1, "PASSENGER_CAR": 14, "PLANE": 1, "RAIL_TRIP": 33, "UNKNOWN": 3}, "Duration": {"BIKE_TRIP": 1442.721, "FOOT": 40710.886, "HIGH_SPEED_TRAIN": 4702.281, "PASSENGER_CAR": 33837.728, "PLANE": 700.2, "RAIL_TRIP": 36798.139, "UNKNOWN": 4426.269}, "Distance": {"BIKE_TRIP": 9.709942193086928, "FOOT": 46.63738947063664, "HIGH_SPEED_TRAIN": 304.5910001517012, "PASSENGER_CAR": 851.0122687269162, "PLANE": 68.95809229882265, "RAIL_TRIP": 245.59204078425827, "UNKNOWN": 165.02455206618174}, "Total_Count": 51, "Total_Duration": 122618.224, "Total_Distance": 1691.5252856916036, "Total_Emission": 178.05940135693933}, "start_percents_count": {"BIKE_TRIP": 0.0392156862745098, "FOOT": 0.5490196078431373, "HIGH_SPEED_TRAIN": 0.0196078431372549, "PASSENGER_CAR": 0.27450980392156865, "PLANE": 0.0196078431372549, "RAIL_TRIP": 0.6470588235294118, "UNKNOWN": 0.058823529411764705}, "start_percents_duration": {"BIKE_TRIP": 0.01176595903069025, "FOOT": 0.3320133392243554, "HIGH_SPEED_TRAIN": 0.0383489570033244, "PASSENGER_CAR": 0.27596002369109507, "PLANE": 0.005710407288234741, "RAIL_TRIP": 0.3001033435290989, "UNKNOWN": 0.03609797023320123}, "start_percents_distance": {"BIKE_TRIP": 0.0057403470555374425, "FOOT": 0.027571204442012404, "HIGH_SPEED_TRAIN": 0.18006884243954116, "PASSENGER_CAR": 0.5031034864956027, "PLANE": 0.040766811399232605, "RAIL_TRIP": 0.14518969527780046, "UNKNOWN": 0.09755961289027326}, "end": {"Count": {"BIKE_TRIP": 3, "BUS": 1, "FOOT": 26, "HIGH_SPEED_TRAIN": 1, "PASSENGER_CAR": 12, "RAIL_TRIP": 41, "UNKNOWN": 1}, "Duration": {"BIKE_TRIP": 3774.3559999999998, "BUS": 239.681, "FOOT": 49507.147, "HIGH_SPEED_TRAIN": 4084.911, "PASSENGER_CAR": 23341.677, "RAIL_TRIP": 48793.465000000004, "UNKNOWN": 1572.8580000000002}, "Distance": {"BIKE_TRIP": 20.626062881217198, "BUS": 0.5295193615798275, "FOOT": 38.99621186166812, "HIGH_SPEED_TRAIN": 231.6053035454453, "PASSENGER_CAR": 595.7111916369978, "RAIL_TRIP": 367.431391432648, "UNKNOWN": 81.84942859479716}, "Total_Count": 55, "Total_Duration": 131314.09500000003, "Total_Distance": 1336.7491093143537, "Total_Emission": 175.42143817430053}, "end_percents_count": {"BIKE_TRIP": 0.05454545454545454, "BUS": 0.01818181818181818, "FOOT": 0.4727272727272727, "HIGH_SPEED_TRAIN": 0.01818181818181818, "PASSENGER_CAR": 0.21818181818181817, "RAIL_TRIP": 0.7454545454545455, "UNKNOWN": 0.01818181818181818}, "end_percents_duration": {"BIKE_TRIP": 0.028742961675210867, "BUS": 0.0018252496047739578, "FOOT": 0.37701319877352074, "HIGH_SPEED_TRAIN": 0.031107940088228907, "PASSENGER_CAR": 0.17775454340982966, "RAIL_TRIP": 0.37157827573650787, "UNKNOWN": 0.011977830711927762}, "end_percents_distance": {"BIKE_TRIP": 0.015430018047138802, "BUS": 0.00039612471621651495, "FOOT": 0.0291724240472246, "HIGH_SPEED_TRAIN": 0.17326011435626873, "PASSENGER_CAR": 0.44564173447817024, "RAIL_TRIP": 0.2748693744191916, "UNKNOWN": 0.06123020993578924}}