{"start": {"Count": {"BIKE_TRIP": 4, "BUS": 2, "FOOT": 40, "MOTORCYCLE": 2, "PASSENGER_CAR": 24, "RAIL_TRIP": 23, "UNKNOWN": 1}, "Duration": {"BIKE_TRIP": 3093.704, "BUS": 961.852, "FOOT": 78932.154, "MOTORCYCLE": 1002.1759999999999, "PASSENGER_CAR": 27882.204999999998, "RAIL_TRIP": 21412.666, "UNKNOWN": 180.284}, "Distance": {"BIKE_TRIP": 13.227068606028485, "BUS": 1.946511026867942, "FOOT": 110.95401866533994, "MOTORCYCLE": 9.611118744247609, "PASSENGER_CAR": 281.0933589952167, "RAIL_TRIP": 127.12090612155947, "UNKNOWN": 3.84983265360512}, "Total_Count": 61, "Total_Duration": 133465.041, "Total_Distance": 547.8028148128653, "Total_Emission": 62.712023827202394}, "start_percents_count": {"BIKE_TRIP": 0.06557377049180328, "BUS": 0.03278688524590164, "FOOT": 0.6557377049180327, "MOTORCYCLE": 0.03278688524590164, "PASSENGER_CAR": 0.39344262295081966, "RAIL_TRIP": 0.3770491803278688, "UNKNOWN": 0.01639344262295082}, "start_percents_duration": {"BIKE_TRIP": 0.023179882737982303, "BUS": 0.0072067710974591465, "FOOT": 0.5914069587705743, "MOTORCYCLE": 0.00750890264964591, "PASSENGER_CAR": 0.2089101744628393, "RAIL_TRIP": 0.16043651460759678, "UNKNOWN": 0.0013507956739023516}, "start_percents_distance": {"BIKE_TRIP": 0.02414567477267706, "BUS": 0.003553305996671245, "FOOT": 0.20254371767557072, "MOTORCYCLE": 0.017544850965270885, "PASSENGER_CAR": 0.513128723318519, "RAIL_TRIP": 0.23205595642108043, "UNKNOWN": 0.007027770850210508}, "end": {"Count": {"BIKE_TRIP": 3, "BUS": 1, "FOOT": 56, "PASSENGER_CAR": 28, "RAIL_TRIP": 35, "UNKNOWN": 2}, "Duration": {"BIKE_TRIP": 7509.897, "BUS": 721.327, "FOOT": 159242.38999999998, "PASSENGER_CAR": 39713.038, "RAIL_TRIP": 36474.345, "UNKNOWN": 660.659}, "Distance": {"BIKE_TRIP": 32.28823032618137, "BUS": 0.7536801817844729, "FOOT": 192.38507949691314, "PASSENGER_CAR": 555.8668792870882, "RAIL_TRIP": 238.0711755898094, "UNKNOWN": 16.40906019868775}, "Total_Count": 78, "Total_Duration": 244321.656, "Total_Distance": 1035.7741050804646, "Total_Emission": 103.63027122579042}, "end_percents_count": {"BIKE_TRIP": 0.038461538461538464, "BUS": 0.01282051282051282, "FOOT": 0.717948717948718, "PASSENGER_CAR": 0.358974358974359, "RAIL_TRIP": 0.44871794871794873, "UNKNOWN": 0.02564102564102564}, "end_percents_duration": {"BIKE_TRIP": 0.030737745981878905, "BUS": 0.0029523662036737342, "FOOT": 0.6517735374223232, "PASSENGER_CAR": 0.16254407673137253, "RAIL_TRIP": 0.14928821946098794, "UNKNOWN": 0.00270405419976361}, "end_percents_distance": {"BIKE_TRIP": 0.0311730426236839, "BUS": 0.0007276491834345704, "FOOT": 0.18574038349990185, "PASSENGER_CAR": 0.5366680597251516, "RAIL_TRIP": 0.2298485494299114, "UNKNOWN": 0.01584231553791645}}