{"start": {"Count": {"BIKE_TRIP": 3, "FOOT": 31, "PASSENGER_CAR": 22, "RAIL_TRIP": 9}, "Duration": {"BIKE_TRIP": 4748.536, "FOOT": 48681.852, "PASSENGER_CAR": 23433.898, "RAIL_TRIP": 15360.68}, "Distance": {"BIKE_TRIP": 26.553495663894473, "FOOT": 58.552716211195985, "PASSENGER_CAR": 159.55826256828732, "RAIL_TRIP": 122.26114195745484}, "Total_Count": 44, "Total_Duration": 92224.96600000001, "Total_Distance": 366.9256164008326, "Total_Emission": 38.461073760428704}, "start_percents_count": {"BIKE_TRIP": 0.06818181818181818, "FOOT": 0.7045454545454546, "PASSENGER_CAR": 0.5, "RAIL_TRIP": 0.20454545454545456}, "start_percents_duration": {"BIKE_TRIP": 0.05148861751816747, "FOOT": 0.527859798831479, "PASSENGER_CAR": 0.25409494864980486, "RAIL_TRIP": 0.16655663500054851}, "start_percents_distance": {"BIKE_TRIP": 0.07236751667642417, "FOOT": 0.15957652884946716, "PASSENGER_CAR": 0.43485179403223934, "RAIL_TRIP": 0.33320416044186935}, "end": {"Count": {"BIKE_TRIP": 2, "FOOT": 32, "PASSENGER_CAR": 24, "RAIL_TRIP": 15}, "Duration": {"BIKE_TRIP": 1501.9189999999999, "FOOT": 64698.35, "PASSENGER_CAR": 30332.371, "RAIL_TRIP": 24210.929}, "Distance": {"BIKE_TRIP": 9.27685946167973, "FOOT": 69.24659135196333, "PASSENGER_CAR": 168.6019653940112, "RAIL_TRIP": 171.46995986737014}, "Total_Count": 48, "Total_Duration": 120743.56900000002, "Total_Distance": 418.5953760750244, "Total_Emission": 36.68045333830325}, "end_percents_count": {"BIKE_TRIP": 0.041666666666666664, "FOOT": 0.6666666666666666, "PASSENGER_CAR": 0.5, "RAIL_TRIP": 0.3125}, "end_percents_duration": {"BIKE_TRIP": 0.012438915069671326, "FOOT": 0.5358326785917682, "PASSENGER_CAR": 0.2512131391444955, "RAIL_TRIP": 0.20051526719406476}, "end_percents_distance": {"BIKE_TRIP": 0.022161877535926362, "FOOT": 0.16542607804523943, "PASSENGER_CAR": 0.40278028623945633, "RAIL_TRIP": 0.4096317581793779}}