{"start": {"Count": {"BIKE_TRIP": 2, "FOOT": 5, "PASSENGER_CAR": 3, "RAIL_TRIP": 10}, "Duration": {"BIKE_TRIP": 5338.144, "FOOT": 10546.904, "PASSENGER_CAR": 3873.654, "RAIL_TRIP": 15764.678}, "Distance": {"BIKE_TRIP": 14.672665724860977, "FOOT": 26.76751775195301, "PASSENGER_CAR": 68.285180784093, "RAIL_TRIP": 254.31922252482215}, "Total_Count": 20, "Total_Duration": 35523.38, "Total_Distance": 364.0445867857291}, "start_percents_count": {"BIKE_TRIP": 0.1, "FOOT": 0.25, "PASSENGER_CAR": 0.15, "RAIL_TRIP": 0.5}, "start_percents_duration": {"BIKE_TRIP": 0.15027128612198504, "FOOT": 0.29690035126161984, "PASSENGER_CAR": 0.10904519783871919, "RAIL_TRIP": 0.44378316477767604}, "start_percents_distance": {"BIKE_TRIP": 0.040304584266479086, "FOOT": 0.07352813013453198, "PASSENGER_CAR": 0.1875736743869909, "RAIL_TRIP": 0.6985936112119981}, "end": {"Count": {"FOOT": 11, "PASSENGER_CAR": 2, "RAIL_TRIP": 23, "UNKNOWN": 3}, "Duration": {"FOOT": 13145.994, "PASSENGER_CAR": 3066.438, "RAIL_TRIP": 17618.403, "UNKNOWN": 1180.015}, "Distance": {"FOOT": 22.96643020919199, "PASSENGER_CAR": 39.24457710947057, "RAIL_TRIP": 186.02888049255782, "UNKNOWN": 3.719756505861425}, "Total_Count": 39, "Total_Duration": 35010.84999999999, "Total_Distance": 251.95964431708177}, "end_percents_count": {"FOOT": 0.28205128205128205, "PASSENGER_CAR": 0.05128205128205128, "RAIL_TRIP": 0.5897435897435898, "UNKNOWN": 0.07692307692307693}, "end_percents_duration": {"FOOT": 0.375483428708529, "PASSENGER_CAR": 0.0875853628232391, "RAIL_TRIP": 0.5032269425049664, "UNKNOWN": 0.03370426596326569}, "end_percents_distance": {"FOOT": 0.0911512249171522, "PASSENGER_CAR": 0.15575739208491157, "RAIL_TRIP": 0.7383280802637086, "UNKNOWN": 0.014763302734227752}}