{"start": {"Count": {"BIKE_TRIP": 7, "BUS": 1, "FOOT": 129, "HIGH_SPEED_TRAIN": 1, "MOTORCYCLE": 1, "PASSENGER_CAR": 95, "RAIL_TRIP": 50}, "Duration": {"BIKE_TRIP": 17217.284, "BUS": 1163.525, "FOOT": 520701.338, "HIGH_SPEED_TRAIN": 904.462, "MOTORCYCLE": 1082.892, "PASSENGER_CAR": 155695.439, "RAIL_TRIP": 112470.974}, "Distance": {"BIKE_TRIP": 105.57386147617693, "BUS": 20.597071800501627, "FOOT": 227.8936495729794, "HIGH_SPEED_TRAIN": 19.720794652900835, "MOTORCYCLE": 20.121233458393483, "PASSENGER_CAR": 2270.552191329151, "RAIL_TRIP": 292.41203707992605}, "Total_Count": 199, "Total_Duration": 809235.914, "Total_Distance": 2956.8708393700294, "Total_Emission": 456.71226716195315}, "start_percents_count": {"BIKE_TRIP": 0.035175879396984924, "BUS": 0.005025125628140704, "FOOT": 0.6482412060301508, "HIGH_SPEED_TRAIN": 0.005025125628140704, "MOTORCYCLE": 0.005025125628140704, "PASSENGER_CAR": 0.47738693467336685, "RAIL_TRIP": 0.25125628140703515}, "start_percents_duration": {"BIKE_TRIP": 0.021275976142601107, "BUS": 0.0014378069236309255, "FOOT": 0.6434481329754724, "HIGH_SPEED_TRAIN": 0.0011176740729774383, "MOTORCYCLE": 0.0013381660171844524, "PASSENGER_CAR": 0.19239808355811555, "RAIL_TRIP": 0.1389841603100181}, "start_percents_distance": {"BIKE_TRIP": 0.0357045901601403, "BUS": 0.006965834126488222, "FOOT": 0.07707257501363599, "HIGH_SPEED_TRAIN": 0.00666948126050119, "MOTORCYCLE": 0.0068049078067543775, "PASSENGER_CAR": 0.7678902172855474, "RAIL_TRIP": 0.09889239434693244}, "end": {"Count": {"BIKE_TRIP": 9, "BUS": 2, "FOOT": 162, "HIGH_SPEED_TRAIN": 1, "MOTORCYCLE": 5, "PASSENGER_CAR": 112, "RAIL_TRIP": 64, "UNKNOWN": 1}, "Duration": {"BIKE_TRIP": 8631.143, "BUS": 665.3199999999999, "FOOT": 385812.274, "HIGH_SPEED_TRAIN": 430.901, "MOTORCYCLE": 7560.671, "PASSENGER_CAR": 275766.389, "RAIL_TRIP": 61293.331, "UNKNOWN": 213.848}, "Distance": {"BIKE_TRIP": 51.8214352435025, "BUS": 5.4789071985631965, "FOOT": 400.5826807616854, "HIGH_SPEED_TRAIN": 27.58265647312107, "MOTORCYCLE": 130.14579401410836, "PASSENGER_CAR": 3465.179338617673, "RAIL_TRIP": 321.2338194544821, "UNKNOWN": 13.648968089820572}, "Total_Count": 230, "Total_Duration": 740373.877, "Total_Distance": 4415.673599852956, "Total_Emission": 673.901039248439}, "end_percents_count": {"BIKE_TRIP": 0.0391304347826087, "BUS": 0.008695652173913044, "FOOT": 0.7043478260869566, "HIGH_SPEED_TRAIN": 0.004347826086956522, "MOTORCYCLE": 0.021739130434782608, "PASSENGER_CAR": 0.48695652173913045, "RAIL_TRIP": 0.2782608695652174, "UNKNOWN": 0.004347826086956522}, "end_percents_duration": {"BIKE_TRIP": 0.01165781677086373, "BUS": 0.0008986270594741688, "FOOT": 0.521104655344289, "HIGH_SPEED_TRAIN": 0.0005820045971178965, "MOTORCYCLE": 0.010211963488819852, "PASSENGER_CAR": 0.37246909644814497, "RAIL_TRIP": 0.08278699843970859, "UNKNOWN": 0.00028883785158184347}, "end_percents_distance": {"BIKE_TRIP": 0.01173579388776113, "BUS": 0.0012407862752232518, "FOOT": 0.09071836305451224, "HIGH_SPEED_TRAIN": 0.0062465342714732325, "MOTORCYCLE": 0.029473599230351238, "PASSENGER_CAR": 0.7847453531739903, "RAIL_TRIP": 0.07274854270595982, "UNKNOWN": 0.0030910274007288695}}