{"start": {"Count": {"BIKE_TRIP": 2, "FOOT": 8, "PASSENGER_CAR": 3}, "Duration": {"BIKE_TRIP": 889.577, "FOOT": 8181.4490000000005, "PASSENGER_CAR": 30293.792}, "Distance": {"BIKE_TRIP": 3.947082072477544, "FOOT": 12.90126612402285, "PASSENGER_CAR": 453.8981052866105}, "Total_Count": 10, "Total_Duration": 39364.81800000001, "Total_Distance": 470.7464534831109, "Total_Emission": 95.97401975579623}, "start_percents_count": {"BIKE_TRIP": 0.2, "FOOT": 0.8, "PASSENGER_CAR": 0.3}, "start_percents_duration": {"BIKE_TRIP": 0.022598275444840107, "FOOT": 0.2078365763052683, "PASSENGER_CAR": 0.7695651482498914}, "start_percents_distance": {"BIKE_TRIP": 0.008384730343208321, "FOOT": 0.027405976250197524, "PASSENGER_CAR": 0.9642092934065941}, "end": {"Count": {"BIKE_TRIP": 2, "FOOT": 9, "PASSENGER_CAR": 2, "RAIL_TRIP": 5, "UNKNOWN": 1}, "Duration": {"BIKE_TRIP": 856.457, "FOOT": 18312.234, "PASSENGER_CAR": 2043.5559999999998, "RAIL_TRIP": 5571.72, "UNKNOWN": 120.107}, "Distance": {"BIKE_TRIP": 4.768677851653784, "FOOT": 25.330343854533353, "PASSENGER_CAR": 29.47183029160361, "RAIL_TRIP": 61.98940292234221, "UNKNOWN": 3.3502293556680924}, "Total_Count": 10, "Total_Duration": 26904.073999999997, "Total_Distance": 124.91048427580104, "Total_Emission": 6.4027381395456}, "end_percents_count": {"BIKE_TRIP": 0.2, "FOOT": 0.9, "PASSENGER_CAR": 0.2, "RAIL_TRIP": 0.5, "UNKNOWN": 0.1}, "end_percents_duration": {"BIKE_TRIP": 0.03183372897353762, "FOOT": 0.6806491091274877, "PASSENGER_CAR": 0.07595712084348266, "RAIL_TRIP": 0.2070957729301518, "UNKNOWN": 0.004464268125340423}, "end_percents_distance": {"BIKE_TRIP": 0.038176762177341284, "FOOT": 0.2027879725340286, "PASSENGER_CAR": 0.23594360763609015, "RAIL_TRIP": 0.4962706155671469, "UNKNOWN": 0.0268210420853931}}