{"start": {"Count": {"BIKE_TRIP": 1, "BUS": 1, "FOOT": 21, "PASSENGER_CAR": 4, "RAIL_TRIP": 5, "UNKNOWN": 1}, "Duration": {"BIKE_TRIP": 1750.1170000000002, "BUS": 802.341, "FOOT": 49053.143, "PASSENGER_CAR": 17543.681, "RAIL_TRIP": 5676.656, "UNKNOWN": 585.799}, "Distance": {"BIKE_TRIP": 8.020298771190271, "BUS": 4.680256710471088, "FOOT": 48.25939626297277, "PASSENGER_CAR": 332.09409351952525, "RAIL_TRIP": 45.166414651189584, "UNKNOWN": 29.964005584960603}, "Total_Count": 25, "Total_Duration": 75411.737, "Total_Distance": 468.1844655003096, "Total_Emission": 55.240858754323696}, "start_percents_count": {"BIKE_TRIP": 0.04, "BUS": 0.04, "FOOT": 0.84, "PASSENGER_CAR": 0.16, "RAIL_TRIP": 0.2, "UNKNOWN": 0.04}, "start_percents_duration": {"BIKE_TRIP": 0.023207488245496857, "BUS": 0.010639471147574815, "FOOT": 0.6504709339873712, "PASSENGER_CAR": 0.2326386010708121, "RAIL_TRIP": 0.07527549723460156, "UNKNOWN": 0.00776800831414346}, "start_percents_distance": {"BIKE_TRIP": 0.01713063837481162, "BUS": 0.009996608292993424, "FOOT": 0.10307773926544526, "PASSENGER_CAR": 0.7093231791974217, "RAIL_TRIP": 0.09647140812953717, "UNKNOWN": 0.06400042673979064}, "end": {"Count": {"BIKE_TRIP": 5, "BUS": 2, "FOOT": 33, "PASSENGER_CAR": 14, "RAIL_TRIP": 17, "UNKNOWN": 1}, "Duration": {"BIKE_TRIP": 10933.126, "BUS": 1140.342, "FOOT": 105738.47499999999, "PASSENGER_CAR": 28319.92, "RAIL_TRIP": 24305.338, "UNKNOWN": 585.799}, "Distance": {"BIKE_TRIP": 32.89032664884496, "BUS": 7.102147928782822, "FOOT": 115.42248544321706, "PASSENGER_CAR": 354.206116559869, "RAIL_TRIP": 200.71230029522846, "UNKNOWN": 29.964005584960603}, "Total_Count": 39, "Total_Duration": 171023.0, "Total_Distance": 740.2973824609029, "Total_Emission": 78.04560335632196}, "end_percents_count": {"BIKE_TRIP": 0.1282051282051282, "BUS": 0.05128205128205128, "FOOT": 0.8461538461538461, "PASSENGER_CAR": 0.358974358974359, "RAIL_TRIP": 0.4358974358974359, "UNKNOWN": 0.02564102564102564}, "end_percents_duration": {"BIKE_TRIP": 0.06392781087923846, "BUS": 0.006667769832127843, "FOOT": 0.6182704957812691, "PASSENGER_CAR": 0.16559129473813464, "RAIL_TRIP": 0.14211736433111335, "UNKNOWN": 0.0034252644381165104}, "end_percents_distance": {"BIKE_TRIP": 0.044428532949165184, "BUS": 0.009593641821579594, "FOOT": 0.1559136749336174, "PASSENGER_CAR": 0.47846463455323046, "RAIL_TRIP": 0.27112388217288963, "UNKNOWN": 0.040475633569517694}}