{"start": {"Count": {"BIKE_TRIP": 1, "FOOT": 8, "PASSENGER_CAR": 12, "RAIL_TRIP": 4, "UNKNOWN": 2}, "Duration": {"BIKE_TRIP": 34807.975, "FOOT": 14664.326, "PASSENGER_CAR": 8549.095, "RAIL_TRIP": 6264.162, "UNKNOWN": 736.4960000000001}, "Distance": {"BIKE_TRIP": 4.47730877098989, "FOOT": 19.311631994095272, "PASSENGER_CAR": 135.56489663575474, "RAIL_TRIP": 60.92541052882996, "UNKNOWN": 68.75712508866285}, "Total_Count": 20, "Total_Duration": 65022.05399999999, "Total_Distance": 289.03637301833277, "Total_Emission": 24.662269656315658}, "start_percents_count": {"BIKE_TRIP": 0.05, "FOOT": 0.4, "PASSENGER_CAR": 0.6, "RAIL_TRIP": 0.2, "UNKNOWN": 0.1}, "start_percents_duration": {"BIKE_TRIP": 0.5353256758083957, "FOOT": 0.22552849530099436, "PASSENGER_CAR": 0.13147992833323907, "RAIL_TRIP": 0.09633903598308355, "UNKNOWN": 0.011326864574287367}, "start_percents_distance": {"BIKE_TRIP": 0.01549046829032105, "FOOT": 0.06681384696475688, "PASSENGER_CAR": 0.46902365685012326, "RAIL_TRIP": 0.21078803990169648, "UNKNOWN": 0.2378839879931021}, "end": {"Count": {"FOOT": 13, "PASSENGER_CAR": 9, "RAIL_TRIP": 6, "UNKNOWN": 2}, "Duration": {"FOOT": 15669.360999999999, "PASSENGER_CAR": 7224.340999999999, "RAIL_TRIP": 7842.219, "UNKNOWN": 736.4960000000001}, "Distance": {"FOOT": 35.04368892861852, "PASSENGER_CAR": 117.49452485561844, "RAIL_TRIP": 95.26639107105758, "UNKNOWN": 68.75712508866285}, "Total_Count": 24, "Total_Duration": 31472.416999999998, "Total_Distance": 316.56172994395735, "Total_Emission": 23.005282658202255}, "end_percents_count": {"FOOT": 0.5416666666666666, "PASSENGER_CAR": 0.375, "RAIL_TRIP": 0.25, "UNKNOWN": 0.08333333333333333}, "end_percents_duration": {"FOOT": 0.49787599725817056, "PASSENGER_CAR": 0.22954516013180684, "RAIL_TRIP": 0.24917752583158773, "UNKNOWN": 0.023401316778434912}, "end_percents_distance": {"FOOT": 0.11070096481600128, "PASSENGER_CAR": 0.37115833577362345, "RAIL_TRIP": 0.30094096051320895, "UNKNOWN": 0.21719973889716643}}