{"start": {"Count": {"BIKE_TRIP": 3, "BUS": 1, "FOOT": 57, "PASSENGER_CAR": 53, "RAIL_TRIP": 42}, "Duration": {"BIKE_TRIP": 1500.557, "BUS": 772.996, "FOOT": 112818.228, "PASSENGER_CAR": 108782.95, "RAIL_TRIP": 111212.527}, "Distance": {"BIKE_TRIP": 7.545030586622335, "BUS": 4.8380779141517625, "FOOT": 185.56524833837094, "PASSENGER_CAR": 1166.7055133434396, "RAIL_TRIP": 1447.0535591563457}, "Total_Count": 110, "Total_Duration": 335087.25800000003, "Total_Distance": 2811.7074293389305, "Total_Emission": 252.4932117111734}, "start_percents_count": {"BIKE_TRIP": 0.02727272727272727, "BUS": 0.00909090909090909, "FOOT": 0.5181818181818182, "PASSENGER_CAR": 0.4818181818181818, "RAIL_TRIP": 0.38181818181818183}, "start_percents_duration": {"BIKE_TRIP": 0.004478108206668962, "BUS": 0.002306849877293752, "FOOT": 0.3366831334422152, "PASSENGER_CAR": 0.3246406641938023, "RAIL_TRIP": 0.3318912442800197}, "start_percents_distance": {"BIKE_TRIP": 0.002683433741325025, "BUS": 0.0017206903761282368, "FOOT": 0.06599735321039421, "PASSENGER_CAR": 0.4149455598293694, "RAIL_TRIP": 0.5146529628427831}, "end": {"Count": {"BIKE_TRIP": 6, "BUS": 1, "FOOT": 71, "PASSENGER_CAR": 74, "RAIL_TRIP": 51, "UNKNOWN": 2}, "Duration": {"BIKE_TRIP": 5412.255, "BUS": 601.341, "FOOT": 187632.354, "PASSENGER_CAR": 139941.094, "RAIL_TRIP": 51159.074, "UNKNOWN": 421.116}, "Distance": {"BIKE_TRIP": 29.13850777066829, "BUS": 3.4543208142457553, "FOOT": 212.61049575600387, "PASSENGER_CAR": 2071.565999234848, "RAIL_TRIP": 461.291738146528, "UNKNOWN": 12.876578024173298}, "Total_Count": 131, "Total_Duration": 385167.234, "Total_Distance": 2790.9376397464675, "Total_Emission": 454.1729171195658}, "end_percents_count": {"BIKE_TRIP": 0.04580152671755725, "BUS": 0.007633587786259542, "FOOT": 0.5419847328244275, "PASSENGER_CAR": 0.5648854961832062, "RAIL_TRIP": 0.3893129770992366, "UNKNOWN": 0.015267175572519083}, "end_percents_duration": {"BIKE_TRIP": 0.014051701500652571, "BUS": 0.0015612465103924183, "FOOT": 0.4871451604317931, "PASSENGER_CAR": 0.3633255418606039, "RAIL_TRIP": 0.13282301681975367, "UNKNOWN": 0.0010933328768043648}, "end_percents_distance": {"BIKE_TRIP": 0.010440400873061166, "BUS": 0.0012376918656482594, "FOOT": 0.07617887720892169, "PASSENGER_CAR": 0.7422473256776284, "RAIL_TRIP": 0.16528199397118468, "UNKNOWN": 0.0046137104035556395}}