{"start": {"Count": {"BIKE_TRIP": 2, "BUS": 2, "FOOT": 43, "PASSENGER_CAR": 25, "RAIL_TRIP": 27}, "Duration": {"BIKE_TRIP": 1075.9679999999998, "BUS": 1993.078, "FOOT": 106124.395, "PASSENGER_CAR": 75747.93299999999, "RAIL_TRIP": 58954.667}, "Distance": {"BIKE_TRIP": 10.65813670131233, "BUS": 15.13143907669081, "FOOT": 119.33800790370567, "PASSENGER_CAR": 442.7884442345149, "RAIL_TRIP": 326.1893039373445}, "Total_Count": 67, "Total_Duration": 243896.04099999997, "Total_Distance": 914.1053318535681, "Total_Emission": 87.4091595807279}, "start_percents_count": {"BIKE_TRIP": 0.029850746268656716, "BUS": 0.029850746268656716, "FOOT": 0.6417910447761194, "PASSENGER_CAR": 0.373134328358209, "RAIL_TRIP": 0.40298507462686567}, "start_percents_duration": {"BIKE_TRIP": 0.004411584524244082, "BUS": 0.008171834162736575, "FOOT": 0.4351214335619331, "PASSENGER_CAR": 0.31057467226374535, "RAIL_TRIP": 0.24172047548734096}, "start_percents_distance": {"BIKE_TRIP": 0.011659637385223864, "BUS": 0.016553277340597264, "FOOT": 0.13055170311906966, "PASSENGER_CAR": 0.4843954288469743, "RAIL_TRIP": 0.356839953308135}, "end": {"Count": {"BIKE_TRIP": 6, "BUS": 5, "FOOT": 56, "MOTORCYCLE": 1, "PASSENGER_CAR": 29, "RAIL_TRIP": 41, "UNKNOWN": 1}, "Duration": {"BIKE_TRIP": 8423.178, "BUS": 2677.45, "FOOT": 151764.662, "MOTORCYCLE": 420.793, "PASSENGER_CAR": 67693.105, "RAIL_TRIP": 64059.009, "UNKNOWN": 300.41}, "Distance": {"BIKE_TRIP": 38.4257795003605, "BUS": 21.070283399938788, "FOOT": 151.9361723679879, "MOTORCYCLE": 5.710755648623746, "PASSENGER_CAR": 580.5704823609996, "RAIL_TRIP": 393.9829413115394, "UNKNOWN": 10.402399254126514}, "Total_Count": 83, "Total_Duration": 295338.607, "Total_Distance": 1202.0988138435764, "Total_Emission": 116.4854105356444}, "end_percents_count": {"BIKE_TRIP": 0.07228915662650602, "BUS": 0.060240963855421686, "FOOT": 0.6746987951807228, "MOTORCYCLE": 0.012048192771084338, "PASSENGER_CAR": 0.3493975903614458, "RAIL_TRIP": 0.4939759036144578, "UNKNOWN": 0.012048192771084338}, "end_percents_duration": {"BIKE_TRIP": 0.028520409456661382, "BUS": 0.009065695904768724, "FOOT": 0.5138666547580757, "MOTORCYCLE": 0.0014247815559040678, "PASSENGER_CAR": 0.22920506630546947, "RAIL_TRIP": 0.21690022056615169, "UNKNOWN": 0.0010171714529688969}, "end_percents_distance": {"BIKE_TRIP": 0.03196557475795053, "BUS": 0.017527912977943066, "FOOT": 0.126392415181069, "MOTORCYCLE": 0.0047506540917083544, "PASSENGER_CAR": 0.4829640256483495, "RAIL_TRIP": 0.32774588642328245, "UNKNOWN": 0.008653530919697032}}