{"start": {"Count": {"BIKE_TRIP": 3, "BUS": 2, "FOOT": 13, "PASSENGER_CAR": 9, "RAIL_TRIP": 15}, "Duration": {"BIKE_TRIP": 8412.282, "BUS": 665.147, "FOOT": 12861.216, "PASSENGER_CAR": 11932.131, "RAIL_TRIP": 23699.692}, "Distance": {"BIKE_TRIP": 47.501149679524815, "BUS": 7.2092618329376315, "FOOT": 17.426810777988866, "PASSENGER_CAR": 91.24733875308598, "RAIL_TRIP": 107.47950312155203}, "Total_Count": 29, "Total_Duration": 57570.46799999999, "Total_Distance": 270.8640641650893, "Total_Emission": 19.124631028852388}, "start_percents_count": {"BIKE_TRIP": 0.10344827586206896, "BUS": 0.06896551724137931, "FOOT": 0.4482758620689655, "PASSENGER_CAR": 0.3103448275862069, "RAIL_TRIP": 0.5172413793103449}, "start_percents_duration": {"BIKE_TRIP": 0.14612148020057783, "BUS": 0.011553614606711208, "FOOT": 0.2233995388052083, "PASSENGER_CAR": 0.20726131668757672, "RAIL_TRIP": 0.41166404969992604}, "start_percents_distance": {"BIKE_TRIP": 0.1753689616448097, "BUS": 0.02661579288917281, "FOOT": 0.06433784722128136, "PASSENGER_CAR": 0.33687502635075106, "RAIL_TRIP": 0.39680237189398515}, "end": {"Count": {"BIKE_TRIP": 2, "BUS": 1, "FOOT": 17, "PASSENGER_CAR": 2, "RAIL_TRIP": 12, "UNKNOWN": 1}, "Duration": {"BIKE_TRIP": 6310.041, "BUS": 131.581, "FOOT": 29048.357, "PASSENGER_CAR": 1298.185, "RAIL_TRIP": 16849.57, "UNKNOWN": 165.947}, "Distance": {"BIKE_TRIP": 45.11330694928272, "BUS": 0.7143804126865504, "FOOT": 24.48939178949487, "PASSENGER_CAR": 19.537214147406342, "RAIL_TRIP": 139.6228163090872, "UNKNOWN": 8.79320443370236}, "Total_Count": 28, "Total_Duration": 53803.681000000004, "Total_Distance": 238.27031404166001, "Total_Emission": 4.966808395600223}, "end_percents_count": {"BIKE_TRIP": 0.07142857142857142, "BUS": 0.03571428571428571, "FOOT": 0.6071428571428571, "PASSENGER_CAR": 0.07142857142857142, "RAIL_TRIP": 0.42857142857142855, "UNKNOWN": 0.03571428571428571}, "end_percents_duration": {"BIKE_TRIP": 0.11727898319819419, "BUS": 0.002445576167920555, "FOOT": 0.5398953465656002, "PASSENGER_CAR": 0.024128181861757747, "RAIL_TRIP": 0.313167606506328, "UNKNOWN": 0.003084305700199211}, "end_percents_distance": {"BIKE_TRIP": 0.18933666634356705, "BUS": 0.0029981931050027727, "FOOT": 0.10277986952756968, "PASSENGER_CAR": 0.08199600619987595, "RAIL_TRIP": 0.5859849426507872, "UNKNOWN": 0.03690432217319748}}