{"start": {"Count": {"BIKE_TRIP": 3, "FOOT": 28, "PASSENGER_CAR": 9, "RAIL_TRIP": 12}, "Duration": {"BIKE_TRIP": 2433.4559999999997, "FOOT": 60462.687999999995, "PASSENGER_CAR": 136870.095, "RAIL_TRIP": 19094.354}, "Distance": {"BIKE_TRIP": 5.3984742375568935, "FOOT": 34.6802540747029, "PASSENGER_CAR": 523.2409914269568, "RAIL_TRIP": 90.55339995261106}, "Total_Count": 39, "Total_Duration": 218860.59299999994, "Total_Distance": 653.8731196918278, "Total_Emission": 108.96529928951965}, "start_percents_count": {"BIKE_TRIP": 0.07692307692307693, "FOOT": 0.717948717948718, "PASSENGER_CAR": 0.23076923076923078, "RAIL_TRIP": 0.3076923076923077}, "start_percents_duration": {"BIKE_TRIP": 0.011118749002018835, "FOOT": 0.27626119061095666, "PASSENGER_CAR": 0.6253756929188254, "RAIL_TRIP": 0.08724436746819929}, "start_percents_distance": {"BIKE_TRIP": 0.00825614951124036, "FOOT": 0.05303820118962498, "PASSENGER_CAR": 0.8002179255718017, "RAIL_TRIP": 0.13848772372733278}, "end": {"Count": {"BIKE_TRIP": 3, "BUS": 1, "FOOT": 39, "PASSENGER_CAR": 16, "RAIL_TRIP": 31}, "Duration": {"BIKE_TRIP": 4497.788, "BUS": 370.573, "FOOT": 106310.169, "PASSENGER_CAR": 22438.168, "RAIL_TRIP": 80589.219}, "Distance": {"BIKE_TRIP": 11.166149322911894, "BUS": 1.9493034495684955, "FOOT": 78.98126445189202, "PASSENGER_CAR": 212.10895812091672, "RAIL_TRIP": 459.8793812286934}, "Total_Count": 54, "Total_Duration": 214205.91700000002, "Total_Distance": 764.0850565739825, "Total_Emission": 43.561464673579636}, "end_percents_count": {"BIKE_TRIP": 0.05555555555555555, "BUS": 0.018518518518518517, "FOOT": 0.7222222222222222, "PASSENGER_CAR": 0.2962962962962963, "RAIL_TRIP": 0.5740740740740741}, "end_percents_duration": {"BIKE_TRIP": 0.0209974965350747, "BUS": 0.00172998489112698, "FOOT": 0.4962989374378486, "PASSENGER_CAR": 0.1047504584105396, "RAIL_TRIP": 0.37622312272541003}, "end_percents_distance": {"BIKE_TRIP": 0.014613751737246196, "BUS": 0.002551160283527616, "FOOT": 0.10336711047069753, "PASSENGER_CAR": 0.2775986211168354, "RAIL_TRIP": 0.6018693563916933}}