{"start": {"Count": {"BUS": 2, "FOOT": 10, "PASSENGER_CAR": 15, "RAIL_TRIP": 2, "SCOOTER": 1}, "Duration": {"BUS": 1015.84, "FOOT": 109425.80900000001, "PASSENGER_CAR": 38387.739, "RAIL_TRIP": 5501.025, "SCOOTER": 229.187}, "Distance": {"BUS": 6.514724649272621, "FOOT": 103.913250728097, "PASSENGER_CAR": 668.5958196814249, "RAIL_TRIP": 10.510599050296985, "SCOOTER": 1.4257332123163116}, "Total_Count": 27, "Total_Duration": 154559.59999999998, "Total_Distance": 790.9601273214076, "Total_Emission": 145.9733850553365}, "start_percents_count": {"BUS": 0.07407407407407407, "FOOT": 0.37037037037037035, "PASSENGER_CAR": 0.5555555555555556, "RAIL_TRIP": 0.07407407407407407, "SCOOTER": 0.037037037037037035}, "start_percents_duration": {"BUS": 0.0065724807776417656, "FOOT": 0.707984550943455, "PASSENGER_CAR": 0.2483685193284662, "RAIL_TRIP": 0.0355916099679347, "SCOOTER": 0.001482838982502543}, "start_percents_distance": {"BUS": 0.008236476687307594, "FOOT": 0.13137609234488215, "PASSENGER_CAR": 0.8452964904130246, "RAIL_TRIP": 0.013288405682207025, "SCOOTER": 0.0018025348725789348}, "end": {"Count": {"FOOT": 16, "PASSENGER_CAR": 23, "RAIL_TRIP": 3}, "Duration": {"FOOT": 271173.331, "PASSENGER_CAR": 40247.683, "RAIL_TRIP": 7893.977}, "Distance": {"FOOT": 599.0848951751046, "PASSENGER_CAR": 528.9169010809183, "RAIL_TRIP": 24.90402283064557}, "Total_Count": 34, "Total_Duration": 319314.99100000004, "Total_Distance": 1152.905819086668, "Total_Emission": 108.57975185018765}, "end_percents_count": {"FOOT": 0.47058823529411764, "PASSENGER_CAR": 0.6764705882352942, "RAIL_TRIP": 0.08823529411764706}, "end_percents_duration": {"FOOT": 0.8492345760240237, "PASSENGER_CAR": 0.12604382548390905, "RAIL_TRIP": 0.024721598492067034}, "end_percents_distance": {"FOOT": 0.5196303854634888, "PASSENGER_CAR": 0.45876852412795194, "RAIL_TRIP": 0.021601090408559596}}