{"start": {"Count": {"BUS": 1, "FOOT": 13, "PASSENGER_CAR": 8, "RAIL_TRIP": 11}, "Duration": {"BUS": 386.587, "FOOT": 18680.144, "PASSENGER_CAR": 10501.758, "RAIL_TRIP": 8425.829}, "Distance": {"BUS": 2.469200324316841, "FOOT": 19.68605157494664, "PASSENGER_CAR": 147.7769259861676, "RAIL_TRIP": 9.878026012953224}, "Total_Count": 23, "Total_Duration": 37994.318, "Total_Distance": 179.81020389838434, "Total_Emission": 34.33868374234379}, "start_percents_count": {"BUS": 0.043478260869565216, "FOOT": 0.5652173913043478, "PASSENGER_CAR": 0.34782608695652173, "RAIL_TRIP": 0.4782608695652174}, "start_percents_duration": {"BUS": 0.010174863515118234, "FOOT": 0.49165625239016003, "PASSENGER_CAR": 0.2764033822109927, "RAIL_TRIP": 0.22176550188372904}, "start_percents_distance": {"BUS": 0.0137322591865379, "FOOT": 0.10948239392505091, "PASSENGER_CAR": 0.8218494989843869, "RAIL_TRIP": 0.05493584790402421}, "end": {"Count": {"BIKE_TRIP": 1, "BUS": 1, "FOOT": 13, "PASSENGER_CAR": 5, "RAIL_TRIP": 7}, "Duration": {"BIKE_TRIP": 180.212, "BUS": 386.587, "FOOT": 40625.681, "PASSENGER_CAR": 8232.874, "RAIL_TRIP": 5481.971}, "Distance": {"BIKE_TRIP": 1.0173569277091687, "BUS": 2.469200324316841, "FOOT": 35.25785547801444, "PASSENGER_CAR": 78.69427773704236, "RAIL_TRIP": 24.049520754999975}, "Total_Count": 22, "Total_Duration": 54907.325, "Total_Distance": 141.48821122208275, "Total_Emission": 16.336055459503257}, "end_percents_count": {"BIKE_TRIP": 0.045454545454545456, "BUS": 0.045454545454545456, "FOOT": 0.5909090909090909, "PASSENGER_CAR": 0.22727272727272727, "RAIL_TRIP": 0.3181818181818182}, "end_percents_duration": {"BIKE_TRIP": 0.003282112177200401, "BUS": 0.007040718155546642, "FOOT": 0.7398954693203502, "PASSENGER_CAR": 0.14994126922045464, "RAIL_TRIP": 0.09984043112644807}, "end_percents_distance": {"BIKE_TRIP": 0.007190400662513888, "BUS": 0.01745163291690171, "FOOT": 0.24919288450592536, "PASSENGER_CAR": 0.5561896433443647, "RAIL_TRIP": 0.16997543857029446}}