{"start": {"Count": {"BIKE_TRIP": 1, "FOOT": 11, "PASSENGER_CAR": 7, "RAIL_TRIP": 5}, "Duration": {"BIKE_TRIP": 901.411, "FOOT": 21336.14, "PASSENGER_CAR": 6064.894, "RAIL_TRIP": 1555.437}, "Distance": {"BIKE_TRIP": 4.157495569918461, "FOOT": 17.148872551661633, "PASSENGER_CAR": 34.88984896656579, "RAIL_TRIP": 6.620405018325486}, "Total_Count": 21, "Total_Duration": 29857.881999999998, "Total_Distance": 62.81662210647137, "Total_Emission": 8.43945210315846}, "start_percents_count": {"BIKE_TRIP": 0.047619047619047616, "FOOT": 0.5238095238095238, "PASSENGER_CAR": 0.3333333333333333, "RAIL_TRIP": 0.23809523809523808}, "start_percents_duration": {"BIKE_TRIP": 0.03019005165872114, "FOOT": 0.7145898694354811, "PASSENGER_CAR": 0.20312539248430284, "RAIL_TRIP": 0.052094686421495}, "start_percents_distance": {"BIKE_TRIP": 0.06618464079255473, "FOOT": 0.2729989607304108, "PASSENGER_CAR": 0.5554238320460635, "RAIL_TRIP": 0.105392566430971}, "end": {"Count": {"BIKE_TRIP": 2, "FOOT": 17, "MOTORCYCLE": 1, "PASSENGER_CAR": 7, "RAIL_TRIP": 6}, "Duration": {"BIKE_TRIP": 1049.955, "FOOT": 45489.438, "MOTORCYCLE": 1382.718, "PASSENGER_CAR": 13488.855, "RAIL_TRIP": 3550.665}, "Distance": {"BIKE_TRIP": 4.808538764901797, "FOOT": 29.040127842986063, "MOTORCYCLE": 21.09596403323264, "PASSENGER_CAR": 194.4589105165326, "RAIL_TRIP": 13.291417883162913}, "Total_Count": 26, "Total_Duration": 64961.63100000001, "Total_Distance": 262.694959040816, "Total_Emission": 30.7937331008275}, "end_percents_count": {"BIKE_TRIP": 0.07692307692307693, "FOOT": 0.6538461538461539, "MOTORCYCLE": 0.038461538461538464, "PASSENGER_CAR": 0.2692307692307692, "RAIL_TRIP": 0.23076923076923078}, "end_percents_duration": {"BIKE_TRIP": 0.01616269456042444, "FOOT": 0.7002508603886499, "MOTORCYCLE": 0.02128514907515176, "PASSENGER_CAR": 0.20764341646532855, "RAIL_TRIP": 0.054657879510445165}, "end_percents_distance": {"BIKE_TRIP": 0.018304648031539406, "FOOT": 0.11054695510344369, "MOTORCYCLE": 0.08030593396333453, "PASSENGER_CAR": 0.7402460680119816, "RAIL_TRIP": 0.05059639488970084}}