{"start": {"Count": {"BIKE_TRIP": 2, "BUS": 2, "FOOT": 109, "MOTORCYCLE": 1, "PASSENGER_CAR": 37, "RAIL_TRIP": 52}, "Duration": {"BIKE_TRIP": 6430.848000000001, "BUS": 575.405, "FOOT": 296368.137, "MOTORCYCLE": 160.515, "PASSENGER_CAR": 62950.511, "RAIL_TRIP": 144997.974}, "Distance": {"BIKE_TRIP": 27.188505908541693, "BUS": 2.1671265823356087, "FOOT": 239.19626171957668, "MOTORCYCLE": 0.5063292235936329, "PASSENGER_CAR": 834.0726008489567, "RAIL_TRIP": 605.5136418939294}, "Total_Count": 135, "Total_Duration": 511483.39, "Total_Distance": 1708.6444661769335, "Total_Emission": 154.1147625282317}, "start_percents_count": {"BIKE_TRIP": 0.014814814814814815, "BUS": 0.014814814814814815, "FOOT": 0.8074074074074075, "MOTORCYCLE": 0.007407407407407408, "PASSENGER_CAR": 0.2740740740740741, "RAIL_TRIP": 0.3851851851851852}, "start_percents_duration": {"BIKE_TRIP": 0.012572936141679989, "BUS": 0.0011249729927691296, "FOOT": 0.5794286633628513, "MOTORCYCLE": 0.00031382250751094766, "PASSENGER_CAR": 0.12307439934657506, "RAIL_TRIP": 0.2834852056486135}, "start_percents_distance": {"BIKE_TRIP": 0.01591232491413241, "BUS": 0.001268330905132372, "FOOT": 0.1399918277058391, "MOTORCYCLE": 0.00029633386793832947, "PASSENGER_CAR": 0.48814871517137887, "RAIL_TRIP": 0.354382467435579}, "end": {"Count": {"BIKE_TRIP": 13, "BUS": 6, "FOOT": 137, "MOTORCYCLE": 1, "PASSENGER_CAR": 64, "RAIL_TRIP": 80, "UNKNOWN": 4}, "Duration": {"BIKE_TRIP": 16019.286, "BUS": 10266.746, "FOOT": 387024.881, "MOTORCYCLE": 986.227, "PASSENGER_CAR": 91579.369, "RAIL_TRIP": 121905.495, "UNKNOWN": 2728.5209999999997}, "Distance": {"BIKE_TRIP": 88.31633811273278, "BUS": 89.43638128114706, "FOOT": 391.5267619915031, "MOTORCYCLE": 16.738080250471228, "PASSENGER_CAR": 1214.759628098105, "RAIL_TRIP": 950.8549713109508, "UNKNOWN": 112.7704447243371}, "Total_Count": 177, "Total_Duration": 630510.525, "Total_Distance": 2864.402605769247, "Total_Emission": 281.0065329872975}, "end_percents_count": {"BIKE_TRIP": 0.07344632768361582, "BUS": 0.03389830508474576, "FOOT": 0.7740112994350282, "MOTORCYCLE": 0.005649717514124294, "PASSENGER_CAR": 0.3615819209039548, "RAIL_TRIP": 0.4519774011299435, "UNKNOWN": 0.022598870056497175}, "end_percents_duration": {"BIKE_TRIP": 0.025406849473289916, "BUS": 0.016283226992919744, "FOOT": 0.6138277882038528, "MOTORCYCLE": 0.0015641721444697532, "PASSENGER_CAR": 0.14524637633923718, "RAIL_TRIP": 0.19334410793539092, "UNKNOWN": 0.004327478910839751}, "end_percents_distance": {"BIKE_TRIP": 0.03083237598473524, "BUS": 0.03122339754230483, "FOOT": 0.13668705691124625, "MOTORCYCLE": 0.005843480318290015, "PASSENGER_CAR": 0.4240882987787522, "RAIL_TRIP": 0.3319557695541178, "UNKNOWN": 0.03936962091055357}}