{"start": {"Count": {"BIKE_TRIP": 7, "BUS": 1, "FOOT": 18, "MOTORCYCLE": 1, "PASSENGER_CAR": 7, "RAIL_TRIP": 15}, "Duration": {"BIKE_TRIP": 6979.317, "BUS": 131.078, "FOOT": 18230.041, "MOTORCYCLE": 541.155, "PASSENGER_CAR": 15602.21, "RAIL_TRIP": 14194.931}, "Distance": {"BIKE_TRIP": 26.250022833023518, "BUS": 0.3321992594264466, "FOOT": 34.03841479022098, "MOTORCYCLE": 6.354614702983067, "PASSENGER_CAR": 129.48300070791066, "RAIL_TRIP": 92.87275481283352}, "Total_Count": 39, "Total_Duration": 55678.731999999996, "Total_Distance": 289.33100710639815, "Total_Emission": 20.059601567280538}, "start_percents_count": {"BIKE_TRIP": 0.1794871794871795, "BUS": 0.02564102564102564, "FOOT": 0.46153846153846156, "MOTORCYCLE": 0.02564102564102564, "PASSENGER_CAR": 0.1794871794871795, "RAIL_TRIP": 0.38461538461538464}, "start_percents_duration": {"BIKE_TRIP": 0.1253497834684885, "BUS": 0.0023541843589397833, "FOOT": 0.3274148017594941, "MOTORCYCLE": 0.009719240732709215, "PASSENGER_CAR": 0.280218486297425, "RAIL_TRIP": 0.25494350338294347}, "start_percents_distance": {"BIKE_TRIP": 0.0907266148054791, "BUS": 0.0011481633536231538, "FOOT": 0.1176452366120018, "MOTORCYCLE": 0.02196313062514669, "PASSENGER_CAR": 0.4475254899323486, "RAIL_TRIP": 0.3209913646714009}, "end": {"Count": {"BIKE_TRIP": 4, "FOOT": 19, "MOTORCYCLE": 2, "PASSENGER_CAR": 13, "RAIL_TRIP": 14, "UNKNOWN": 1}, "Duration": {"BIKE_TRIP": 2572.717, "FOOT": 47340.561, "MOTORCYCLE": 1738.85, "PASSENGER_CAR": 13146.44, "RAIL_TRIP": 18791.056, "UNKNOWN": 120.216}, "Distance": {"BIKE_TRIP": 15.861945049588629, "FOOT": 67.32215794045767, "MOTORCYCLE": 7.26548907626055, "PASSENGER_CAR": 84.70415313436493, "RAIL_TRIP": 93.82973047059718, "UNKNOWN": 2.6501533465336964}, "Total_Count": 42, "Total_Duration": 83709.84, "Total_Distance": 271.63362901780266, "Total_Emission": 23.122644077097878}, "end_percents_count": {"BIKE_TRIP": 0.09523809523809523, "FOOT": 0.4523809523809524, "MOTORCYCLE": 0.047619047619047616, "PASSENGER_CAR": 0.30952380952380953, "RAIL_TRIP": 0.3333333333333333, "UNKNOWN": 0.023809523809523808}, "end_percents_duration": {"BIKE_TRIP": 0.030733746474727465, "FOOT": 0.5655316149212566, "MOTORCYCLE": 0.020772348866035344, "PASSENGER_CAR": 0.157047725810968, "RAIL_TRIP": 0.22447846035782654, "UNKNOWN": 0.0014361035691861316}, "end_percents_distance": {"BIKE_TRIP": 0.05839462921783167, "FOOT": 0.24784176459993998, "MOTORCYCLE": 0.026747384344610645, "PASSENGER_CAR": 0.3118323509524422, "RAIL_TRIP": 0.34542751871288974, "UNKNOWN": 0.009756352172285735}}