{"start": {"Count": {"BIKE_TRIP": 1, "FOOT": 8, "PASSENGER_CAR": 3, "RAIL_TRIP": 10}, "Duration": {"BIKE_TRIP": 1202.696, "FOOT": 10323.566, "PASSENGER_CAR": 2093.864, "RAIL_TRIP": 12694.626}, "Distance": {"BIKE_TRIP": 4.403731231848888, "FOOT": 16.850731599114425, "PASSENGER_CAR": 26.530274441818207, "RAIL_TRIP": 58.94873045237144}, "Total_Count": 14, "Total_Duration": 26314.752, "Total_Distance": 106.73346772515295, "Total_Emission": 6.290576547674381}, "start_percents_count": {"BIKE_TRIP": 0.07142857142857142, "FOOT": 0.5714285714285714, "PASSENGER_CAR": 0.21428571428571427, "RAIL_TRIP": 0.7142857142857143}, "start_percents_duration": {"BIKE_TRIP": 0.04570424984434586, "FOOT": 0.39231097446785745, "PASSENGER_CAR": 0.07956996896645653, "RAIL_TRIP": 0.4824148067213402}, "start_percents_distance": {"BIKE_TRIP": 0.04125914135188451, "FOOT": 0.15787673686857417, "PASSENGER_CAR": 0.24856565618326715, "RAIL_TRIP": 0.5522984655962744}, "end": {"Count": {"FOOT": 12, "PASSENGER_CAR": 3, "RAIL_TRIP": 12}, "Duration": {"FOOT": 35948.799, "PASSENGER_CAR": 2283.55, "RAIL_TRIP": 18464.07}, "Distance": {"FOOT": 26.43335645046436, "PASSENGER_CAR": 12.312678512157817, "RAIL_TRIP": 156.65854734851348}, "Total_Count": 16, "Total_Duration": 56696.419, "Total_Distance": 195.40458231113567, "Total_Emission": 3.777364477660635}, "end_percents_count": {"FOOT": 0.75, "PASSENGER_CAR": 0.1875, "RAIL_TRIP": 0.75}, "end_percents_duration": {"FOOT": 0.6340576642062702, "PASSENGER_CAR": 0.0402767942010588, "RAIL_TRIP": 0.32566554159267097}, "end_percents_distance": {"FOOT": 0.13527500807721837, "PASSENGER_CAR": 0.06301120662847498, "RAIL_TRIP": 0.8017137852943066}}