{"start": {"Count": {"BIKE_TRIP": 1, "BUS": 1, "FOOT": 22, "PASSENGER_CAR": 8, "RAIL_TRIP": 12, "SCOOTER": 1}, "Duration": {"BIKE_TRIP": 657.812, "BUS": 300.282, "FOOT": 41589.631, "PASSENGER_CAR": 9884.385, "RAIL_TRIP": 21383.658, "SCOOTER": 1501.616}, "Distance": {"BIKE_TRIP": 1.856938863728985, "BUS": 1.0342027163985326, "FOOT": 53.94862783783838, "PASSENGER_CAR": 121.39773230985693, "RAIL_TRIP": 164.8828889402426, "SCOOTER": 0.5993927583706988}, "Total_Count": 32, "Total_Duration": 75317.384, "Total_Distance": 343.71978342643615, "Total_Emission": 32.079113459653115}, "start_percents_count": {"BIKE_TRIP": 0.03125, "BUS": 0.03125, "FOOT": 0.6875, "PASSENGER_CAR": 0.25, "RAIL_TRIP": 0.375, "SCOOTER": 0.03125}, "start_percents_duration": {"BIKE_TRIP": 0.00873386680557041, "BUS": 0.00398688833908517, "FOOT": 0.552191656045834, "PASSENGER_CAR": 0.1312364354024829, "RAIL_TRIP": 0.28391397661926226, "SCOOTER": 0.019937176787765225}, "start_percents_distance": {"BIKE_TRIP": 0.005402478860011304, "BUS": 0.0030088542070197, "FOOT": 0.15695525960141488, "PASSENGER_CAR": 0.3531880856541934, "RAIL_TRIP": 0.4797014803645461, "SCOOTER": 0.001743841312814578}, "end": {"Count": {"BIKE_TRIP": 4, "FOOT": 28, "HIGH_SPEED_TRAIN": 1, "PASSENGER_CAR": 13, "PLANE": 1, "RAIL_TRIP": 15, "UNKNOWN": 1}, "Duration": {"BIKE_TRIP": 10558.812, "FOOT": 80556.476, "HIGH_SPEED_TRAIN": 7458.465, "PASSENGER_CAR": 27260.544, "PLANE": 1203.716, "RAIL_TRIP": 22065.449, "UNKNOWN": 120.189}, "Distance": {"BIKE_TRIP": 60.731356939054926, "FOOT": 87.92296416168594, "HIGH_SPEED_TRAIN": 439.7297542515696, "PASSENGER_CAR": 465.45198971813403, "PLANE": 125.94099772530248, "RAIL_TRIP": 123.81263789414798, "UNKNOWN": 2.6669678726854795}, "Total_Count": 41, "Total_Duration": 149223.65099999998, "Total_Distance": 1306.2566685625807, "Total_Emission": 116.82856727113301}, "end_percents_count": {"BIKE_TRIP": 0.0975609756097561, "FOOT": 0.6829268292682927, "HIGH_SPEED_TRAIN": 0.024390243902439025, "PASSENGER_CAR": 0.3170731707317073, "PLANE": 0.024390243902439025, "RAIL_TRIP": 0.36585365853658536, "UNKNOWN": 0.024390243902439025}, "end_percents_duration": {"BIKE_TRIP": 0.07075830090767583, "FOOT": 0.5398371870689587, "HIGH_SPEED_TRAIN": 0.04998178874473458, "PASSENGER_CAR": 0.1826824623128944, "PLANE": 0.00806652291331486, "RAIL_TRIP": 0.14786830942770596, "UNKNOWN": 0.0008054286247157966}, "end_percents_distance": {"BIKE_TRIP": 0.046492667483094566, "FOOT": 0.06730910262715623, "HIGH_SPEED_TRAIN": 0.3366335000114894, "PASSENGER_CAR": 0.3563250629987769, "PLANE": 0.09641366873471302, "RAIL_TRIP": 0.0947843106748636, "UNKNOWN": 0.0020416874699060793}}