{"start": {"Count": {"FOOT": 3, "PASSENGER_CAR": 3, "RAIL_TRIP": 2}, "Duration": {"FOOT": 8677.209, "PASSENGER_CAR": 3183.131, "RAIL_TRIP": 1661.0729999999999}, "Distance": {"FOOT": 14.67796117695876, "PASSENGER_CAR": 49.94788624550173, "RAIL_TRIP": 9.61138070292187}, "Total_Count": 5, "Total_Duration": 13521.413, "Total_Distance": 74.23722812538234, "Total_Emission": 10.99574677340911}, "start_percents_count": {"FOOT": 0.6, "PASSENGER_CAR": 0.6, "RAIL_TRIP": 0.4}, "start_percents_duration": {"FOOT": 0.6417383301582461, "PASSENGER_CAR": 0.2354140798746403, "RAIL_TRIP": 0.12284758996711363}, "start_percents_distance": {"FOOT": 0.19771698846525548, "PASSENGER_CAR": 0.6728145366788569, "RAIL_TRIP": 0.1294684748558878}, "end": {"Count": {"FOOT": 2, "PASSENGER_CAR": 3, "RAIL_TRIP": 2, "UNKNOWN": 1}, "Duration": {"FOOT": 8415.137, "PASSENGER_CAR": 1866.468, "RAIL_TRIP": 3066.324, "UNKNOWN": 902.325}, "Distance": {"FOOT": 13.834814356707396, "PASSENGER_CAR": 10.098552361099589, "RAIL_TRIP": 17.06392952849505, "UNKNOWN": 35.32457163800072}, "Total_Count": 4, "Total_Duration": 14250.254, "Total_Distance": 76.32186788430276, "Total_Emission": 2.2705030027697557}, "end_percents_count": {"FOOT": 0.5, "PASSENGER_CAR": 0.75, "RAIL_TRIP": 0.5, "UNKNOWN": 0.25}, "end_percents_duration": {"FOOT": 0.590525403968238, "PASSENGER_CAR": 0.13097787590312426, "RAIL_TRIP": 0.21517679614693183, "UNKNOWN": 0.06331992398170587}, "end_percents_distance": {"FOOT": 0.18126933656392893, "PASSENGER_CAR": 0.13231531985574707, "RAIL_TRIP": 0.2235785103472895, "UNKNOWN": 0.4628368332330344}}