{"start": {"Count": {"FOOT": 13, "PASSENGER_CAR": 5, "RAIL_TRIP": 15}, "Duration": {"FOOT": 17226.774, "PASSENGER_CAR": 5870.199, "RAIL_TRIP": 16337.766}, "Distance": {"FOOT": 18.723256683301557, "PASSENGER_CAR": 33.71270419339377, "RAIL_TRIP": 81.08722032202297}, "Total_Count": 22, "Total_Duration": 39434.73900000001, "Total_Distance": 133.5231811987183, "Total_Emission": 6.711241673137507}, "start_percents_count": {"FOOT": 0.5909090909090909, "PASSENGER_CAR": 0.22727272727272727, "RAIL_TRIP": 0.6818181818181818}, "start_percents_duration": {"FOOT": 0.4368426021533957, "PASSENGER_CAR": 0.14885857365507094, "RAIL_TRIP": 0.41429882419153313}, "start_percents_distance": {"FOOT": 0.14022476483267973, "PASSENGER_CAR": 0.2524857773064905, "RAIL_TRIP": 0.6072894578608298}, "end": {"Count": {"BIKE_TRIP": 2, "FOOT": 15, "PASSENGER_CAR": 9, "RAIL_TRIP": 16}, "Duration": {"BIKE_TRIP": 3176.878, "FOOT": 22014.482, "PASSENGER_CAR": 6357.318, "RAIL_TRIP": 19940.498}, "Distance": {"BIKE_TRIP": 12.321819315956422, "FOOT": 33.41862756399579, "PASSENGER_CAR": 46.89115407948776, "RAIL_TRIP": 76.56757309593003}, "Total_Count": 33, "Total_Duration": 51489.176, "Total_Distance": 169.19917405537, "Total_Emission": 11.287844485606984}, "end_percents_count": {"BIKE_TRIP": 0.06060606060606061, "FOOT": 0.45454545454545453, "PASSENGER_CAR": 0.2727272727272727, "RAIL_TRIP": 0.48484848484848486}, "end_percents_duration": {"BIKE_TRIP": 0.06169991922185743, "FOOT": 0.4275555312829244, "PASSENGER_CAR": 0.12346901803206173, "RAIL_TRIP": 0.38727553146315646}, "end_percents_distance": {"BIKE_TRIP": 0.07282434671888018, "FOOT": 0.19751058331442936, "PASSENGER_CAR": 0.2771358332053249, "RAIL_TRIP": 0.4525292367613655}}