{"start": {"Count": {"BIKE_TRIP": 1, "FOOT": 2, "PASSENGER_CAR": 1}, "Duration": {"BIKE_TRIP": 600.669, "FOOT": 1264.5839999999998, "PASSENGER_CAR": 2285.762}, "Distance": {"BIKE_TRIP": 2.2390474072921807, "FOOT": 5.371332961172178, "PASSENGER_CAR": 22.978159291360825}, "Total_Count": 4, "Total_Duration": 4151.014999999999, "Total_Distance": 30.58853965982518}, "start_percents_count": {"BIKE_TRIP": 0.25, "FOOT": 0.5, "PASSENGER_CAR": 0.25}, "start_percents_duration": {"BIKE_TRIP": 0.14470412658108922, "FOOT": 0.30464452670009623, "PASSENGER_CAR": 0.5506513467188147}, "start_percents_distance": {"BIKE_TRIP": 0.07319889841727009, "FOOT": 0.17559952259593672, "PASSENGER_CAR": 0.7512015789867933}, "end": {"Count": {"BUS": 1, "FOOT": 3, "PASSENGER_CAR": 2, "RAIL_TRIP": 1}, "Duration": {"BUS": 382.052, "FOOT": 3243.45, "PASSENGER_CAR": 1442.84, "RAIL_TRIP": 1133.571}, "Distance": {"BUS": 1.3743866943300886, "FOOT": 16.77439022385358, "PASSENGER_CAR": 7.919190453072613, "RAIL_TRIP": 3.1294221228562407}, "Total_Count": 7, "Total_Duration": 6201.9130000000005, "Total_Distance": 29.197389494112524}, "end_percents_count": {"BUS": 0.14285714285714285, "FOOT": 0.42857142857142855, "PASSENGER_CAR": 0.2857142857142857, "RAIL_TRIP": 0.14285714285714285}, "end_percents_duration": {"BUS": 0.06160228303750794, "FOOT": 0.5229757334551451, "PASSENGER_CAR": 0.2326443469942258, "RAIL_TRIP": 0.182777636513121}, "end_percents_distance": {"BUS": 0.04707224577756259, "FOOT": 0.5745167809346803, "PASSENGER_CAR": 0.2712294006513654, "RAIL_TRIP": 0.10718157263639168}}