{"start": {"Count": {"BIKE_TRIP": 1, "FOOT": 21, "HIGH_SPEED_TRAIN": 1, "PASSENGER_CAR": 4, "RAIL_TRIP": 8, "UNKNOWN": 1}, "Duration": {"BIKE_TRIP": 729.2090000000001, "FOOT": 410355.88100000005, "HIGH_SPEED_TRAIN": 999.646, "PASSENGER_CAR": 7336.299, "RAIL_TRIP": 27542.57, "UNKNOWN": 4029.223}, "Distance": {"BIKE_TRIP": 2.729210015460055, "FOOT": 132.60404351056724, "HIGH_SPEED_TRAIN": 5.349640275178048, "PASSENGER_CAR": 42.17707542515794, "RAIL_TRIP": 77.46718707209712, "UNKNOWN": 187.72530023550723}, "Total_Count": 31, "Total_Duration": 450992.82800000004, "Total_Distance": 448.05245653396764, "Total_Emission": 5.213549871089496}, "start_percents_count": {"BIKE_TRIP": 0.03225806451612903, "FOOT": 0.6774193548387096, "HIGH_SPEED_TRAIN": 0.03225806451612903, "PASSENGER_CAR": 0.12903225806451613, "RAIL_TRIP": 0.25806451612903225, "UNKNOWN": 0.03225806451612903}, "start_percents_duration": {"BIKE_TRIP": 0.0016168971095034798, "FOOT": 0.9098944717586507, "HIGH_SPEED_TRAIN": 0.002216545226302357, "PASSENGER_CAR": 0.016266997044130378, "RAIL_TRIP": 0.0610709711773953, "UNKNOWN": 0.008934117684017804}, "start_percents_distance": {"BIKE_TRIP": 0.0060912734115389205, "FOOT": 0.2959565148606976, "HIGH_SPEED_TRAIN": 0.011939763295935601, "PASSENGER_CAR": 0.09413423542285705, "RAIL_TRIP": 0.1728975836252874, "UNKNOWN": 0.41898062938368347}, "end": {"Count": {"BIKE_TRIP": 5, "FOOT": 23, "HIGH_SPEED_TRAIN": 1, "PASSENGER_CAR": 11, "RAIL_TRIP": 24, "UNKNOWN": 2}, "Duration": {"BIKE_TRIP": 5452.679, "FOOT": 74071.484, "HIGH_SPEED_TRAIN": 999.646, "PASSENGER_CAR": 19851.4, "RAIL_TRIP": 45877.875, "UNKNOWN": 4269.823}, "Distance": {"BIKE_TRIP": 21.324932532689196, "FOOT": 72.63244553114558, "HIGH_SPEED_TRAIN": 5.349640275178048, "PASSENGER_CAR": 204.02175798713532, "RAIL_TRIP": 374.2948267851274, "UNKNOWN": 209.7655956015806}, "Total_Count": 43, "Total_Duration": 150522.907, "Total_Distance": 887.3891987128562, "Total_Emission": 38.2460303283525}, "end_percents_count": {"BIKE_TRIP": 0.11627906976744186, "FOOT": 0.5348837209302325, "HIGH_SPEED_TRAIN": 0.023255813953488372, "PASSENGER_CAR": 0.2558139534883721, "RAIL_TRIP": 0.5581395348837209, "UNKNOWN": 0.046511627906976744}, "end_percents_duration": {"BIKE_TRIP": 0.03622491160099638, "FOOT": 0.49209442918877455, "HIGH_SPEED_TRAIN": 0.006641155289407213, "PASSENGER_CAR": 0.13188291666463764, "RAIL_TRIP": 0.30478998787872197, "UNKNOWN": 0.028366599377462196}, "end_percents_distance": {"BIKE_TRIP": 0.024031093192953743, "FOOT": 0.08184959388338034, "HIGH_SPEED_TRAIN": 0.006028516329630354, "PASSENGER_CAR": 0.22991237473147702, "RAIL_TRIP": 0.42179330932586967, "UNKNOWN": 0.23638511253668879}}