{"start": {"Count": {"FOOT": 2, "PASSENGER_CAR": 3, "RAIL_TRIP": 3}, "Duration": {"FOOT": 4870.126, "PASSENGER_CAR": 2504.19, "RAIL_TRIP": 21890.729}, "Distance": {"FOOT": 4.455563922594934, "PASSENGER_CAR": 29.35318795816513, "RAIL_TRIP": 104.33190612063493}, "Total_Count": 5, "Total_Duration": 29265.045000000002, "Total_Distance": 138.14065800139497, "Total_Emission": 7.050365754294732}, "start_percents_count": {"FOOT": 0.4, "PASSENGER_CAR": 0.6, "RAIL_TRIP": 0.6}, "start_percents_duration": {"FOOT": 0.16641443742867984, "PASSENGER_CAR": 0.08556931998566891, "RAIL_TRIP": 0.7480162425856511}, "start_percents_distance": {"FOOT": 0.03225382003428666, "PASSENGER_CAR": 0.21248768018658717, "RAIL_TRIP": 0.7552584997791263}, "end": {"Count": {"FOOT": 2, "PASSENGER_CAR": 1, "RAIL_TRIP": 3}, "Duration": {"FOOT": 340.102, "PASSENGER_CAR": 712.899, "RAIL_TRIP": 2218.906}, "Distance": {"FOOT": 0.9792307660716518, "PASSENGER_CAR": 7.867156252016766, "RAIL_TRIP": 13.961252484485785}, "Total_Count": 5, "Total_Duration": 3271.907, "Total_Distance": 22.807639502574204, "Total_Emission": 1.482257606575167}, "end_percents_count": {"FOOT": 0.4, "PASSENGER_CAR": 0.2, "RAIL_TRIP": 0.6}, "end_percents_duration": {"FOOT": 0.10394610849269248, "PASSENGER_CAR": 0.2178848604193212, "RAIL_TRIP": 0.6781690310879862}, "end_percents_distance": {"FOOT": 0.042934331979472495, "PASSENGER_CAR": 0.3449351368048777, "RAIL_TRIP": 0.6121305312156498}}