{"start": {"Count": {"BIKE_TRIP": 5, "BUS": 1, "FOOT": 43, "MOTORCYCLE": 3, "PASSENGER_CAR": 12, "RAIL_TRIP": 13, "UNKNOWN": 1}, "Duration": {"BIKE_TRIP": 9348.382, "BUS": 571.506, "FOOT": 65944.785, "MOTORCYCLE": 3200.359, "PASSENGER_CAR": 18583.392, "RAIL_TRIP": 16610.444, "UNKNOWN": 425.849}, "Distance": {"BIKE_TRIP": 35.206321422022945, "BUS": 0.4791612877705558, "FOOT": 83.25553309291445, "MOTORCYCLE": 20.81280338482282, "PASSENGER_CAR": 193.111300838011, "RAIL_TRIP": 90.33646434370493, "UNKNOWN": 10.568259676057648}, "Total_Count": 56, "Total_Duration": 114684.717, "Total_Distance": 433.76984404530435, "Total_Emission": 40.60176228625107}, "start_percents_count": {"BIKE_TRIP": 0.08928571428571429, "BUS": 0.017857142857142856, "FOOT": 0.7678571428571429, "MOTORCYCLE": 0.05357142857142857, "PASSENGER_CAR": 0.21428571428571427, "RAIL_TRIP": 0.23214285714285715, "UNKNOWN": 0.017857142857142856}, "start_percents_duration": {"BIKE_TRIP": 0.08151375566458431, "BUS": 0.00498327950706806, "FOOT": 0.5750093536874665, "MOTORCYCLE": 0.027905714760581395, "PASSENGER_CAR": 0.1620389576407116, "RAIL_TRIP": 0.1448357238392976, "UNKNOWN": 0.0037132149002905065}, "start_percents_distance": {"BIKE_TRIP": 0.08116359840437844, "BUS": 0.0011046440741521687, "FOOT": 0.19193481113504737, "MOTORCYCLE": 0.04798121324139136, "PASSENGER_CAR": 0.44519300612755786, "RAIL_TRIP": 0.20825897785155828, "UNKNOWN": 0.024363749165914505}, "end": {"Count": {"BIKE_TRIP": 2, "FOOT": 33, "PASSENGER_CAR": 12, "RAIL_TRIP": 14}, "Duration": {"BIKE_TRIP": 3852.487, "FOOT": 60767.401, "PASSENGER_CAR": 13540.649, "RAIL_TRIP": 26157.73}, "Distance": {"BIKE_TRIP": 17.324631133477933, "FOOT": 70.33130048558964, "PASSENGER_CAR": 107.99838268531927, "RAIL_TRIP": 104.40531264905152}, "Total_Count": 46, "Total_Duration": 104318.267, "Total_Distance": 300.05962695343834, "Total_Emission": 26.631560098004165}, "end_percents_count": {"BIKE_TRIP": 0.043478260869565216, "FOOT": 0.717391304347826, "PASSENGER_CAR": 0.2608695652173913, "RAIL_TRIP": 0.30434782608695654}, "end_percents_duration": {"BIKE_TRIP": 0.03693012845008248, "FOOT": 0.5825192724875308, "PASSENGER_CAR": 0.1298013223321664, "RAIL_TRIP": 0.2507492767302202}, "end_percents_distance": {"BIKE_TRIP": 0.05773729478163444, "FOOT": 0.23439108153161597, "PASSENGER_CAR": 0.35992307189689965, "RAIL_TRIP": 0.34794855178985007}}