{"start": {"Count": {"BIKE_TRIP": 9, "BUS": 2, "FOOT": 58, "MOTORCYCLE": 1, "PASSENGER_CAR": 18, "PLANE": 1, "RAIL_TRIP": 27}, "Duration": {"BIKE_TRIP": 16919.524, "BUS": 1017.77, "FOOT": 97154.563, "MOTORCYCLE": 299.549, "PASSENGER_CAR": 46083.872, "PLANE": 960.326, "RAIL_TRIP": 40071.41}, "Distance": {"BIKE_TRIP": 101.92419421459793, "BUS": 7.179288402974803, "FOOT": 128.48133972433976, "MOTORCYCLE": 0.9648501236376544, "PASSENGER_CAR": 565.7098666718681, "PLANE": 316.6630216139135, "RAIL_TRIP": 195.37056797841464}, "Total_Count": 80, "Total_Duration": 202507.01400000002, "Total_Distance": 1316.2931287297465, "Total_Emission": 159.51362201053809}, "start_percents_count": {"BIKE_TRIP": 0.1125, "BUS": 0.025, "FOOT": 0.725, "MOTORCYCLE": 0.0125, "PASSENGER_CAR": 0.225, "PLANE": 0.0125, "RAIL_TRIP": 0.3375}, "start_percents_duration": {"BIKE_TRIP": 0.08355031100305493, "BUS": 0.005025850610784276, "FOOT": 0.47975900232275404, "MOTORCYCLE": 0.0014792030857755866, "PASSENGER_CAR": 0.22756679430372717, "PLANE": 0.004742186361999293, "RAIL_TRIP": 0.1978766523119046}, "start_percents_distance": {"BIKE_TRIP": 0.077432748063463, "BUS": 0.005454171450323519, "FOOT": 0.09760845583713351, "MOTORCYCLE": 0.0007330055157005622, "PASSENGER_CAR": 0.4297749903304527, "PLANE": 0.24057181086974197, "RAIL_TRIP": 0.14842481793318468}, "end": {"Count": {"BIKE_TRIP": 7, "FOOT": 62, "PASSENGER_CAR": 27, "RAIL_TRIP": 33, "UNKNOWN": 1}, "Duration": {"BIKE_TRIP": 21415.927, "FOOT": 115639.11, "PASSENGER_CAR": 48492.905, "RAIL_TRIP": 53447.699, "UNKNOWN": 922.167}, "Distance": {"BIKE_TRIP": 142.50529516559655, "FOOT": 144.0545042739069, "PASSENGER_CAR": 391.03159223859336, "RAIL_TRIP": 348.5948982194022, "UNKNOWN": 30.892685913037976}, "Total_Count": 84, "Total_Duration": 239917.808, "Total_Distance": 1057.078975810537, "Total_Emission": 82.94249609149918}, "end_percents_count": {"BIKE_TRIP": 0.08333333333333333, "FOOT": 0.7380952380952381, "PASSENGER_CAR": 0.32142857142857145, "RAIL_TRIP": 0.39285714285714285, "UNKNOWN": 0.011904761904761904}, "end_percents_duration": {"BIKE_TRIP": 0.08926359897386192, "FOOT": 0.48199469211555984, "PASSENGER_CAR": 0.2021229912203933, "RAIL_TRIP": 0.22277503885830768, "UNKNOWN": 0.0038436788318772907}, "end_percents_distance": {"BIKE_TRIP": 0.1348104526024914, "FOOT": 0.13627600923899763, "PASSENGER_CAR": 0.3699171028718662, "RAIL_TRIP": 0.3297718582966896, "UNKNOWN": 0.029224576989955148}}