{"start": {"Count": {"BIKE_TRIP": 2, "FOOT": 21, "HIGH_SPEED_TRAIN": 1, "PASSENGER_CAR": 15, "RAIL_TRIP": 28, "UNKNOWN": 1}, "Duration": {"BIKE_TRIP": 4516.459, "FOOT": 28158.025999999998, "HIGH_SPEED_TRAIN": 1453.479, "PASSENGER_CAR": 40382.316, "RAIL_TRIP": 36709.523, "UNKNOWN": 178.396}, "Distance": {"BIKE_TRIP": 13.128657752111396, "FOOT": 37.6051075492395, "HIGH_SPEED_TRAIN": 83.4554198613316, "PASSENGER_CAR": 756.2465118976534, "RAIL_TRIP": 279.5124922245013, "UNKNOWN": 8.156890526504974}, "Total_Count": 41, "Total_Duration": 111398.199, "Total_Distance": 1178.1050798113422, "Total_Emission": 140.92001563627218}, "start_percents_count": {"BIKE_TRIP": 0.04878048780487805, "FOOT": 0.5121951219512195, "HIGH_SPEED_TRAIN": 0.024390243902439025, "PASSENGER_CAR": 0.36585365853658536, "RAIL_TRIP": 0.6829268292682927, "UNKNOWN": 0.024390243902439025}, "start_percents_duration": {"BIKE_TRIP": 0.040543375391553685, "FOOT": 0.2527691313932284, "HIGH_SPEED_TRAIN": 0.0130475987318251, "PASSENGER_CAR": 0.3625042088876141, "RAIL_TRIP": 0.3295342593465089, "UNKNOWN": 0.0016014262492699725}, "start_percents_distance": {"BIKE_TRIP": 0.011143876702589022, "FOOT": 0.03191999439919354, "HIGH_SPEED_TRAIN": 0.07083868942717392, "PASSENGER_CAR": 0.6419177073905463, "RAIL_TRIP": 0.23725599440523715, "UNKNOWN": 0.006923737675259996}, "end": {"Count": {"BIKE_TRIP": 3, "FOOT": 16, "HIGH_SPEED_TRAIN": 1, "PASSENGER_CAR": 14, "RAIL_TRIP": 18, "UNKNOWN": 2}, "Duration": {"BIKE_TRIP": 4136.947, "FOOT": 73523.007, "HIGH_SPEED_TRAIN": 5773.186, "PASSENGER_CAR": 55016.885, "RAIL_TRIP": 19954.218, "UNKNOWN": 1202.647}, "Distance": {"BIKE_TRIP": 39.9737432510327, "FOOT": 70.52552608400089, "HIGH_SPEED_TRAIN": 191.6651840279706, "PASSENGER_CAR": 563.4216749068812, "RAIL_TRIP": 116.35149085455556, "UNKNOWN": 75.44082135774744}, "Total_Count": 33, "Total_Duration": 159606.88999999996, "Total_Distance": 1057.3784404821886, "Total_Emission": 112.73177086059326}, "end_percents_count": {"BIKE_TRIP": 0.09090909090909091, "FOOT": 0.48484848484848486, "HIGH_SPEED_TRAIN": 0.030303030303030304, "PASSENGER_CAR": 0.42424242424242425, "RAIL_TRIP": 0.5454545454545454, "UNKNOWN": 0.06060606060606061}, "end_percents_duration": {"BIKE_TRIP": 0.025919601591134326, "FOOT": 0.46065058344285775, "HIGH_SPEED_TRAIN": 0.03617128308182686, "PASSENGER_CAR": 0.34470244361004726, "RAIL_TRIP": 0.12502103136023768, "UNKNOWN": 0.007535056913896388}, "end_percents_distance": {"BIKE_TRIP": 0.03780457565675707, "FOOT": 0.06669847179013755, "HIGH_SPEED_TRAIN": 0.18126450917664533, "PASSENGER_CAR": 0.532847704602288, "RAIL_TRIP": 0.11003769927585874, "UNKNOWN": 0.07134703949831313}}