{"start": {"Count": {"BIKE_TRIP": 6, "BUS": 5, "FOOT": 131, "MOTORCYCLE": 1, "PASSENGER_CAR": 66, "RAIL_TRIP": 73, "UNKNOWN": 1}, "Duration": {"BIKE_TRIP": 9692.375, "BUS": 1358.633, "FOOT": 242927.697, "MOTORCYCLE": 2223.782, "PASSENGER_CAR": 120549.792, "RAIL_TRIP": 84361.662, "UNKNOWN": 187.669}, "Distance": {"BIKE_TRIP": 25.942887467301162, "BUS": 6.036399841675582, "FOOT": 296.4024777830161, "MOTORCYCLE": 33.70014445089316, "PASSENGER_CAR": 1101.664813478528, "RAIL_TRIP": 581.0903005613604, "UNKNOWN": 6.0350477243618}, "Total_Count": 199, "Total_Duration": 461301.61000000004, "Total_Distance": 2050.872071307136, "Total_Emission": 183.13112744380527}, "start_percents_count": {"BIKE_TRIP": 0.03015075376884422, "BUS": 0.02512562814070352, "FOOT": 0.6582914572864321, "MOTORCYCLE": 0.005025125628140704, "PASSENGER_CAR": 0.3316582914572864, "RAIL_TRIP": 0.36683417085427134, "UNKNOWN": 0.005025125628140704}, "start_percents_duration": {"BIKE_TRIP": 0.021010928186441836, "BUS": 0.0029452162545021247, "FOOT": 0.5266135901845215, "MOTORCYCLE": 0.004820668195803609, "PASSENGER_CAR": 0.26132532249345497, "RAIL_TRIP": 0.1828774497448643, "UNKNOWN": 0.0004068249404115455}, "start_percents_distance": {"BIKE_TRIP": 0.01264968587278401, "BUS": 0.002943333192805266, "FOOT": 0.1445250934613889, "MOTORCYCLE": 0.016432104626308633, "PASSENGER_CAR": 0.5371689579722908, "RAIL_TRIP": 0.2833381509705766, "UNKNOWN": 0.0029426739038458526}, "end": {"Count": {"BIKE_TRIP": 9, "BUS": 8, "FOOT": 145, "HIGH_SPEED_TRAIN": 1, "MOTORCYCLE": 1, "PASSENGER_CAR": 69, "RAIL_TRIP": 94}, "Duration": {"BIKE_TRIP": 12710.014, "BUS": 5568.053, "FOOT": 298984.163, "HIGH_SPEED_TRAIN": 4385.126, "MOTORCYCLE": 564.384, "PASSENGER_CAR": 119416.669, "RAIL_TRIP": 134530.74}, "Distance": {"BIKE_TRIP": 66.60347994362856, "BUS": 30.905727753385424, "FOOT": 386.4477284783073, "HIGH_SPEED_TRAIN": 293.3073405128476, "MOTORCYCLE": 7.485674035449678, "PASSENGER_CAR": 1411.0617095168745, "RAIL_TRIP": 817.7533640966146}, "Total_Count": 220, "Total_Duration": 576159.149, "Total_Distance": 3013.565024337108, "Total_Emission": 303.75066675135326}, "end_percents_count": {"BIKE_TRIP": 0.04090909090909091, "BUS": 0.03636363636363636, "FOOT": 0.6590909090909091, "HIGH_SPEED_TRAIN": 0.004545454545454545, "MOTORCYCLE": 0.004545454545454545, "PASSENGER_CAR": 0.31363636363636366, "RAIL_TRIP": 0.42727272727272725}, "end_percents_duration": {"BIKE_TRIP": 0.022059901369369733, "BUS": 0.009664088489550306, "FOOT": 0.5189263479004479, "HIGH_SPEED_TRAIN": 0.007610963060485915, "MOTORCYCLE": 0.0009795626798247718, "PASSENGER_CAR": 0.20726333897025387, "RAIL_TRIP": 0.2334957975300675}, "end_percents_distance": {"BIKE_TRIP": 0.02210122542760772, "BUS": 0.010255537047913455, "FOOT": 0.12823606769968868, "HIGH_SPEED_TRAIN": 0.09732902331429408, "MOTORCYCLE": 0.0024839928705690686, "PASSENGER_CAR": 0.4682366891443681, "RAIL_TRIP": 0.2713574644955588}}