{"start": {"Count": {"BIKE_TRIP": 1, "FOOT": 14, "HIGH_SPEED_TRAIN": 1, "MOTORCYCLE": 1, "PASSENGER_CAR": 6, "RAIL_TRIP": 3}, "Duration": {"BIKE_TRIP": 1443.705, "FOOT": 35439.338, "HIGH_SPEED_TRAIN": 180.345, "MOTORCYCLE": 947.806, "PASSENGER_CAR": 5495.670999999999, "RAIL_TRIP": 5183.833}, "Distance": {"BIKE_TRIP": 2.198037182902322, "FOOT": 35.27176472961532, "HIGH_SPEED_TRAIN": 11.036836728790874, "MOTORCYCLE": 7.813836352826295, "PASSENGER_CAR": 28.34721062640041, "RAIL_TRIP": 32.739177813581605}, "Total_Count": 20, "Total_Duration": 48690.69799999999, "Total_Distance": 117.40686343411681, "Total_Emission": 5.822426122700254}, "start_percents_count": {"BIKE_TRIP": 0.05, "FOOT": 0.7, "HIGH_SPEED_TRAIN": 0.05, "MOTORCYCLE": 0.05, "PASSENGER_CAR": 0.3, "RAIL_TRIP": 0.15}, "start_percents_duration": {"BIKE_TRIP": 0.029650529963649325, "FOOT": 0.7278461688924651, "HIGH_SPEED_TRAIN": 0.0037038902173881353, "MOTORCYCLE": 0.019465853621568545, "PASSENGER_CAR": 0.11286901247544244, "RAIL_TRIP": 0.10646454482948675}, "start_percents_distance": {"BIKE_TRIP": 0.01872153908732735, "FOOT": 0.3004233628079858, "HIGH_SPEED_TRAIN": 0.0940050385979711, "MOTORCYCLE": 0.06655348864856653, "PASSENGER_CAR": 0.24144423756203595, "RAIL_TRIP": 0.27885233329611336}, "end": {"Count": {"BIKE_TRIP": 1, "FOOT": 14, "MOTORCYCLE": 1, "PASSENGER_CAR": 10, "RAIL_TRIP": 5}, "Duration": {"BIKE_TRIP": 1382.092, "FOOT": 344805.603, "MOTORCYCLE": 1438.377, "PASSENGER_CAR": 12092.995, "RAIL_TRIP": 5859.710999999999}, "Distance": {"BIKE_TRIP": 2.1970445939050576, "FOOT": 29.475884922314876, "MOTORCYCLE": 8.713309696500783, "PASSENGER_CAR": 72.90909499455292, "RAIL_TRIP": 17.699561608326054}, "Total_Count": 24, "Total_Duration": 365578.7780000001, "Total_Distance": 130.9948958155997, "Total_Emission": 17.847525061899383}, "end_percents_count": {"BIKE_TRIP": 0.041666666666666664, "FOOT": 0.5833333333333334, "MOTORCYCLE": 0.041666666666666664, "PASSENGER_CAR": 0.4166666666666667, "RAIL_TRIP": 0.20833333333333334}, "end_percents_duration": {"BIKE_TRIP": 0.0037805586187500185, "FOOT": 0.9431772951546983, "MOTORCYCLE": 0.003934519962753417, "PASSENGER_CAR": 0.0330790399436151, "RAIL_TRIP": 0.016028586320182944}, "end_percents_distance": {"BIKE_TRIP": 0.016771986268822387, "FOOT": 0.225015522465912, "MOTORCYCLE": 0.06651640617178266, "PASSENGER_CAR": 0.5565796632044837, "RAIL_TRIP": 0.1351164218889991}}