{"start": {"Count": {"FOOT": 12, "MOTORCYCLE": 1, "PASSENGER_CAR": 12, "RAIL_TRIP": 6}, "Duration": {"FOOT": 20869.632, "MOTORCYCLE": 525.703, "PASSENGER_CAR": 16747.365999999998, "RAIL_TRIP": 11191.004}, "Distance": {"FOOT": 25.218559735985682, "MOTORCYCLE": 1.4643740778133332, "PASSENGER_CAR": 135.62976879983563, "RAIL_TRIP": 57.846845233285855}, "Total_Count": 24, "Total_Duration": 49333.705, "Total_Distance": 220.1595478469205, "Total_Emission": 30.87426682548682}, "start_percents_count": {"FOOT": 0.5, "MOTORCYCLE": 0.041666666666666664, "PASSENGER_CAR": 0.5, "RAIL_TRIP": 0.25}, "start_percents_duration": {"FOOT": 0.42302989406532515, "MOTORCYCLE": 0.010656061611427724, "PASSENGER_CAR": 0.33947107763343537, "RAIL_TRIP": 0.22684296668981177}, "start_percents_distance": {"FOOT": 0.11454674567882216, "MOTORCYCLE": 0.0066514220806427595, "PASSENGER_CAR": 0.6160521772789095, "RAIL_TRIP": 0.26274965496162556}, "end": {"Count": {"BIKE_TRIP": 1, "FOOT": 16, "PASSENGER_CAR": 14, "RAIL_TRIP": 6, "UNKNOWN": 1}, "Duration": {"BIKE_TRIP": 563.695, "FOOT": 24918.66, "PASSENGER_CAR": 23431.003, "RAIL_TRIP": 9751.029999999999, "UNKNOWN": 360.88}, "Distance": {"BIKE_TRIP": 3.4019280796766576, "FOOT": 25.535853151174845, "PASSENGER_CAR": 369.70334539916934, "RAIL_TRIP": 26.861712617676385, "UNKNOWN": 16.39443522286703}, "Total_Count": 26, "Total_Duration": 59025.268, "Total_Distance": 441.89727447056424, "Total_Emission": 78.23371871349438}, "end_percents_count": {"BIKE_TRIP": 0.038461538461538464, "FOOT": 0.6153846153846154, "PASSENGER_CAR": 0.5384615384615384, "RAIL_TRIP": 0.23076923076923078, "UNKNOWN": 0.038461538461538464}, "end_percents_duration": {"BIKE_TRIP": 0.009550062525764392, "FOOT": 0.4221693665160487, "PASSENGER_CAR": 0.3969656351242658, "RAIL_TRIP": 0.16520094411091873, "UNKNOWN": 0.006113991723002427}, "end_percents_distance": {"BIKE_TRIP": 0.0076984590677833375, "FOOT": 0.05778685370207198, "PASSENGER_CAR": 0.8366273492908726, "RAIL_TRIP": 0.06078723307325061, "UNKNOWN": 0.03710010486602153}}