{"start": {"Count": {"BIKE_TRIP": 2, "FOOT": 7, "PASSENGER_CAR": 3, "RAIL_TRIP": 2}, "Duration": {"BIKE_TRIP": 1389.935, "FOOT": 10516.873, "PASSENGER_CAR": 5832.382, "RAIL_TRIP": 4571.849}, "Distance": {"BIKE_TRIP": 1.5832704467688874, "FOOT": 14.371325302924031, "PASSENGER_CAR": 35.686363873077035, "RAIL_TRIP": 17.351404807671408}, "Total_Count": 10, "Total_Duration": 22311.039, "Total_Distance": 68.99236443044136, "Total_Emission": 8.047551085389955}, "start_percents_count": {"BIKE_TRIP": 0.2, "FOOT": 0.7, "PASSENGER_CAR": 0.3, "RAIL_TRIP": 0.2}, "start_percents_duration": {"BIKE_TRIP": 0.062298084818013175, "FOOT": 0.471375313359454, "PASSENGER_CAR": 0.26141238872828826, "RAIL_TRIP": 0.2049142130942445}, "start_percents_distance": {"BIKE_TRIP": 0.022948487993409084, "FOOT": 0.20830312776732438, "PASSENGER_CAR": 0.5172509185281845, "RAIL_TRIP": 0.2514974657110821}, "end": {"Count": {"BIKE_TRIP": 1, "FOOT": 4, "RAIL_TRIP": 1}, "Duration": {"BIKE_TRIP": 2885.295, "FOOT": 4637.095, "RAIL_TRIP": 1261.972}, "Distance": {"BIKE_TRIP": 11.622351485394024, "FOOT": 10.272026220564232, "RAIL_TRIP": 6.565078578626435}, "Total_Count": 6, "Total_Duration": 8784.362, "Total_Distance": 28.459456284584693, "Total_Emission": 0.0328253928931321}, "end_percents_count": {"BIKE_TRIP": 0.16666666666666666, "FOOT": 0.6666666666666666, "RAIL_TRIP": 0.16666666666666666}, "end_percents_duration": {"BIKE_TRIP": 0.3284581168216884, "FOOT": 0.5278806816021472, "RAIL_TRIP": 0.14366120157616458}, "end_percents_distance": {"BIKE_TRIP": 0.4083827663176183, "FOOT": 0.3609354345300041, "RAIL_TRIP": 0.23068179915237755}}