{"start": {"Count": {"BIKE_TRIP": 1, "BUS": 2, "FOOT": 8, "PASSENGER_CAR": 9, "RAIL_TRIP": 7}, "Duration": {"BIKE_TRIP": 149.157, "BUS": 802.659, "FOOT": 2543.125, "PASSENGER_CAR": 9654.59, "RAIL_TRIP": 2028.941}, "Distance": {"BIKE_TRIP": 3.3446627144515864, "BUS": 3.307105735711062, "FOOT": 5.090396251180727, "PASSENGER_CAR": 78.12288263700356, "RAIL_TRIP": 13.61788884941826}, "Total_Count": 27, "Total_Duration": 15178.472, "Total_Distance": 103.48293618776518}, "start_percents_count": {"BIKE_TRIP": 0.037037037037037035, "BUS": 0.07407407407407407, "FOOT": 0.2962962962962963, "PASSENGER_CAR": 0.3333333333333333, "RAIL_TRIP": 0.25925925925925924}, "start_percents_duration": {"BIKE_TRIP": 0.009826878489481683, "BUS": 0.052881409933753544, "FOOT": 0.16754815636251133, "PASSENGER_CAR": 0.6360712725233476, "RAIL_TRIP": 0.13367228269090592}, "start_percents_distance": {"BIKE_TRIP": 0.03232091045796038, "BUS": 0.03195798126282835, "FOOT": 0.04919068243236189, "PASSENGER_CAR": 0.754934924684134, "RAIL_TRIP": 0.13159550116271546}, "end": {"Count": {"BIKE_TRIP": 1, "BUS": 2, "FOOT": 12, "PASSENGER_CAR": 12, "RAIL_TRIP": 9}, "Duration": {"BIKE_TRIP": 149.157, "BUS": 813.77, "FOOT": 11876.988, "PASSENGER_CAR": 11736.147, "RAIL_TRIP": 7638.293}, "Distance": {"BIKE_TRIP": 3.3446627144515864, "BUS": 5.940159469459925, "FOOT": 13.02047540819691, "PASSENGER_CAR": 90.82993989837767, "RAIL_TRIP": 30.88782643448084}, "Total_Count": 36, "Total_Duration": 32214.355000000003, "Total_Distance": 144.02306392496692}, "end_percents_count": {"BIKE_TRIP": 0.027777777777777776, "BUS": 0.05555555555555555, "FOOT": 0.3333333333333333, "PASSENGER_CAR": 0.3333333333333333, "RAIL_TRIP": 0.25}, "end_percents_duration": {"BIKE_TRIP": 0.004630140817657221, "BUS": 0.02526109866238203, "FOOT": 0.368686195952084, "PASSENGER_CAR": 0.3643142009206765, "RAIL_TRIP": 0.23710836364720012}, "end_percents_distance": {"BIKE_TRIP": 0.023223104850720905, "BUS": 0.04124450145397981, "FOOT": 0.09040548821388991, "PASSENGER_CAR": 0.6306624607409979, "RAIL_TRIP": 0.21446444474041162}}