{"start": {"Count": {"BUS": 3, "FOOT": 8, "PASSENGER_CAR": 3, "RAIL_TRIP": 12}, "Duration": {"BUS": 3306.561, "FOOT": 7355.989, "PASSENGER_CAR": 2893.193, "RAIL_TRIP": 13756.024}, "Distance": {"BUS": 17.497349179365973, "FOOT": 21.294141863201062, "PASSENGER_CAR": 11.24480412665413, "RAIL_TRIP": 58.92739150866833}, "Total_Count": 26, "Total_Duration": 27311.767, "Total_Distance": 108.96368667788948}, "start_percents_count": {"BUS": 0.11538461538461539, "FOOT": 0.3076923076923077, "PASSENGER_CAR": 0.11538461538461539, "RAIL_TRIP": 0.46153846153846156}, "start_percents_duration": {"BUS": 0.12106726745288945, "FOOT": 0.26933405663573506, "PASSENGER_CAR": 0.10593210611382267, "RAIL_TRIP": 0.5036665697975529}, "start_percents_distance": {"BUS": 0.16057963632499295, "FOOT": 0.19542420518635034, "PASSENGER_CAR": 0.10319772090582068, "RAIL_TRIP": 0.5407984375828361}, "end": {"Count": {"BUS": 2, "FOOT": 10, "PASSENGER_CAR": 1, "RAIL_TRIP": 6}, "Duration": {"BUS": 797.332, "FOOT": 9628.49, "PASSENGER_CAR": 1012.125, "RAIL_TRIP": 7747.376}, "Distance": {"BUS": 5.616053589185246, "FOOT": 20.95208902207203, "PASSENGER_CAR": 8.152341109150022, "RAIL_TRIP": 33.88010194186822}, "Total_Count": 19, "Total_Duration": 19185.322999999997, "Total_Distance": 68.60058566227552}, "end_percents_count": {"BUS": 0.10526315789473684, "FOOT": 0.5263157894736842, "PASSENGER_CAR": 0.05263157894736842, "RAIL_TRIP": 0.3157894736842105}, "end_percents_duration": {"BUS": 0.0415594775235215, "FOOT": 0.5018674952722976, "PASSENGER_CAR": 0.05275517123167539, "RAIL_TRIP": 0.40381785597250575}, "end_percents_distance": {"BUS": 0.08186597147775661, "FOOT": 0.30542143073268097, "PASSENGER_CAR": 0.11883777711876177, "RAIL_TRIP": 0.49387482067080063}}