{"start": {"Count": {"BIKE_TRIP": 3, "FOOT": 4, "PASSENGER_CAR": 9, "RAIL_TRIP": 6}, "Duration": {"BIKE_TRIP": 1474.261, "FOOT": 5121.124, "PASSENGER_CAR": 18219.312, "RAIL_TRIP": 4929.478}, "Distance": {"BIKE_TRIP": 9.477510184904856, "FOOT": 8.739630172028024, "PASSENGER_CAR": 249.9672546077935, "RAIL_TRIP": 21.818084552928166}, "Total_Count": 15, "Total_Duration": 29744.175, "Total_Distance": 290.00247951765454, "Total_Emission": 52.85925660565149}, "start_percents_count": {"BIKE_TRIP": 0.2, "FOOT": 0.26666666666666666, "PASSENGER_CAR": 0.6, "RAIL_TRIP": 0.4}, "start_percents_duration": {"BIKE_TRIP": 0.04956469628086844, "FOOT": 0.17217233290215647, "PASSENGER_CAR": 0.6125337818245086, "RAIL_TRIP": 0.1657291889924666}, "start_percents_distance": {"BIKE_TRIP": 0.03268079018037462, "FOOT": 0.030136398097575505, "PASSENGER_CAR": 0.8619486806580087, "RAIL_TRIP": 0.07523413106404127}, "end": {"Count": {"BIKE_TRIP": 2, "FOOT": 3, "PASSENGER_CAR": 15, "RAIL_TRIP": 4}, "Duration": {"BIKE_TRIP": 998.1990000000001, "FOOT": 1277.964, "PASSENGER_CAR": 11452.735, "RAIL_TRIP": 2446.383}, "Distance": {"BIKE_TRIP": 7.2184074767049715, "FOOT": 2.0827864001010026, "PASSENGER_CAR": 121.7881961709714, "RAIL_TRIP": 14.796515339792585}, "Total_Count": 17, "Total_Duration": 16175.281, "Total_Distance": 145.88590538756998, "Total_Emission": 24.258606585095375}, "end_percents_count": {"BIKE_TRIP": 0.11764705882352941, "FOOT": 0.17647058823529413, "PASSENGER_CAR": 0.8823529411764706, "RAIL_TRIP": 0.23529411764705882}, "end_percents_duration": {"BIKE_TRIP": 0.061711385415808236, "FOOT": 0.07900722095647054, "PASSENGER_CAR": 0.7080393224698848, "RAIL_TRIP": 0.15124207115783644}, "end_percents_distance": {"BIKE_TRIP": 0.049479814088469215, "FOOT": 0.014276817178244442, "PASSENGER_CAR": 0.8348181124654981, "RAIL_TRIP": 0.10142525626778817}}