{"start": {"Count": {"FOOT": 3, "PASSENGER_CAR": 5, "RAIL_TRIP": 2}, "Duration": {"FOOT": 3429.389, "PASSENGER_CAR": 3852.0190000000002, "RAIL_TRIP": 781.572}, "Distance": {"FOOT": 2.8712419781258944, "PASSENGER_CAR": 65.4130476249839, "RAIL_TRIP": 6.398801421866133}, "Total_Count": 6, "Total_Duration": 8062.98, "Total_Distance": 74.68309102497595, "Total_Emission": 9.891982983413465}, "start_percents_count": {"FOOT": 0.5, "PASSENGER_CAR": 0.8333333333333334, "RAIL_TRIP": 0.3333333333333333}, "start_percents_duration": {"FOOT": 0.42532525195399223, "PASSENGER_CAR": 0.477741356173524, "RAIL_TRIP": 0.09693339187248387}, "start_percents_distance": {"FOOT": 0.03844567677529144, "PASSENGER_CAR": 0.8758749367123556, "RAIL_TRIP": 0.0856793865123527}, "end": {"Count": {"BIKE_TRIP": 1, "FOOT": 6, "PASSENGER_CAR": 5, "RAIL_TRIP": 2}, "Duration": {"BIKE_TRIP": 3248.641, "FOOT": 7055.268, "PASSENGER_CAR": 3621.6749999999997, "RAIL_TRIP": 1022.2230000000001}, "Distance": {"BIKE_TRIP": 19.7286530936668, "FOOT": 10.783936125451437, "PASSENGER_CAR": 53.882248088538404, "RAIL_TRIP": 13.756050180055844}, "Total_Count": 8, "Total_Duration": 14947.807, "Total_Distance": 98.1508874877125, "Total_Emission": 6.231643389199359}, "end_percents_count": {"BIKE_TRIP": 0.125, "FOOT": 0.75, "PASSENGER_CAR": 0.625, "RAIL_TRIP": 0.25}, "end_percents_duration": {"BIKE_TRIP": 0.21733228158485055, "FOOT": 0.4719935171761316, "PASSENGER_CAR": 0.2422880493439606, "RAIL_TRIP": 0.06838615189505724}, "end_percents_distance": {"BIKE_TRIP": 0.201003308259812, "FOOT": 0.10987099965653878, "PASSENGER_CAR": 0.5489736207966934, "RAIL_TRIP": 0.14015207128695564}}