{"start": {"Count": {"BIKE_TRIP": 1, "FOOT": 3, "PASSENGER_CAR": 3, "RAIL_TRIP": 3}, "Duration": {"BIKE_TRIP": 623.101, "FOOT": 8708.928, "PASSENGER_CAR": 2665.42, "RAIL_TRIP": 3225.05}, "Distance": {"BIKE_TRIP": 3.5616859766075213, "FOOT": 12.464710309349888, "PASSENGER_CAR": 31.82909691118489, "RAIL_TRIP": 22.13923306880397}, "Total_Count": 7, "Total_Duration": 15222.499, "Total_Distance": 69.99472626594627, "Total_Emission": 5.913637898081226}, "start_percents_count": {"BIKE_TRIP": 0.14285714285714285, "FOOT": 0.42857142857142855, "PASSENGER_CAR": 0.42857142857142855, "RAIL_TRIP": 0.42857142857142855}, "start_percents_duration": {"BIKE_TRIP": 0.04093289807409414, "FOOT": 0.5721089553035937, "PASSENGER_CAR": 0.17509740023632125, "RAIL_TRIP": 0.21186074638599092}, "start_percents_distance": {"BIKE_TRIP": 0.050885061869873294, "FOOT": 0.17808070656623456, "PASSENGER_CAR": 0.4547356438005007, "RAIL_TRIP": 0.31629858776339154}, "end": {"Count": {"BIKE_TRIP": 1, "FOOT": 9, "PASSENGER_CAR": 5, "RAIL_TRIP": 3}, "Duration": {"BIKE_TRIP": 598.988, "FOOT": 30019.643, "PASSENGER_CAR": 2706.1859999999997, "RAIL_TRIP": 3304.7360000000003}, "Distance": {"BIKE_TRIP": 3.1975708865017074, "FOOT": 58.108200998890204, "PASSENGER_CAR": 29.990581217651954, "RAIL_TRIP": 25.83688238709246}, "Total_Count": 11, "Total_Duration": 36629.553, "Total_Distance": 117.13323549013633, "Total_Emission": 5.57583112444547}, "end_percents_count": {"BIKE_TRIP": 0.09090909090909091, "FOOT": 0.8181818181818182, "PASSENGER_CAR": 0.45454545454545453, "RAIL_TRIP": 0.2727272727272727}, "end_percents_duration": {"BIKE_TRIP": 0.01635258830485865, "FOOT": 0.8195470744619788, "PASSENGER_CAR": 0.07387985324309035, "RAIL_TRIP": 0.09022048399007218}, "end_percents_distance": {"BIKE_TRIP": 0.027298579033710475, "FOOT": 0.49608636486254526, "PASSENGER_CAR": 0.25603818670387046, "RAIL_TRIP": 0.22057686939987375}}