{"start": {"Count": {"FOOT": 6, "PASSENGER_CAR": 1}, "Duration": {"FOOT": 12402.51, "PASSENGER_CAR": 2145.437}, "Distance": {"FOOT": 10.555368338102703, "PASSENGER_CAR": 59.469865843224966}, "Total_Count": 7, "Total_Duration": 14547.947, "Total_Distance": 70.02523418132766, "Total_Emission": 15.978897836135978}, "start_percents_count": {"FOOT": 0.8571428571428571, "PASSENGER_CAR": 0.14285714285714285}, "start_percents_duration": {"FOOT": 0.8525264767599167, "PASSENGER_CAR": 0.14747352324008328}, "start_percents_distance": {"FOOT": 0.15073663746371746, "PASSENGER_CAR": 0.8492633625362827}, "end": {"Count": {"FOOT": 7, "PASSENGER_CAR": 2}, "Duration": {"FOOT": 15806.151, "PASSENGER_CAR": 1477.458}, "Distance": {"FOOT": 14.816054494028258, "PASSENGER_CAR": 18.512423894583193}, "Total_Count": 9, "Total_Duration": 17283.608999999997, "Total_Distance": 33.32847838861146, "Total_Emission": 4.095468149040738}, "end_percents_count": {"FOOT": 0.7777777777777778, "PASSENGER_CAR": 0.2222222222222222}, "end_percents_duration": {"FOOT": 0.9145168118533579, "PASSENGER_CAR": 0.08548318814664231}, "end_percents_distance": {"FOOT": 0.4445463822642138, "PASSENGER_CAR": 0.5554536177357859}}