{"start": {"Count": {"BIKE_TRIP": 5, "FOOT": 20, "PASSENGER_CAR": 8, "RAIL_TRIP": 15}, "Duration": {"BIKE_TRIP": 6806.205, "FOOT": 39701.068999999996, "PASSENGER_CAR": 7060.931, "RAIL_TRIP": 17774.795000000002}, "Distance": {"BIKE_TRIP": 29.946666212030266, "FOOT": 31.88943101549354, "PASSENGER_CAR": 52.8842742757809, "RAIL_TRIP": 118.0593417411956}, "Total_Count": 33, "Total_Duration": 71343.0, "Total_Distance": 232.77971324450027, "Total_Emission": 13.529045405253335}, "start_percents_count": {"BIKE_TRIP": 0.15151515151515152, "FOOT": 0.6060606060606061, "PASSENGER_CAR": 0.24242424242424243, "RAIL_TRIP": 0.45454545454545453}, "start_percents_duration": {"BIKE_TRIP": 0.09540116059038728, "FOOT": 0.5564816309939307, "PASSENGER_CAR": 0.09897160197917104, "RAIL_TRIP": 0.24914560643651096}, "start_percents_distance": {"BIKE_TRIP": 0.12864809306030794, "FOOT": 0.13699402998232266, "PASSENGER_CAR": 0.22718592414551986, "RAIL_TRIP": 0.5071719528118497}, "end": {"Count": {"BIKE_TRIP": 4, "FOOT": 25, "MOTORCYCLE": 1, "PASSENGER_CAR": 7, "RAIL_TRIP": 14}, "Duration": {"BIKE_TRIP": 3483.684, "FOOT": 31100.946, "MOTORCYCLE": 1352.883, "PASSENGER_CAR": 9420.741, "RAIL_TRIP": 12307.161}, "Distance": {"BIKE_TRIP": 16.885855934459883, "FOOT": 45.61308189195009, "MOTORCYCLE": 12.853930625727646, "PASSENGER_CAR": 51.887114208075594, "RAIL_TRIP": 75.1991537171667}, "Total_Count": 39, "Total_Duration": 57665.415, "Total_Distance": 202.4391363773799, "Total_Emission": 15.351868100720914}, "end_percents_count": {"BIKE_TRIP": 0.10256410256410256, "FOOT": 0.6410256410256411, "MOTORCYCLE": 0.02564102564102564, "PASSENGER_CAR": 0.1794871794871795, "RAIL_TRIP": 0.358974358974359}, "end_percents_duration": {"BIKE_TRIP": 0.06041201645735143, "FOOT": 0.5393344693695519, "MOTORCYCLE": 0.02346090806768667, "PASSENGER_CAR": 0.16336899682417963, "RAIL_TRIP": 0.21342360928123036}, "end_percents_distance": {"BIKE_TRIP": 0.08341201329263659, "FOOT": 0.2253175087988905, "MOTORCYCLE": 0.0634952848334909, "PASSENGER_CAR": 0.25630969948098115, "RAIL_TRIP": 0.37146549359400094}}