{"start": {"Count": {"BIKE_TRIP": 2, "FOOT": 22, "PASSENGER_CAR": 4, "RAIL_TRIP": 15}, "Duration": {"BIKE_TRIP": 1442.545, "FOOT": 48272.267, "PASSENGER_CAR": 7074.474, "RAIL_TRIP": 223546.649}, "Distance": {"BIKE_TRIP": 5.10264535856463, "FOOT": 46.33069442196092, "PASSENGER_CAR": 46.922388499973145, "RAIL_TRIP": 548.3029616023051}, "Total_Count": 31, "Total_Duration": 280335.9349999999, "Total_Distance": 646.6586898828039, "Total_Emission": 13.669867726157038}, "start_percents_count": {"BIKE_TRIP": 0.06451612903225806, "FOOT": 0.7096774193548387, "PASSENGER_CAR": 0.12903225806451613, "RAIL_TRIP": 0.4838709677419355}, "start_percents_duration": {"BIKE_TRIP": 0.005145772695890738, "FOOT": 0.17219436031274413, "PASSENGER_CAR": 0.025235701587811077, "RAIL_TRIP": 0.7974241654035545}, "start_percents_distance": {"BIKE_TRIP": 0.007890786033493805, "FOOT": 0.07164628751893458, "PASSENGER_CAR": 0.07256128964798579, "RAIL_TRIP": 0.8479016367995857}, "end": {"Count": {"BIKE_TRIP": 1, "FOOT": 29, "PASSENGER_CAR": 7, "RAIL_TRIP": 23, "UNKNOWN": 1}, "Duration": {"BIKE_TRIP": 2053.249, "FOOT": 58493.693999999996, "PASSENGER_CAR": 10177.682999999999, "RAIL_TRIP": 50594.228, "UNKNOWN": 176.908}, "Distance": {"BIKE_TRIP": 11.937136527537625, "FOOT": 55.079728900393064, "PASSENGER_CAR": 117.7386335505558, "RAIL_TRIP": 229.66979843926342, "UNKNOWN": 9.243728709152697}, "Total_Count": 43, "Total_Duration": 121495.76199999999, "Total_Distance": 423.66902612690274, "Total_Emission": 23.865103631411635}, "end_percents_count": {"BIKE_TRIP": 0.023255813953488372, "FOOT": 0.6744186046511628, "PASSENGER_CAR": 0.16279069767441862, "RAIL_TRIP": 0.5348837209302325, "UNKNOWN": 0.023255813953488372}, "end_percents_duration": {"BIKE_TRIP": 0.016899758198973228, "FOOT": 0.48144637341342, "PASSENGER_CAR": 0.0837698602194865, "RAIL_TRIP": 0.4164279244571511, "UNKNOWN": 0.0014560837109692765}, "end_percents_distance": {"BIKE_TRIP": 0.028175617737894443, "FOOT": 0.13000650390688434, "PASSENGER_CAR": 0.27790238674490503, "RAIL_TRIP": 0.542097213333858, "UNKNOWN": 0.021818278276457947}}