{"start": {"Count": {"FOOT": 6, "MOTORCYCLE": 1, "PASSENGER_CAR": 16, "RAIL_TRIP": 4}, "Duration": {"FOOT": 178549.361, "MOTORCYCLE": 205.996, "PASSENGER_CAR": 17770.72, "RAIL_TRIP": 5273.683}, "Distance": {"FOOT": 47.605184757656176, "MOTORCYCLE": 2.897541690464056, "PASSENGER_CAR": 168.80324164238544, "RAIL_TRIP": 66.4970982639426}, "Total_Count": 21, "Total_Duration": 201799.75999999998, "Total_Distance": 285.8030663544482, "Total_Emission": 30.64160611145286}, "start_percents_count": {"FOOT": 0.2857142857142857, "MOTORCYCLE": 0.047619047619047616, "PASSENGER_CAR": 0.7619047619047619, "RAIL_TRIP": 0.19047619047619047}, "start_percents_duration": {"FOOT": 0.8847848035101727, "MOTORCYCLE": 0.001020794078248656, "PASSENGER_CAR": 0.08806115527590322, "RAIL_TRIP": 0.026133247135675487}, "start_percents_distance": {"FOOT": 0.16656638910450672, "MOTORCYCLE": 0.010138245636842024, "PASSENGER_CAR": 0.5906278186429199, "RAIL_TRIP": 0.23266754661573158}, "end": {"Count": {"BIKE_TRIP": 1, "FOOT": 6, "MOTORCYCLE": 1, "PASSENGER_CAR": 18, "RAIL_TRIP": 6}, "Duration": {"BIKE_TRIP": 6852.612, "FOOT": 13998.028999999999, "MOTORCYCLE": 503.994, "PASSENGER_CAR": 13928.936, "RAIL_TRIP": 5245.399}, "Distance": {"BIKE_TRIP": 43.48979816524266, "FOOT": 18.88070054524897, "MOTORCYCLE": 5.170258839978609, "PASSENGER_CAR": 189.8040160000129, "RAIL_TRIP": 44.49777211234172}, "Total_Count": 24, "Total_Duration": 40528.97000000001, "Total_Distance": 301.8425456628249, "Total_Emission": 26.938857605942758}, "end_percents_count": {"BIKE_TRIP": 0.041666666666666664, "FOOT": 0.25, "MOTORCYCLE": 0.041666666666666664, "PASSENGER_CAR": 0.75, "RAIL_TRIP": 0.25}, "end_percents_duration": {"BIKE_TRIP": 0.16907935237436328, "FOOT": 0.3453832900268622, "MOTORCYCLE": 0.012435401146389852, "PASSENGER_CAR": 0.3436785094711264, "RAIL_TRIP": 0.12942344698125807}, "end_percents_distance": {"BIKE_TRIP": 0.1440810740240152, "FOOT": 0.06255148857093121, "MOTORCYCLE": 0.017128992960966077, "PASSENGER_CAR": 0.6288179672723628, "RAIL_TRIP": 0.14742047717172463}}