{"start": {"Count": {"BUS": 1, "FOOT": 11, "PASSENGER_CAR": 10, "RAIL_TRIP": 10}, "Duration": {"BUS": 360.477, "FOOT": 19108.597999999998, "PASSENGER_CAR": 32244.31, "RAIL_TRIP": 10004.189}, "Distance": {"BUS": 4.398007592150234, "FOOT": 15.41140002935577, "PASSENGER_CAR": 421.9835701012574, "RAIL_TRIP": 30.9104326742955}, "Total_Count": 22, "Total_Duration": 61717.574, "Total_Distance": 472.7034103970588, "Total_Emission": 101.30505583456947}, "start_percents_count": {"BUS": 0.045454545454545456, "FOOT": 0.5, "PASSENGER_CAR": 0.45454545454545453, "RAIL_TRIP": 0.45454545454545453}, "start_percents_duration": {"BUS": 0.0058407512907101625, "FOOT": 0.30961356322917033, "PASSENGER_CAR": 0.5224494080081631, "RAIL_TRIP": 0.16209627747195637}, "start_percents_distance": {"BUS": 0.009303947243486186, "FOOT": 0.03260268424213523, "PASSENGER_CAR": 0.8927026139853782, "RAIL_TRIP": 0.06539075452900059}, "end": {"Count": {"FOOT": 10, "PASSENGER_CAR": 11, "RAIL_TRIP": 7}, "Duration": {"FOOT": 22526.558, "PASSENGER_CAR": 25481.194, "RAIL_TRIP": 4358.765}, "Distance": {"FOOT": 22.171178736513433, "PASSENGER_CAR": 249.84924797956987, "RAIL_TRIP": 15.617871391661927}, "Total_Count": 23, "Total_Duration": 52366.51700000001, "Total_Distance": 287.6382981077452, "Total_Emission": 61.36736438952836}, "end_percents_count": {"FOOT": 0.43478260869565216, "PASSENGER_CAR": 0.4782608695652174, "RAIL_TRIP": 0.30434782608695654}, "end_percents_duration": {"FOOT": 0.43017101939393826, "PASSENGER_CAR": 0.4865932557630288, "RAIL_TRIP": 0.08323572484303281}, "end_percents_distance": {"FOOT": 0.07708006507606448, "PASSENGER_CAR": 0.8686230228145069, "RAIL_TRIP": 0.05429691210942882}}