{"start": {"Count": {"BIKE_TRIP": 1, "FOOT": 5, "PASSENGER_CAR": 11, "RAIL_TRIP": 5}, "Duration": {"BIKE_TRIP": 904.046, "FOOT": 6649.975, "PASSENGER_CAR": 18008.573, "RAIL_TRIP": 4131.0}, "Distance": {"BIKE_TRIP": 1.577508437909528, "FOOT": 13.042766884050753, "PASSENGER_CAR": 272.0323556944971, "RAIL_TRIP": 50.32692635213049}, "Total_Count": 17, "Total_Duration": 29693.593999999997, "Total_Distance": 336.97955736858785, "Total_Emission": 55.62063775021453}, "start_percents_count": {"BIKE_TRIP": 0.058823529411764705, "FOOT": 0.29411764705882354, "PASSENGER_CAR": 0.6470588235294118, "RAIL_TRIP": 0.29411764705882354}, "start_percents_duration": {"BIKE_TRIP": 0.03044582612667231, "FOOT": 0.22395318667049874, "PASSENGER_CAR": 0.6064800710887339, "RAIL_TRIP": 0.1391209161140952}, "start_percents_distance": {"BIKE_TRIP": 0.004681317912065661, "FOOT": 0.03870492022097528, "PASSENGER_CAR": 0.8072666419848976, "RAIL_TRIP": 0.14934711988206145}, "end": {"Count": {"FOOT": 4, "PASSENGER_CAR": 8, "RAIL_TRIP": 1}, "Duration": {"FOOT": 4688.287, "PASSENGER_CAR": 9958.210000000001, "RAIL_TRIP": 1441.795}, "Distance": {"FOOT": 5.35120820014963, "PASSENGER_CAR": 145.6519718775145, "RAIL_TRIP": 6.47440054640795}, "Total_Count": 12, "Total_Duration": 16088.292000000001, "Total_Distance": 157.4775806240721, "Total_Emission": 28.49431417364533}, "end_percents_count": {"FOOT": 0.3333333333333333, "PASSENGER_CAR": 0.6666666666666666, "RAIL_TRIP": 0.08333333333333333}, "end_percents_duration": {"FOOT": 0.29140986501239535, "PASSENGER_CAR": 0.6189724801116241, "RAIL_TRIP": 0.08961765487598061}, "end_percents_distance": {"FOOT": 0.03398076208018427, "PASSENGER_CAR": 0.9249060806008477, "RAIL_TRIP": 0.041113157318968044}}