{"start": {"Count": {"BIKE_TRIP": 2, "FOOT": 20, "PASSENGER_CAR": 6, "RAIL_TRIP": 19, "UNKNOWN": 1}, "Duration": {"BIKE_TRIP": 3027.098, "FOOT": 39221.994, "PASSENGER_CAR": 10316.116, "RAIL_TRIP": 36721.445, "UNKNOWN": 179.122}, "Distance": {"BIKE_TRIP": 9.005660564008993, "FOOT": 46.22469192347724, "PASSENGER_CAR": 99.25199989722283, "RAIL_TRIP": 96.19357674349641, "UNKNOWN": 23.871572235613463}, "Total_Count": 33, "Total_Duration": 89465.775, "Total_Distance": 274.54750136381887, "Total_Emission": 17.255699903952376}, "start_percents_count": {"BIKE_TRIP": 0.06060606060606061, "FOOT": 0.6060606060606061, "PASSENGER_CAR": 0.18181818181818182, "RAIL_TRIP": 0.5757575757575758, "UNKNOWN": 0.030303030303030304}, "start_percents_duration": {"BIKE_TRIP": 0.0338352627024133, "FOOT": 0.43840221581940136, "PASSENGER_CAR": 0.11530795994334148, "RAIL_TRIP": 0.41045243278784543, "UNKNOWN": 0.002002128746998503}, "start_percents_distance": {"BIKE_TRIP": 0.03280183035457703, "FOOT": 0.16836682793999355, "PASSENGER_CAR": 0.36151121173635536, "RAIL_TRIP": 0.35037134290297073, "UNKNOWN": 0.08694878706610357}, "end": {"Count": {"BIKE_TRIP": 2, "BUS": 1, "FOOT": 20, "PASSENGER_CAR": 9, "RAIL_TRIP": 21, "UNKNOWN": 1}, "Duration": {"BIKE_TRIP": 2763.142, "BUS": 361.605, "FOOT": 32686.324, "PASSENGER_CAR": 7020.71, "RAIL_TRIP": 36878.721, "UNKNOWN": 179.122}, "Distance": {"BIKE_TRIP": 3.6668059141749163, "BUS": 1.632851160698557, "FOOT": 34.36786692263472, "PASSENGER_CAR": 71.01462119739169, "RAIL_TRIP": 145.95435792603146, "UNKNOWN": 23.871572235613463}, "Total_Count": 39, "Total_Duration": 79889.62399999998, "Total_Distance": 280.50807535654474, "Total_Emission": 17.28941904380869}, "end_percents_count": {"BIKE_TRIP": 0.05128205128205128, "BUS": 0.02564102564102564, "FOOT": 0.5128205128205128, "PASSENGER_CAR": 0.23076923076923078, "RAIL_TRIP": 0.5384615384615384, "UNKNOWN": 0.02564102564102564}, "end_percents_duration": {"BIKE_TRIP": 0.03458699467655525, "BUS": 0.0045263074463837765, "FOOT": 0.40914354534951886, "PASSENGER_CAR": 0.08788012320598731, "RAIL_TRIP": 0.46162091087072843, "UNKNOWN": 0.002242118450826606}, "end_percents_distance": {"BIKE_TRIP": 0.013072015518676807, "BUS": 0.005821048676132025, "FOOT": 0.12252006249356934, "PASSENGER_CAR": 0.2531642666868941, "RAIL_TRIP": 0.52032141228203, "UNKNOWN": 0.0851011943426979}}