{"start": {"Count": {"BIKE_TRIP": 7, "FOOT": 18, "MOTORCYCLE": 1, "PASSENGER_CAR": 17, "RAIL_TRIP": 22, "UNKNOWN": 8}, "Duration": {"BIKE_TRIP": 48676.032999999996, "FOOT": 32947.491, "MOTORCYCLE": 817.967, "PASSENGER_CAR": 34036.122, "RAIL_TRIP": 40118.94, "UNKNOWN": 1624.0320000000002}, "Distance": {"BIKE_TRIP": 67.4225425554403, "FOOT": 64.94568603200814, "MOTORCYCLE": 10.053031177783057, "PASSENGER_CAR": 304.82773583980645, "RAIL_TRIP": 436.99499444666344, "UNKNOWN": 195.66707001219112}, "Total_Count": 50, "Total_Duration": 158220.585, "Total_Distance": 1079.9110600638926, "Total_Emission": 60.08517802995223}, "start_percents_count": {"BIKE_TRIP": 0.14, "FOOT": 0.36, "MOTORCYCLE": 0.02, "PASSENGER_CAR": 0.34, "RAIL_TRIP": 0.44, "UNKNOWN": 0.16}, "start_percents_duration": {"BIKE_TRIP": 0.3076466504026641, "FOOT": 0.20823770181357884, "MOTORCYCLE": 0.0051697887477789315, "PASSENGER_CAR": 0.2151181655661304, "RAIL_TRIP": 0.2535633400672865, "UNKNOWN": 0.010264353402561368}, "start_percents_distance": {"BIKE_TRIP": 0.06243342164812283, "FOOT": 0.06013984709830238, "MOTORCYCLE": 0.009309128825098127, "PASSENGER_CAR": 0.2822711490905292, "RAIL_TRIP": 0.40465831919603523, "UNKNOWN": 0.18118813414191215}, "end": {"Count": {"BIKE_TRIP": 7, "FOOT": 18, "MOTORCYCLE": 1, "PASSENGER_CAR": 24, "PLANE": 1, "RAIL_TRIP": 23, "UNKNOWN": 11}, "Duration": {"BIKE_TRIP": 55718.903999999995, "FOOT": 40053.925, "MOTORCYCLE": 1056.758, "PASSENGER_CAR": 33447.448, "PLANE": 3184.952, "RAIL_TRIP": 41495.227, "UNKNOWN": 2470.757}, "Distance": {"BIKE_TRIP": 109.10768930365771, "FOOT": 43.11451603833477, "MOTORCYCLE": 6.37831365464316, "PASSENGER_CAR": 383.8336508177402, "PLANE": 448.2569494119593, "RAIL_TRIP": 448.8992741985998, "UNKNOWN": 225.13809247706106}, "Total_Count": 51, "Total_Duration": 177427.97100000002, "Total_Distance": 1664.728485901996, "Total_Emission": 117.98818526899913}, "end_percents_count": {"BIKE_TRIP": 0.13725490196078433, "FOOT": 0.35294117647058826, "MOTORCYCLE": 0.0196078431372549, "PASSENGER_CAR": 0.47058823529411764, "PLANE": 0.0196078431372549, "RAIL_TRIP": 0.45098039215686275, "UNKNOWN": 0.21568627450980393}, "end_percents_duration": {"BIKE_TRIP": 0.31403675353983496, "FOOT": 0.2257475232019646, "MOTORCYCLE": 0.005955983118355109, "PASSENGER_CAR": 0.18851282473381828, "PLANE": 0.01795067588300381, "RAIL_TRIP": 0.2338708308849454, "UNKNOWN": 0.0139254086380777}, "end_percents_distance": {"BIKE_TRIP": 0.06554083156962388, "FOOT": 0.025898827588676798, "MOTORCYCLE": 0.00383144381120337, "PASSENGER_CAR": 0.23056832034070018, "PLANE": 0.2692673028713636, "RAIL_TRIP": 0.26965314644410243, "UNKNOWN": 0.13524012737432975}}