{"start": {"Count": {"BIKE_TRIP": 5, "BUS": 1, "FOOT": 78, "PASSENGER_CAR": 14, "RAIL_TRIP": 36}, "Duration": {"BIKE_TRIP": 9032.174, "BUS": 649.362, "FOOT": 227623.258, "PASSENGER_CAR": 15853.123, "RAIL_TRIP": 51917.057}, "Distance": {"BIKE_TRIP": 10.241360907729275, "BUS": 1.6653416247243475, "FOOT": 462.2660639495747, "PASSENGER_CAR": 120.36928530890972, "RAIL_TRIP": 244.71804455180373}, "Total_Count": 103, "Total_Duration": 305074.974, "Total_Distance": 839.2600963427417, "Total_Emission": 27.55708426627404}, "start_percents_count": {"BIKE_TRIP": 0.04854368932038835, "BUS": 0.009708737864077669, "FOOT": 0.7572815533980582, "PASSENGER_CAR": 0.13592233009708737, "RAIL_TRIP": 0.34951456310679613}, "start_percents_duration": {"BIKE_TRIP": 0.029606407505585828, "BUS": 0.0021285325095201026, "FOOT": 0.7461223548280955, "PASSENGER_CAR": 0.051964678689114634, "RAIL_TRIP": 0.17017802646768398}, "start_percents_distance": {"BIKE_TRIP": 0.012202845044531762, "BUS": 0.0019842973971733384, "FOOT": 0.5508019098775213, "PASSENGER_CAR": 0.14342310069720346, "RAIL_TRIP": 0.29158784698357015}, "end": {"Count": {"BIKE_TRIP": 4, "BUS": 1, "FOOT": 60, "HIGH_SPEED_TRAIN": 1, "PASSENGER_CAR": 13, "RAIL_TRIP": 48}, "Duration": {"BIKE_TRIP": 5810.650000000001, "BUS": 1862.413, "FOOT": 119782.508, "HIGH_SPEED_TRAIN": 6927.036, "PASSENGER_CAR": 22982.966, "RAIL_TRIP": 60424.429}, "Distance": {"BIKE_TRIP": 10.025283491249388, "BUS": 11.826346517372333, "FOOT": 166.16295940324213, "HIGH_SPEED_TRAIN": 487.1336754195131, "PASSENGER_CAR": 194.0021583740292, "RAIL_TRIP": 339.282722825073}, "Total_Count": 97, "Total_Duration": 217790.00199999998, "Total_Distance": 1208.4331460304793, "Total_Emission": 34.32593675512701}, "end_percents_count": {"BIKE_TRIP": 0.041237113402061855, "BUS": 0.010309278350515464, "FOOT": 0.6185567010309279, "HIGH_SPEED_TRAIN": 0.010309278350515464, "PASSENGER_CAR": 0.13402061855670103, "RAIL_TRIP": 0.4948453608247423}, "end_percents_duration": {"BIKE_TRIP": 0.026680058527204575, "BUS": 0.008551416423606076, "FOOT": 0.5499908485238915, "HIGH_SPEED_TRAIN": 0.03180603304278403, "PASSENGER_CAR": 0.10552810408624727, "RAIL_TRIP": 0.2774435393962667}, "end_percents_distance": {"BIKE_TRIP": 0.0082961010496782, "BUS": 0.009786512854451318, "FOOT": 0.13750281507012813, "HIGH_SPEED_TRAIN": 0.4031118122005125, "PASSENGER_CAR": 0.16054024917414508, "RAIL_TRIP": 0.2807625096510846}}