{"start": {"Count": {"BIKE_TRIP": 3, "BUS": 1, "FOOT": 7, "PASSENGER_CAR": 2, "RAIL_TRIP": 5}, "Duration": {"BIKE_TRIP": 3245.8, "BUS": 1047.598, "FOOT": 39300.905999999995, "PASSENGER_CAR": 3925.8410000000003, "RAIL_TRIP": 12263.235}, "Distance": {"BIKE_TRIP": 24.38163975275966, "BUS": 2.5212601212558137, "FOOT": 15.07657778633745, "PASSENGER_CAR": 93.53591232624638, "RAIL_TRIP": 52.342320670347625}, "Total_Count": 11, "Total_Duration": 59783.38, "Total_Distance": 187.85771065694692, "Total_Emission": 21.116690862614906}, "start_percents_count": {"BIKE_TRIP": 0.2727272727272727, "BUS": 0.09090909090909091, "FOOT": 0.6363636363636364, "PASSENGER_CAR": 0.18181818181818182, "RAIL_TRIP": 0.45454545454545453}, "start_percents_duration": {"BIKE_TRIP": 0.05429268134387852, "BUS": 0.017523231373000322, "FOOT": 0.6573884915841158, "PASSENGER_CAR": 0.0656677658573336, "RAIL_TRIP": 0.20512782984167174}, "start_percents_distance": {"BIKE_TRIP": 0.12978780411778662, "BUS": 0.013421115973567722, "FOOT": 0.08025530457926894, "PASSENGER_CAR": 0.49790829452327007, "RAIL_TRIP": 0.2786274808061067}, "end": {"Count": {"BIKE_TRIP": 3, "FOOT": 5, "PASSENGER_CAR": 1, "RAIL_TRIP": 4}, "Duration": {"BIKE_TRIP": 1506.032, "FOOT": 49797.028999999995, "PASSENGER_CAR": 2239.0299999999997, "RAIL_TRIP": 8715.658}, "Distance": {"BIKE_TRIP": 9.080691335648488, "FOOT": 12.461294163294019, "PASSENGER_CAR": 10.985919592543171, "RAIL_TRIP": 45.77367994485888}, "Total_Count": 7, "Total_Duration": 62257.748999999996, "Total_Distance": 78.30158503634456, "Total_Emission": 2.7517768921326007}, "end_percents_count": {"BIKE_TRIP": 0.42857142857142855, "FOOT": 0.7142857142857143, "PASSENGER_CAR": 0.14285714285714285, "RAIL_TRIP": 0.5714285714285714}, "end_percents_duration": {"BIKE_TRIP": 0.02419027388863674, "FOOT": 0.799852705885656, "PASSENGER_CAR": 0.03596387656097235, "RAIL_TRIP": 0.1399931436647348}, "end_percents_distance": {"BIKE_TRIP": 0.11597072181148803, "FOOT": 0.15914485201685213, "PASSENGER_CAR": 0.1403026463314112, "RAIL_TRIP": 0.5845817798402485}}