{"start": {"Count": {"BIKE_TRIP": 3, "FOOT": 19, "PASSENGER_CAR": 6, "RAIL_TRIP": 9}, "Duration": {"BIKE_TRIP": 1745.968, "FOOT": 38282.721, "PASSENGER_CAR": 5699.575000000001, "RAIL_TRIP": 12807.249}, "Distance": {"BIKE_TRIP": 8.379069379232577, "FOOT": 41.05773601285948, "PASSENGER_CAR": 52.60009917065268, "RAIL_TRIP": 68.96324906333365}, "Total_Count": 25, "Total_Duration": 58535.513000000006, "Total_Distance": 171.00015362607837, "Total_Emission": 11.23452271755044}, "start_percents_count": {"BIKE_TRIP": 0.12, "FOOT": 0.76, "PASSENGER_CAR": 0.24, "RAIL_TRIP": 0.36}, "start_percents_duration": {"BIKE_TRIP": 0.029827499760700822, "FOOT": 0.6540084649125736, "PASSENGER_CAR": 0.09736952335243051, "RAIL_TRIP": 0.21879451197429498}, "start_percents_distance": {"BIKE_TRIP": 0.049000361704673506, "FOOT": 0.24010350366491115, "PASSENGER_CAR": 0.3076026427769882, "RAIL_TRIP": 0.4032934918534273}, "end": {"Count": {"BIKE_TRIP": 6, "FOOT": 17, "PASSENGER_CAR": 3, "RAIL_TRIP": 5}, "Duration": {"BIKE_TRIP": 6211.399, "FOOT": 43892.704, "PASSENGER_CAR": 4270.831, "RAIL_TRIP": 3934.566}, "Distance": {"BIKE_TRIP": 31.734121960783288, "FOOT": 50.01321758616997, "PASSENGER_CAR": 103.88897130167369, "RAIL_TRIP": 19.615532282452683}, "Total_Count": 25, "Total_Duration": 58309.5, "Total_Distance": 205.25184313107962, "Total_Emission": 22.22450556340445}, "end_percents_count": {"BIKE_TRIP": 0.24, "FOOT": 0.68, "PASSENGER_CAR": 0.12, "RAIL_TRIP": 0.2}, "end_percents_duration": {"BIKE_TRIP": 0.10652464864215952, "FOOT": 0.7527539080252789, "PASSENGER_CAR": 0.07324417118994332, "RAIL_TRIP": 0.06747727214261827}, "end_percents_distance": {"BIKE_TRIP": 0.1546106552646983, "FOOT": 0.24366756869622905, "PASSENGER_CAR": 0.5061536584367101, "RAIL_TRIP": 0.09556811760236253}}