{"start": {"Count": {"BIKE_TRIP": 1, "FOOT": 10, "PASSENGER_CAR": 1, "RAIL_TRIP": 4}, "Duration": {"BIKE_TRIP": 244.083, "FOOT": 19957.013, "PASSENGER_CAR": 1154.187, "RAIL_TRIP": 5582.1759999999995}, "Distance": {"BIKE_TRIP": 1.1955066373919976, "FOOT": 32.082250970638896, "PASSENGER_CAR": 10.948621318466456, "RAIL_TRIP": 48.208938424266904}, "Total_Count": 10, "Total_Duration": 26937.459000000003, "Total_Distance": 92.43531735076425, "Total_Emission": 2.9356740905010117}, "start_percents_count": {"BIKE_TRIP": 0.1, "FOOT": 1.0, "PASSENGER_CAR": 0.1, "RAIL_TRIP": 0.4}, "start_percents_duration": {"BIKE_TRIP": 0.00906109963823982, "FOOT": 0.7408647192743754, "PASSENGER_CAR": 0.04284691440272818, "RAIL_TRIP": 0.20722726668465644}, "start_percents_distance": {"BIKE_TRIP": 0.012933440070913687, "FOOT": 0.3470778474086522, "PASSENGER_CAR": 0.11844629988037719, "RAIL_TRIP": 0.521542412640057}, "end": {"Count": {"FOOT": 6, "PASSENGER_CAR": 2, "RAIL_TRIP": 3}, "Duration": {"FOOT": 12584.81, "PASSENGER_CAR": 4174.481, "RAIL_TRIP": 10352.232}, "Distance": {"FOOT": 17.411794501479566, "PASSENGER_CAR": 66.26676901280659, "RAIL_TRIP": 155.6287781386035}, "Total_Count": 6, "Total_Duration": 27111.523000000005, "Total_Distance": 239.30734165288965, "Total_Emission": 17.684546230189667}, "end_percents_count": {"FOOT": 1.0, "PASSENGER_CAR": 0.3333333333333333, "RAIL_TRIP": 0.5}, "end_percents_duration": {"FOOT": 0.4641867592609975, "PASSENGER_CAR": 0.15397441892143054, "RAIL_TRIP": 0.3818388218175717}, "end_percents_distance": {"FOOT": 0.07275913217378435, "PASSENGER_CAR": 0.27691072306893605, "RAIL_TRIP": 0.6503301447572797}}