{"start": {"Count": {"BIKE_TRIP": 2, "BUS": 2, "FOOT": 27, "PASSENGER_CAR": 11, "RAIL_TRIP": 11}, "Duration": {"BIKE_TRIP": 2261.377, "BUS": 2164.3869999999997, "FOOT": 53420.91, "PASSENGER_CAR": 15501.06, "RAIL_TRIP": 5481.655}, "Distance": {"BIKE_TRIP": 6.796546206012129, "BUS": 29.615232781661106, "FOOT": 69.1357533803894, "PASSENGER_CAR": 140.6323262181377, "RAIL_TRIP": 34.604067923547284}, "Total_Count": 38, "Total_Duration": 78829.38899999998, "Total_Distance": 280.7839265097476, "Total_Emission": 34.28444782016645}, "start_percents_count": {"BIKE_TRIP": 0.05263157894736842, "BUS": 0.05263157894736842, "FOOT": 0.7105263157894737, "PASSENGER_CAR": 0.2894736842105263, "RAIL_TRIP": 0.2894736842105263}, "start_percents_duration": {"BIKE_TRIP": 0.028686978659697597, "BUS": 0.027456599974408025, "FOOT": 0.6776775854497619, "PASSENGER_CAR": 0.19664062092375223, "RAIL_TRIP": 0.06953821499238058}, "start_percents_distance": {"BIKE_TRIP": 0.024205609952449268, "BUS": 0.10547339069507954, "FOOT": 0.24622404223693808, "PASSENGER_CAR": 0.5008560424603065, "RAIL_TRIP": 0.12324091465522684}, "end": {"Count": {"BIKE_TRIP": 2, "BUS": 1, "FOOT": 28, "PASSENGER_CAR": 8, "RAIL_TRIP": 9}, "Duration": {"BIKE_TRIP": 2042.116, "BUS": 541.705, "FOOT": 52554.18, "PASSENGER_CAR": 12506.623, "RAIL_TRIP": 7332.901}, "Distance": {"BIKE_TRIP": 3.973103420764554, "BUS": 1.84173951646948, "FOOT": 64.54540280319242, "PASSENGER_CAR": 107.5080157670433, "RAIL_TRIP": 48.46361557878771}, "Total_Count": 36, "Total_Duration": 74977.525, "Total_Distance": 226.33187708625744, "Total_Emission": 24.95014286992804}, "end_percents_count": {"BIKE_TRIP": 0.05555555555555555, "BUS": 0.027777777777777776, "FOOT": 0.7777777777777778, "PASSENGER_CAR": 0.2222222222222222, "RAIL_TRIP": 0.25}, "end_percents_duration": {"BIKE_TRIP": 0.02723637516709174, "BUS": 0.007224898394552235, "FOOT": 0.7009324460896783, "PASSENGER_CAR": 0.1668049592194461, "RAIL_TRIP": 0.09780132112923173}, "end_percents_distance": {"BIKE_TRIP": 0.017554325408834757, "BUS": 0.008137340352492963, "FOOT": 0.28518034504964357, "PASSENGER_CAR": 0.4750016531081518, "RAIL_TRIP": 0.21412633608087703}}