{"start": {"Count": {"BIKE_TRIP": 1, "BUS": 2, "FOOT": 7, "PASSENGER_CAR": 4, "RAIL_TRIP": 6}, "Duration": {"BIKE_TRIP": 257.0, "BUS": 959.089, "FOOT": 16398.843, "PASSENGER_CAR": 4829.6140000000005, "RAIL_TRIP": 12638.118}, "Distance": {"BIKE_TRIP": 2.183468571770661, "BUS": 8.240274572956217, "FOOT": 29.699032140854598, "PASSENGER_CAR": 67.89293196105888, "RAIL_TRIP": 188.30766705767027}, "Total_Count": 13, "Total_Duration": 35082.664000000004, "Total_Distance": 296.3233743043106, "Total_Emission": 15.76092526197906}, "start_percents_count": {"BIKE_TRIP": 0.07692307692307693, "BUS": 0.15384615384615385, "FOOT": 0.5384615384615384, "PASSENGER_CAR": 0.3076923076923077, "RAIL_TRIP": 0.46153846153846156}, "start_percents_duration": {"BIKE_TRIP": 0.007325555436725101, "BUS": 0.027337975246121558, "FOOT": 0.46743437157451895, "PASSENGER_CAR": 0.13766383305441116, "RAIL_TRIP": 0.3602382646882232}, "start_percents_distance": {"BIKE_TRIP": 0.007368533032187796, "BUS": 0.02780838532330504, "FOOT": 0.1002250740785472, "PASSENGER_CAR": 0.2291177066961175, "RAIL_TRIP": 0.6354803008698425}, "end": {"Count": {"BIKE_TRIP": 2, "FOOT": 9, "MOTORCYCLE": 1, "PASSENGER_CAR": 3, "RAIL_TRIP": 12, "UNKNOWN": 1}, "Duration": {"BIKE_TRIP": 1552.878, "FOOT": 5219.916, "MOTORCYCLE": 1260.983, "PASSENGER_CAR": 13589.876, "RAIL_TRIP": 15917.821, "UNKNOWN": 692.554}, "Distance": {"BIKE_TRIP": 9.07624716664768, "FOOT": 20.480614847486574, "MOTORCYCLE": 7.993964228261578, "PASSENGER_CAR": 273.2885975097781, "RAIL_TRIP": 87.38046316956843, "UNKNOWN": 1.2329720788903964}, "Total_Count": 20, "Total_Duration": 38234.028000000006, "Total_Distance": 399.4528590006329, "Total_Emission": 63.016368458885545}, "end_percents_count": {"BIKE_TRIP": 0.1, "FOOT": 0.45, "MOTORCYCLE": 0.05, "PASSENGER_CAR": 0.15, "RAIL_TRIP": 0.6, "UNKNOWN": 0.05}, "end_percents_duration": {"BIKE_TRIP": 0.04061507722911119, "FOOT": 0.13652540088112086, "MOTORCYCLE": 0.03298064750070277, "PASSENGER_CAR": 0.3554392961160147, "RAIL_TRIP": 0.4163260276944924, "UNKNOWN": 0.018113550578557923}, "end_percents_distance": {"BIKE_TRIP": 0.02272169784778859, "FOOT": 0.05127166919952906, "MOTORCYCLE": 0.020012284423902228, "PASSENGER_CAR": 0.6841573200740194, "RAIL_TRIP": 0.21875037617249846, "UNKNOWN": 0.00308665228226203}}