{"start": {"Count": {"BIKE_TRIP": 3, "FOOT": 21, "PASSENGER_CAR": 17, "RAIL_TRIP": 9}, "Duration": {"BIKE_TRIP": 3321.42, "FOOT": 105295.597, "PASSENGER_CAR": 25710.21, "RAIL_TRIP": 7042.572}, "Distance": {"BIKE_TRIP": 17.39027557955892, "FOOT": 54.0776173300969, "PASSENGER_CAR": 261.6318212741384, "RAIL_TRIP": 24.594794886097084}, "Total_Count": 31, "Total_Duration": 141369.799, "Total_Distance": 357.69450906989135, "Total_Emission": 40.96458826400196}, "start_percents_count": {"BIKE_TRIP": 0.0967741935483871, "FOOT": 0.6774193548387096, "PASSENGER_CAR": 0.5483870967741935, "RAIL_TRIP": 0.2903225806451613}, "start_percents_duration": {"BIKE_TRIP": 0.02349455133624403, "FOOT": 0.7448238431745948, "PASSENGER_CAR": 0.18186493990841707, "RAIL_TRIP": 0.04981666558074402}, "start_percents_distance": {"BIKE_TRIP": 0.0486176755264671, "FOOT": 0.1511838061778311, "PASSENGER_CAR": 0.7314392998496299, "RAIL_TRIP": 0.06875921844607184}, "end": {"Count": {"BIKE_TRIP": 3, "FOOT": 33, "PASSENGER_CAR": 23, "RAIL_TRIP": 17}, "Duration": {"BIKE_TRIP": 3323.042, "FOOT": 96179.778, "PASSENGER_CAR": 38507.057, "RAIL_TRIP": 31304.862}, "Distance": {"BIKE_TRIP": 17.646994747203824, "FOOT": 103.1294380353229, "PASSENGER_CAR": 467.5888464605755, "RAIL_TRIP": 193.79570190927095}, "Total_Count": 41, "Total_Duration": 169314.739, "Total_Distance": 782.1609811523733, "Total_Emission": 96.75925473907087}, "end_percents_count": {"BIKE_TRIP": 0.07317073170731707, "FOOT": 0.8048780487804879, "PASSENGER_CAR": 0.5609756097560976, "RAIL_TRIP": 0.4146341463414634}, "end_percents_duration": {"BIKE_TRIP": 0.019626418938046498, "FOOT": 0.5680531923449382, "PASSENGER_CAR": 0.22742885366878782, "RAIL_TRIP": 0.18489153504822756}, "end_percents_distance": {"BIKE_TRIP": 0.02256184490461817, "FOOT": 0.13185193396298067, "PASSENGER_CAR": 0.5978166358690861, "RAIL_TRIP": 0.24776958526331483}}