{"start": {"Count": {"BIKE_TRIP": 4, "BUS": 3, "FOOT": 26, "MOTORCYCLE": 2, "PASSENGER_CAR": 16, "RAIL_TRIP": 12, "UNKNOWN": 1}, "Duration": {"BIKE_TRIP": 8474.527999999998, "BUS": 2738.748, "FOOT": 50739.993, "MOTORCYCLE": 1211.9940000000001, "PASSENGER_CAR": 48240.668, "RAIL_TRIP": 17074.717, "UNKNOWN": 420.173}, "Distance": {"BIKE_TRIP": 14.095791838222537, "BUS": 11.71994456062788, "FOOT": 59.2728538969958, "MOTORCYCLE": 16.65964201264459, "PASSENGER_CAR": 894.0557688120555, "RAIL_TRIP": 135.52837619484947, "UNKNOWN": 0.6545923623425206}, "Total_Count": 40, "Total_Duration": 128900.821, "Total_Distance": 1131.9869696777382, "Total_Emission": 217.7604437841318}, "start_percents_count": {"BIKE_TRIP": 0.1, "BUS": 0.075, "FOOT": 0.65, "MOTORCYCLE": 0.05, "PASSENGER_CAR": 0.4, "RAIL_TRIP": 0.3, "UNKNOWN": 0.025}, "start_percents_duration": {"BIKE_TRIP": 0.06574456185969521, "BUS": 0.021246939924455564, "FOOT": 0.39363591795897096, "MOTORCYCLE": 0.009402531268594482, "PASSENGER_CAR": 0.3742463983220091, "RAIL_TRIP": 0.13246398950399238, "UNKNOWN": 0.0032596611622822793}, "start_percents_distance": {"BIKE_TRIP": 0.012452256267786743, "BUS": 0.010353427092861673, "FOOT": 0.05236178108469747, "MOTORCYCLE": 0.014717167652015792, "PASSENGER_CAR": 0.7898110073356952, "RAIL_TRIP": 0.1197260921063717, "UNKNOWN": 0.0005782684605714803}, "end": {"Count": {"BIKE_TRIP": 3, "BUS": 1, "FOOT": 34, "MOTORCYCLE": 3, "PASSENGER_CAR": 22, "RAIL_TRIP": 17}, "Duration": {"BIKE_TRIP": 45557.627, "BUS": 909.322, "FOOT": 68724.389, "MOTORCYCLE": 1585.37, "PASSENGER_CAR": 47013.239, "RAIL_TRIP": 28495.962}, "Distance": {"BIKE_TRIP": 18.555690422485426, "BUS": 3.883258893019888, "FOOT": 189.72229206450098, "MOTORCYCLE": 30.39670393156395, "PASSENGER_CAR": 561.0989785487443, "RAIL_TRIP": 195.35812110726184}, "Total_Count": 48, "Total_Duration": 192285.90899999999, "Total_Distance": 999.0150449675765, "Total_Emission": 134.05582188416383}, "end_percents_count": {"BIKE_TRIP": 0.0625, "BUS": 0.020833333333333332, "FOOT": 0.7083333333333334, "MOTORCYCLE": 0.0625, "PASSENGER_CAR": 0.4583333333333333, "RAIL_TRIP": 0.3541666666666667}, "end_percents_duration": {"BIKE_TRIP": 0.2369264978225732, "BUS": 0.004729010070103473, "FOOT": 0.35740730746942045, "MOTORCYCLE": 0.008244857921440307, "PASSENGER_CAR": 0.24449653770521482, "RAIL_TRIP": 0.14819578901124783}, "end_percents_distance": {"BIKE_TRIP": 0.018573984962446347, "BUS": 0.003887087499413906, "FOOT": 0.18990934422880337, "MOTORCYCLE": 0.030426672836093762, "PASSENGER_CAR": 0.5616521806905871, "RAIL_TRIP": 0.19555072978265536}}