{"start": {"Count": {"FOOT": 1, "PASSENGER_CAR": 5, "RAIL_TRIP": 1}, "Duration": {"FOOT": 4149.664, "PASSENGER_CAR": 3704.3100000000004, "RAIL_TRIP": 660.974}, "Distance": {"FOOT": 7.472333517196885, "PASSENGER_CAR": 47.697072443099884, "RAIL_TRIP": 4.088093315894643}, "Total_Count": 5, "Total_Duration": 8514.948, "Total_Distance": 59.25749927619142, "Total_Emission": 11.96662862680087}, "start_percents_count": {"FOOT": 0.2, "PASSENGER_CAR": 1.0, "RAIL_TRIP": 0.2}, "start_percents_duration": {"FOOT": 0.4873387365372049, "PASSENGER_CAR": 0.43503612705562034, "RAIL_TRIP": 0.07762513640717478}, "start_percents_distance": {"FOOT": 0.12609937321805162, "PASSENGER_CAR": 0.804912003133816, "RAIL_TRIP": 0.06898862364813231}, "end": {"Count": {"FOOT": 3, "PASSENGER_CAR": 3, "RAIL_TRIP": 1}, "Duration": {"FOOT": 4861.831, "PASSENGER_CAR": 1320.997, "RAIL_TRIP": 1382.998}, "Distance": {"FOOT": 9.185293295965078, "PASSENGER_CAR": 21.705672924152157, "RAIL_TRIP": 10.211379987835798}, "Total_Count": 6, "Total_Duration": 7565.826, "Total_Distance": 41.10234620795303, "Total_Emission": 5.990089653422417}, "end_percents_count": {"FOOT": 0.5, "PASSENGER_CAR": 0.5, "RAIL_TRIP": 0.16666666666666666}, "end_percents_duration": {"FOOT": 0.6426041254451266, "PASSENGER_CAR": 0.17460049966784857, "RAIL_TRIP": 0.1827953748870249}, "end_percents_distance": {"FOOT": 0.2234736978150358, "PASSENGER_CAR": 0.5280884165184773, "RAIL_TRIP": 0.24843788566648692}}