{"start": {"Count": {"BIKE_TRIP": 5, "FOOT": 23, "HIGH_SPEED_TRAIN": 1, "MOTORCYCLE": 1, "PASSENGER_CAR": 14, "RAIL_TRIP": 20, "SCOOTER": 1, "UNKNOWN": 2}, "Duration": {"BIKE_TRIP": 3938.4669999999996, "FOOT": 34141.616, "HIGH_SPEED_TRAIN": 4327.878, "MOTORCYCLE": 3077.0, "PASSENGER_CAR": 19636.184, "RAIL_TRIP": 26130.525999999998, "SCOOTER": 496.625, "UNKNOWN": 3426.953}, "Distance": {"BIKE_TRIP": 8.65757704230159, "FOOT": 52.442028347551755, "HIGH_SPEED_TRAIN": 301.12194475428527, "MOTORCYCLE": 48.27929540129083, "PASSENGER_CAR": 278.31310637523615, "RAIL_TRIP": 219.5745130821232, "SCOOTER": 3.9196846304808273, "UNKNOWN": 235.8097279793739}, "Total_Count": 43, "Total_Duration": 95175.249, "Total_Distance": 1148.1178776126435, "Total_Emission": 55.95144717389629}, "start_percents_count": {"BIKE_TRIP": 0.11627906976744186, "FOOT": 0.5348837209302325, "HIGH_SPEED_TRAIN": 0.023255813953488372, "MOTORCYCLE": 0.023255813953488372, "PASSENGER_CAR": 0.32558139534883723, "RAIL_TRIP": 0.46511627906976744, "SCOOTER": 0.023255813953488372, "UNKNOWN": 0.046511627906976744}, "start_percents_duration": {"BIKE_TRIP": 0.041381210360689466, "FOOT": 0.3587236845579464, "HIGH_SPEED_TRAIN": 0.04547272579239588, "MOTORCYCLE": 0.03232983398866653, "PASSENGER_CAR": 0.20631607698762103, "RAIL_TRIP": 0.2745516956829816, "SCOOTER": 0.005218005786357334, "UNKNOWN": 0.0360067668433418}, "start_percents_distance": {"BIKE_TRIP": 0.007540669134343466, "FOOT": 0.04567651925828199, "HIGH_SPEED_TRAIN": 0.2622744150456291, "MOTORCYCLE": 0.04205081755340412, "PASSENGER_CAR": 0.24240812881857635, "RAIL_TRIP": 0.19124736001733447, "SCOOTER": 0.003414008880892338, "UNKNOWN": 0.20538808129153815}, "end": {"Count": {"BIKE_TRIP": 7, "BUS": 1, "FOOT": 26, "HIGH_SPEED_TRAIN": 2, "MOTORCYCLE": 3, "PASSENGER_CAR": 14, "RAIL_TRIP": 24, "UNKNOWN": 4}, "Duration": {"BIKE_TRIP": 8425.895, "BUS": 1265.378, "FOOT": 80085.853, "HIGH_SPEED_TRAIN": 5439.672, "MOTORCYCLE": 1407.218, "PASSENGER_CAR": 39343.876000000004, "RAIL_TRIP": 35930.49, "UNKNOWN": 14244.304}, "Distance": {"BIKE_TRIP": 33.63066632675752, "BUS": 8.664878525670199, "FOOT": 64.58841781228709, "HIGH_SPEED_TRAIN": 281.0539779827543, "MOTORCYCLE": 8.00752214856573, "PASSENGER_CAR": 931.7351635363324, "RAIL_TRIP": 249.86048299771144, "UNKNOWN": 567.6263581926233}, "Total_Count": 42, "Total_Duration": 186142.686, "Total_Distance": 2145.167467522702, "Total_Emission": 194.10742466393432}, "end_percents_count": {"BIKE_TRIP": 0.16666666666666666, "BUS": 0.023809523809523808, "FOOT": 0.6190476190476191, "HIGH_SPEED_TRAIN": 0.047619047619047616, "MOTORCYCLE": 0.07142857142857142, "PASSENGER_CAR": 0.3333333333333333, "RAIL_TRIP": 0.5714285714285714, "UNKNOWN": 0.09523809523809523}, "end_percents_duration": {"BIKE_TRIP": 0.045265786054038144, "BUS": 0.006797892666059412, "FOOT": 0.4302390532819539, "HIGH_SPEED_TRAIN": 0.02922313047529571, "MOTORCYCLE": 0.007559888761893122, "PASSENGER_CAR": 0.21136407153811032, "RAIL_TRIP": 0.19302660110964553, "UNKNOWN": 0.07652357611300398}, "end_percents_distance": {"BIKE_TRIP": 0.01567740833101256, "BUS": 0.00403925504971257, "FOOT": 0.030108799797749854, "HIGH_SPEED_TRAIN": 0.13101726659472565, "MOTORCYCLE": 0.0037328191247525473, "PASSENGER_CAR": 0.43434145708555133, "RAIL_TRIP": 0.11647597997850358, "UNKNOWN": 0.264607014037992}}