{"start": {"Count": {"FOOT": 5, "MOTORCYCLE": 2, "PASSENGER_CAR": 20, "RAIL_TRIP": 7}, "Duration": {"FOOT": 18172.675, "MOTORCYCLE": 7392.353999999999, "PASSENGER_CAR": 21566.621, "RAIL_TRIP": 6984.332}, "Distance": {"FOOT": 15.716327724729958, "MOTORCYCLE": 132.53484194703697, "PASSENGER_CAR": 259.22170312365677, "RAIL_TRIP": 53.893173701648195}, "Total_Count": 25, "Total_Duration": 54115.981999999996, "Total_Distance": 461.3660464970718, "Total_Emission": 68.73358411239701}, "start_percents_count": {"FOOT": 0.2, "MOTORCYCLE": 0.08, "PASSENGER_CAR": 0.8, "RAIL_TRIP": 0.28}, "start_percents_duration": {"FOOT": 0.335809761338157, "MOTORCYCLE": 0.13660204854085434, "PASSENGER_CAR": 0.39852591051567726, "RAIL_TRIP": 0.12906227960531144}, "start_percents_distance": {"FOOT": 0.034064768840395596, "MOTORCYCLE": 0.2872661370582201, "PASSENGER_CAR": 0.5618569140312799, "RAIL_TRIP": 0.11681218007010458}, "end": {"Count": {"BIKE_TRIP": 1, "FOOT": 6, "MOTORCYCLE": 2, "PASSENGER_CAR": 20, "RAIL_TRIP": 9}, "Duration": {"BIKE_TRIP": 4325.598, "FOOT": 104375.14600000001, "MOTORCYCLE": 3916.92, "PASSENGER_CAR": 31345.441, "RAIL_TRIP": 5186.483}, "Distance": {"BIKE_TRIP": 37.60702220241141, "FOOT": 226.60705183547037, "MOTORCYCLE": 37.36061685642936, "PASSENGER_CAR": 366.7978726286559, "RAIL_TRIP": 50.60705175129073}, "Total_Count": 29, "Total_Duration": 149149.58799999996, "Total_Distance": 718.9796152742578, "Total_Emission": 83.49730988203403}, "end_percents_count": {"BIKE_TRIP": 0.034482758620689655, "FOOT": 0.20689655172413793, "MOTORCYCLE": 0.06896551724137931, "PASSENGER_CAR": 0.6896551724137931, "RAIL_TRIP": 0.3103448275862069}, "end_percents_duration": {"BIKE_TRIP": 0.029001742867704072, "FOOT": 0.6998017721644664, "MOTORCYCLE": 0.026261688366179068, "PASSENGER_CAR": 0.21016109679096134, "RAIL_TRIP": 0.034773699810689396}, "end_percents_distance": {"BIKE_TRIP": 0.05230610354379248, "FOOT": 0.31517868799246856, "MOTORCYCLE": 0.05196338820006461, "PASSENGER_CAR": 0.510164495399135, "RAIL_TRIP": 0.0703873248645394}}