{"start": {"Count": {"FOOT": 7, "PASSENGER_CAR": 7, "RAIL_TRIP": 13}, "Duration": {"FOOT": 4844.339, "PASSENGER_CAR": 7451.793, "RAIL_TRIP": 9097.063}, "Distance": {"FOOT": 10.893295416151412, "PASSENGER_CAR": 127.04049749124312, "RAIL_TRIP": 50.167751607564576}, "Total_Count": 27, "Total_Duration": 21393.195000000003, "Total_Distance": 188.1015445149591}, "start_percents_count": {"FOOT": 0.25925925925925924, "PASSENGER_CAR": 0.25925925925925924, "RAIL_TRIP": 0.48148148148148145}, "start_percents_duration": {"FOOT": 0.22644298806232538, "PASSENGER_CAR": 0.3483253903869898, "RAIL_TRIP": 0.4252316215506846}, "start_percents_distance": {"FOOT": 0.05791178081094971, "PASSENGER_CAR": 0.6753825324445435, "RAIL_TRIP": 0.26670568674450673}, "end": {"Count": {"FOOT": 7, "PASSENGER_CAR": 1, "RAIL_TRIP": 4}, "Duration": {"FOOT": 3272.607, "PASSENGER_CAR": 1738.456, "RAIL_TRIP": 4402.662}, "Distance": {"FOOT": 7.173874168795714, "PASSENGER_CAR": 13.641064108816, "RAIL_TRIP": 17.57481950933402}, "Total_Count": 12, "Total_Duration": 9413.724999999999, "Total_Distance": 38.38975778694573}, "end_percents_count": {"FOOT": 0.5833333333333334, "PASSENGER_CAR": 0.08333333333333333, "RAIL_TRIP": 0.3333333333333333}, "end_percents_duration": {"FOOT": 0.34764208642168754, "PASSENGER_CAR": 0.18467248618373705, "RAIL_TRIP": 0.4676854273945756}, "end_percents_distance": {"FOOT": 0.18686948244396476, "PASSENGER_CAR": 0.3553308198640051, "RAIL_TRIP": 0.45779969769203027}}