{"start": {"Count": {"BIKE_TRIP": 5, "FOOT": 25, "MOTORCYCLE": 1, "PASSENGER_CAR": 10, "RAIL_TRIP": 24, "UNKNOWN": 2}, "Duration": {"BIKE_TRIP": 2350.436, "FOOT": 42246.474, "MOTORCYCLE": 1863.366, "PASSENGER_CAR": 14511.984999999999, "RAIL_TRIP": 45809.177, "UNKNOWN": 5888.3679999999995}, "Distance": {"BIKE_TRIP": 8.000010980374467, "FOOT": 49.07459747673041, "MOTORCYCLE": 30.41848737574316, "PASSENGER_CAR": 200.94548284255234, "RAIL_TRIP": 334.6436277173479, "UNKNOWN": 275.6681550325168}, "Total_Count": 40, "Total_Duration": 112669.80600000001, "Total_Distance": 898.750361425265, "Total_Emission": 56.767702796185986}, "start_percents_count": {"BIKE_TRIP": 0.125, "FOOT": 0.625, "MOTORCYCLE": 0.025, "PASSENGER_CAR": 0.25, "RAIL_TRIP": 0.6, "UNKNOWN": 0.05}, "start_percents_duration": {"BIKE_TRIP": 0.020861276711526423, "FOOT": 0.37495825634065616, "MOTORCYCLE": 0.016538290657924802, "PASSENGER_CAR": 0.12880101169252034, "RAIL_TRIP": 0.4065789995236168, "UNKNOWN": 0.05226216507375542}, "start_percents_distance": {"BIKE_TRIP": 0.008901260376338333, "FOOT": 0.0546031463051725, "MOTORCYCLE": 0.03384531309395483, "PASSENGER_CAR": 0.22358320115041402, "RAIL_TRIP": 0.37234324689078296, "UNKNOWN": 0.3067238321833373}, "end": {"Count": {"BIKE_TRIP": 5, "BUS": 1, "FOOT": 23, "HIGH_SPEED_TRAIN": 1, "MOTORCYCLE": 1, "PASSENGER_CAR": 12, "RAIL_TRIP": 31, "UNKNOWN": 1}, "Duration": {"BIKE_TRIP": 1957.6889999999999, "BUS": 1791.505, "FOOT": 47299.983, "HIGH_SPEED_TRAIN": 9008.939, "MOTORCYCLE": 288.784, "PASSENGER_CAR": 24278.478, "RAIL_TRIP": 45697.859000000004, "UNKNOWN": 3373.021}, "Distance": {"BIKE_TRIP": 22.295129799719042, "BUS": 47.79090514695477, "FOOT": 48.011442687241356, "HIGH_SPEED_TRAIN": 517.1095685339253, "MOTORCYCLE": 3.031193827251347, "PASSENGER_CAR": 430.0851250272402, "RAIL_TRIP": 304.3458831515542, "UNKNOWN": 106.12922902821998}, "Total_Count": 46, "Total_Duration": 133696.25799999997, "Total_Distance": 1478.7984772021064, "Total_Emission": 75.33517207646227}, "end_percents_count": {"BIKE_TRIP": 0.10869565217391304, "BUS": 0.021739130434782608, "FOOT": 0.5, "HIGH_SPEED_TRAIN": 0.021739130434782608, "MOTORCYCLE": 0.021739130434782608, "PASSENGER_CAR": 0.2608695652173913, "RAIL_TRIP": 0.6739130434782609, "UNKNOWN": 0.021739130434782608}, "end_percents_duration": {"BIKE_TRIP": 0.014642810721000137, "BUS": 0.013399814077070134, "FOOT": 0.35378688758813287, "HIGH_SPEED_TRAIN": 0.06738362864277025, "MOTORCYCLE": 0.002160000618715896, "PASSENGER_CAR": 0.18159429712685005, "RAIL_TRIP": 0.3418035753850344, "UNKNOWN": 0.025228985840426446}, "end_percents_distance": {"BIKE_TRIP": 0.015076516606847968, "BUS": 0.03231738866635526, "FOOT": 0.03246652158993241, "HIGH_SPEED_TRAIN": 0.34968224305471224, "MOTORCYCLE": 0.0020497680204448004, "PASSENGER_CAR": 0.29083416818291785, "RAIL_TRIP": 0.2058061918804366, "UNKNOWN": 0.07176720199835272}}