{"start": {"Count": {"FOOT": 9, "PASSENGER_CAR": 16, "RAIL_TRIP": 5}, "Duration": {"FOOT": 16886.822, "PASSENGER_CAR": 35517.374, "RAIL_TRIP": 3555.12}, "Distance": {"FOOT": 8.839927243649031, "PASSENGER_CAR": 610.8249100856908, "RAIL_TRIP": 33.901867536066554}, "Total_Count": 25, "Total_Duration": 55959.31599999999, "Total_Distance": 653.5667048654065, "Total_Emission": 131.2526896942775}, "start_percents_count": {"FOOT": 0.36, "PASSENGER_CAR": 0.64, "RAIL_TRIP": 0.2}, "start_percents_duration": {"FOOT": 0.30176962849224254, "PASSENGER_CAR": 0.634699930928391, "RAIL_TRIP": 0.06353044057936663}, "start_percents_distance": {"FOOT": 0.01352566949607615, "PASSENGER_CAR": 0.9346022457057115, "RAIL_TRIP": 0.0518720847982123}, "end": {"Count": {"BIKE_TRIP": 1, "BUS": 2, "FOOT": 15, "PASSENGER_CAR": 14, "RAIL_TRIP": 7}, "Duration": {"BIKE_TRIP": 688.285, "BUS": 3950.751, "FOOT": 121469.353, "PASSENGER_CAR": 35921.197, "RAIL_TRIP": 7862.3099999999995}, "Distance": {"BIKE_TRIP": 0.7219617449111687, "BUS": 47.7282474799479, "FOOT": 16.510288574788536, "PASSENGER_CAR": 549.4521923815985, "RAIL_TRIP": 58.242775959752564}, "Total_Count": 26, "Total_Duration": 169891.896, "Total_Distance": 672.6554661409988, "Total_Emission": 91.02036572446234}, "end_percents_count": {"BIKE_TRIP": 0.038461538461538464, "BUS": 0.07692307692307693, "FOOT": 0.5769230769230769, "PASSENGER_CAR": 0.5384615384615384, "RAIL_TRIP": 0.2692307692307692}, "end_percents_duration": {"BIKE_TRIP": 0.004051311546961604, "BUS": 0.023254499437689483, "FOOT": 0.7149802660392935, "PASSENGER_CAR": 0.21143561197292188, "RAIL_TRIP": 0.04627831100313342}, "end_percents_distance": {"BIKE_TRIP": 0.0010733009411980823, "BUS": 0.07095496860192517, "FOOT": 0.02454494076961493, "PASSENGER_CAR": 0.8168404481030783, "RAIL_TRIP": 0.0865863415841833}}