{"start": {"Count": {"BUS": 1, "FOOT": 6, "HIGH_SPEED_TRAIN": 1, "PASSENGER_CAR": 15, "RAIL_TRIP": 12, "UNKNOWN": 1}, "Duration": {"BUS": 955.277, "FOOT": 33724.858, "HIGH_SPEED_TRAIN": 2063.831, "PASSENGER_CAR": 25949.382, "RAIL_TRIP": 26567.772, "UNKNOWN": 1286.939}, "Distance": {"BUS": 8.027691501286828, "FOOT": 40.18327493606927, "HIGH_SPEED_TRAIN": 130.34288076573512, "PASSENGER_CAR": 340.0518557677101, "RAIL_TRIP": 230.07143216186236, "UNKNOWN": 95.16099002702695}, "Total_Count": 22, "Total_Duration": 90548.059, "Total_Distance": 843.8381251596905, "Total_Emission": 64.16512083959331}, "start_percents_count": {"BUS": 0.045454545454545456, "FOOT": 0.2727272727272727, "HIGH_SPEED_TRAIN": 0.045454545454545456, "PASSENGER_CAR": 0.6818181818181818, "RAIL_TRIP": 0.5454545454545454, "UNKNOWN": 0.045454545454545456}, "start_percents_duration": {"BUS": 0.010549944532770162, "FOOT": 0.3724525779177663, "HIGH_SPEED_TRAIN": 0.02279265864771326, "PASSENGER_CAR": 0.2865813169998487, "RAIL_TRIP": 0.2934107289919931, "UNKNOWN": 0.01421277290990854}, "start_percents_distance": {"BUS": 0.009513307424652853, "FOOT": 0.04761964852970451, "HIGH_SPEED_TRAIN": 0.15446431830876167, "PASSENGER_CAR": 0.40298233230853087, "RAIL_TRIP": 0.2726487762310134, "UNKNOWN": 0.11277161719733675}, "end": {"Count": {"BIKE_TRIP": 1, "BUS": 1, "FOOT": 10, "MOTORCYCLE": 1, "PASSENGER_CAR": 15, "RAIL_TRIP": 12}, "Duration": {"BIKE_TRIP": 6010.381, "BUS": 155.77, "FOOT": 23209.946, "MOTORCYCLE": 2989.491, "PASSENGER_CAR": 32593.99, "RAIL_TRIP": 29448.438000000002}, "Distance": {"BIKE_TRIP": 33.39642797149375, "BUS": 1.8185109696939727, "FOOT": 42.8415150166214, "MOTORCYCLE": 33.94862566133868, "PASSENGER_CAR": 359.34364044417157, "RAIL_TRIP": 274.9230460429596}, "Total_Count": 26, "Total_Duration": 94408.016, "Total_Distance": 746.271766106279, "Total_Emission": 85.35029529765963}, "end_percents_count": {"BIKE_TRIP": 0.038461538461538464, "BUS": 0.038461538461538464, "FOOT": 0.38461538461538464, "MOTORCYCLE": 0.038461538461538464, "PASSENGER_CAR": 0.5769230769230769, "RAIL_TRIP": 0.46153846153846156}, "end_percents_duration": {"BIKE_TRIP": 0.06366388421932308, "BUS": 0.0016499658249358826, "FOOT": 0.2458471958567586, "MOTORCYCLE": 0.031665647967859, "PASSENGER_CAR": 0.3452460011446486, "RAIL_TRIP": 0.31192730498647486}, "end_percents_distance": {"BIKE_TRIP": 0.04475102702295943, "BUS": 0.0024367945462846208, "FOOT": 0.05740739092964721, "MOTORCYCLE": 0.04549096884432306, "PASSENGER_CAR": 0.48151847190879293, "RAIL_TRIP": 0.36839534674799274}}