{"start": {"Count": {"BIKE_TRIP": 3, "FOOT": 17, "PASSENGER_CAR": 24, "RAIL_TRIP": 17, "UNKNOWN": 1}, "Duration": {"BIKE_TRIP": 1565.1490000000001, "FOOT": 34915.009, "PASSENGER_CAR": 33462.807, "RAIL_TRIP": 31130.902000000002, "UNKNOWN": 132.213}, "Distance": {"BIKE_TRIP": 9.79116180321257, "FOOT": 42.88642943562646, "PASSENGER_CAR": 477.46524726454567, "RAIL_TRIP": 277.12482109672385, "UNKNOWN": 7.448633039532837}, "Total_Count": 42, "Total_Duration": 101206.08000000002, "Total_Distance": 814.7162926396414, "Total_Emission": 101.57812975371007}, "start_percents_count": {"BIKE_TRIP": 0.07142857142857142, "FOOT": 0.40476190476190477, "PASSENGER_CAR": 0.5714285714285714, "RAIL_TRIP": 0.40476190476190477, "UNKNOWN": 0.023809523809523808}, "start_percents_duration": {"BIKE_TRIP": 0.01546497008875356, "FOOT": 0.3449892437292304, "PASSENGER_CAR": 0.33064028366675197, "RAIL_TRIP": 0.3075991284318096, "UNKNOWN": 0.0013063740834542744}, "start_percents_distance": {"BIKE_TRIP": 0.012017878974151453, "FOOT": 0.0526397100721731, "PASSENGER_CAR": 0.5860509377044386, "RAIL_TRIP": 0.3401488635987048, "UNKNOWN": 0.009142609650531998}, "end": {"Count": {"BUS": 1, "FOOT": 15, "PASSENGER_CAR": 29, "RAIL_TRIP": 26, "UNKNOWN": 1}, "Duration": {"BUS": 162.999, "FOOT": 29809.638, "PASSENGER_CAR": 38553.871, "RAIL_TRIP": 47061.498, "UNKNOWN": 120.256}, "Distance": {"BUS": 1.6698217414852283, "FOOT": 35.06833482396399, "PASSENGER_CAR": 375.06582191298895, "RAIL_TRIP": 479.18121287436884, "UNKNOWN": 5.671683098059006}, "Total_Count": 52, "Total_Duration": 115708.26199999999, "Total_Distance": 896.656874450866, "Total_Emission": 68.37726373346813}, "end_percents_count": {"BUS": 0.019230769230769232, "FOOT": 0.28846153846153844, "PASSENGER_CAR": 0.5576923076923077, "RAIL_TRIP": 0.5, "UNKNOWN": 0.019230769230769232}, "end_percents_duration": {"BUS": 0.0014087066660805952, "FOOT": 0.25762756681973153, "PASSENGER_CAR": 0.33319894650219534, "RAIL_TRIP": 0.4067254765264731, "UNKNOWN": 0.0010393034855194698}, "end_percents_distance": {"BUS": 0.0018622750676036103, "FOOT": 0.03911009419901082, "PASSENGER_CAR": 0.418293588774065, "RAIL_TRIP": 0.5344086757465958, "UNKNOWN": 0.006325366212724884}}