{"start": {"Count": {"FOOT": 7, "HIGH_SPEED_TRAIN": 1, "PASSENGER_CAR": 3, "RAIL_TRIP": 5}, "Duration": {"FOOT": 5089.049, "HIGH_SPEED_TRAIN": 1404.368, "PASSENGER_CAR": 2149.612, "RAIL_TRIP": 5105.812}, "Distance": {"FOOT": 10.983405339964854, "HIGH_SPEED_TRAIN": 92.5434633554573, "PASSENGER_CAR": 10.970047444608149, "RAIL_TRIP": 31.725261222025438}, "Total_Count": 16, "Total_Duration": 13748.841, "Total_Distance": 146.22217736205573}, "start_percents_count": {"FOOT": 0.4375, "HIGH_SPEED_TRAIN": 0.0625, "PASSENGER_CAR": 0.1875, "RAIL_TRIP": 0.3125}, "start_percents_duration": {"FOOT": 0.3701438543074285, "HIGH_SPEED_TRAIN": 0.10214446439521702, "PASSENGER_CAR": 0.15634859694718994, "RAIL_TRIP": 0.37136308435016446}, "start_percents_distance": {"FOOT": 0.07511449725419708, "HIGH_SPEED_TRAIN": 0.6328962201562188, "PASSENGER_CAR": 0.07502314383847253, "RAIL_TRIP": 0.21696613875111162}, "end": {"Count": {"BUS": 1, "FOOT": 7, "PASSENGER_CAR": 2, "RAIL_TRIP": 3}, "Duration": {"BUS": 362.266, "FOOT": 7507.617, "PASSENGER_CAR": 1080.266, "RAIL_TRIP": 2363.016}, "Distance": {"BUS": 2.3354615088770623, "FOOT": 16.312507048395517, "PASSENGER_CAR": 7.164937988379003, "RAIL_TRIP": 8.812956671752037}, "Total_Count": 13, "Total_Duration": 11313.165, "Total_Distance": 34.62586321740362}, "end_percents_count": {"BUS": 0.07692307692307693, "FOOT": 0.5384615384615384, "PASSENGER_CAR": 0.15384615384615385, "RAIL_TRIP": 0.23076923076923078}, "end_percents_duration": {"BUS": 0.03202163143558854, "FOOT": 0.6636177409239589, "PASSENGER_CAR": 0.09548751388316179, "RAIL_TRIP": 0.20887311375729073}, "end_percents_distance": {"BUS": 0.06744847035909317, "FOOT": 0.4711075922057169, "PASSENGER_CAR": 0.20692445826961414, "RAIL_TRIP": 0.25451947916557577}}