{"start": {"Count": {"BIKE_TRIP": 2, "BUS": 3, "FOOT": 7, "PASSENGER_CAR": 18, "RAIL_TRIP": 7, "UNKNOWN": 2}, "Duration": {"BIKE_TRIP": 3593.1220000000003, "BUS": 1221.413, "FOOT": 48530.899000000005, "PASSENGER_CAR": 90487.576, "RAIL_TRIP": 14912.676, "UNKNOWN": 329.473}, "Distance": {"BIKE_TRIP": 17.43224835310283, "BUS": 15.31938637420903, "FOOT": 13.320515019062412, "PASSENGER_CAR": 349.0111646773056, "RAIL_TRIP": 135.0681940356766, "UNKNOWN": 11.658156362624858}, "Total_Count": 25, "Total_Duration": 159075.159, "Total_Distance": 541.8096648219813, "Total_Emission": 55.09006823819441}, "start_percents_count": {"BIKE_TRIP": 0.08, "BUS": 0.12, "FOOT": 0.28, "PASSENGER_CAR": 0.72, "RAIL_TRIP": 0.28, "UNKNOWN": 0.08}, "start_percents_duration": {"BIKE_TRIP": 0.02258757446849385, "BUS": 0.0076782132903604385, "FOOT": 0.3050815683924603, "PASSENGER_CAR": 0.5688353641689586, "RAIL_TRIP": 0.09374610148904518, "UNKNOWN": 0.0020711781906815508}, "start_percents_distance": {"BIKE_TRIP": 0.03217411848648071, "BUS": 0.028274479709110425, "FOOT": 0.02458522961829971, "PASSENGER_CAR": 0.644158248435782, "RAIL_TRIP": 0.249290853975547, "UNKNOWN": 0.021517069774780226}, "end": {"Count": {"FOOT": 8, "PASSENGER_CAR": 16, "RAIL_TRIP": 5}, "Duration": {"FOOT": 42968.162, "PASSENGER_CAR": 22386.396, "RAIL_TRIP": 7895.191}, "Distance": {"FOOT": 8.873047864303894, "PASSENGER_CAR": 204.44345790351383, "RAIL_TRIP": 90.4233665822256}, "Total_Count": 22, "Total_Duration": 73249.749, "Total_Distance": 303.73987235004336, "Total_Emission": 47.76761018058387}, "end_percents_count": {"FOOT": 0.36363636363636365, "PASSENGER_CAR": 0.7272727272727273, "RAIL_TRIP": 0.22727272727272727}, "end_percents_duration": {"FOOT": 0.5865980783087734, "PASSENGER_CAR": 0.30561737488001495, "RAIL_TRIP": 0.1077845468112116}, "end_percents_distance": {"FOOT": 0.029212654221695986, "PASSENGER_CAR": 0.6730873241031197, "RAIL_TRIP": 0.2977000216751842}}