{"start": {"Count": {"BUS": 1, "FOOT": 14, "PASSENGER_CAR": 5, "PLANE": 1, "RAIL_TRIP": 13}, "Duration": {"BUS": 275.993, "FOOT": 26666.798, "PASSENGER_CAR": 5404.235, "PLANE": 1384.147, "RAIL_TRIP": 25475.454}, "Distance": {"BUS": 0.2670212481291333, "FOOT": 33.991523549512756, "PASSENGER_CAR": 68.9338030691807, "PLANE": 214.8789996115341, "RAIL_TRIP": 146.66980764976455}, "Total_Count": 26, "Total_Duration": 59206.627, "Total_Distance": 464.7411551281213, "Total_Emission": 41.34146964329738}, "start_percents_count": {"BUS": 0.038461538461538464, "FOOT": 0.5384615384615384, "PASSENGER_CAR": 0.19230769230769232, "PLANE": 0.038461538461538464, "RAIL_TRIP": 0.5}, "start_percents_duration": {"BUS": 0.004661522096166701, "FOOT": 0.4504022497346454, "PASSENGER_CAR": 0.09127753553668916, "PLANE": 0.023378244465775765, "RAIL_TRIP": 0.430280448166723}, "start_percents_distance": {"BUS": 0.0005745590748370887, "FOOT": 0.07314076486327506, "PASSENGER_CAR": 0.1483273050138562, "PLANE": 0.46236275234177526, "RAIL_TRIP": 0.31559461870625627}, "end": {"Count": {"BIKE_TRIP": 1, "BUS": 1, "FOOT": 21, "PASSENGER_CAR": 15, "RAIL_TRIP": 21, "SCOOTER": 1, "UNKNOWN": 1}, "Duration": {"BIKE_TRIP": 412.371, "BUS": 275.993, "FOOT": 71640.23300000001, "PASSENGER_CAR": 20899.446, "RAIL_TRIP": 27459.259, "SCOOTER": 285.51, "UNKNOWN": 180.54}, "Distance": {"BIKE_TRIP": 0.4944403377645087, "BUS": 0.2670212481291333, "FOOT": 72.8104775368487, "PASSENGER_CAR": 118.67114423659405, "RAIL_TRIP": 174.8904517932084, "SCOOTER": 0.8485220955747999, "UNKNOWN": 13.601139980286725}, "Total_Count": 39, "Total_Duration": 121153.35200000001, "Total_Distance": 381.58319722840633, "Total_Emission": 27.502186513028807}, "end_percents_count": {"BIKE_TRIP": 0.02564102564102564, "BUS": 0.02564102564102564, "FOOT": 0.5384615384615384, "PASSENGER_CAR": 0.38461538461538464, "RAIL_TRIP": 0.5384615384615384, "SCOOTER": 0.02564102564102564, "UNKNOWN": 0.02564102564102564}, "end_percents_duration": {"BIKE_TRIP": 0.0034037110256759542, "BUS": 0.00227804675185545, "FOOT": 0.5913186207179806, "PASSENGER_CAR": 0.17250406740706603, "RAIL_TRIP": 0.2266487765026922, "SCOOTER": 0.0023566000881263273, "UNKNOWN": 0.0014901775066033663}, "end_percents_distance": {"BIKE_TRIP": 0.0012957602466665975, "BUS": 0.0006997720289274188, "FOOT": 0.1908115400932241, "PASSENGER_CAR": 0.31099677632178446, "RAIL_TRIP": 0.4583284931399201, "SCOOTER": 0.002223688311586989, "UNKNOWN": 0.0356439698578903}}