{"start": {"Count": {"FOOT": 6, "PASSENGER_CAR": 8, "RAIL_TRIP": 7}, "Duration": {"FOOT": 11837.776, "PASSENGER_CAR": 5640.855, "RAIL_TRIP": 12753.338}, "Distance": {"FOOT": 6.885560005326333, "PASSENGER_CAR": 45.365497614582814, "RAIL_TRIP": 90.21566133911945}, "Total_Count": 14, "Total_Duration": 30231.969, "Total_Distance": 142.46671895902864, "Total_Emission": 8.474088282569275}, "start_percents_count": {"FOOT": 0.42857142857142855, "PASSENGER_CAR": 0.5714285714285714, "RAIL_TRIP": 0.5}, "start_percents_duration": {"FOOT": 0.3915648365476956, "PASSENGER_CAR": 0.1865857629054859, "RAIL_TRIP": 0.42184940054681846}, "start_percents_distance": {"FOOT": 0.048331007098622945, "PASSENGER_CAR": 0.31842873862792664, "RAIL_TRIP": 0.6332402542734501}, "end": {"Count": {"FOOT": 6, "MOTORCYCLE": 1, "PASSENGER_CAR": 6, "RAIL_TRIP": 7}, "Duration": {"FOOT": 3884.849, "MOTORCYCLE": 200.396, "PASSENGER_CAR": 8890.515, "RAIL_TRIP": 8470.278}, "Distance": {"FOOT": 4.268323343151099, "MOTORCYCLE": 1.1352224339011927, "PASSENGER_CAR": 87.49089272567008, "RAIL_TRIP": 50.27597988367143}, "Total_Count": 12, "Total_Duration": 21446.038, "Total_Distance": 143.1704183863938, "Total_Emission": 15.336707774881026}, "end_percents_count": {"FOOT": 0.5, "MOTORCYCLE": 0.08333333333333333, "PASSENGER_CAR": 0.5, "RAIL_TRIP": 0.5833333333333334}, "end_percents_duration": {"FOOT": 0.18114530059118614, "MOTORCYCLE": 0.009344196816213792, "PASSENGER_CAR": 0.414552795252904, "RAIL_TRIP": 0.39495770733969604}, "end_percents_distance": {"FOOT": 0.029812885868864228, "MOTORCYCLE": 0.007929168935145604, "PASSENGER_CAR": 0.6110961587717535, "RAIL_TRIP": 0.3511617864242367}}