{"start": {"Count": {"BIKE_TRIP": 1, "FOOT": 8, "MOTORCYCLE": 1, "PASSENGER_CAR": 9, "RAIL_TRIP": 4}, "Duration": {"BIKE_TRIP": 901.292, "FOOT": 11444.21, "MOTORCYCLE": 540.973, "PASSENGER_CAR": 20970.786, "RAIL_TRIP": 3315.9629999999997}, "Distance": {"BIKE_TRIP": 5.371139556727199, "FOOT": 22.36505268106624, "MOTORCYCLE": 3.601178964231892, "PASSENGER_CAR": 358.67741820930434, "RAIL_TRIP": 41.21067079637944}, "Total_Count": 19, "Total_Duration": 37173.22400000001, "Total_Distance": 431.22546020770915, "Total_Emission": 62.44297692362629}, "start_percents_count": {"BIKE_TRIP": 0.05263157894736842, "FOOT": 0.42105263157894735, "MOTORCYCLE": 0.05263157894736842, "PASSENGER_CAR": 0.47368421052631576, "RAIL_TRIP": 0.21052631578947367}, "start_percents_duration": {"BIKE_TRIP": 0.02424573128227995, "FOOT": 0.30786164794315385, "MOTORCYCLE": 0.014552759803669432, "PASSENGER_CAR": 0.5641368636737022, "RAIL_TRIP": 0.08920299729719432}, "start_percents_distance": {"BIKE_TRIP": 0.012455525130960663, "FOOT": 0.05186394298308273, "MOTORCYCLE": 0.008351035123244591, "PASSENGER_CAR": 0.8317630829045658, "RAIL_TRIP": 0.09556641385814608}, "end": {"Count": {"BIKE_TRIP": 2, "FOOT": 8, "MOTORCYCLE": 1, "PASSENGER_CAR": 16, "RAIL_TRIP": 3}, "Duration": {"BIKE_TRIP": 1529.4969999999998, "FOOT": 110447.01800000001, "MOTORCYCLE": 6557.107, "PASSENGER_CAR": 30266.127, "RAIL_TRIP": 2745.3019999999997}, "Distance": {"BIKE_TRIP": 3.6297152114027638, "FOOT": 61.013895135534995, "MOTORCYCLE": 30.04257439634911, "PASSENGER_CAR": 461.65578117579724, "RAIL_TRIP": 41.09070440355185}, "Total_Count": 23, "Total_Duration": 151545.051, "Total_Distance": 597.432670322636, "Total_Emission": 88.47766706197439}, "end_percents_count": {"BIKE_TRIP": 0.08695652173913043, "FOOT": 0.34782608695652173, "MOTORCYCLE": 0.043478260869565216, "PASSENGER_CAR": 0.6956521739130435, "RAIL_TRIP": 0.13043478260869565}, "end_percents_duration": {"BIKE_TRIP": 0.010092688543158033, "FOOT": 0.7288064986035078, "MOTORCYCLE": 0.04326836776741723, "PASSENGER_CAR": 0.19971702672098476, "RAIL_TRIP": 0.018115418364932283}, "end_percents_distance": {"BIKE_TRIP": 0.00607552179803388, "FOOT": 0.10212681389282781, "MOTORCYCLE": 0.05028612576564485, "PASSENGER_CAR": 0.772732734764046, "RAIL_TRIP": 0.06877880377944737}}