{"start": {"Count": {"BUS": 1, "FOOT": 13, "PASSENGER_CAR": 13, "RAIL_TRIP": 3}, "Duration": {"BUS": 867.807, "FOOT": 22329.123, "PASSENGER_CAR": 12141.124, "RAIL_TRIP": 4749.248}, "Distance": {"BUS": 2.013310075831292, "FOOT": 20.20941007046782, "PASSENGER_CAR": 88.74332085397451, "RAIL_TRIP": 22.066323947435073}, "Total_Count": 30, "Total_Duration": 40087.302, "Total_Distance": 133.0323649477087}, "start_percents_count": {"BUS": 0.03333333333333333, "FOOT": 0.43333333333333335, "PASSENGER_CAR": 0.43333333333333335, "RAIL_TRIP": 0.1}, "start_percents_duration": {"BUS": 0.021647927316235948, "FOOT": 0.5570123676569703, "PASSENGER_CAR": 0.30286707746008945, "RAIL_TRIP": 0.11847262756670426}, "start_percents_distance": {"BUS": 0.015133986955901055, "FOOT": 0.15191348419921402, "PASSENGER_CAR": 0.6670806828763589, "RAIL_TRIP": 0.165871845968526}, "end": {"Count": {"BUS": 1, "FOOT": 12, "PASSENGER_CAR": 9, "RAIL_TRIP": 1}, "Duration": {"BUS": 611.865, "FOOT": 43952.327999999994, "PASSENGER_CAR": 12635.351999999999, "RAIL_TRIP": 445.752}, "Distance": {"BUS": 2.688391048712921, "FOOT": 13.651061128354467, "PASSENGER_CAR": 107.44637665261858, "RAIL_TRIP": 1.5508304611431}, "Total_Count": 23, "Total_Duration": 57645.297000000006, "Total_Distance": 125.33665929082906}, "end_percents_count": {"BUS": 0.043478260869565216, "FOOT": 0.5217391304347826, "PASSENGER_CAR": 0.391304347826087, "RAIL_TRIP": 0.043478260869565216}, "end_percents_duration": {"BUS": 0.010614309090991411, "FOOT": 0.7624616453966746, "PASSENGER_CAR": 0.21919137653154944, "RAIL_TRIP": 0.0077326689807843295}, "end_percents_distance": {"BUS": 0.021449359380760452, "FOOT": 0.10891515064781467, "PASSENGER_CAR": 0.8572621710245351, "RAIL_TRIP": 0.012373318946889906}}