{"start": {"Count": {"BIKE_TRIP": 1, "FOOT": 7, "PASSENGER_CAR": 6, "RAIL_TRIP": 4}, "Duration": {"BIKE_TRIP": 600.772, "FOOT": 18482.073, "PASSENGER_CAR": 4816.0830000000005, "RAIL_TRIP": 6203.354}, "Distance": {"BIKE_TRIP": 3.893113608074278, "FOOT": 7.645046166995693, "PASSENGER_CAR": 62.6549748461677, "RAIL_TRIP": 32.06071768825803}, "Total_Count": 18, "Total_Duration": 30102.282, "Total_Distance": 106.2538523094957}, "start_percents_count": {"BIKE_TRIP": 0.05555555555555555, "FOOT": 0.3888888888888889, "PASSENGER_CAR": 0.3333333333333333, "RAIL_TRIP": 0.2222222222222222}, "start_percents_duration": {"BIKE_TRIP": 0.01995768958645727, "FOOT": 0.6139758108704184, "PASSENGER_CAR": 0.15999062795305688, "RAIL_TRIP": 0.20607587159006752}, "start_percents_distance": {"BIKE_TRIP": 0.03663974080426219, "FOOT": 0.07195076696821533, "PASSENGER_CAR": 0.589672501131221, "RAIL_TRIP": 0.3017369910963014}, "end": {"Count": {"FOOT": 3, "PASSENGER_CAR": 9, "RAIL_TRIP": 1}, "Duration": {"FOOT": 14631.21, "PASSENGER_CAR": 12473.398000000001, "RAIL_TRIP": 170.536}, "Distance": {"FOOT": 10.29147287472993, "PASSENGER_CAR": 174.0073412732877, "RAIL_TRIP": 1.5693521214734956}, "Total_Count": 13, "Total_Duration": 27275.144, "Total_Distance": 185.86816626949107}, "end_percents_count": {"FOOT": 0.23076923076923078, "PASSENGER_CAR": 0.6923076923076923, "RAIL_TRIP": 0.07692307692307693}, "end_percents_duration": {"FOOT": 0.5364301651349668, "PASSENGER_CAR": 0.45731740224726225, "RAIL_TRIP": 0.006252432617770964}, "end_percents_distance": {"FOOT": 0.055369744487650877, "PASSENGER_CAR": 0.9361868939998778, "RAIL_TRIP": 0.008443361512471614}}