{"start": {"Count": {"BUS": 1, "PASSENGER_CAR": 5}, "Duration": {"BUS": 729.936, "PASSENGER_CAR": 18316.835}, "Distance": {"BUS": 8.514200491934206, "PASSENGER_CAR": 410.91213251855305}, "Total_Count": 6, "Total_Duration": 19046.771, "Total_Distance": 419.42633301048727, "Total_Emission": 67.18089327365568}, "start_percents_count": {"BUS": 0.16666666666666666, "PASSENGER_CAR": 0.8333333333333334}, "start_percents_duration": {"BUS": 0.03832334625118347, "PASSENGER_CAR": 0.9616766537488165}, "start_percents_distance": {"BUS": 0.020299632669275723, "PASSENGER_CAR": 0.9797003673307243}, "end": {"Count": {"BIKE_TRIP": 1, "FOOT": 1, "PASSENGER_CAR": 3, "RAIL_TRIP": 1}, "Duration": {"BIKE_TRIP": 2825.844, "FOOT": 3006.485, "PASSENGER_CAR": 2710.332, "RAIL_TRIP": 180.408}, "Distance": {"BIKE_TRIP": 8.84054750950453, "FOOT": 5.685174785197017, "PASSENGER_CAR": 28.665910117200227, "RAIL_TRIP": 1.1360956610983124}, "Total_Count": 4, "Total_Duration": 8723.069, "Total_Distance": 44.32772807300009, "Total_Emission": 6.959187902790442}, "end_percents_count": {"BIKE_TRIP": 0.25, "FOOT": 0.25, "PASSENGER_CAR": 0.75, "RAIL_TRIP": 0.25}, "end_percents_duration": {"BIKE_TRIP": 0.32395066461127386, "FOOT": 0.344659087300582, "PASSENGER_CAR": 0.31070853618147465, "RAIL_TRIP": 0.020681711906669543}, "end_percents_distance": {"BIKE_TRIP": 0.19943606166654154, "FOOT": 0.12825324085715648, "PASSENGER_CAR": 0.6466812391104827, "RAIL_TRIP": 0.025629458365819237}}