{"start": {"Count": {"BIKE_TRIP": 2, "FOOT": 3, "PASSENGER_CAR": 3, "RAIL_TRIP": 4, "UNKNOWN": 1}, "Duration": {"BIKE_TRIP": 420.61400000000003, "FOOT": 3187.491, "PASSENGER_CAR": 6020.27, "RAIL_TRIP": 3496.928, "UNKNOWN": 180.265}, "Distance": {"BIKE_TRIP": 4.088505244932138, "FOOT": 2.304673309538106, "PASSENGER_CAR": 103.83748972541616, "RAIL_TRIP": 49.58590629373473, "UNKNOWN": 6.876377134343862}, "Total_Count": 6, "Total_Duration": 13305.568000000001, "Total_Distance": 166.69295170796505, "Total_Emission": 15.474408139125238}, "start_percents_count": {"BIKE_TRIP": 0.3333333333333333, "FOOT": 0.5, "PASSENGER_CAR": 0.5, "RAIL_TRIP": 0.6666666666666666, "UNKNOWN": 0.16666666666666666}, "start_percents_duration": {"BIKE_TRIP": 0.03161187857594655, "FOOT": 0.2395606861728864, "PASSENGER_CAR": 0.4524624578221689, "RAIL_TRIP": 0.26281688989151003, "UNKNOWN": 0.013548087537488063}, "start_percents_distance": {"BIKE_TRIP": 0.024527163284593624, "FOOT": 0.013825859377520294, "PASSENGER_CAR": 0.622926696428848, "RAIL_TRIP": 0.29746852392778994, "UNKNOWN": 0.041251756981247875}, "end": {"Count": {"BIKE_TRIP": 1, "FOOT": 8, "PASSENGER_CAR": 5, "RAIL_TRIP": 3}, "Duration": {"BIKE_TRIP": 1923.089, "FOOT": 19446.824, "PASSENGER_CAR": 6538.18, "RAIL_TRIP": 5694.377}, "Distance": {"BIKE_TRIP": 10.950364816605656, "FOOT": 16.229477757622863, "PASSENGER_CAR": 80.4706231090166, "RAIL_TRIP": 42.48882375606257}, "Total_Count": 11, "Total_Duration": 33602.469999999994, "Total_Distance": 150.13928943930776, "Total_Emission": 15.984677570553695}, "end_percents_count": {"BIKE_TRIP": 0.09090909090909091, "FOOT": 0.7272727272727273, "PASSENGER_CAR": 0.45454545454545453, "RAIL_TRIP": 0.2727272727272727}, "end_percents_duration": {"BIKE_TRIP": 0.05723058453738669, "FOOT": 0.5787319801193187, "PASSENGER_CAR": 0.19457438694238852, "RAIL_TRIP": 0.16946304840090629}, "end_percents_distance": {"BIKE_TRIP": 0.07293470521606689, "FOOT": 0.1080961407119451, "PASSENGER_CAR": 0.5359731180927562, "RAIL_TRIP": 0.2829960359792314}}