{"start": {"Count": {"FOOT": 11, "PASSENGER_CAR": 3, "RAIL_TRIP": 6}, "Duration": {"FOOT": 22330.823, "PASSENGER_CAR": 1718.522, "RAIL_TRIP": 3911.945}, "Distance": {"FOOT": 20.87557811113518, "PASSENGER_CAR": 7.80239852607245, "RAIL_TRIP": 20.155304621033146}, "Total_Count": 15, "Total_Duration": 27961.289999999997, "Total_Distance": 48.83328125824078, "Total_Emission": 1.8323475793008304}, "start_percents_count": {"FOOT": 0.7333333333333333, "PASSENGER_CAR": 0.2, "RAIL_TRIP": 0.4}, "start_percents_duration": {"FOOT": 0.798633503675975, "PASSENGER_CAR": 0.06146075520836128, "RAIL_TRIP": 0.13990574111566384}, "start_percents_distance": {"FOOT": 0.4274866970486927, "PASSENGER_CAR": 0.1597762494150599, "RAIL_TRIP": 0.4127370535362473}, "end": {"Count": {"BIKE_TRIP": 1, "FOOT": 18, "PASSENGER_CAR": 6, "RAIL_TRIP": 9, "UNKNOWN": 1}, "Duration": {"BIKE_TRIP": 378.0, "FOOT": 23357.11, "PASSENGER_CAR": 4597.966, "RAIL_TRIP": 10684.182, "UNKNOWN": 120.495}, "Distance": {"BIKE_TRIP": 1.753645634335166, "FOOT": 33.62747937976284, "PASSENGER_CAR": 25.35026504565311, "RAIL_TRIP": 82.71013433683865, "UNKNOWN": 5.37416922858822}, "Total_Count": 22, "Total_Duration": 39137.753000000004, "Total_Distance": 148.81569362517797, "Total_Emission": 5.340968375330421}, "end_percents_count": {"BIKE_TRIP": 0.045454545454545456, "FOOT": 0.8181818181818182, "PASSENGER_CAR": 0.2727272727272727, "RAIL_TRIP": 0.4090909090909091, "UNKNOWN": 0.045454545454545456}, "end_percents_duration": {"BIKE_TRIP": 0.009658193713880303, "FOOT": 0.5967923094614042, "PASSENGER_CAR": 0.11748160401543747, "RAIL_TRIP": 0.272989151932151, "UNKNOWN": 0.003078740877127003}, "end_percents_distance": {"BIKE_TRIP": 0.011784010083990689, "FOOT": 0.2259672925656642, "PASSENGER_CAR": 0.17034671833404086, "RAIL_TRIP": 0.5557890590837861, "UNKNOWN": 0.03611291993251826}}