{"start": {"Count": {"BIKE_TRIP": 1, "FOOT": 3, "PASSENGER_CAR": 8, "RAIL_TRIP": 1}, "Duration": {"BIKE_TRIP": 485.565, "FOOT": 19613.392, "PASSENGER_CAR": 7399.7699999999995, "RAIL_TRIP": 1013.731}, "Distance": {"BIKE_TRIP": 4.275869383012337, "FOOT": 22.977703161889387, "PASSENGER_CAR": 114.15832251171159, "RAIL_TRIP": 6.320852877598098}, "Total_Count": 9, "Total_Duration": 28512.457999999995, "Total_Distance": 147.73274793421143, "Total_Emission": 17.170062659500868}, "start_percents_count": {"BIKE_TRIP": 0.1111111111111111, "FOOT": 0.3333333333333333, "PASSENGER_CAR": 0.8888888888888888, "RAIL_TRIP": 0.1111111111111111}, "start_percents_duration": {"BIKE_TRIP": 0.01702992425275997, "FOOT": 0.6878885012298835, "PASSENGER_CAR": 0.25952760719542317, "RAIL_TRIP": 0.03555396732193346}, "start_percents_distance": {"BIKE_TRIP": 0.028943273869896965, "FOOT": 0.15553561064282004, "PASSENGER_CAR": 0.7727353894652305, "RAIL_TRIP": 0.0427857260220524}, "end": {"Count": {"BIKE_TRIP": 1, "FOOT": 8, "PASSENGER_CAR": 9, "RAIL_TRIP": 5}, "Duration": {"BIKE_TRIP": 3066.394, "FOOT": 24906.728, "PASSENGER_CAR": 9071.782, "RAIL_TRIP": 4012.002}, "Distance": {"BIKE_TRIP": 22.243617818109342, "FOOT": 30.556767614822164, "PASSENGER_CAR": 143.305583290461, "RAIL_TRIP": 33.69566508843882}, "Total_Count": 14, "Total_Duration": 41056.906, "Total_Distance": 229.80163381183132, "Total_Emission": 21.707017658950363}, "end_percents_count": {"BIKE_TRIP": 0.07142857142857142, "FOOT": 0.5714285714285714, "PASSENGER_CAR": 0.6428571428571429, "RAIL_TRIP": 0.35714285714285715}, "end_percents_duration": {"BIKE_TRIP": 0.07468643643045093, "FOOT": 0.6066391851348953, "PASSENGER_CAR": 0.2209562990450376, "RAIL_TRIP": 0.09771807938961595}, "end_percents_distance": {"BIKE_TRIP": 0.09679486367935532, "FOOT": 0.1329701930659161, "PASSENGER_CAR": 0.6236055893658442, "RAIL_TRIP": 0.14662935388888435}}