{"start": {"Count": {"BIKE_TRIP": 1, "FOOT": 7, "PASSENGER_CAR": 2, "RAIL_TRIP": 2}, "Duration": {"BIKE_TRIP": 481.003, "FOOT": 16827.241, "PASSENGER_CAR": 2224.882, "RAIL_TRIP": 240.417}, "Distance": {"BIKE_TRIP": 0.8603631430929313, "FOOT": 14.647457284335438, "PASSENGER_CAR": 43.391576849466816, "RAIL_TRIP": 0.6883909478912236}, "Total_Count": 7, "Total_Duration": 19773.543, "Total_Distance": 59.587788224786415, "Total_Emission": 11.272305390120522}, "start_percents_count": {"BIKE_TRIP": 0.14285714285714285, "FOOT": 1.0, "PASSENGER_CAR": 0.2857142857142857, "RAIL_TRIP": 0.2857142857142857}, "start_percents_duration": {"BIKE_TRIP": 0.024325584949545963, "FOOT": 0.8509977701011903, "PASSENGER_CAR": 0.11251812586140986, "RAIL_TRIP": 0.012158519087853906}, "start_percents_distance": {"BIKE_TRIP": 0.014438581607481961, "FOOT": 0.24581307211940806, "PASSENGER_CAR": 0.7281957955173347, "RAIL_TRIP": 0.011552550755775111}, "end": {"Count": {"BUS": 1, "FOOT": 5, "PASSENGER_CAR": 1, "RAIL_TRIP": 1}, "Duration": {"BUS": 19403.577, "FOOT": 14723.759, "PASSENGER_CAR": 1924.291, "RAIL_TRIP": 120.248}, "Distance": {"BUS": 63.470581471855766, "FOOT": 12.122708852443454, "PASSENGER_CAR": 41.915523756014366, "RAIL_TRIP": 0.2832896547912469}, "Total_Count": 6, "Total_Duration": 36171.875, "Total_Distance": 117.79210373510483, "Total_Emission": 17.549806235681267}, "end_percents_count": {"BUS": 0.16666666666666666, "FOOT": 0.8333333333333334, "PASSENGER_CAR": 0.16666666666666666, "RAIL_TRIP": 0.16666666666666666}, "end_percents_duration": {"BUS": 0.5364271827213823, "FOOT": 0.40704992483801294, "PASSENGER_CAR": 0.05319854168466522, "RAIL_TRIP": 0.003324350755939525}, "end_percents_distance": {"BUS": 0.5388356219071417, "FOOT": 0.10291614181291339, "PASSENGER_CAR": 0.3558432392911117, "RAIL_TRIP": 0.002404996988833131}}