{"start": {"Count": {"BIKE_TRIP": 3, "BUS": 1, "FOOT": 16, "PASSENGER_CAR": 14, "RAIL_TRIP": 6}, "Duration": {"BIKE_TRIP": 5615.249, "BUS": 2826.053, "FOOT": 16550.349000000002, "PASSENGER_CAR": 20010.142, "RAIL_TRIP": 9526.484}, "Distance": {"BIKE_TRIP": 9.684535912106668, "BUS": 33.794769648022104, "FOOT": 16.199850651650898, "PASSENGER_CAR": 204.28433602433503, "RAIL_TRIP": 52.99463471138482}, "Total_Count": 30, "Total_Duration": 54528.276999999995, "Total_Distance": 316.9581269474995, "Total_Emission": 55.17108986950431}, "start_percents_count": {"BIKE_TRIP": 0.1, "BUS": 0.03333333333333333, "FOOT": 0.5333333333333333, "PASSENGER_CAR": 0.4666666666666667, "RAIL_TRIP": 0.2}, "start_percents_duration": {"BIKE_TRIP": 0.10297866187849655, "BUS": 0.051827293204221365, "FOOT": 0.3035186495989962, "PASSENGER_CAR": 0.3669681695609051, "RAIL_TRIP": 0.1747072257573809}, "start_percents_distance": {"BIKE_TRIP": 0.030554622483968678, "BUS": 0.1066221900460051, "FOOT": 0.051110381070412554, "PASSENGER_CAR": 0.6445152171730634, "RAIL_TRIP": 0.16719758922655034}, "end": {"Count": {"BIKE_TRIP": 1, "BUS": 1, "FOOT": 19, "PASSENGER_CAR": 15, "RAIL_TRIP": 6}, "Duration": {"BIKE_TRIP": 1683.247, "BUS": 1503.503, "FOOT": 38429.944, "PASSENGER_CAR": 22841.666, "RAIL_TRIP": 5902.101}, "Distance": {"BIKE_TRIP": 10.070957867212403, "BUS": 11.450176585992637, "FOOT": 59.008837646405055, "PASSENGER_CAR": 363.09164827595754, "RAIL_TRIP": 15.149095136893205}, "Total_Count": 33, "Total_Duration": 70360.461, "Total_Distance": 458.7707155124608, "Total_Emission": 68.20740496516039}, "end_percents_count": {"BIKE_TRIP": 0.030303030303030304, "BUS": 0.030303030303030304, "FOOT": 0.5757575757575758, "PASSENGER_CAR": 0.45454545454545453, "RAIL_TRIP": 0.18181818181818182}, "end_percents_duration": {"BIKE_TRIP": 0.023923194590780184, "BUS": 0.021368578014291293, "FOOT": 0.5461866430920628, "PASSENGER_CAR": 0.32463781043162865, "RAIL_TRIP": 0.08388377387123715}, "end_percents_distance": {"BIKE_TRIP": 0.02195205039616105, "BUS": 0.024958385962369985, "FOOT": 0.12862381065559164, "PASSENGER_CAR": 0.7914446933919336, "RAIL_TRIP": 0.033021059593943795}}