{"start": {"Count": {"BIKE_TRIP": 2, "FOOT": 22, "PASSENGER_CAR": 6, "RAIL_TRIP": 13}, "Duration": {"BIKE_TRIP": 1142.854, "FOOT": 78845.535, "PASSENGER_CAR": 8012.294, "RAIL_TRIP": 21836.276}, "Distance": {"BIKE_TRIP": 4.934230522120596, "FOOT": 66.03707541465141, "PASSENGER_CAR": 33.61311300741049, "RAIL_TRIP": 107.15974132671715}, "Total_Count": 30, "Total_Duration": 109836.959, "Total_Distance": 211.7441602708996, "Total_Emission": 6.508427954331644}, "start_percents_count": {"BIKE_TRIP": 0.06666666666666667, "FOOT": 0.7333333333333333, "PASSENGER_CAR": 0.2, "RAIL_TRIP": 0.43333333333333335}, "start_percents_duration": {"BIKE_TRIP": 0.010405004020550132, "FOOT": 0.7178415691570631, "PASSENGER_CAR": 0.07294715797803543, "RAIL_TRIP": 0.1988062688443514}, "start_percents_distance": {"BIKE_TRIP": 0.02330279388016122, "FOOT": 0.3118720031294625, "PASSENGER_CAR": 0.15874399069332917, "RAIL_TRIP": 0.5060812122970473}, "end": {"Count": {"BIKE_TRIP": 1, "BUS": 2, "FOOT": 21, "PASSENGER_CAR": 4, "RAIL_TRIP": 15, "UNKNOWN": 1}, "Duration": {"BIKE_TRIP": 480.722, "BUS": 598.323, "FOOT": 33831.127, "PASSENGER_CAR": 3200.2470000000003, "RAIL_TRIP": 20597.944, "UNKNOWN": 240.225}, "Distance": {"BIKE_TRIP": 0.4644955303877739, "BUS": 6.5687336599913735, "FOOT": 45.59881014614448, "PASSENGER_CAR": 41.144194311086935, "RAIL_TRIP": 150.3223764736455, "UNKNOWN": 16.722417501586566}, "Total_Count": 35, "Total_Duration": 58948.587999999996, "Total_Distance": 260.8210276228426, "Total_Emission": 9.646801069165136}, "end_percents_count": {"BIKE_TRIP": 0.02857142857142857, "BUS": 0.05714285714285714, "FOOT": 0.6, "PASSENGER_CAR": 0.11428571428571428, "RAIL_TRIP": 0.42857142857142855, "UNKNOWN": 0.02857142857142857}, "end_percents_duration": {"BIKE_TRIP": 0.008154936637328785, "BUS": 0.010149912326992463, "FOOT": 0.5739090306963757, "PASSENGER_CAR": 0.05428878126817899, "RAIL_TRIP": 0.3494221778475848, "UNKNOWN": 0.0040751612235394}, "end_percents_distance": {"BIKE_TRIP": 0.0017808975550063877, "BUS": 0.025184831606023802, "FOOT": 0.17482796752139992, "PASSENGER_CAR": 0.15774876238346489, "RAIL_TRIP": 0.5763430113120233, "UNKNOWN": 0.06411452962208183}}