{"start": {"Count": {"BIKE_TRIP": 4, "FOOT": 7, "PASSENGER_CAR": 15, "RAIL_TRIP": 10, "UNKNOWN": 1}, "Duration": {"BIKE_TRIP": 5975.608, "FOOT": 9106.261, "PASSENGER_CAR": 67736.92, "RAIL_TRIP": 14343.141, "UNKNOWN": 602.4839999999999}, "Distance": {"BIKE_TRIP": 42.81435940007519, "FOOT": 10.676877667491713, "PASSENGER_CAR": 727.1182180041112, "RAIL_TRIP": 162.81273265463125, "UNKNOWN": 16.811001492842625}, "Total_Count": 23, "Total_Duration": 97764.41399999999, "Total_Distance": 960.2331892191519, "Total_Emission": 131.07101354288687}, "start_percents_count": {"BIKE_TRIP": 0.17391304347826086, "FOOT": 0.30434782608695654, "PASSENGER_CAR": 0.6521739130434783, "RAIL_TRIP": 0.43478260869565216, "UNKNOWN": 0.043478260869565216}, "start_percents_duration": {"BIKE_TRIP": 0.06112252664860243, "FOOT": 0.09314494535813411, "PASSENGER_CAR": 0.6928586510015803, "RAIL_TRIP": 0.14671126653508096, "UNKNOWN": 0.006162610456602338}, "start_percents_distance": {"BIKE_TRIP": 0.044587460505183356, "FOOT": 0.011119046693412045, "PASSENGER_CAR": 0.7572308749246561, "RAIL_TRIP": 0.16955541058420223, "UNKNOWN": 0.0175072072925464}, "end": {"Count": {"BIKE_TRIP": 1, "FOOT": 9, "MOTORCYCLE": 1, "PASSENGER_CAR": 15, "RAIL_TRIP": 10, "UNKNOWN": 2}, "Duration": {"BIKE_TRIP": 120.768, "FOOT": 16491.248, "MOTORCYCLE": 1564.935, "PASSENGER_CAR": 21811.25, "RAIL_TRIP": 17125.849, "UNKNOWN": 637.6859999999999}, "Distance": {"BIKE_TRIP": 0.6683199388262268, "FOOT": 23.079945070861015, "MOTORCYCLE": 10.484643545980717, "PASSENGER_CAR": 196.85899242548078, "RAIL_TRIP": 202.38894603772562, "UNKNOWN": 17.572370646561687}, "Total_Count": 25, "Total_Duration": 57751.736, "Total_Distance": 451.05321766543597, "Total_Emission": 38.22455461925975}, "end_percents_count": {"BIKE_TRIP": 0.04, "FOOT": 0.36, "MOTORCYCLE": 0.04, "PASSENGER_CAR": 0.6, "RAIL_TRIP": 0.4, "UNKNOWN": 0.08}, "end_percents_duration": {"BIKE_TRIP": 0.0020911579177464034, "FOOT": 0.2855541519998637, "MOTORCYCLE": 0.027097626987351516, "PASSENGER_CAR": 0.37767262961584397, "RAIL_TRIP": 0.29654258358571245, "UNKNOWN": 0.01104184989348199}, "end_percents_distance": {"BIKE_TRIP": 0.0014816875540436696, "FOOT": 0.051169006598197744, "MOTORCYCLE": 0.023244803795541464, "PASSENGER_CAR": 0.4364429400246489, "RAIL_TRIP": 0.44870303128586814, "UNKNOWN": 0.03895853074170022}}