{"start": {"Count": {"BIKE_TRIP": 1, "FOOT": 9, "PASSENGER_CAR": 5, "RAIL_TRIP": 11}, "Duration": {"BIKE_TRIP": 901.284, "FOOT": 15733.813, "PASSENGER_CAR": 25284.109, "RAIL_TRIP": 15874.897}, "Distance": {"BIKE_TRIP": 2.3087310712789475, "FOOT": 30.712028696849757, "PASSENGER_CAR": 142.65932100922598, "RAIL_TRIP": 117.72266445715492}, "Total_Count": 15, "Total_Duration": 57794.103, "Total_Distance": 293.4027452345096, "Total_Emission": 27.92477245091199}, "start_percents_count": {"BIKE_TRIP": 0.06666666666666667, "FOOT": 0.6, "PASSENGER_CAR": 0.3333333333333333, "RAIL_TRIP": 0.7333333333333333}, "start_percents_duration": {"BIKE_TRIP": 0.01559473983011727, "FOOT": 0.27223907255728147, "PASSENGER_CAR": 0.4374859663450439, "RAIL_TRIP": 0.27468022126755737}, "start_percents_distance": {"BIKE_TRIP": 0.007868812097970097, "FOOT": 0.10467532835216789, "PASSENGER_CAR": 0.48622353855347156, "RAIL_TRIP": 0.40123232099639045}, "end": {"Count": {"BIKE_TRIP": 1, "FOOT": 9, "PASSENGER_CAR": 3, "RAIL_TRIP": 8}, "Duration": {"BIKE_TRIP": 401.592, "FOOT": 19981.139, "PASSENGER_CAR": 2987.804, "RAIL_TRIP": 11986.791}, "Distance": {"BIKE_TRIP": 1.5971663258619877, "FOOT": 28.06828256080649, "PASSENGER_CAR": 15.217537430545306, "RAIL_TRIP": 87.02014604093685}, "Total_Count": 12, "Total_Duration": 35357.326, "Total_Distance": 131.90313235815066, "Total_Emission": 3.808606162224189}, "end_percents_count": {"BIKE_TRIP": 0.08333333333333333, "FOOT": 0.75, "PASSENGER_CAR": 0.25, "RAIL_TRIP": 0.6666666666666666}, "end_percents_duration": {"BIKE_TRIP": 0.011358098743100651, "FOOT": 0.5651201960238735, "PASSENGER_CAR": 0.08450310976571022, "RAIL_TRIP": 0.33901859546731555}, "end_percents_distance": {"BIKE_TRIP": 0.012108630760377045, "FOOT": 0.21279466271198128, "PASSENGER_CAR": 0.11536903755420917, "RAIL_TRIP": 0.6597276689734324}}