{"start": {"Count": {"BIKE_TRIP": 1, "FOOT": 5, "PASSENGER_CAR": 1}, "Duration": {"BIKE_TRIP": 874.084, "FOOT": 163528.837, "PASSENGER_CAR": 252.0}, "Distance": {"BIKE_TRIP": 1.1792220351832248, "FOOT": 276.2304237859064, "PASSENGER_CAR": 1.088678121379318}, "Total_Count": 7, "Total_Duration": 164654.921, "Total_Distance": 278.49832394246897}, "start_percents_count": {"BIKE_TRIP": 0.14285714285714285, "FOOT": 0.7142857142857143, "PASSENGER_CAR": 0.14285714285714285}, "start_percents_duration": {"BIKE_TRIP": 0.005308581090024026, "FOOT": 0.9931609453688905, "PASSENGER_CAR": 0.0015304735410853587}, "start_percents_distance": {"BIKE_TRIP": 0.0042342159137260145, "FOOT": 0.9918566829255638, "PASSENGER_CAR": 0.003909101160710082}, "end": {"Count": {"BIKE_TRIP": 1, "BUS": 1, "FOOT": 6, "PASSENGER_CAR": 2, "RAIL_TRIP": 1}, "Duration": {"BIKE_TRIP": 781.0, "BUS": 389.258, "FOOT": 4815.565, "PASSENGER_CAR": 2579.121, "RAIL_TRIP": 6198.661}, "Distance": {"BIKE_TRIP": 2.81720904627613, "BUS": 2.091499173865384, "FOOT": 7.8381392469243, "PASSENGER_CAR": 8.596365913902307, "RAIL_TRIP": 2.7391347818065164}, "Total_Count": 11, "Total_Duration": 14763.605, "Total_Distance": 24.08234816277464}, "end_percents_count": {"BIKE_TRIP": 0.09090909090909091, "BUS": 0.09090909090909091, "FOOT": 0.5454545454545454, "PASSENGER_CAR": 0.18181818181818182, "RAIL_TRIP": 0.09090909090909091}, "end_percents_duration": {"BIKE_TRIP": 0.05290035868610682, "BUS": 0.02636605354857435, "FOOT": 0.3261781251936773, "PASSENGER_CAR": 0.17469452752224135, "RAIL_TRIP": 0.4198609350494002}, "end_percents_distance": {"BIKE_TRIP": 0.11698232361870921, "BUS": 0.08684780901466764, "FOOT": 0.3254723830892922, "PASSENGER_CAR": 0.3569571312481133, "RAIL_TRIP": 0.11374035302921756}}