{"start": {"Count": {"FOOT": 2, "PASSENGER_CAR": 21, "RAIL_TRIP": 1}, "Duration": {"FOOT": 1196.326, "PASSENGER_CAR": 16238.956, "RAIL_TRIP": 780.373}, "Distance": {"FOOT": 2.809661467990213, "PASSENGER_CAR": 157.59067210892255, "RAIL_TRIP": 0.2197551785985146}, "Total_Count": 22, "Total_Duration": 18215.654999999995, "Total_Distance": 160.6200887555113, "Total_Emission": 33.566196959864286}, "start_percents_count": {"FOOT": 0.09090909090909091, "PASSENGER_CAR": 0.9545454545454546, "RAIL_TRIP": 0.045454545454545456}, "start_percents_duration": {"FOOT": 0.06567570586948426, "PASSENGER_CAR": 0.8914835069065594, "RAIL_TRIP": 0.04284078722395655}, "start_percents_distance": {"FOOT": 0.01749259068252013, "PASSENGER_CAR": 0.9811392418590928, "RAIL_TRIP": 0.0013681674583869523}, "end": {"Count": {"FOOT": 6, "PASSENGER_CAR": 16, "RAIL_TRIP": 5}, "Duration": {"FOOT": 6604.522, "PASSENGER_CAR": 18570.578, "RAIL_TRIP": 3442.458}, "Distance": {"FOOT": 12.263231696540801, "PASSENGER_CAR": 300.6179826260316, "RAIL_TRIP": 37.78175987211876}, "Total_Count": 22, "Total_Duration": 28617.558, "Total_Distance": 350.6629741946912, "Total_Emission": 45.57649865368792}, "end_percents_count": {"FOOT": 0.2727272727272727, "PASSENGER_CAR": 0.7272727272727273, "RAIL_TRIP": 0.22727272727272727}, "end_percents_duration": {"FOOT": 0.23078565962895925, "PASSENGER_CAR": 0.6489225251155253, "RAIL_TRIP": 0.12029181525551551}, "end_percents_distance": {"FOOT": 0.034971561296722894, "PASSENGER_CAR": 0.8572846429435856, "RAIL_TRIP": 0.10774379575969145}}