{"start": {"Count": {"BIKE_TRIP": 5, "FOOT": 35, "PASSENGER_CAR": 17, "RAIL_TRIP": 21, "UNKNOWN": 1}, "Duration": {"BIKE_TRIP": 7755.988, "FOOT": 63627.499, "PASSENGER_CAR": 86075.402, "RAIL_TRIP": 38680.524, "UNKNOWN": 240.263}, "Distance": {"BIKE_TRIP": 32.99185256813337, "FOOT": 64.79536046729642, "PASSENGER_CAR": 326.3303259338234, "RAIL_TRIP": 164.637775774839, "UNKNOWN": 5.345049145365303}, "Total_Count": 52, "Total_Duration": 196379.676, "Total_Distance": 594.1003638894574, "Total_Emission": 65.20056860979713}, "start_percents_count": {"BIKE_TRIP": 0.09615384615384616, "FOOT": 0.6730769230769231, "PASSENGER_CAR": 0.3269230769230769, "RAIL_TRIP": 0.40384615384615385, "UNKNOWN": 0.019230769230769232}, "start_percents_duration": {"BIKE_TRIP": 0.03949486096514387, "FOOT": 0.3240024644912847, "PASSENGER_CAR": 0.4383111519137041, "RAIL_TRIP": 0.19696806099221795, "UNKNOWN": 0.0012234616376493054}, "start_percents_distance": {"BIKE_TRIP": 0.05553245642224867, "FOOT": 0.10906467056019631, "PASSENGER_CAR": 0.5492848443946464, "RAIL_TRIP": 0.2771211495259624, "UNKNOWN": 0.00899687909694639}, "end": {"Count": {"BIKE_TRIP": 3, "BUS": 1, "FOOT": 30, "MOTORCYCLE": 1, "PASSENGER_CAR": 12, "RAIL_TRIP": 19}, "Duration": {"BIKE_TRIP": 4392.286, "BUS": 2285.094, "FOOT": 75589.872, "MOTORCYCLE": 903.718, "PASSENGER_CAR": 17192.762, "RAIL_TRIP": 28537.124}, "Distance": {"BIKE_TRIP": 7.54021488417811, "BUS": 15.300192928295113, "FOOT": 101.86704379410115, "MOTORCYCLE": 4.208768697740989, "PASSENGER_CAR": 157.00835719132678, "RAIL_TRIP": 132.34053167996933}, "Total_Count": 46, "Total_Duration": 128900.856, "Total_Distance": 418.2651091756114, "Total_Emission": 30.552633356123255}, "end_percents_count": {"BIKE_TRIP": 0.06521739130434782, "BUS": 0.021739130434782608, "FOOT": 0.6521739130434783, "MOTORCYCLE": 0.021739130434782608, "PASSENGER_CAR": 0.2608695652173913, "RAIL_TRIP": 0.41304347826086957}, "end_percents_duration": {"BIKE_TRIP": 0.03407491723716714, "BUS": 0.01772753161546111, "FOOT": 0.5864186968626492, "MOTORCYCLE": 0.007010954217402559, "PASSENGER_CAR": 0.13337973488709803, "RAIL_TRIP": 0.22138816518022192}, "end_percents_distance": {"BIKE_TRIP": 0.018027358052981418, "BUS": 0.036580132056559425, "FOOT": 0.24354659654705166, "MOTORCYCLE": 0.010062442707775343, "PASSENGER_CAR": 0.3753800012168975, "RAIL_TRIP": 0.31640346941873476}}