{"start": {"Count": {"FOOT": 4, "PASSENGER_CAR": 7, "RAIL_TRIP": 4, "UNKNOWN": 1}, "Duration": {"FOOT": 11137.53, "PASSENGER_CAR": 5970.451, "RAIL_TRIP": 1696.913, "UNKNOWN": 236.516}, "Distance": {"FOOT": 12.972276589006226, "PASSENGER_CAR": 50.71226774508311, "RAIL_TRIP": 10.648409207269252, "UNKNOWN": 2.9481047040515844}, "Total_Count": 16, "Total_Duration": 19041.41, "Total_Distance": 77.28105824541018}, "start_percents_count": {"FOOT": 0.25, "PASSENGER_CAR": 0.4375, "RAIL_TRIP": 0.25, "UNKNOWN": 0.0625}, "start_percents_duration": {"FOOT": 0.5849109913604087, "PASSENGER_CAR": 0.3135508872504715, "RAIL_TRIP": 0.08911698240834055, "UNKNOWN": 0.01242113898077926}, "start_percents_distance": {"FOOT": 0.16785842331263193, "PASSENGER_CAR": 0.6562056588827182, "RAIL_TRIP": 0.13778808739205733, "UNKNOWN": 0.03814783041259242}, "end": {"Count": {"FOOT": 4, "PASSENGER_CAR": 10, "RAIL_TRIP": 4}, "Duration": {"FOOT": 11191.754, "PASSENGER_CAR": 7027.918000000001, "RAIL_TRIP": 2865.691}, "Distance": {"FOOT": 11.841925866798984, "PASSENGER_CAR": 86.85933078222911, "RAIL_TRIP": 12.258775071421837}, "Total_Count": 18, "Total_Duration": 21085.363, "Total_Distance": 110.96003172044993}, "end_percents_count": {"FOOT": 0.2222222222222222, "PASSENGER_CAR": 0.5555555555555556, "RAIL_TRIP": 0.2222222222222222}, "end_percents_duration": {"FOOT": 0.5307830839810536, "PASSENGER_CAR": 0.33330789704687563, "RAIL_TRIP": 0.1359090189720708}, "end_percents_distance": {"FOOT": 0.10672244485864289, "PASSENGER_CAR": 0.7827983593323085, "RAIL_TRIP": 0.11047919580904865}}