{"start": {"Count": {"BIKE_TRIP": 6, "BUS": 2, "FOOT": 36, "PASSENGER_CAR": 19, "RAIL_TRIP": 23, "UNKNOWN": 12}, "Duration": {"BIKE_TRIP": 8961.43, "BUS": 1563.089, "FOOT": 90174.94499999999, "PASSENGER_CAR": 23628.293999999998, "RAIL_TRIP": 44525.801, "UNKNOWN": 3849.431}, "Distance": {"BIKE_TRIP": 85.16703770024107, "BUS": 6.106218290580509, "FOOT": 121.43109444790342, "PASSENGER_CAR": 258.641079973739, "RAIL_TRIP": 230.4850499988118, "UNKNOWN": 363.3132102108761}, "Total_Count": 67, "Total_Duration": 172702.99, "Total_Distance": 1065.143690622152, "Total_Emission": 55.11792108091498}, "start_percents_count": {"BIKE_TRIP": 0.08955223880597014, "BUS": 0.029850746268656716, "FOOT": 0.5373134328358209, "PASSENGER_CAR": 0.2835820895522388, "RAIL_TRIP": 0.34328358208955223, "UNKNOWN": 0.1791044776119403}, "start_percents_duration": {"BIKE_TRIP": 0.05188925796826101, "BUS": 0.0090507350220167, "FOOT": 0.5221388755342337, "PASSENGER_CAR": 0.13681462029117156, "RAIL_TRIP": 0.2578171981851617, "UNKNOWN": 0.02228931299915537}, "start_percents_distance": {"BIKE_TRIP": 0.07995826145343346, "BUS": 0.005732764831957891, "FOOT": 0.11400442542824935, "PASSENGER_CAR": 0.2428227123259458, "RAIL_TRIP": 0.21638869199345784, "UNKNOWN": 0.34109314396695556}, "end": {"Count": {"BIKE_TRIP": 4, "BUS": 1, "FOOT": 44, "PASSENGER_CAR": 24, "RAIL_TRIP": 30, "UNKNOWN": 9}, "Duration": {"BIKE_TRIP": 9433.106, "BUS": 541.555, "FOOT": 175759.852, "PASSENGER_CAR": 34783.811, "RAIL_TRIP": 56416.189, "UNKNOWN": 3093.499}, "Distance": {"BIKE_TRIP": 45.1952521212105, "BUS": 5.116830858421655, "FOOT": 156.59305557575811, "PASSENGER_CAR": 335.3006065978061, "RAIL_TRIP": 284.5255215208823, "UNKNOWN": 297.39431176736855}, "Total_Count": 74, "Total_Duration": 280028.012, "Total_Distance": 1124.1255784414473, "Total_Emission": 76.65614448834117}, "end_percents_count": {"BIKE_TRIP": 0.05405405405405406, "BUS": 0.013513513513513514, "FOOT": 0.5945945945945946, "PASSENGER_CAR": 0.32432432432432434, "RAIL_TRIP": 0.40540540540540543, "UNKNOWN": 0.12162162162162163}, "end_percents_duration": {"BIKE_TRIP": 0.033686294212594704, "BUS": 0.0019339315239648238, "FOOT": 0.6276509651470155, "PASSENGER_CAR": 0.12421546955809551, "RAIL_TRIP": 0.2014662340280443, "UNKNOWN": 0.011047105530285305}, "end_percents_distance": {"BIKE_TRIP": 0.040204807174543444, "BUS": 0.0045518320697905705, "FOOT": 0.13930210163251314, "PASSENGER_CAR": 0.29827682336228506, "RAIL_TRIP": 0.2531083065607002, "UNKNOWN": 0.2645561292001675}}