{"start": {"Count": {"FOOT": 20, "PASSENGER_CAR": 6, "RAIL_TRIP": 9}, "Duration": {"FOOT": 50012.479, "PASSENGER_CAR": 5373.551, "RAIL_TRIP": 20956.211}, "Distance": {"FOOT": 45.111907143116575, "PASSENGER_CAR": 55.82398353130023, "RAIL_TRIP": 72.18252579227861}, "Total_Count": 23, "Total_Duration": 76342.241, "Total_Distance": 173.1184164666954, "Total_Emission": 13.182903269775988}, "start_percents_count": {"FOOT": 0.8695652173913043, "PASSENGER_CAR": 0.2608695652173913, "RAIL_TRIP": 0.391304347826087}, "start_percents_duration": {"FOOT": 0.655108866924669, "PASSENGER_CAR": 0.07038765078955438, "RAIL_TRIP": 0.27450348228577676}, "start_percents_distance": {"FOOT": 0.2605841022800438, "PASSENGER_CAR": 0.3224612647842679, "RAIL_TRIP": 0.41695463293568835}, "end": {"Count": {"FOOT": 23, "PASSENGER_CAR": 5, "RAIL_TRIP": 5}, "Duration": {"FOOT": 32019.567, "PASSENGER_CAR": 5233.017, "RAIL_TRIP": 7398.563999999999}, "Distance": {"FOOT": 43.16733958035489, "PASSENGER_CAR": 50.00962959474549, "RAIL_TRIP": 63.49941370574742}, "Total_Count": 26, "Total_Duration": 44651.14800000001, "Total_Distance": 156.67638288084777, "Total_Emission": 9.608731141148814}, "end_percents_count": {"FOOT": 0.8846153846153846, "PASSENGER_CAR": 0.19230769230769232, "RAIL_TRIP": 0.19230769230769232}, "end_percents_duration": {"FOOT": 0.717105123478572, "PASSENGER_CAR": 0.11719781538427632, "RAIL_TRIP": 0.16569706113715146}, "end_percents_distance": {"FOOT": 0.27551912283540275, "PASSENGER_CAR": 0.319190605981616, "RAIL_TRIP": 0.40529027118298144}}