{"start": {"Count": {"PASSENGER_CAR": 9, "RAIL_TRIP": 2}, "Duration": {"PASSENGER_CAR": 11180.484, "RAIL_TRIP": 423.914}, "Distance": {"PASSENGER_CAR": 132.88377035203047, "RAIL_TRIP": 7.025779922428313}, "Total_Count": 9, "Total_Duration": 11604.398, "Total_Distance": 139.90955027445878, "Total_Emission": 32.915418889712996}, "start_percents_count": {"PASSENGER_CAR": 1.0, "RAIL_TRIP": 0.2222222222222222}, "start_percents_duration": {"PASSENGER_CAR": 0.9634695397382959, "RAIL_TRIP": 0.03653046026170423}, "start_percents_distance": {"PASSENGER_CAR": 0.9497834142941213, "RAIL_TRIP": 0.050216585705878766}, "end": {"Count": {"BUS": 1, "FOOT": 2, "MOTORCYCLE": 1, "PASSENGER_CAR": 10, "RAIL_TRIP": 1, "UNKNOWN": 1}, "Duration": {"BUS": 320.409, "FOOT": 2284.8559999999998, "MOTORCYCLE": 411.679, "PASSENGER_CAR": 11153.162, "RAIL_TRIP": 240.47199999999998, "UNKNOWN": 120.294}, "Distance": {"BUS": 2.986685709062341, "FOOT": 3.9265019319719423, "MOTORCYCLE": 6.219417485272524, "PASSENGER_CAR": 148.9314931145354, "RAIL_TRIP": 0.9702113131177114, "UNKNOWN": 0.4325426754278427}, "Total_Count": 11, "Total_Duration": 14530.872, "Total_Distance": 163.4668522293878, "Total_Emission": 35.859932143319924}, "end_percents_count": {"BUS": 0.09090909090909091, "FOOT": 0.18181818181818182, "MOTORCYCLE": 0.09090909090909091, "PASSENGER_CAR": 0.9090909090909091, "RAIL_TRIP": 0.09090909090909091, "UNKNOWN": 0.09090909090909091}, "end_percents_duration": {"BUS": 0.022050225203277547, "FOOT": 0.15724149245826402, "MOTORCYCLE": 0.02833133482973355, "PASSENGER_CAR": 0.7675493941451003, "RAIL_TRIP": 0.016549041241296462, "UNKNOWN": 0.00827851212232824}, "end_percents_distance": {"BUS": 0.0182708950978711, "FOOT": 0.02402017215369149, "MOTORCYCLE": 0.03804696426493253, "PASSENGER_CAR": 0.9110806936292174, "RAIL_TRIP": 0.005935217445529843, "UNKNOWN": 0.0026460574087575225}}