{"start": {"Count": {"BIKE_TRIP": 2, "BUS": 1, "FOOT": 11, "MOTORCYCLE": 1, "PASSENGER_CAR": 4, "RAIL_TRIP": 5}, "Duration": {"BIKE_TRIP": 3076.343, "BUS": 738.171, "FOOT": 12657.1, "MOTORCYCLE": 2341.851, "PASSENGER_CAR": 9579.392, "RAIL_TRIP": 7493.834}, "Distance": {"BIKE_TRIP": 6.968547026889849, "BUS": 4.958186302081469, "FOOT": 14.127053140045856, "MOTORCYCLE": 20.04283504578527, "PASSENGER_CAR": 73.48468097186583, "RAIL_TRIP": 60.170208329271205}, "Total_Count": 21, "Total_Duration": 35886.691, "Total_Distance": 179.7515108159395, "Total_Emission": 16.671860317484068}, "start_percents_count": {"BIKE_TRIP": 0.09523809523809523, "BUS": 0.047619047619047616, "FOOT": 0.5238095238095238, "MOTORCYCLE": 0.047619047619047616, "PASSENGER_CAR": 0.19047619047619047, "RAIL_TRIP": 0.23809523809523808}, "start_percents_duration": {"BIKE_TRIP": 0.08572378545572786, "BUS": 0.020569491904394308, "FOOT": 0.3526962126432889, "MOTORCYCLE": 0.0652568106655473, "PASSENGER_CAR": 0.2669343908024287, "RAIL_TRIP": 0.20881930852861302}, "start_percents_distance": {"BIKE_TRIP": 0.03876766874035037, "BUS": 0.02758355843338926, "FOOT": 0.07859212462760083, "MOTORCYCLE": 0.11150301299168813, "PASSENGER_CAR": 0.4088125915509666, "RAIL_TRIP": 0.3347410436560047}, "end": {"Count": {"BIKE_TRIP": 2, "FOOT": 7, "MOTORCYCLE": 2, "PASSENGER_CAR": 6, "RAIL_TRIP": 7}, "Duration": {"BIKE_TRIP": 2961.8849999999998, "FOOT": 9633.18, "MOTORCYCLE": 4861.96, "PASSENGER_CAR": 9203.767, "RAIL_TRIP": 7376.807}, "Distance": {"BIKE_TRIP": 6.402208318220783, "FOOT": 13.353021325798725, "MOTORCYCLE": 32.78357372935244, "PASSENGER_CAR": 62.08517228104767, "RAIL_TRIP": 81.48675681013333}, "Total_Count": 15, "Total_Duration": 34037.599, "Total_Distance": 196.11073246455294, "Total_Emission": 20.220714431200268}, "end_percents_count": {"BIKE_TRIP": 0.13333333333333333, "FOOT": 0.4666666666666667, "MOTORCYCLE": 0.13333333333333333, "PASSENGER_CAR": 0.4, "RAIL_TRIP": 0.4666666666666667}, "end_percents_duration": {"BIKE_TRIP": 0.08701803555532808, "FOOT": 0.28301584961971027, "MOTORCYCLE": 0.14284086254145012, "PASSENGER_CAR": 0.27040000676898507, "RAIL_TRIP": 0.21672524551452643}, "end_percents_distance": {"BIKE_TRIP": 0.03264588448456274, "FOOT": 0.06808919204976345, "MOTORCYCLE": 0.16716868739082436, "PASSENGER_CAR": 0.3165822262800919, "RAIL_TRIP": 0.41551400979475756}}