{"start": {"Count": {"BIKE_TRIP": 3, "BUS": 4, "FOOT": 163, "HIGH_SPEED_TRAIN": 2, "MOTORCYCLE": 1, "PASSENGER_CAR": 90, "PLANE": 1, "RAIL_TRIP": 47, "UNKNOWN": 22}, "Duration": {"BIKE_TRIP": 1683.378, "BUS": 11336.508, "FOOT": 283831.232, "HIGH_SPEED_TRAIN": 2171.212, "MOTORCYCLE": 1608.341, "PASSENGER_CAR": 226244.16199999998, "PLANE": 931.427, "RAIL_TRIP": 53118.933, "UNKNOWN": 7005.449}, "Distance": {"BIKE_TRIP": 12.5894706386125, "BUS": 207.435270254151, "FOOT": 271.0943077463684, "HIGH_SPEED_TRAIN": 58.39296079458827, "MOTORCYCLE": 17.408950671935173, "PASSENGER_CAR": 2672.189154990359, "PLANE": 104.05858403357097, "RAIL_TRIP": 236.96875245346007, "UNKNOWN": 713.3642494214558}, "Total_Count": 268, "Total_Duration": 587930.642, "Total_Distance": 4293.501701004501, "Total_Emission": 558.3241966889549}, "start_percents_count": {"BIKE_TRIP": 0.011194029850746268, "BUS": 0.014925373134328358, "FOOT": 0.6082089552238806, "HIGH_SPEED_TRAIN": 0.007462686567164179, "MOTORCYCLE": 0.0037313432835820895, "PASSENGER_CAR": 0.3358208955223881, "PLANE": 0.0037313432835820895, "RAIL_TRIP": 0.17537313432835822, "UNKNOWN": 0.08208955223880597}, "start_percents_duration": {"BIKE_TRIP": 0.0028632254891045464, "BUS": 0.01928204993948929, "FOOT": 0.48276312157242524, "HIGH_SPEED_TRAIN": 0.0036929730224879143, "MOTORCYCLE": 0.002735596488947756, "PASSENGER_CAR": 0.38481437407373636, "PLANE": 0.0015842463948324028, "RAIL_TRIP": 0.0903489786130249, "UNKNOWN": 0.011915434405951577}, "start_percents_distance": {"BIKE_TRIP": 0.00293221512772828, "BUS": 0.04831377386100016, "FOOT": 0.06314060797575638, "HIGH_SPEED_TRAIN": 0.01360031155476816, "MOTORCYCLE": 0.004054720804666783, "PASSENGER_CAR": 0.6223798989913473, "PLANE": 0.024236297381511594, "RAIL_TRIP": 0.055192420768814233, "UNKNOWN": 0.16614975353440717}, "end": {"Count": {"BIKE_TRIP": 8, "BUS": 4, "FOOT": 174, "MOTORCYCLE": 2, "PASSENGER_CAR": 107, "PLANE": 1, "RAIL_TRIP": 60, "SCOOTER": 1, "UNKNOWN": 25}, "Duration": {"BIKE_TRIP": 5901.643, "BUS": 2659.0640000000003, "FOOT": 553386.626, "MOTORCYCLE": 1292.539, "PASSENGER_CAR": 227867.919, "PLANE": 931.427, "RAIL_TRIP": 54578.088, "SCOOTER": 153.653, "UNKNOWN": 7370.538}, "Distance": {"BIKE_TRIP": 28.939766372353006, "BUS": 15.157139898457029, "FOOT": 288.4856723943031, "MOTORCYCLE": 11.197199195346593, "PASSENGER_CAR": 3763.577864090101, "PLANE": 104.05858403357097, "RAIL_TRIP": 328.39387332678376, "SCOOTER": 0.9330132596814736, "UNKNOWN": 815.7161408473783}, "Total_Count": 280, "Total_Duration": 854141.497, "Total_Distance": 5356.459253417974, "Total_Emission": 778.2009915979979}, "end_percents_count": {"BIKE_TRIP": 0.02857142857142857, "BUS": 0.014285714285714285, "FOOT": 0.6214285714285714, "MOTORCYCLE": 0.007142857142857143, "PASSENGER_CAR": 0.3821428571428571, "PLANE": 0.0035714285714285713, "RAIL_TRIP": 0.21428571428571427, "SCOOTER": 0.0035714285714285713, "UNKNOWN": 0.08928571428571429}, "end_percents_duration": {"BIKE_TRIP": 0.006909444185452098, "BUS": 0.0031131422713208843, "FOOT": 0.6478863606833987, "MOTORCYCLE": 0.001513260981394515, "PASSENGER_CAR": 0.26678005904213786, "PLANE": 0.0010904832551415073, "RAIL_TRIP": 0.06389818102936638, "SCOOTER": 0.0001798917398811265, "UNKNOWN": 0.008629176811907079}, "end_percents_distance": {"BIKE_TRIP": 0.005402779150030209, "BUS": 0.002829693867041966, "FOOT": 0.053857531392630206, "MOTORCYCLE": 0.00209041059879278, "PASSENGER_CAR": 0.7026241937131417, "PLANE": 0.019426747989760372, "RAIL_TRIP": 0.061308012959724205, "SCOOTER": 0.00017418470215863492, "UNKNOWN": 0.15228644562672014}}