{"start": {"Count": {"BIKE_TRIP": 4, "BUS": 2, "FOOT": 32, "PASSENGER_CAR": 9, "RAIL_TRIP": 22}, "Duration": {"BIKE_TRIP": 4155.407999999999, "BUS": 1035.047, "FOOT": 54928.717, "PASSENGER_CAR": 14993.624, "RAIL_TRIP": 23558.553}, "Distance": {"BIKE_TRIP": 18.002055473546736, "BUS": 4.598668855197548, "FOOT": 48.51817693217773, "PASSENGER_CAR": 156.4602322924487, "RAIL_TRIP": 170.57378964037906}, "Total_Count": 50, "Total_Duration": 98671.349, "Total_Distance": 398.1529231937498, "Total_Emission": 36.340096856926344}, "start_percents_count": {"BIKE_TRIP": 0.08, "BUS": 0.04, "FOOT": 0.64, "PASSENGER_CAR": 0.18, "RAIL_TRIP": 0.44}, "start_percents_duration": {"BIKE_TRIP": 0.042113623074110394, "BUS": 0.010489843409356854, "FOOT": 0.5566835515748345, "PASSENGER_CAR": 0.1519551942073884, "RAIL_TRIP": 0.23875778773430978}, "start_percents_distance": {"BIKE_TRIP": 0.04521392265349901, "BUS": 0.011550006510839397, "FOOT": 0.12185814571696046, "PASSENGER_CAR": 0.3929651728723131, "RAIL_TRIP": 0.4284127522463879}, "end": {"Count": {"BIKE_TRIP": 6, "BUS": 1, "FOOT": 36, "MOTORCYCLE": 1, "PASSENGER_CAR": 14, "RAIL_TRIP": 28, "UNKNOWN": 1}, "Duration": {"BIKE_TRIP": 3895.9300000000003, "BUS": 147.879, "FOOT": 76777.007, "MOTORCYCLE": 1057.804, "PASSENGER_CAR": 23821.922, "RAIL_TRIP": 26854.396, "UNKNOWN": 3667.122}, "Distance": {"BIKE_TRIP": 17.853888726392512, "BUS": 0.7486123811226373, "FOOT": 70.0445325852986, "MOTORCYCLE": 12.861962074195734, "PASSENGER_CAR": 179.6521826842126, "RAIL_TRIP": 131.20697579068934, "UNKNOWN": 186.0700597799183}, "Total_Count": 58, "Total_Duration": 136222.06000000003, "Total_Distance": 598.4382140218296, "Total_Emission": 39.181535426783306}, "end_percents_count": {"BIKE_TRIP": 0.10344827586206896, "BUS": 0.017241379310344827, "FOOT": 0.6206896551724138, "MOTORCYCLE": 0.017241379310344827, "PASSENGER_CAR": 0.2413793103448276, "RAIL_TRIP": 0.4827586206896552, "UNKNOWN": 0.017241379310344827}, "end_percents_duration": {"BIKE_TRIP": 0.02859984645658713, "BUS": 0.0010855730709108345, "FOOT": 0.5636165463949083, "MOTORCYCLE": 0.007765291466007781, "PASSENGER_CAR": 0.1748756552352827, "RAIL_TRIP": 0.19713691013041496, "UNKNOWN": 0.026920177245888067}, "end_percents_distance": {"BIKE_TRIP": 0.02983413877667452, "BUS": 0.0012509434785114336, "FOOT": 0.11704555448516786, "MOTORCYCLE": 0.021492548057311326, "PASSENGER_CAR": 0.300201722541835, "RAIL_TRIP": 0.21924899298944706, "UNKNOWN": 0.31092609967105295}}