{"start": {"Count": {"BIKE_TRIP": 1, "BUS": 2, "FOOT": 59, "PASSENGER_CAR": 20, "RAIL_TRIP": 14}, "Duration": {"BIKE_TRIP": 240.531, "BUS": 919.193, "FOOT": 91472.989, "PASSENGER_CAR": 20764.241, "RAIL_TRIP": 22122.644}, "Distance": {"BIKE_TRIP": 0.7118456923787602, "BUS": 5.429523212730034, "FOOT": 110.42582525269013, "PASSENGER_CAR": 218.0900840808351, "RAIL_TRIP": 149.67876106312076}, "Total_Count": 66, "Total_Duration": 135519.598, "Total_Distance": 484.33603930175474, "Total_Emission": 42.40843274255449}, "start_percents_count": {"BIKE_TRIP": 0.015151515151515152, "BUS": 0.030303030303030304, "FOOT": 0.8939393939393939, "PASSENGER_CAR": 0.30303030303030304, "RAIL_TRIP": 0.21212121212121213}, "start_percents_duration": {"BIKE_TRIP": 0.0017748798221789296, "BUS": 0.0067827311589280246, "FOOT": 0.6749797841047315, "PASSENGER_CAR": 0.15321947014630313, "RAIL_TRIP": 0.16324313476785846}, "start_percents_distance": {"BIKE_TRIP": 0.0014697351314285755, "BUS": 0.011210239941172933, "FOOT": 0.22799423600995297, "PASSENGER_CAR": 0.45028671497426803, "RAIL_TRIP": 0.3090390739431776}, "end": {"Count": {"BIKE_TRIP": 5, "BUS": 2, "FOOT": 81, "PASSENGER_CAR": 31, "RAIL_TRIP": 29}, "Duration": {"BIKE_TRIP": 3964.382, "BUS": 538.123, "FOOT": 177579.131, "PASSENGER_CAR": 64798.706, "RAIL_TRIP": 48343.396}, "Distance": {"BIKE_TRIP": 18.070901573268916, "BUS": 5.792145305705721, "FOOT": 229.0900635777775, "PASSENGER_CAR": 964.2880822573295, "RAIL_TRIP": 349.80650675847744}, "Total_Count": 89, "Total_Duration": 295223.738, "Total_Distance": 1567.0476994725589, "Total_Emission": 170.132590519558}, "end_percents_count": {"BIKE_TRIP": 0.056179775280898875, "BUS": 0.02247191011235955, "FOOT": 0.9101123595505618, "PASSENGER_CAR": 0.34831460674157305, "RAIL_TRIP": 0.3258426966292135}, "end_percents_duration": {"BIKE_TRIP": 0.013428398498226453, "BUS": 0.0018227633172234951, "FOOT": 0.6015069526692328, "PASSENGER_CAR": 0.21949016172947447, "RAIL_TRIP": 0.1637517237858427}, "end_percents_distance": {"BIKE_TRIP": 0.01153181334515297, "BUS": 0.003696215059474741, "FOOT": 0.14619214440944284, "PASSENGER_CAR": 0.615353369640179, "RAIL_TRIP": 0.22322645754575068}}