{"start": {"Count": {"BIKE_TRIP": 4, "BUS": 1, "FOOT": 42, "PASSENGER_CAR": 19, "RAIL_TRIP": 19}, "Duration": {"BIKE_TRIP": 5047.759, "BUS": 304.912, "FOOT": 284990.799, "PASSENGER_CAR": 54282.755000000005, "RAIL_TRIP": 108044.03600000001}, "Distance": {"BIKE_TRIP": 12.43203271829297, "BUS": 0.762118852955424, "FOOT": 150.8290691342214, "PASSENGER_CAR": 783.7726883402817, "RAIL_TRIP": 266.2965253268103}, "Total_Count": 55, "Total_Duration": 452670.26099999994, "Total_Distance": 1214.0924343725617, "Total_Emission": 181.89663673407335}, "start_percents_count": {"BIKE_TRIP": 0.07272727272727272, "BUS": 0.01818181818181818, "FOOT": 0.7636363636363637, "PASSENGER_CAR": 0.34545454545454546, "RAIL_TRIP": 0.34545454545454546}, "start_percents_duration": {"BIKE_TRIP": 0.011151072723109594, "BUS": 0.0006735852258693, "FOOT": 0.6295770311273, "PASSENGER_CAR": 0.11991676873157792, "RAIL_TRIP": 0.2386815421921433}, "start_percents_distance": {"BIKE_TRIP": 0.010239774473776206, "BUS": 0.0006277272070715803, "FOOT": 0.12423194879076015, "PASSENGER_CAR": 0.6455626162808044, "RAIL_TRIP": 0.2193379332475878}, "end": {"Count": {"BIKE_TRIP": 1, "BUS": 2, "FOOT": 35, "HIGH_SPEED_TRAIN": 1, "PASSENGER_CAR": 20, "RAIL_TRIP": 17}, "Duration": {"BIKE_TRIP": 240.263, "BUS": 665.268, "FOOT": 158718.016, "HIGH_SPEED_TRAIN": 783.432, "PASSENGER_CAR": 44344.844, "RAIL_TRIP": 49940.119999999995}, "Distance": {"BIKE_TRIP": 0.3361614030637336, "BUS": 1.2842541406496795, "FOOT": 72.46337157749777, "HIGH_SPEED_TRAIN": 37.799443423485904, "PASSENGER_CAR": 248.76099722229858, "RAIL_TRIP": 236.46871808798457}, "Total_Count": 47, "Total_Duration": 254691.94300000003, "Total_Distance": 597.1129458549802, "Total_Emission": 56.20731950977845}, "end_percents_count": {"BIKE_TRIP": 0.02127659574468085, "BUS": 0.0425531914893617, "FOOT": 0.7446808510638298, "HIGH_SPEED_TRAIN": 0.02127659574468085, "PASSENGER_CAR": 0.425531914893617, "RAIL_TRIP": 0.3617021276595745}, "end_percents_duration": {"BIKE_TRIP": 0.000943347469770569, "BUS": 0.002612049647758194, "FOOT": 0.6231764308304012, "HIGH_SPEED_TRAIN": 0.0030759983640314837, "PASSENGER_CAR": 0.17411168754560874, "RAIL_TRIP": 0.19608048614242968}, "end_percents_distance": {"BIKE_TRIP": 0.0005629779179923801, "BUS": 0.002150772562485329, "FOOT": 0.12135622260498907, "HIGH_SPEED_TRAIN": 0.06330367426444342, "PASSENGER_CAR": 0.4166062701355578, "RAIL_TRIP": 0.396020082514532}}