{"start": {"Count": {"FOOT": 10, "PASSENGER_CAR": 7, "RAIL_TRIP": 3}, "Duration": {"FOOT": 12878.956999999999, "PASSENGER_CAR": 9187.18, "RAIL_TRIP": 1020.899}, "Distance": {"FOOT": 15.014092883733996, "PASSENGER_CAR": 144.10704813081023, "RAIL_TRIP": 5.300471162100372}, "Total_Count": 15, "Total_Duration": 23087.036, "Total_Distance": 164.42161217664457, "Total_Emission": 38.29366043289548}, "start_percents_count": {"FOOT": 0.6666666666666666, "PASSENGER_CAR": 0.4666666666666667, "RAIL_TRIP": 0.2}, "start_percents_duration": {"FOOT": 0.557843674692585, "PASSENGER_CAR": 0.3979367468392218, "RAIL_TRIP": 0.044219578468193146}, "start_percents_distance": {"FOOT": 0.09131459474806614, "PASSENGER_CAR": 0.8764483343953007, "RAIL_TRIP": 0.032237070856633306}, "end": {"Count": {"FOOT": 11, "MOTORCYCLE": 1, "PASSENGER_CAR": 8, "RAIL_TRIP": 2}, "Duration": {"FOOT": 15948.684, "MOTORCYCLE": 2103.912, "PASSENGER_CAR": 16498.212, "RAIL_TRIP": 1823.143}, "Distance": {"FOOT": 18.998261542363206, "MOTORCYCLE": 44.72534001878629, "PASSENGER_CAR": 401.4481925694917, "RAIL_TRIP": 23.072939894404236}, "Total_Count": 15, "Total_Duration": 36373.951, "Total_Distance": 488.24473402504555, "Total_Emission": 59.3533045658828}, "end_percents_count": {"FOOT": 0.7333333333333333, "MOTORCYCLE": 0.06666666666666667, "PASSENGER_CAR": 0.5333333333333333, "RAIL_TRIP": 0.13333333333333333}, "end_percents_duration": {"FOOT": 0.438464438465868, "MOTORCYCLE": 0.057841173206617004, "PASSENGER_CAR": 0.4535721731191643, "RAIL_TRIP": 0.05012221520835061}, "end_percents_distance": {"FOOT": 0.03891134961301733, "MOTORCYCLE": 0.0916043469636111, "PASSENGER_CAR": 0.8222273884246308, "RAIL_TRIP": 0.04725691499874049}}