{"start": {"Count": {"BIKE_TRIP": 2, "FOOT": 30, "MOTORCYCLE": 2, "PASSENGER_CAR": 23, "PLANE": 2, "RAIL_TRIP": 10}, "Duration": {"BIKE_TRIP": 1021.162, "FOOT": 223796.924, "MOTORCYCLE": 3074.705, "PASSENGER_CAR": 33801.909, "PLANE": 1150.56, "RAIL_TRIP": 45035.140999999996}, "Distance": {"BIKE_TRIP": 6.363877616625968, "FOOT": 68.42473831471064, "MOTORCYCLE": 29.310822374512504, "PASSENGER_CAR": 211.0976523586924, "PLANE": 238.77650586967752, "RAIL_TRIP": 48.641024312961044}, "Total_Count": 50, "Total_Duration": 307880.40099999995, "Total_Distance": 602.61462084718, "Total_Emission": 69.75170716688984}, "start_percents_count": {"BIKE_TRIP": 0.04, "FOOT": 0.6, "MOTORCYCLE": 0.04, "PASSENGER_CAR": 0.46, "PLANE": 0.04, "RAIL_TRIP": 0.2}, "start_percents_duration": {"BIKE_TRIP": 0.0033167489605809633, "FOOT": 0.7268956493271556, "MOTORCYCLE": 0.009986686356173741, "PASSENGER_CAR": 0.10978908982257693, "PLANE": 0.0037370355380302368, "RAIL_TRIP": 0.1462747899954827}, "start_percents_distance": {"BIKE_TRIP": 0.010560443435108445, "FOOT": 0.11354642909014781, "MOTORCYCLE": 0.0486394145786011, "PASSENGER_CAR": 0.3503029051335043, "PLANE": 0.3962341729014073, "RAIL_TRIP": 0.08071663486123108}, "end": {"Count": {"BIKE_TRIP": 3, "BUS": 1, "FOOT": 34, "PASSENGER_CAR": 30, "PLANE": 1, "RAIL_TRIP": 20}, "Duration": {"BIKE_TRIP": 4206.125, "BUS": 208.575, "FOOT": 75023.331, "PASSENGER_CAR": 119997.886, "PLANE": 632.458, "RAIL_TRIP": 18483.393}, "Distance": {"BIKE_TRIP": 44.3253233691329, "BUS": 1.2031547881864584, "FOOT": 83.07660541225783, "PASSENGER_CAR": 759.4892819323092, "PLANE": 119.37036770380168, "RAIL_TRIP": 134.18151523466568}, "Total_Count": 57, "Total_Duration": 218551.76799999998, "Total_Distance": 1141.6462484403537, "Total_Emission": 172.3617063715829}, "end_percents_count": {"BIKE_TRIP": 0.05263157894736842, "BUS": 0.017543859649122806, "FOOT": 0.5964912280701754, "PASSENGER_CAR": 0.5263157894736842, "PLANE": 0.017543859649122806, "RAIL_TRIP": 0.3508771929824561}, "end_percents_duration": {"BIKE_TRIP": 0.0192454402839697, "BUS": 0.0009543505500262071, "FOOT": 0.34327487572646864, "PASSENGER_CAR": 0.5490593240133386, "PLANE": 0.002893858996372887, "RAIL_TRIP": 0.08457215042982404}, "end_percents_distance": {"BIKE_TRIP": 0.0388257951442379, "BUS": 0.00105387705677668, "FOOT": 0.07276913100336636, "PASSENGER_CAR": 0.6652579842222373, "PLANE": 0.10455985631878358, "RAIL_TRIP": 0.11753335625459825}}