{"start": {"Count": {"BIKE_TRIP": 1, "FOOT": 8, "PASSENGER_CAR": 6, "RAIL_TRIP": 8}, "Duration": {"BIKE_TRIP": 903.229, "FOOT": 23559.1, "PASSENGER_CAR": 8939.811000000002, "RAIL_TRIP": 15215.244}, "Distance": {"BIKE_TRIP": 3.7236450826022125, "FOOT": 14.952458030800827, "PASSENGER_CAR": 21.42242321126939, "RAIL_TRIP": 90.23263960673108}, "Total_Count": 17, "Total_Duration": 48617.384, "Total_Distance": 130.3311659314035, "Total_Emission": 3.1052021062947293}, "start_percents_count": {"BIKE_TRIP": 0.058823529411764705, "FOOT": 0.47058823529411764, "PASSENGER_CAR": 0.35294117647058826, "RAIL_TRIP": 0.47058823529411764}, "start_percents_duration": {"BIKE_TRIP": 0.018578313469108088, "FOOT": 0.4845818113125955, "PASSENGER_CAR": 0.18388095500983767, "RAIL_TRIP": 0.3129589202084588}, "start_percents_distance": {"BIKE_TRIP": 0.028570641994886004, "FOOT": 0.1147266497920434, "PASSENGER_CAR": 0.1643691519075686, "RAIL_TRIP": 0.6923335563055022}, "end": {"Count": {"BUS": 1, "FOOT": 11, "PASSENGER_CAR": 2, "RAIL_TRIP": 5}, "Duration": {"BUS": 172.381, "FOOT": 16325.317, "PASSENGER_CAR": 2450.779, "RAIL_TRIP": 8845.880000000001}, "Distance": {"BUS": 1.1943021213078966, "FOOT": 11.25292761678336, "PASSENGER_CAR": 27.656307049082507, "RAIL_TRIP": 92.58892110038605}, "Total_Count": 16, "Total_Duration": 27794.356999999996, "Total_Distance": 132.6924578875598, "Total_Emission": 5.5402450528400315}, "end_percents_count": {"BUS": 0.0625, "FOOT": 0.6875, "PASSENGER_CAR": 0.125, "RAIL_TRIP": 0.3125}, "end_percents_duration": {"BUS": 0.0062020143153518545, "FOOT": 0.5873608445052354, "PASSENGER_CAR": 0.08817541632641476, "RAIL_TRIP": 0.31826172485299814}, "end_percents_distance": {"BUS": 0.009000527538045287, "FOOT": 0.08480457590376993, "PASSENGER_CAR": 0.2084241070620438, "RAIL_TRIP": 0.6977707894961409}}