{"start": {"Count": {"BIKE_TRIP": 5, "BUS": 2, "FOOT": 58, "PASSENGER_CAR": 19, "RAIL_TRIP": 18}, "Duration": {"BIKE_TRIP": 13705.179, "BUS": 1285.93, "FOOT": 180433.181, "PASSENGER_CAR": 36213.611, "RAIL_TRIP": 206195.851}, "Distance": {"BIKE_TRIP": 24.496510294477712, "BUS": 3.6539596245864043, "FOOT": 130.88660118944998, "PASSENGER_CAR": 378.12356522239105, "RAIL_TRIP": 216.9982166011634}, "Total_Count": 68, "Total_Duration": 437833.75200000004, "Total_Distance": 754.1588529320684, "Total_Emission": 82.27046906238284}, "start_percents_count": {"BIKE_TRIP": 0.07352941176470588, "BUS": 0.029411764705882353, "FOOT": 0.8529411764705882, "PASSENGER_CAR": 0.27941176470588236, "RAIL_TRIP": 0.2647058823529412}, "start_percents_duration": {"BIKE_TRIP": 0.031302244144942024, "BUS": 0.0029370280251943665, "FOOT": 0.4121043208199262, "PASSENGER_CAR": 0.08271087104312597, "RAIL_TRIP": 0.4709455359668114}, "start_percents_distance": {"BIKE_TRIP": 0.03248189714837738, "BUS": 0.004845079535140772, "FOOT": 0.1735530925355851, "PASSENGER_CAR": 0.5013845077231374, "RAIL_TRIP": 0.28773542305775957}, "end": {"Count": {"BIKE_TRIP": 4, "BUS": 1, "FOOT": 53, "MOTORCYCLE": 1, "PASSENGER_CAR": 22, "RAIL_TRIP": 25, "UNKNOWN": 1}, "Duration": {"BIKE_TRIP": 5349.101, "BUS": 367.085, "FOOT": 120388.22, "MOTORCYCLE": 541.814, "PASSENGER_CAR": 33982.902, "RAIL_TRIP": 25323.619, "UNKNOWN": 9089.945}, "Distance": {"BIKE_TRIP": 17.531732685935168, "BUS": 0.2422816119379776, "FOOT": 125.06895905387287, "MOTORCYCLE": 4.939499265059671, "PASSENGER_CAR": 305.8447534223666, "RAIL_TRIP": 215.62303970937143, "UNKNOWN": 207.69591184271}, "Total_Count": 70, "Total_Duration": 195042.68600000002, "Total_Distance": 876.9461775912536, "Total_Emission": 60.71010429787006}, "end_percents_count": {"BIKE_TRIP": 0.05714285714285714, "BUS": 0.014285714285714285, "FOOT": 0.7571428571428571, "MOTORCYCLE": 0.014285714285714285, "PASSENGER_CAR": 0.3142857142857143, "RAIL_TRIP": 0.35714285714285715, "UNKNOWN": 0.014285714285714285}, "end_percents_duration": {"BIKE_TRIP": 0.02742528371456082, "BUS": 0.001882075188402604, "FOOT": 0.6172403716794589, "MOTORCYCLE": 0.002777925238375767, "PASSENGER_CAR": 0.1742331522239188, "RAIL_TRIP": 0.12983629132342853, "UNKNOWN": 0.046604900631854504}, "end_percents_distance": {"BIKE_TRIP": 0.019991800105783396, "BUS": 0.0002762787707262299, "FOOT": 0.14261874018016163, "MOTORCYCLE": 0.0056326139406037545, "PASSENGER_CAR": 0.3487611454815206, "RAIL_TRIP": 0.24587944530601943, "UNKNOWN": 0.2368399762151851}}