{"start": {"Count": {"BIKE_TRIP": 1, "FOOT": 9, "PASSENGER_CAR": 8, "RAIL_TRIP": 3}, "Duration": {"BIKE_TRIP": 5407.071, "FOOT": 21092.523, "PASSENGER_CAR": 8064.6900000000005, "RAIL_TRIP": 974.943}, "Distance": {"BIKE_TRIP": 28.30491047693361, "FOOT": 16.479716842527964, "PASSENGER_CAR": 44.776197751751035, "RAIL_TRIP": 3.661834923131657}, "Total_Count": 17, "Total_Duration": 35539.227, "Total_Distance": 93.22265999434426, "Total_Emission": 9.968511434243629}, "start_percents_count": {"BIKE_TRIP": 0.058823529411764705, "FOOT": 0.5294117647058824, "PASSENGER_CAR": 0.47058823529411764, "RAIL_TRIP": 0.17647058823529413}, "start_percents_duration": {"BIKE_TRIP": 0.15214374246237827, "FOOT": 0.5934997685796599, "PASSENGER_CAR": 0.22692361879452247, "RAIL_TRIP": 0.027432870163439402}, "start_percents_distance": {"BIKE_TRIP": 0.303626934466908, "FOOT": 0.1767780155975787, "PASSENGER_CAR": 0.48031452604407093, "RAIL_TRIP": 0.039280523891442466}, "end": {"Count": {"FOOT": 14, "MOTORCYCLE": 1, "PASSENGER_CAR": 8, "RAIL_TRIP": 10}, "Duration": {"FOOT": 41824.272, "MOTORCYCLE": 637.899, "PASSENGER_CAR": 8622.228, "RAIL_TRIP": 3278.074}, "Distance": {"FOOT": 45.276744722349044, "MOTORCYCLE": 12.5005850103705, "PASSENGER_CAR": 42.42030496914487, "RAIL_TRIP": 21.91385564657347}, "Total_Count": 24, "Total_Duration": 54362.473000000005, "Total_Distance": 122.11149034843788, "Total_Emission": 11.328570018017873}, "end_percents_count": {"FOOT": 0.5833333333333334, "MOTORCYCLE": 0.041666666666666664, "PASSENGER_CAR": 0.3333333333333333, "RAIL_TRIP": 0.4166666666666667}, "end_percents_duration": {"FOOT": 0.7693592600174756, "MOTORCYCLE": 0.011734179201155914, "PASSENGER_CAR": 0.15860625030800196, "RAIL_TRIP": 0.06030031047336643}, "end_percents_distance": {"FOOT": 0.37078201726270427, "MOTORCYCLE": 0.1023702599542502, "PASSENGER_CAR": 0.3473899536243563, "RAIL_TRIP": 0.1794577691586892}}