{"start": {"Count": {"BIKE_TRIP": 17, "BUS": 2, "FOOT": 103, "PASSENGER_CAR": 44, "RAIL_TRIP": 52, "UNKNOWN": 2}, "Duration": {"BIKE_TRIP": 20581.485, "BUS": 540.794, "FOOT": 186576.156, "PASSENGER_CAR": 84023.041, "RAIL_TRIP": 68674.575, "UNKNOWN": 488.32300000000004}, "Distance": {"BIKE_TRIP": 71.94992624719521, "BUS": 9.965092996435395, "FOOT": 255.6941005087757, "PASSENGER_CAR": 1143.3698443177295, "RAIL_TRIP": 448.624396686249, "UNKNOWN": 19.56985096370743}, "Total_Count": 130, "Total_Duration": 360884.374, "Total_Distance": 1949.173211720092, "Total_Emission": 214.54291045760124}, "start_percents_count": {"BIKE_TRIP": 0.13076923076923078, "BUS": 0.015384615384615385, "FOOT": 0.7923076923076923, "PASSENGER_CAR": 0.3384615384615385, "RAIL_TRIP": 0.4, "UNKNOWN": 0.015384615384615385}, "start_percents_duration": {"BIKE_TRIP": 0.05703069038949301, "BUS": 0.0014985242891120576, "FOOT": 0.516997047924275, "PASSENGER_CAR": 0.23282537857956687, "RAIL_TRIP": 0.1902952301281961, "UNKNOWN": 0.0013531286893568853}, "start_percents_distance": {"BIKE_TRIP": 0.03691304898639632, "BUS": 0.005112471758033999, "FOOT": 0.131180799618692, "PASSENGER_CAR": 0.5865922214828394, "RAIL_TRIP": 0.23016138021430646, "UNKNOWN": 0.010040077939731981}, "end": {"Count": {"BIKE_TRIP": 16, "FOOT": 117, "MOTORCYCLE": 3, "PASSENGER_CAR": 46, "RAIL_TRIP": 64, "UNKNOWN": 1}, "Duration": {"BIKE_TRIP": 12994.96, "FOOT": 223312.772, "MOTORCYCLE": 5364.832, "PASSENGER_CAR": 60835.19, "RAIL_TRIP": 100275.419, "UNKNOWN": 300.475}, "Distance": {"BIKE_TRIP": 50.609002539924575, "FOOT": 299.2047813105811, "MOTORCYCLE": 68.30178443282183, "PASSENGER_CAR": 568.0425945692624, "RAIL_TRIP": 729.5090826719683, "UNKNOWN": 15.63664611978755}, "Total_Count": 148, "Total_Duration": 403083.648, "Total_Distance": 1731.3038916443456, "Total_Emission": 120.25695900995562}, "end_percents_count": {"BIKE_TRIP": 0.10810810810810811, "FOOT": 0.7905405405405406, "MOTORCYCLE": 0.02027027027027027, "PASSENGER_CAR": 0.3108108108108108, "RAIL_TRIP": 0.43243243243243246, "UNKNOWN": 0.006756756756756757}, "end_percents_duration": {"BIKE_TRIP": 0.03223886670788491, "FOOT": 0.5540109927753755, "MOTORCYCLE": 0.013309475655038233, "PASSENGER_CAR": 0.15092448007218592, "RAIL_TRIP": 0.2487707439821523, "UNKNOWN": 0.0007454408073631407}, "end_percents_distance": {"BIKE_TRIP": 0.029231726899116198, "FOOT": 0.17282048677566622, "MOTORCYCLE": 0.039451066194942035, "PASSENGER_CAR": 0.32810103258634216, "RAIL_TRIP": 0.42136397093123856, "UNKNOWN": 0.00903171661269489}}