{"start": {"Count": {"BIKE_TRIP": 6, "FOOT": 65, "PASSENGER_CAR": 22, "RAIL_TRIP": 18}, "Duration": {"BIKE_TRIP": 5095.773999999999, "FOOT": 110117.17, "PASSENGER_CAR": 39277.367, "RAIL_TRIP": 23632.268}, "Distance": {"BIKE_TRIP": 14.802831160527507, "FOOT": 110.79383625063795, "PASSENGER_CAR": 211.75483783258179, "RAIL_TRIP": 127.09206971701319}, "Total_Count": 84, "Total_Duration": 178122.57900000003, "Total_Distance": 464.4435749607604, "Total_Emission": 42.47843729229948}, "start_percents_count": {"BIKE_TRIP": 0.07142857142857142, "FOOT": 0.7738095238095238, "PASSENGER_CAR": 0.2619047619047619, "RAIL_TRIP": 0.21428571428571427}, "start_percents_duration": {"BIKE_TRIP": 0.028608242866279176, "FOOT": 0.6182100585911682, "PASSENGER_CAR": 0.22050751353650674, "RAIL_TRIP": 0.13267418500604572}, "start_percents_distance": {"BIKE_TRIP": 0.03187218417603938, "FOOT": 0.23855176866209987, "PASSENGER_CAR": 0.45593232256571187, "RAIL_TRIP": 0.273643724596149}, "end": {"Count": {"BIKE_TRIP": 6, "BUS": 1, "FOOT": 70, "PASSENGER_CAR": 30, "RAIL_TRIP": 18}, "Duration": {"BIKE_TRIP": 7331.912, "BUS": 962.455, "FOOT": 107680.507, "PASSENGER_CAR": 51819.004, "RAIL_TRIP": 23801.836}, "Distance": {"BIKE_TRIP": 25.82653163310262, "BUS": 6.066733409232857, "FOOT": 121.41878020435526, "PASSENGER_CAR": 258.00824112599395, "RAIL_TRIP": 159.69897360750608}, "Total_Count": 89, "Total_Duration": 191595.71399999998, "Total_Distance": 571.0192599801908, "Total_Emission": 52.79870837489179}, "end_percents_count": {"BIKE_TRIP": 0.06741573033707865, "BUS": 0.011235955056179775, "FOOT": 0.7865168539325843, "PASSENGER_CAR": 0.33707865168539325, "RAIL_TRIP": 0.20224719101123595}, "end_percents_duration": {"BIKE_TRIP": 0.038267620120145285, "BUS": 0.0050233639360012, "FOOT": 0.5620193936071034, "PASSENGER_CAR": 0.2704601419215464, "RAIL_TRIP": 0.12422948041520387}, "end_percents_distance": {"BIKE_TRIP": 0.04522882754252206, "BUS": 0.010624393666587214, "FOOT": 0.21263517487758188, "PASSENGER_CAR": 0.45183807133746157, "RAIL_TRIP": 0.27967353257584726}}