{"start": {"Count": {"BIKE_TRIP": 2, "BUS": 1, "FOOT": 29, "MOTORCYCLE": 1, "PASSENGER_CAR": 16, "RAIL_TRIP": 21, "UNKNOWN": 2}, "Duration": {"BIKE_TRIP": 1261.5639999999999, "BUS": 684.773, "FOOT": 371956.796, "MOTORCYCLE": 2022.918, "PASSENGER_CAR": 19209.519, "RAIL_TRIP": 76610.319, "UNKNOWN": 3315.906}, "Distance": {"BIKE_TRIP": 1.4165829394980625, "BUS": 2.3114028569212084, "FOOT": 110.70157223558758, "MOTORCYCLE": 15.654339262062035, "PASSENGER_CAR": 145.3346424368917, "RAIL_TRIP": 330.3854349071875, "UNKNOWN": 189.67757159624844}, "Total_Count": 45, "Total_Duration": 475061.795, "Total_Distance": 795.4815462343965, "Total_Emission": 35.72469414204527}, "start_percents_count": {"BIKE_TRIP": 0.044444444444444446, "BUS": 0.022222222222222223, "FOOT": 0.6444444444444445, "MOTORCYCLE": 0.022222222222222223, "PASSENGER_CAR": 0.35555555555555557, "RAIL_TRIP": 0.4666666666666667, "UNKNOWN": 0.044444444444444446}, "start_percents_duration": {"BIKE_TRIP": 0.00265557873370979, "BUS": 0.0014414398446837848, "FOOT": 0.7829650793114188, "MOTORCYCLE": 0.004258220764732302, "PASSENGER_CAR": 0.04043583214263736, "RAIL_TRIP": 0.16126390252030265, "UNKNOWN": 0.006979946682515272}, "start_percents_distance": {"BIKE_TRIP": 0.00178078667720678, "BUS": 0.0029056649621387078, "FOOT": 0.13916296708530843, "MOTORCYCLE": 0.019679072803342353, "PASSENGER_CAR": 0.1827002060888379, "RAIL_TRIP": 0.4153275917853111, "UNKNOWN": 0.2384437105978547}, "end": {"Count": {"BIKE_TRIP": 6, "BUS": 3, "FOOT": 35, "PASSENGER_CAR": 21, "RAIL_TRIP": 29, "UNKNOWN": 1}, "Duration": {"BIKE_TRIP": 12070.172, "BUS": 1712.926, "FOOT": 190646.87300000002, "PASSENGER_CAR": 39967.497, "RAIL_TRIP": 67430.824, "UNKNOWN": 191.697}, "Distance": {"BIKE_TRIP": 65.95197519490641, "BUS": 11.3329042472284, "FOOT": 103.29147818277714, "PASSENGER_CAR": 596.6362425757985, "RAIL_TRIP": 323.84353719855517, "UNKNOWN": 36.76093179586567}, "Total_Count": 60, "Total_Duration": 312019.98900000006, "Total_Distance": 1137.8170691951314, "Total_Emission": 128.0809446555345}, "end_percents_count": {"BIKE_TRIP": 0.1, "BUS": 0.05, "FOOT": 0.5833333333333334, "PASSENGER_CAR": 0.35, "RAIL_TRIP": 0.48333333333333334, "UNKNOWN": 0.016666666666666666}, "end_percents_duration": {"BIKE_TRIP": 0.038683970340118175, "BUS": 0.005489795719465907, "FOOT": 0.6110085242006722, "PASSENGER_CAR": 0.1280927453657464, "RAIL_TRIP": 0.2161105902737532, "UNKNOWN": 0.0006143741002439429}, "end_percents_distance": {"BIKE_TRIP": 0.05796360151422188, "BUS": 0.009960216412683163, "FOOT": 0.09078039078447243, "PASSENGER_CAR": 0.5243692142866576, "RAIL_TRIP": 0.2846182800084336, "UNKNOWN": 0.03230829699353131}}