{"start": {"Count": {"BIKE_TRIP": 1, "FOOT": 3, "PASSENGER_CAR": 4, "RAIL_TRIP": 1}, "Duration": {"BIKE_TRIP": 781.159, "FOOT": 1817.494, "PASSENGER_CAR": 2250.313, "RAIL_TRIP": 244.364}, "Distance": {"BIKE_TRIP": 4.8839448294751415, "FOOT": 3.204777093057475, "PASSENGER_CAR": 22.984395832146937, "RAIL_TRIP": 0.9412985516360848}, "Total_Count": 9, "Total_Duration": 5093.33, "Total_Distance": 32.014416306315645}, "start_percents_count": {"BIKE_TRIP": 0.1111111111111111, "FOOT": 0.3333333333333333, "PASSENGER_CAR": 0.4444444444444444, "RAIL_TRIP": 0.1111111111111111}, "start_percents_duration": {"BIKE_TRIP": 0.1533690139849568, "FOOT": 0.35683806075789315, "PASSENGER_CAR": 0.4418156687275319, "RAIL_TRIP": 0.04797725652961815}, "start_percents_distance": {"BIKE_TRIP": 0.1525545486366297, "FOOT": 0.10010418626390051, "PASSENGER_CAR": 0.7179389313936262, "RAIL_TRIP": 0.029402333705843327}, "end": {"Count": {"BUS": 1, "FOOT": 8, "PASSENGER_CAR": 2, "RAIL_TRIP": 1}, "Duration": {"BUS": 712.202, "FOOT": 8169.219999999999, "PASSENGER_CAR": 760.9770000000001, "RAIL_TRIP": 244.364}, "Distance": {"BUS": 4.345520018028333, "FOOT": 19.73293267003533, "PASSENGER_CAR": 4.581549995455573, "RAIL_TRIP": 0.9412985516360848}, "Total_Count": 12, "Total_Duration": 9886.762999999999, "Total_Distance": 29.601301235155315}, "end_percents_count": {"BUS": 0.08333333333333333, "FOOT": 0.6666666666666666, "PASSENGER_CAR": 0.16666666666666666, "RAIL_TRIP": 0.08333333333333333}, "end_percents_duration": {"BUS": 0.07203591306881738, "FOOT": 0.826278530192339, "PASSENGER_CAR": 0.07696927700198743, "RAIL_TRIP": 0.024716279736856243}, "end_percents_distance": {"BUS": 0.1468016552214088, "FOOT": 0.6666238255296681, "PASSENGER_CAR": 0.1547752904191387, "RAIL_TRIP": 0.03179922882978444}}