{"start": {"Count": {"BIKE_TRIP": 1, "FOOT": 4, "PASSENGER_CAR": 3, "RAIL_TRIP": 1}, "Duration": {"BIKE_TRIP": 2282.312, "FOOT": 4244.666, "PASSENGER_CAR": 3481.182, "RAIL_TRIP": 1222.64}, "Distance": {"BIKE_TRIP": 21.6199035745959, "FOOT": 5.187485213932659, "PASSENGER_CAR": 28.265779108797982, "RAIL_TRIP": 4.592071363657645}, "Total_Count": 6, "Total_Duration": 11230.8, "Total_Distance": 59.66523926098419, "Total_Emission": 7.092145446427613}, "start_percents_count": {"BIKE_TRIP": 0.16666666666666666, "FOOT": 0.6666666666666666, "PASSENGER_CAR": 0.5, "RAIL_TRIP": 0.16666666666666666}, "start_percents_duration": {"BIKE_TRIP": 0.2032190048794387, "FOOT": 0.37794867685294015, "PASSENGER_CAR": 0.3099674110481889, "RAIL_TRIP": 0.10886490721943229}, "start_percents_distance": {"BIKE_TRIP": 0.3623534212278507, "FOOT": 0.08694317291248704, "PASSENGER_CAR": 0.4737394747578145, "RAIL_TRIP": 0.0769639311018477}, "end": {"Count": {"FOOT": 4}, "Duration": {"FOOT": 2752.986}, "Distance": {"FOOT": 5.002657540976079}, "Total_Count": 4, "Total_Duration": 2752.986, "Total_Distance": 5.00265754097608, "Total_Emission": 0.0}, "end_percents_count": {"FOOT": 1.0}, "end_percents_duration": {"FOOT": 1.0}, "end_percents_distance": {"FOOT": 0.9999999999999998}}