{"start": {"Count": {"BIKE_TRIP": 2, "FOOT": 29, "PASSENGER_CAR": 8, "RAIL_TRIP": 20}, "Duration": {"BIKE_TRIP": 796.055, "FOOT": 72190.882, "PASSENGER_CAR": 50971.257000000005, "RAIL_TRIP": 19559.555}, "Distance": {"BIKE_TRIP": 2.1677214314076565, "FOOT": 61.602430030581914, "PASSENGER_CAR": 49.499862290462964, "RAIL_TRIP": 106.53960702902422}, "Total_Count": 42, "Total_Duration": 143517.74899999998, "Total_Distance": 219.80962078147678, "Total_Emission": 12.981550317531404}, "start_percents_count": {"BIKE_TRIP": 0.047619047619047616, "FOOT": 0.6904761904761905, "PASSENGER_CAR": 0.19047619047619047, "RAIL_TRIP": 0.47619047619047616}, "start_percents_duration": {"BIKE_TRIP": 0.005546735546974054, "FOOT": 0.5030101329139437, "PASSENGER_CAR": 0.3551564691834737, "RAIL_TRIP": 0.13628666235560874}, "start_percents_distance": {"BIKE_TRIP": 0.009861813253218301, "FOOT": 0.2802535658428883, "PASSENGER_CAR": 0.22519424816110817, "RAIL_TRIP": 0.4846903727427851}, "end": {"Count": {"FOOT": 28, "PASSENGER_CAR": 13, "RAIL_TRIP": 24, "UNKNOWN": 1}, "Duration": {"FOOT": 81477.22600000001, "PASSENGER_CAR": 82157.57500000001, "RAIL_TRIP": 47490.955, "UNKNOWN": 685.7249999999999}, "Distance": {"FOOT": 60.64830245623454, "PASSENGER_CAR": 170.09006191253778, "RAIL_TRIP": 377.32959551848165, "UNKNOWN": 37.11674775070154}, "Total_Count": 44, "Total_Duration": 211811.48099999997, "Total_Distance": 645.1847076379555, "Total_Emission": 30.804074145065865}, "end_percents_count": {"FOOT": 0.6363636363636364, "PASSENGER_CAR": 0.29545454545454547, "RAIL_TRIP": 0.5454545454545454, "UNKNOWN": 0.022727272727272728}, "end_percents_duration": {"FOOT": 0.38466860066003705, "PASSENGER_CAR": 0.38788065034114, "RAIL_TRIP": 0.22421331825728563, "UNKNOWN": 0.0032374307415375656}, "end_percents_distance": {"FOOT": 0.09400145685143431, "PASSENGER_CAR": 0.2636300270278315, "RAIL_TRIP": 0.5848396452233019, "UNKNOWN": 0.05752887089743229}}