{"start": {"Count": {"FOOT": 5, "PASSENGER_CAR": 5, "RAIL_TRIP": 2}, "Duration": {"FOOT": 6631.271, "PASSENGER_CAR": 15741.530999999999, "RAIL_TRIP": 1623.143}, "Distance": {"FOOT": 8.098377456649011, "PASSENGER_CAR": 71.09919363257089, "RAIL_TRIP": 7.436675008393829}, "Total_Count": 8, "Total_Duration": 23995.945, "Total_Distance": 86.63424609761374, "Total_Emission": 14.45313570238838}, "start_percents_count": {"FOOT": 0.625, "PASSENGER_CAR": 0.625, "RAIL_TRIP": 0.25}, "start_percents_duration": {"FOOT": 0.2763496499095993, "PASSENGER_CAR": 0.6560079630120839, "RAIL_TRIP": 0.06764238707831678}, "start_percents_distance": {"FOOT": 0.0934777853035657, "PASSENGER_CAR": 0.8206823148488073, "RAIL_TRIP": 0.08583989984762694}, "end": {"Count": {"BIKE_TRIP": 3, "FOOT": 12, "PASSENGER_CAR": 7, "RAIL_TRIP": 2}, "Duration": {"BIKE_TRIP": 1398.94, "FOOT": 36989.234, "PASSENGER_CAR": 10125.788, "RAIL_TRIP": 3127.358}, "Distance": {"BIKE_TRIP": 3.4543092585617887, "FOOT": 41.67820480384079, "PASSENGER_CAR": 56.109187243126904, "RAIL_TRIP": 14.902866008196384}, "Total_Count": 13, "Total_Duration": 51641.32, "Total_Distance": 116.14456731372586, "Total_Emission": 14.21391025759928}, "end_percents_count": {"BIKE_TRIP": 0.23076923076923078, "FOOT": 0.9230769230769231, "PASSENGER_CAR": 0.5384615384615384, "RAIL_TRIP": 0.15384615384615385}, "end_percents_duration": {"BIKE_TRIP": 0.02708954767229033, "FOOT": 0.7162720472675755, "PASSENGER_CAR": 0.1960791862020568, "RAIL_TRIP": 0.06055921885807722}, "end_percents_distance": {"BIKE_TRIP": 0.029741462200561848, "FOOT": 0.3588476479598138, "PASSENGER_CAR": 0.4830978197332866, "RAIL_TRIP": 0.12831307010633786}}