{"start": {"Count": {"BIKE_TRIP": 1, "FOOT": 19, "PASSENGER_CAR": 11, "RAIL_TRIP": 17}, "Duration": {"BIKE_TRIP": 1261.592, "FOOT": 29792.888, "PASSENGER_CAR": 53687.577, "RAIL_TRIP": 20030.925}, "Distance": {"BIKE_TRIP": 5.395136589214602, "FOOT": 42.80886287492582, "PASSENGER_CAR": 386.6720099591474, "RAIL_TRIP": 88.00148770918318}, "Total_Count": 35, "Total_Duration": 104772.98199999997, "Total_Distance": 522.8774971324711, "Total_Emission": 64.51286379219823}, "start_percents_count": {"BIKE_TRIP": 0.02857142857142857, "FOOT": 0.5428571428571428, "PASSENGER_CAR": 0.3142857142857143, "RAIL_TRIP": 0.4857142857142857}, "start_percents_duration": {"BIKE_TRIP": 0.012041195887695555, "FOOT": 0.2843565910913942, "PASSENGER_CAR": 0.512418144212026, "RAIL_TRIP": 0.1911840688088844}, "start_percents_distance": {"BIKE_TRIP": 0.010318165571863849, "FOOT": 0.08187168717279908, "PASSENGER_CAR": 0.7395078428115714, "RAIL_TRIP": 0.16830230444376532}, "end": {"Count": {"BIKE_TRIP": 1, "BUS": 1, "FOOT": 16, "HIGH_SPEED_TRAIN": 1, "PASSENGER_CAR": 15, "RAIL_TRIP": 20, "UNKNOWN": 1}, "Duration": {"BIKE_TRIP": 901.284, "BUS": 348.91, "FOOT": 20269.35, "HIGH_SPEED_TRAIN": 2389.791, "PASSENGER_CAR": 27223.881, "RAIL_TRIP": 36499.417, "UNKNOWN": 803.413}, "Distance": {"BIKE_TRIP": 2.3087310712789475, "BUS": 2.59558794105901, "FOOT": 27.39959114529401, "HIGH_SPEED_TRAIN": 172.54308285416582, "PASSENGER_CAR": 557.62561260122, "RAIL_TRIP": 262.7823224564783, "UNKNOWN": 39.79029123851404}, "Total_Count": 32, "Total_Duration": 88436.04599999999, "Total_Distance": 1065.04521930801, "Total_Emission": 114.80326210109388}, "end_percents_count": {"BIKE_TRIP": 0.03125, "BUS": 0.03125, "FOOT": 0.5, "HIGH_SPEED_TRAIN": 0.03125, "PASSENGER_CAR": 0.46875, "RAIL_TRIP": 0.625, "UNKNOWN": 0.03125}, "end_percents_duration": {"BIKE_TRIP": 0.010191364729264355, "BUS": 0.003945336950048627, "FOOT": 0.22919783184336398, "HIGH_SPEED_TRAIN": 0.027022816013280382, "PASSENGER_CAR": 0.30783693110838545, "RAIL_TRIP": 0.41272104137265486, "UNKNOWN": 0.009084677983002543}, "end_percents_distance": {"BIKE_TRIP": 0.002167730561505168, "BUS": 0.002437068299076951, "FOOT": 0.025726223308242535, "HIGH_SPEED_TRAIN": 0.16200540571063446, "PASSENGER_CAR": 0.5235698940215188, "RAIL_TRIP": 0.24673348858109087, "UNKNOWN": 0.03736018951793137}}