{"start": {"Count": {"FOOT": 6, "MOTORCYCLE": 2, "PASSENGER_CAR": 12, "RAIL_TRIP": 4}, "Duration": {"FOOT": 15015.701000000001, "MOTORCYCLE": 3347.87, "PASSENGER_CAR": 13388.539, "RAIL_TRIP": 2548.279}, "Distance": {"FOOT": 14.993223965054824, "MOTORCYCLE": 39.47037588894795, "PASSENGER_CAR": 86.2316617054397, "RAIL_TRIP": 18.712762857923618}, "Total_Count": 17, "Total_Duration": 34300.388999999996, "Total_Distance": 159.40802441736608, "Total_Emission": 18.103850319471192}, "start_percents_count": {"FOOT": 0.35294117647058826, "MOTORCYCLE": 0.11764705882352941, "PASSENGER_CAR": 0.7058823529411765, "RAIL_TRIP": 0.23529411764705882}, "start_percents_duration": {"FOOT": 0.43777057455529156, "MOTORCYCLE": 0.0976044324162038, "PASSENGER_CAR": 0.3903319871969966, "RAIL_TRIP": 0.07429300583150822}, "start_percents_distance": {"FOOT": 0.09405564130071137, "MOTORCYCLE": 0.247605953547267, "PASSENGER_CAR": 0.5409493155731345, "RAIL_TRIP": 0.11738908957888716}, "end": {"Count": {"FOOT": 5, "MOTORCYCLE": 1, "PASSENGER_CAR": 19, "RAIL_TRIP": 4}, "Duration": {"FOOT": 7634.514, "MOTORCYCLE": 762.785, "PASSENGER_CAR": 16002.142, "RAIL_TRIP": 2202.7889999999998}, "Distance": {"FOOT": 11.43469435515275, "MOTORCYCLE": 7.53439274125966, "PASSENGER_CAR": 158.995812398009, "RAIL_TRIP": 13.79234074020516}, "Total_Count": 22, "Total_Duration": 26602.23, "Total_Distance": 191.75724023462658, "Total_Emission": 28.592665774999098}, "end_percents_count": {"FOOT": 0.22727272727272727, "MOTORCYCLE": 0.045454545454545456, "PASSENGER_CAR": 0.8636363636363636, "RAIL_TRIP": 0.18181818181818182}, "end_percents_duration": {"FOOT": 0.28698774501235425, "MOTORCYCLE": 0.028673723969757422, "PASSENGER_CAR": 0.6015338563721914, "RAIL_TRIP": 0.08280467464569699}, "end_percents_distance": {"FOOT": 0.059631095760252446, "MOTORCYCLE": 0.039291307759961897, "PASSENGER_CAR": 0.8291515470470269, "RAIL_TRIP": 0.07192604943275882}}