{"start": {"Count": {"BIKE_TRIP": 9, "BUS": 4, "FOOT": 102, "PASSENGER_CAR": 40, "RAIL_TRIP": 58, "UNKNOWN": 1}, "Duration": {"BIKE_TRIP": 14729.612000000001, "BUS": 1417.399, "FOOT": 221050.513, "PASSENGER_CAR": 96757.218, "RAIL_TRIP": 84811.516, "UNKNOWN": 1084.239}, "Distance": {"BIKE_TRIP": 69.45411091604839, "BUS": 25.82276057544115, "FOOT": 238.52978691468212, "PASSENGER_CAR": 1019.7790009063207, "RAIL_TRIP": 575.6360283896265, "UNKNOWN": 27.60553745529736}, "Total_Count": 136, "Total_Duration": 419850.49700000003, "Total_Distance": 1956.8272251574163, "Total_Emission": 211.6256353561272}, "start_percents_count": {"BIKE_TRIP": 0.0661764705882353, "BUS": 0.029411764705882353, "FOOT": 0.75, "PASSENGER_CAR": 0.29411764705882354, "RAIL_TRIP": 0.4264705882352941, "UNKNOWN": 0.007352941176470588}, "start_percents_duration": {"BIKE_TRIP": 0.03508299288734675, "BUS": 0.0033759612293611263, "FOOT": 0.5264981572714441, "PASSENGER_CAR": 0.23045636170820105, "RAIL_TRIP": 0.20200408623072322, "UNKNOWN": 0.002582440672923629}, "start_percents_distance": {"BIKE_TRIP": 0.03549322598496716, "BUS": 0.013196239424440677, "FOOT": 0.12189619188045264, "PASSENGER_CAR": 0.5211390090018218, "RAIL_TRIP": 0.2941680394615931, "UNKNOWN": 0.01410729424672464}, "end": {"Count": {"BIKE_TRIP": 12, "BUS": 6, "FOOT": 134, "HIGH_SPEED_TRAIN": 4, "MOTORCYCLE": 1, "PASSENGER_CAR": 63, "RAIL_TRIP": 94, "UNKNOWN": 3}, "Duration": {"BIKE_TRIP": 17445.79, "BUS": 2038.985, "FOOT": 349725.043, "HIGH_SPEED_TRAIN": 25269.315, "MOTORCYCLE": 3384.206, "PASSENGER_CAR": 81206.026, "RAIL_TRIP": 138072.709, "UNKNOWN": 735.8900000000001}, "Distance": {"BIKE_TRIP": 89.41561248429097, "BUS": 8.737738641331019, "FOOT": 383.25155077002415, "HIGH_SPEED_TRAIN": 1391.1708929708502, "MOTORCYCLE": 13.325771468579793, "PASSENGER_CAR": 1171.3962611759669, "RAIL_TRIP": 984.9249064945002, "UNKNOWN": 38.99838329774489}, "Total_Count": 182, "Total_Duration": 617877.9639999999, "Total_Distance": 4081.2211173032883, "Total_Emission": 235.3725015440241}, "end_percents_count": {"BIKE_TRIP": 0.06593406593406594, "BUS": 0.03296703296703297, "FOOT": 0.7362637362637363, "HIGH_SPEED_TRAIN": 0.02197802197802198, "MOTORCYCLE": 0.005494505494505495, "PASSENGER_CAR": 0.34615384615384615, "RAIL_TRIP": 0.5164835164835165, "UNKNOWN": 0.016483516483516484}, "end_percents_duration": {"BIKE_TRIP": 0.02823500920320894, "BUS": 0.0032999801235831096, "FOOT": 0.56600989738485, "HIGH_SPEED_TRAIN": 0.04089693511063619, "MOTORCYCLE": 0.0054771430560355775, "PASSENGER_CAR": 0.13142728941859466, "RAIL_TRIP": 0.22346275000025737, "UNKNOWN": 0.0011909957028342901}, "end_percents_distance": {"BIKE_TRIP": 0.02190903406463145, "BUS": 0.00214096183230194, "FOOT": 0.0939060981393877, "HIGH_SPEED_TRAIN": 0.3408712375501187, "MOTORCYCLE": 0.0032651432219837533, "PASSENGER_CAR": 0.2870210232446263, "RAIL_TRIP": 0.24133093458687682, "UNKNOWN": 0.009555567360073227}}