{"start": {"Count": {"BUS": 1, "FOOT": 2, "PASSENGER_CAR": 4, "RAIL_TRIP": 2}, "Duration": {"BUS": 711.688, "FOOT": 1621.547, "PASSENGER_CAR": 4739.115, "RAIL_TRIP": 1388.065}, "Distance": {"BUS": 5.957671013527089, "FOOT": 3.303806615717098, "PASSENGER_CAR": 72.54688109791245, "RAIL_TRIP": 5.342731552455171}, "Total_Count": 5, "Total_Duration": 8460.415, "Total_Distance": 87.15109027961181, "Total_Emission": 12.374144291822148}, "start_percents_count": {"BUS": 0.2, "FOOT": 0.4, "PASSENGER_CAR": 0.8, "RAIL_TRIP": 0.4}, "start_percents_duration": {"BUS": 0.08411975062689005, "FOOT": 0.19166282032264373, "PASSENGER_CAR": 0.5601516001283624, "RAIL_TRIP": 0.1640658289221037}, "start_percents_distance": {"BUS": 0.06836025796593885, "FOOT": 0.03790895334891746, "PASSENGER_CAR": 0.8324265464167592, "RAIL_TRIP": 0.06130424226838449}, "end": {"Count": {"FOOT": 1, "PASSENGER_CAR": 4, "RAIL_TRIP": 2}, "Duration": {"FOOT": 1621.566, "PASSENGER_CAR": 3478.983, "RAIL_TRIP": 2648.9539999999997}, "Distance": {"FOOT": 4.504360567562869, "PASSENGER_CAR": 62.626574703192446, "RAIL_TRIP": 7.8772903200597515}, "Total_Count": 6, "Total_Duration": 7749.503000000001, "Total_Distance": 75.00822559081506, "Total_Emission": 11.267490053680387}, "end_percents_count": {"FOOT": 0.16666666666666666, "PASSENGER_CAR": 0.6666666666666666, "RAIL_TRIP": 0.3333333333333333}, "end_percents_duration": {"FOOT": 0.2092477414358056, "PASSENGER_CAR": 0.4489298216930815, "RAIL_TRIP": 0.34182243687111286}, "end_percents_distance": {"FOOT": 0.06005155477393987, "PASSENGER_CAR": 0.8349294255383802, "RAIL_TRIP": 0.10501901968768003}}