{"start": {"Count": {"FOOT": 3, "PASSENGER_CAR": 6, "RAIL_TRIP": 2}, "Duration": {"FOOT": 3891.91, "PASSENGER_CAR": 5855.045, "RAIL_TRIP": 240.584}, "Distance": {"FOOT": 6.779973907576288, "PASSENGER_CAR": 78.95614574549833, "RAIL_TRIP": 1.173462649112878}, "Total_Count": 8, "Total_Duration": 9987.539, "Total_Distance": 86.9095823021875, "Total_Emission": 17.254611626864918}, "start_percents_count": {"FOOT": 0.375, "PASSENGER_CAR": 0.75, "RAIL_TRIP": 0.25}, "start_percents_duration": {"FOOT": 0.3896765759813303, "PASSENGER_CAR": 0.5862350074427745, "RAIL_TRIP": 0.024088416575895222}, "start_percents_distance": {"FOOT": 0.0780118109876779, "PASSENGER_CAR": 0.9084860800615195, "RAIL_TRIP": 0.013502108950802564}, "end": {"Count": {"BIKE_TRIP": 1, "FOOT": 2, "PASSENGER_CAR": 4, "RAIL_TRIP": 1, "UNKNOWN": 2}, "Duration": {"BIKE_TRIP": 1863.2649999999999, "FOOT": 2587.3140000000003, "PASSENGER_CAR": 11711.486, "RAIL_TRIP": 661.197, "UNKNOWN": 961.953}, "Distance": {"BIKE_TRIP": 14.67258855340933, "FOOT": 2.809757714618904, "PASSENGER_CAR": 189.0442155344305, "RAIL_TRIP": 9.651685352787696, "UNKNOWN": 48.851938838971336}, "Total_Count": 6, "Total_Duration": 17785.214999999997, "Total_Distance": 265.03018599421773, "Total_Emission": 41.7094666472081}, "end_percents_count": {"BIKE_TRIP": 0.16666666666666666, "FOOT": 0.3333333333333333, "PASSENGER_CAR": 0.6666666666666666, "RAIL_TRIP": 0.16666666666666666, "UNKNOWN": 0.3333333333333333}, "end_percents_duration": {"BIKE_TRIP": 0.104764828538761, "FOOT": 0.14547555371132712, "PASSENGER_CAR": 0.6584956099771638, "RAIL_TRIP": 0.03717677857703717, "UNKNOWN": 0.05408722919571116}, "end_percents_distance": {"BIKE_TRIP": 0.055361952444652654, "FOOT": 0.010601651672538936, "PASSENGER_CAR": 0.7132931474400238, "RAIL_TRIP": 0.036417305887557545, "UNKNOWN": 0.1843259425552271}}