{"start": {"Count": {"BIKE_TRIP": 1, "FOOT": 3, "PASSENGER_CAR": 3, "RAIL_TRIP": 1}, "Duration": {"BIKE_TRIP": 999.344, "FOOT": 10813.927000000001, "PASSENGER_CAR": 4997.567, "RAIL_TRIP": 900.943}, "Distance": {"BIKE_TRIP": 6.765137907129516, "FOOT": 16.42089418356032, "PASSENGER_CAR": 61.079207259618755, "RAIL_TRIP": 7.348474155364204}, "Total_Count": 6, "Total_Duration": 17711.781, "Total_Distance": 91.61371350567279, "Total_Emission": 14.209856226673343}, "start_percents_count": {"BIKE_TRIP": 0.16666666666666666, "FOOT": 0.5, "PASSENGER_CAR": 0.5, "RAIL_TRIP": 0.16666666666666666}, "start_percents_duration": {"BIKE_TRIP": 0.05642255852192392, "FOOT": 0.6105499497763665, "PASSENGER_CAR": 0.2821606138874459, "RAIL_TRIP": 0.050866877814263856}, "start_percents_distance": {"BIKE_TRIP": 0.07384416206107193, "FOOT": 0.17924056950866343, "PASSENGER_CAR": 0.6667037599762473, "RAIL_TRIP": 0.08021150845401742}, "end": {"Count": {"BIKE_TRIP": 2, "FOOT": 5, "PASSENGER_CAR": 2}, "Duration": {"BIKE_TRIP": 4930.125, "FOOT": 5281.67, "PASSENGER_CAR": 2739.417}, "Distance": {"BIKE_TRIP": 16.01977863697442, "FOOT": 4.292146633572788, "PASSENGER_CAR": 38.5393024625366}, "Total_Count": 9, "Total_Duration": 12951.212, "Total_Distance": 58.8512277330838, "Total_Emission": 9.864264558574419}, "end_percents_count": {"BIKE_TRIP": 0.2222222222222222, "FOOT": 0.5555555555555556, "PASSENGER_CAR": 0.2222222222222222}, "end_percents_duration": {"BIKE_TRIP": 0.38066900611309584, "FOOT": 0.407812797752056, "PASSENGER_CAR": 0.21151819613484824}, "end_percents_distance": {"BIKE_TRIP": 0.27220806182041196, "FOOT": 0.07293215110209017, "PASSENGER_CAR": 0.6548597870774978}}