{"start": {"Count": {"BIKE_TRIP": 2, "FOOT": 14, "PASSENGER_CAR": 1, "RAIL_TRIP": 8, "SCOOTER": 1}, "Duration": {"BIKE_TRIP": 444.557, "FOOT": 31002.071, "PASSENGER_CAR": 1261.926, "RAIL_TRIP": 14663.06, "SCOOTER": 1621.991}, "Distance": {"BIKE_TRIP": 1.067013695101725, "FOOT": 23.4326495191816, "PASSENGER_CAR": 5.3243931110402105, "RAIL_TRIP": 74.34220912760439, "SCOOTER": 1.4850999993708258}, "Total_Count": 16, "Total_Duration": 48993.605, "Total_Distance": 105.65136545229876, "Total_Emission": 1.9669090763148787}, "start_percents_count": {"BIKE_TRIP": 0.125, "FOOT": 0.875, "PASSENGER_CAR": 0.0625, "RAIL_TRIP": 0.5, "SCOOTER": 0.0625}, "start_percents_duration": {"BIKE_TRIP": 0.009073776057099697, "FOOT": 0.6327779105048505, "PASSENGER_CAR": 0.025756953381977095, "RAIL_TRIP": 0.2992851822191896, "SCOOTER": 0.033106177836882994}, "start_percents_distance": {"BIKE_TRIP": 0.010099383860622967, "FOOT": 0.2217922070279476, "PASSENGER_CAR": 0.05039587598557026, "RAIL_TRIP": 0.7036559235116526, "SCOOTER": 0.014056609614206487}, "end": {"Count": {"BIKE_TRIP": 2, "FOOT": 23, "PASSENGER_CAR": 6, "RAIL_TRIP": 13, "SCOOTER": 1, "UNKNOWN": 1}, "Duration": {"BIKE_TRIP": 444.557, "FOOT": 58910.13, "PASSENGER_CAR": 39163.646, "RAIL_TRIP": 25028.698, "SCOOTER": 1621.991, "UNKNOWN": 300.804}, "Distance": {"BIKE_TRIP": 1.067013695101725, "FOOT": 67.41218773399568, "PASSENGER_CAR": 51.86203798587424, "RAIL_TRIP": 189.23522857746624, "SCOOTER": 1.4850999993708258, "UNKNOWN": 6.694236382650894}, "Total_Count": 26, "Total_Duration": 125469.826, "Total_Distance": 317.7558043744596, "Total_Emission": 12.575842829108907}, "end_percents_count": {"BIKE_TRIP": 0.07692307692307693, "FOOT": 0.8846153846153846, "PASSENGER_CAR": 0.23076923076923078, "RAIL_TRIP": 0.5, "SCOOTER": 0.038461538461538464, "UNKNOWN": 0.038461538461538464}, "end_percents_duration": {"BIKE_TRIP": 0.0035431387304227235, "FOOT": 0.4695163122327116, "PASSENGER_CAR": 0.3121359712414043, "RAIL_TRIP": 0.1994798175618734, "SCOOTER": 0.012927339199466172, "UNKNOWN": 0.002397421034121781}, "end_percents_distance": {"BIKE_TRIP": 0.0033579675977981564, "FOOT": 0.21215092472253858, "PASSENGER_CAR": 0.16321350317414618, "RAIL_TRIP": 0.5955366541611993, "SCOOTER": 0.004673714780110542, "UNKNOWN": 0.02106723556420724}}