{"start": {"Count": {"BUS": 1, "FOOT": 14, "MOTORCYCLE": 1, "PASSENGER_CAR": 5, "RAIL_TRIP": 4}, "Duration": {"BUS": 5307.209, "FOOT": 21297.251, "MOTORCYCLE": 2990.001, "PASSENGER_CAR": 5359.097, "RAIL_TRIP": 4690.521000000001}, "Distance": {"BUS": 17.317797999435836, "FOOT": 26.84317365400593, "MOTORCYCLE": 39.865979234861534, "PASSENGER_CAR": 32.55991465093966, "RAIL_TRIP": 25.132941647484028}, "Total_Count": 25, "Total_Duration": 39644.079000000005, "Total_Distance": 141.719807186727}, "start_percents_count": {"BUS": 0.04, "FOOT": 0.56, "MOTORCYCLE": 0.04, "PASSENGER_CAR": 0.2, "RAIL_TRIP": 0.16}, "start_percents_duration": {"BUS": 0.133871416208206, "FOOT": 0.5372113954267924, "MOTORCYCLE": 0.07542112404730097, "PASSENGER_CAR": 0.13518026235393182, "RAIL_TRIP": 0.11831580196376866}, "start_percents_distance": {"BUS": 0.12219744256791343, "FOOT": 0.1894101762263756, "MOTORCYCLE": 0.2813013934060394, "PASSENGER_CAR": 0.22974851079242165, "RAIL_TRIP": 0.17734247700724995}, "end": {"Count": {"FOOT": 17, "MOTORCYCLE": 1, "PASSENGER_CAR": 2, "RAIL_TRIP": 4}, "Duration": {"FOOT": 35537.411, "MOTORCYCLE": 1420.001, "PASSENGER_CAR": 1477.573, "RAIL_TRIP": 2143.439}, "Distance": {"FOOT": 79.06501342983022, "MOTORCYCLE": 17.226430731449945, "PASSENGER_CAR": 6.451218671506279, "RAIL_TRIP": 15.811000920335948}, "Total_Count": 24, "Total_Duration": 40578.424, "Total_Distance": 118.55366375312238}, "end_percents_count": {"FOOT": 0.7083333333333334, "MOTORCYCLE": 0.041666666666666664, "PASSENGER_CAR": 0.08333333333333333, "RAIL_TRIP": 0.16666666666666666}, "end_percents_duration": {"FOOT": 0.875771099439446, "MOTORCYCLE": 0.03499399089526, "PASSENGER_CAR": 0.03641277443401942, "RAIL_TRIP": 0.05282213523127463}, "end_percents_distance": {"FOOT": 0.6669132857376402, "MOTORCYCLE": 0.14530492087804622, "PASSENGER_CAR": 0.05441602112727935, "RAIL_TRIP": 0.13336577225703436}}