{"start": {"Count": {"BIKE_TRIP": 3, "FOOT": 30, "PASSENGER_CAR": 8, "RAIL_TRIP": 17}, "Duration": {"BIKE_TRIP": 1443.548, "FOOT": 54947.817, "PASSENGER_CAR": 17142.037, "RAIL_TRIP": 23544.742}, "Distance": {"BIKE_TRIP": 5.2721156506483196, "FOOT": 55.58089512176144, "PASSENGER_CAR": 136.75324106596437, "RAIL_TRIP": 186.36335217258238}, "Total_Count": 34, "Total_Duration": 97078.144, "Total_Distance": 383.9696040109566, "Total_Emission": 31.633014547589767}, "start_percents_count": {"BIKE_TRIP": 0.08823529411764706, "FOOT": 0.8823529411764706, "PASSENGER_CAR": 0.23529411764705882, "RAIL_TRIP": 0.5}, "start_percents_duration": {"BIKE_TRIP": 0.014869958782895562, "FOOT": 0.5660163527642227, "PASSENGER_CAR": 0.17657977680331424, "RAIL_TRIP": 0.24253391164956759}, "start_percents_distance": {"BIKE_TRIP": 0.013730554699058626, "FOOT": 0.1447533725095996, "PASSENGER_CAR": 0.3561564239393859, "RAIL_TRIP": 0.48535964885195576}, "end": {"Count": {"BUS": 1, "FOOT": 37, "PASSENGER_CAR": 12, "RAIL_TRIP": 19}, "Duration": {"BUS": 1044.405, "FOOT": 101477.87, "PASSENGER_CAR": 19133.295, "RAIL_TRIP": 30990.114999999998}, "Distance": {"BUS": 4.262597226188294, "FOOT": 443.2483606341218, "PASSENGER_CAR": 179.84364272882485, "RAIL_TRIP": 296.55627231030985}, "Total_Count": 43, "Total_Duration": 152645.68500000003, "Total_Distance": 923.9108728994448, "Total_Emission": 33.05063897211118}, "end_percents_count": {"BUS": 0.023255813953488372, "FOOT": 0.8604651162790697, "PASSENGER_CAR": 0.27906976744186046, "RAIL_TRIP": 0.4418604651162791}, "end_percents_duration": {"BUS": 0.006842021115762295, "FOOT": 0.6647935708107306, "PASSENGER_CAR": 0.1253444864818812, "RAIL_TRIP": 0.20301992159162568}, "end_percents_distance": {"BUS": 0.004613645483802224, "FOOT": 0.4797522939015822, "PASSENGER_CAR": 0.19465475296814522, "RAIL_TRIP": 0.3209793076464703}}