{"start": {"Count": {"FOOT": 3, "PASSENGER_CAR": 4, "RAIL_TRIP": 5}, "Duration": {"FOOT": 3614.6820000000002, "PASSENGER_CAR": 5101.929, "RAIL_TRIP": 6895.6359999999995}, "Distance": {"FOOT": 3.790983393805502, "PASSENGER_CAR": 80.33030419304588, "RAIL_TRIP": 27.568025603058274}, "Total_Count": 7, "Total_Duration": 15612.247, "Total_Distance": 111.68931318990965, "Total_Emission": 21.441179031981598}, "start_percents_count": {"FOOT": 0.42857142857142855, "PASSENGER_CAR": 0.5714285714285714, "RAIL_TRIP": 0.7142857142857143}, "start_percents_duration": {"FOOT": 0.23152861980725775, "PASSENGER_CAR": 0.32679017953021117, "RAIL_TRIP": 0.44168120066253114}, "start_percents_distance": {"FOOT": 0.03394222137761333, "PASSENGER_CAR": 0.7192299952320161, "RAIL_TRIP": 0.24682778339037054}, "end": {"Count": {"BIKE_TRIP": 2, "BUS": 1, "FOOT": 3, "PASSENGER_CAR": 3, "RAIL_TRIP": 3}, "Duration": {"BIKE_TRIP": 3244.4579999999996, "BUS": 120.174, "FOOT": 493.281, "PASSENGER_CAR": 2360.647, "RAIL_TRIP": 3907.47}, "Distance": {"BIKE_TRIP": 23.381024914842886, "BUS": 0.6654827094205976, "FOOT": 0.9744853031531889, "PASSENGER_CAR": 19.03411518125739, "RAIL_TRIP": 20.707591436066185}, "Total_Count": 8, "Total_Duration": 10126.029999999999, "Total_Distance": 64.76269954474026, "Total_Emission": 5.395632486544982}, "end_percents_count": {"BIKE_TRIP": 0.25, "BUS": 0.125, "FOOT": 0.375, "PASSENGER_CAR": 0.375, "RAIL_TRIP": 0.375}, "end_percents_duration": {"BIKE_TRIP": 0.32040770173503336, "BUS": 0.011867829741764544, "FOOT": 0.048714155498255494, "PASSENGER_CAR": 0.2331266053922416, "RAIL_TRIP": 0.385883707632705}, "end_percents_distance": {"BIKE_TRIP": 0.3610261011230776, "BUS": 0.010275709846851886, "FOOT": 0.015047014871268324, "PASSENGER_CAR": 0.2939055245544232, "RAIL_TRIP": 0.31974564960437885}}