{"start": {"Count": {"BIKE_TRIP": 1, "BUS": 1, "FOOT": 8, "PASSENGER_CAR": 13, "RAIL_TRIP": 2}, "Duration": {"BIKE_TRIP": 3128.726, "BUS": 226.972, "FOOT": 13134.48, "PASSENGER_CAR": 11967.625, "RAIL_TRIP": 2733.143}, "Distance": {"BIKE_TRIP": 9.402807374998565, "BUS": 1.2491633094015284, "FOOT": 15.314657424535932, "PASSENGER_CAR": 82.214125014269, "RAIL_TRIP": 34.50898774492049}, "Total_Count": 21, "Total_Duration": 31190.945999999996, "Total_Distance": 142.68974086812554, "Total_Emission": 15.143471346933053}, "start_percents_count": {"BIKE_TRIP": 0.047619047619047616, "BUS": 0.047619047619047616, "FOOT": 0.38095238095238093, "PASSENGER_CAR": 0.6190476190476191, "RAIL_TRIP": 0.09523809523809523}, "start_percents_duration": {"BIKE_TRIP": 0.10030878832594563, "BUS": 0.007276855277169215, "FOOT": 0.42109912280313655, "PASSENGER_CAR": 0.38368906797504637, "RAIL_TRIP": 0.0876261656187023}, "start_percents_distance": {"BIKE_TRIP": 0.0658968704953265, "BUS": 0.008754401695606207, "FOOT": 0.10732837085106071, "PASSENGER_CAR": 0.576174043866627, "RAIL_TRIP": 0.24184631309137944}, "end": {"Count": {"FOOT": 13, "PASSENGER_CAR": 20, "RAIL_TRIP": 9}, "Duration": {"FOOT": 54053.817, "PASSENGER_CAR": 17077.666, "RAIL_TRIP": 9439.258}, "Distance": {"FOOT": 29.02321368026361, "PASSENGER_CAR": 146.87725689290352, "RAIL_TRIP": 66.56631755931578}, "Total_Count": 32, "Total_Duration": 80570.74100000002, "Total_Distance": 242.4667881324829, "Total_Emission": 29.19814115286993}, "end_percents_count": {"FOOT": 0.40625, "PASSENGER_CAR": 0.625, "RAIL_TRIP": 0.28125}, "end_percents_duration": {"FOOT": 0.6708864325822693, "PASSENGER_CAR": 0.21195865630676025, "RAIL_TRIP": 0.11715491111097014}, "end_percents_distance": {"FOOT": 0.1196997489998731, "PASSENGER_CAR": 0.6057623727528835, "RAIL_TRIP": 0.2745378782472435}}