{"start": {"Count": {"BIKE_TRIP": 3, "FOOT": 8, "PASSENGER_CAR": 5, "RAIL_TRIP": 3}, "Duration": {"BIKE_TRIP": 3647.733, "FOOT": 11172.445, "PASSENGER_CAR": 4401.541, "RAIL_TRIP": 3150.948}, "Distance": {"BIKE_TRIP": 29.74748262822827, "FOOT": 18.186229117228145, "PASSENGER_CAR": 37.11253793494412, "RAIL_TRIP": 21.39268820253656}, "Total_Count": 11, "Total_Duration": 22372.666999999998, "Total_Distance": 106.4389378829371, "Total_Emission": 5.425799572233278}, "start_percents_count": {"BIKE_TRIP": 0.2727272727272727, "FOOT": 0.7272727272727273, "PASSENGER_CAR": 0.45454545454545453, "RAIL_TRIP": 0.2727272727272727}, "start_percents_duration": {"BIKE_TRIP": 0.16304417349974415, "FOOT": 0.4993792201886347, "PASSENGER_CAR": 0.19673742965020669, "RAIL_TRIP": 0.14083917666141457}, "start_percents_distance": {"BIKE_TRIP": 0.27947932608031967, "FOOT": 0.1708606782344032, "PASSENGER_CAR": 0.3486744482151914, "RAIL_TRIP": 0.20098554747008573}, "end": {"Count": {"BIKE_TRIP": 2, "FOOT": 5, "PASSENGER_CAR": 5, "RAIL_TRIP": 3}, "Duration": {"BIKE_TRIP": 1915.141, "FOOT": 29018.265, "PASSENGER_CAR": 7194.6050000000005, "RAIL_TRIP": 2591.693}, "Distance": {"BIKE_TRIP": 10.71508377337284, "FOOT": 16.719256595514903, "PASSENGER_CAR": 86.44066531735311, "RAIL_TRIP": 29.908644860889744}, "Total_Count": 9, "Total_Duration": 40719.704, "Total_Distance": 143.78365054713058, "Total_Emission": 18.394392332361793}, "end_percents_count": {"BIKE_TRIP": 0.2222222222222222, "FOOT": 0.5555555555555556, "PASSENGER_CAR": 0.5555555555555556, "RAIL_TRIP": 0.3333333333333333}, "end_percents_duration": {"BIKE_TRIP": 0.04703229178679688, "FOOT": 0.7126344778930613, "PASSENGER_CAR": 0.17668608298331442, "RAIL_TRIP": 0.06364714733682741}, "end_percents_distance": {"BIKE_TRIP": 0.0745222682314674, "FOOT": 0.1162806517423518, "PASSENGER_CAR": 0.6011856354211766, "RAIL_TRIP": 0.20801144460500426}}