{"start": {"Count": {"BIKE_TRIP": 6, "FOOT": 25, "PASSENGER_CAR": 8, "RAIL_TRIP": 13}, "Duration": {"BIKE_TRIP": 5081.9220000000005, "FOOT": 43118.984000000004, "PASSENGER_CAR": 5399.281, "RAIL_TRIP": 17308.372}, "Distance": {"BIKE_TRIP": 22.6594774107185, "FOOT": 59.656156641703404, "PASSENGER_CAR": 24.96852321112703, "RAIL_TRIP": 87.04209577605731}, "Total_Count": 40, "Total_Duration": 70908.559, "Total_Distance": 194.32625303960623, "Total_Emission": 7.848482223519322}, "start_percents_count": {"BIKE_TRIP": 0.15, "FOOT": 0.625, "PASSENGER_CAR": 0.2, "RAIL_TRIP": 0.325}, "start_percents_duration": {"BIKE_TRIP": 0.07166866837612651, "FOOT": 0.6080927973730225, "PASSENGER_CAR": 0.0761442775899592, "RAIL_TRIP": 0.24409425666089196}, "start_percents_distance": {"BIKE_TRIP": 0.11660533281676667, "FOOT": 0.3069896923785419, "PASSENGER_CAR": 0.1284876480690343, "RAIL_TRIP": 0.44791732673565726}, "end": {"Count": {"BUS": 1, "FOOT": 30, "PASSENGER_CAR": 9, "RAIL_TRIP": 29, "UNKNOWN": 1}, "Duration": {"BUS": 1025.337, "FOOT": 46435.225, "PASSENGER_CAR": 8784.815, "RAIL_TRIP": 35969.534, "UNKNOWN": 240.553}, "Distance": {"BUS": 16.11937001213781, "FOOT": 80.55595091930724, "PASSENGER_CAR": 87.82132683203288, "RAIL_TRIP": 159.8932011661492, "UNKNOWN": 11.848262162962309}, "Total_Count": 52, "Total_Duration": 92455.46399999999, "Total_Distance": 356.2381110925895, "Total_Emission": 16.75380745154573}, "end_percents_count": {"BUS": 0.019230769230769232, "FOOT": 0.5769230769230769, "PASSENGER_CAR": 0.17307692307692307, "RAIL_TRIP": 0.5576923076923077, "UNKNOWN": 0.019230769230769232}, "end_percents_duration": {"BUS": 0.01109006386036849, "FOOT": 0.5022442481063099, "PASSENGER_CAR": 0.09501672069916821, "RAIL_TRIP": 0.38904714165946974, "UNKNOWN": 0.0026018256746837593}, "end_percents_distance": {"BUS": 0.045248864481959486, "FOOT": 0.22612951397097997, "PASSENGER_CAR": 0.24652423224085454, "RAIL_TRIP": 0.4488379996058072, "UNKNOWN": 0.03325938970039856}}