{"start": {"Count": {"FOOT": 7, "RAIL_TRIP": 3}, "Duration": {"FOOT": 7634.826, "RAIL_TRIP": 2462.158}, "Distance": {"FOOT": 24.442263454743156, "RAIL_TRIP": 7.619114495290644}, "Total_Count": 8, "Total_Duration": 10096.984, "Total_Distance": 32.061377950033794, "Total_Emission": 0.0380955724764531}, "start_percents_count": {"FOOT": 0.875, "RAIL_TRIP": 0.375}, "start_percents_duration": {"FOOT": 0.7561491629579684, "RAIL_TRIP": 0.24385083704203153}, "start_percents_distance": {"FOOT": 0.7623584829334321, "RAIL_TRIP": 0.23764151706656803}, "end": {"Count": {"FOOT": 13, "RAIL_TRIP": 5}, "Duration": {"FOOT": 15620.776, "RAIL_TRIP": 5861.023999999999}, "Distance": {"FOOT": 17.611385113148337, "RAIL_TRIP": 28.75908396999876}, "Total_Count": 15, "Total_Duration": 21481.800000000003, "Total_Distance": 46.3704690831471, "Total_Emission": 0.1437954198499935}, "end_percents_count": {"FOOT": 0.8666666666666667, "RAIL_TRIP": 0.3333333333333333}, "end_percents_duration": {"FOOT": 0.7271632730962954, "RAIL_TRIP": 0.2728367269037045}, "end_percents_distance": {"FOOT": 0.3797974327490473, "RAIL_TRIP": 0.6202025672509527}}