{"start": {"Count": {"FOOT": 6, "PASSENGER_CAR": 3, "RAIL_TRIP": 6}, "Duration": {"FOOT": 55219.268, "PASSENGER_CAR": 3996.119, "RAIL_TRIP": 5754.054}, "Distance": {"FOOT": 24.58508543864506, "PASSENGER_CAR": 41.0532482249912, "RAIL_TRIP": 43.29341684742361}, "Total_Count": 9, "Total_Duration": 64969.441000000006, "Total_Distance": 108.93175051105986, "Total_Emission": 8.168093177509501}, "start_percents_count": {"FOOT": 0.6666666666666666, "PASSENGER_CAR": 0.3333333333333333, "RAIL_TRIP": 0.6666666666666666}, "start_percents_duration": {"FOOT": 0.8499267832703069, "PASSENGER_CAR": 0.06150767096795553, "RAIL_TRIP": 0.08856554576173742}, "start_percents_distance": {"FOOT": 0.22569255816878597, "PASSENGER_CAR": 0.37687127979112994, "RAIL_TRIP": 0.39743616204008414}, "end": {"Count": {"BIKE_TRIP": 2, "FOOT": 5, "PASSENGER_CAR": 2}, "Duration": {"BIKE_TRIP": 1219.601, "FOOT": 30909.838000000003, "PASSENGER_CAR": 4813.736000000001}, "Distance": {"BIKE_TRIP": 2.6582757861951656, "FOOT": 8.721768456696639, "PASSENGER_CAR": 112.06305368765604}, "Total_Count": 6, "Total_Duration": 36943.174999999996, "Total_Distance": 123.44309793054784, "Total_Emission": 19.637328145199415}, "end_percents_count": {"BIKE_TRIP": 0.3333333333333333, "FOOT": 0.8333333333333334, "PASSENGER_CAR": 0.3333333333333333}, "end_percents_duration": {"BIKE_TRIP": 0.03301289074368947, "FOOT": 0.8366860184594315, "PASSENGER_CAR": 0.1303010907968793}, "end_percents_distance": {"BIKE_TRIP": 0.021534422181228616, "FOOT": 0.070654160523448, "PASSENGER_CAR": 0.9078114172953234}}