{"start": {"Count": {"BIKE_TRIP": 2, "FOOT": 8, "PASSENGER_CAR": 4, "RAIL_TRIP": 3}, "Duration": {"BIKE_TRIP": 1389.935, "FOOT": 14064.29, "PASSENGER_CAR": 6740.626, "RAIL_TRIP": 7155.385}, "Distance": {"BIKE_TRIP": 1.5832704467688874, "FOOT": 19.79190728277918, "PASSENGER_CAR": 43.416625298007425, "RAIL_TRIP": 37.875111864285714}, "Total_Count": 12, "Total_Duration": 29350.236, "Total_Distance": 102.6669148918412, "Total_Emission": 9.963956109501858}, "start_percents_count": {"BIKE_TRIP": 0.16666666666666666, "FOOT": 0.6666666666666666, "PASSENGER_CAR": 0.3333333333333333, "RAIL_TRIP": 0.25}, "start_percents_duration": {"BIKE_TRIP": 0.047356859413328053, "FOOT": 0.4791883104449314, "PASSENGER_CAR": 0.22966173082901276, "RAIL_TRIP": 0.24379309931272786}, "start_percents_distance": {"BIKE_TRIP": 0.015421428105021472, "FOOT": 0.19277785159542196, "PASSENGER_CAR": 0.42288818499851194, "RAIL_TRIP": 0.3689125353010446}, "end": {"Count": {"BIKE_TRIP": 1, "FOOT": 5, "PASSENGER_CAR": 1, "RAIL_TRIP": 2}, "Duration": {"BIKE_TRIP": 2885.295, "FOOT": 10283.899, "PASSENGER_CAR": 4505.68, "RAIL_TRIP": 1622.483}, "Distance": {"BIKE_TRIP": 11.622351485394024, "FOOT": 14.88464191564123, "PASSENGER_CAR": 51.08098300291813, "RAIL_TRIP": 7.900485972103545}, "Total_Count": 7, "Total_Duration": 19297.356999999996, "Total_Distance": 85.48846237605693, "Total_Emission": 11.206916290868246}, "end_percents_count": {"BIKE_TRIP": 0.14285714285714285, "FOOT": 0.7142857142857143, "PASSENGER_CAR": 0.14285714285714285, "RAIL_TRIP": 0.2857142857142857}, "end_percents_duration": {"BIKE_TRIP": 0.14951762565205176, "FOOT": 0.5329174870942172, "PASSENGER_CAR": 0.23348689667709424, "RAIL_TRIP": 0.08407799057663701}, "end_percents_distance": {"BIKE_TRIP": 0.13595228130631506, "FOOT": 0.17411287443871523, "PASSENGER_CAR": 0.5975190286873678, "RAIL_TRIP": 0.09241581556760183}}