{"start": {"Count": {"BIKE_TRIP": 1, "FOOT": 8, "PASSENGER_CAR": 2, "RAIL_TRIP": 5}, "Duration": {"BIKE_TRIP": 917.274, "FOOT": 6960.455, "PASSENGER_CAR": 2104.584, "RAIL_TRIP": 6485.981}, "Distance": {"BIKE_TRIP": 1.0449219722702263, "FOOT": 16.99680366452376, "PASSENGER_CAR": 20.075239183659676, "RAIL_TRIP": 28.235318864706436}, "Total_Count": 12, "Total_Duration": 16468.293999999998, "Total_Distance": 66.35228368516009, "Total_Emission": 6.8913622083369175}, "start_percents_count": {"BIKE_TRIP": 0.08333333333333333, "FOOT": 0.6666666666666666, "PASSENGER_CAR": 0.16666666666666666, "RAIL_TRIP": 0.4166666666666667}, "start_percents_duration": {"BIKE_TRIP": 0.05569939424205082, "FOOT": 0.4226579268016469, "PASSENGER_CAR": 0.12779611537175617, "RAIL_TRIP": 0.39384656358454617}, "start_percents_distance": {"BIKE_TRIP": 0.01574809357321226, "FOOT": 0.2561600403261652, "PASSENGER_CAR": 0.30255536160467633, "RAIL_TRIP": 0.4255365044959464}, "end": {"Count": {"BIKE_TRIP": 1, "BUS": 1, "FOOT": 14, "MOTORCYCLE": 1, "PASSENGER_CAR": 3, "RAIL_TRIP": 13}, "Duration": {"BIKE_TRIP": 917.274, "BUS": 618.106, "FOOT": 121610.71100000001, "MOTORCYCLE": 1684.865, "PASSENGER_CAR": 2116.42, "RAIL_TRIP": 16902.025999999998}, "Distance": {"BIKE_TRIP": 1.0449219722702263, "BUS": 3.377005227580584, "FOOT": 34.39543336199817, "MOTORCYCLE": 20.46625875362445, "PASSENGER_CAR": 15.837901701993967, "RAIL_TRIP": 101.24319507060494}, "Total_Count": 18, "Total_Duration": 143849.402, "Total_Distance": 176.36471608807233, "Total_Emission": 5.014323828496051}, "end_percents_count": {"BIKE_TRIP": 0.05555555555555555, "BUS": 0.05555555555555555, "FOOT": 0.7777777777777778, "MOTORCYCLE": 0.05555555555555555, "PASSENGER_CAR": 0.16666666666666666, "RAIL_TRIP": 0.7222222222222222}, "end_percents_duration": {"BIKE_TRIP": 0.006376627133980022, "BUS": 0.004296896555746544, "FOOT": 0.8454029652483367, "MOTORCYCLE": 0.011712700759089704, "PASSENGER_CAR": 0.01471274798903926, "RAIL_TRIP": 0.11749806231380787}, "end_percents_distance": {"BIKE_TRIP": 0.005924779034307617, "BUS": 0.019147850559259192, "FOOT": 0.19502445911472402, "MOTORCYCLE": 0.11604508661133835, "PASSENGER_CAR": 0.08980198564255278, "RAIL_TRIP": 0.5740558390378181}}