{"start": {"Count": {"FOOT": 4, "PASSENGER_CAR": 4, "RAIL_TRIP": 3}, "Duration": {"FOOT": 9376.912, "PASSENGER_CAR": 5372.3189999999995, "RAIL_TRIP": 877.9699999999999}, "Distance": {"FOOT": 10.998500710279826, "PASSENGER_CAR": 110.52944274405066, "RAIL_TRIP": 5.905204627201316}, "Total_Count": 7, "Total_Duration": 15627.201000000001, "Total_Distance": 127.4331480815318, "Total_Emission": 20.667301677480566}, "start_percents_count": {"FOOT": 0.5714285714285714, "PASSENGER_CAR": 0.5714285714285714, "RAIL_TRIP": 0.42857142857142855}, "start_percents_duration": {"FOOT": 0.6000378442691049, "PASSENGER_CAR": 0.3437799897755202, "RAIL_TRIP": 0.056182165955374855}, "start_percents_distance": {"FOOT": 0.08630800443886845, "PASSENGER_CAR": 0.8673523679516562, "RAIL_TRIP": 0.04633962760947539}, "end": {"Count": {"BUS": 2, "FOOT": 2, "PASSENGER_CAR": 3}, "Duration": {"BUS": 579.233, "FOOT": 4088.273, "PASSENGER_CAR": 5303.796}, "Distance": {"BUS": 3.3840232587644876, "FOOT": 3.228975067433432, "PASSENGER_CAR": 111.86925736762845}, "Total_Count": 6, "Total_Duration": 9971.302, "Total_Distance": 118.48225569382637, "Total_Emission": 14.792700207044522}, "end_percents_count": {"BUS": 0.3333333333333333, "FOOT": 0.3333333333333333, "PASSENGER_CAR": 0.5}, "end_percents_duration": {"BUS": 0.05809000670123119, "FOOT": 0.41000392927623697, "PASSENGER_CAR": 0.5319060640225319}, "end_percents_distance": {"BUS": 0.02856143511910548, "FOOT": 0.02725281560960086, "PASSENGER_CAR": 0.9441857492712936}}