{"start": {"Count": {"FOOT": 8, "PASSENGER_CAR": 15, "RAIL_TRIP": 2}, "Duration": {"FOOT": 105360.633, "PASSENGER_CAR": 24102.351, "RAIL_TRIP": 300.671}, "Distance": {"FOOT": 13.840371242176245, "PASSENGER_CAR": 295.3687433888131, "RAIL_TRIP": 3.527872486117695}, "Total_Count": 16, "Total_Duration": 129763.655, "Total_Distance": 312.73698711710693, "Total_Emission": 49.592034835195264}, "start_percents_count": {"FOOT": 0.5, "PASSENGER_CAR": 0.9375, "RAIL_TRIP": 0.125}, "start_percents_duration": {"FOOT": 0.8119425504776356, "PASSENGER_CAR": 0.18574038316044658, "RAIL_TRIP": 0.0023170663619177497}, "start_percents_distance": {"FOOT": 0.04425562633240309, "PASSENGER_CAR": 0.9444637364822147, "RAIL_TRIP": 0.011280637185382405}, "end": {"Count": {"FOOT": 7, "PASSENGER_CAR": 14}, "Duration": {"FOOT": 104374.569, "PASSENGER_CAR": 15880.813999999998}, "Distance": {"FOOT": 12.302650280705963, "PASSENGER_CAR": 170.84280543606394}, "Total_Count": 16, "Total_Duration": 120255.383, "Total_Distance": 183.1454557167699, "Total_Emission": 35.98936354256651}, "end_percents_count": {"FOOT": 0.4375, "PASSENGER_CAR": 0.875}, "end_percents_duration": {"FOOT": 0.8679409303448812, "PASSENGER_CAR": 0.13205906965511888}, "end_percents_distance": {"FOOT": 0.06717420441887305, "PASSENGER_CAR": 0.932825795581127}}