{"start": {"Count": {"FOOT": 9, "PASSENGER_CAR": 3, "SCOOTER": 1}, "Duration": {"FOOT": 7469.8550000000005, "PASSENGER_CAR": 1989.511, "SCOOTER": 595.29}, "Distance": {"FOOT": 14.487735576440045, "PASSENGER_CAR": 17.006408195299546, "SCOOTER": 3.153068101586888}, "Total_Count": 13, "Total_Duration": 10054.655999999999, "Total_Distance": 34.64721187332648}, "start_percents_count": {"FOOT": 0.6923076923076923, "PASSENGER_CAR": 0.23076923076923078, "SCOOTER": 0.07692307692307693}, "start_percents_duration": {"FOOT": 0.7429249692878603, "PASSENGER_CAR": 0.19786962378424486, "SCOOTER": 0.0592054069278949}, "start_percents_distance": {"FOOT": 0.4181501134754679, "PASSENGER_CAR": 0.49084492736317725, "SCOOTER": 0.09100495916135494}, "end": {"Count": {"FOOT": 8, "PASSENGER_CAR": 5, "RAIL_TRIP": 2, "SCOOTER": 1}, "Duration": {"FOOT": 7875.901, "PASSENGER_CAR": 3541.7709999999997, "RAIL_TRIP": 438.914, "SCOOTER": 318.022}, "Distance": {"FOOT": 18.66579720500378, "PASSENGER_CAR": 27.83185997606206, "RAIL_TRIP": 3.044900076864116, "SCOOTER": 3.473395229198762}, "Total_Count": 16, "Total_Duration": 12174.608, "Total_Distance": 53.01595248712872}, "end_percents_count": {"FOOT": 0.5, "PASSENGER_CAR": 0.3125, "RAIL_TRIP": 0.125, "SCOOTER": 0.0625}, "end_percents_duration": {"FOOT": 0.6469120812760459, "PASSENGER_CAR": 0.29091458221899213, "RAIL_TRIP": 0.036051591969121305, "SCOOTER": 0.026121744535840496}, "end_percents_distance": {"FOOT": 0.35207888058854525, "PASSENGER_CAR": 0.5249714221925771, "RAIL_TRIP": 0.05743365787124848, "SCOOTER": 0.06551603934762913}}