{"start": {"Count": {"FOOT": 8, "PASSENGER_CAR": 2, "RAIL_TRIP": 3}, "Duration": {"FOOT": 11069.009, "PASSENGER_CAR": 1704.599, "RAIL_TRIP": 5183.219}, "Distance": {"FOOT": 21.65276257450709, "PASSENGER_CAR": 38.73342078353861, "RAIL_TRIP": 25.003458866905184}, "Total_Count": 8, "Total_Duration": 17956.827, "Total_Distance": 85.38964222495089, "Total_Emission": 7.964781049522587}, "start_percents_count": {"FOOT": 1.0, "PASSENGER_CAR": 0.25, "RAIL_TRIP": 0.375}, "start_percents_duration": {"FOOT": 0.6164234360558243, "PASSENGER_CAR": 0.09492762836106845, "RAIL_TRIP": 0.28864893558310717}, "start_percents_distance": {"FOOT": 0.25357598427997796, "PASSENGER_CAR": 0.4536079526074029, "RAIL_TRIP": 0.2928160631126191}, "end": {"Count": {"FOOT": 7, "RAIL_TRIP": 3}, "Duration": {"FOOT": 37663.515, "RAIL_TRIP": 3778.732}, "Distance": {"FOOT": 7.725874555188598, "RAIL_TRIP": 17.14608492557293}, "Total_Count": 7, "Total_Duration": 41442.247, "Total_Distance": 24.87195948076153, "Total_Emission": 0.08573042462786441}, "end_percents_count": {"FOOT": 1.0, "RAIL_TRIP": 0.42857142857142855}, "end_percents_duration": {"FOOT": 0.9088193263265865, "RAIL_TRIP": 0.0911806736734135}, "end_percents_distance": {"FOOT": 0.3106258902184432, "RAIL_TRIP": 0.6893741097815568}}