{"start": {"Count": {"BIKE_TRIP": 1, "FOOT": 7, "PASSENGER_CAR": 5, "RAIL_TRIP": 4}, "Duration": {"BIKE_TRIP": 781.867, "FOOT": 6782.017, "PASSENGER_CAR": 5477.657999999999, "RAIL_TRIP": 4867.534000000001}, "Distance": {"BIKE_TRIP": 4.965963635659529, "FOOT": 9.44811585271729, "PASSENGER_CAR": 53.7732609720563, "RAIL_TRIP": 3.0732650740617276}, "Total_Count": 14, "Total_Duration": 17909.076, "Total_Distance": 71.26060553449484, "Total_Emission": 13.017926461638162}, "start_percents_count": {"BIKE_TRIP": 0.07142857142857142, "FOOT": 0.5, "PASSENGER_CAR": 0.35714285714285715, "RAIL_TRIP": 0.2857142857142857}, "start_percents_duration": {"BIKE_TRIP": 0.04365758456773537, "FOOT": 0.3786916198244957, "PASSENGER_CAR": 0.30585933076614336, "RAIL_TRIP": 0.2717914648416256}, "start_percents_distance": {"BIKE_TRIP": 0.06968736230083919, "FOOT": 0.1325853994903787, "PASSENGER_CAR": 0.7546001127653411, "RAIL_TRIP": 0.043127125443441036}, "end": {"Count": {"BIKE_TRIP": 2, "FOOT": 7, "PASSENGER_CAR": 6, "RAIL_TRIP": 4}, "Duration": {"BIKE_TRIP": 2999.782, "FOOT": 8642.9, "PASSENGER_CAR": 7158.623, "RAIL_TRIP": 5709.132}, "Distance": {"BIKE_TRIP": 18.880554727835392, "FOOT": 9.634559431113953, "PASSENGER_CAR": 81.94403191094057, "RAIL_TRIP": 8.073749886086661}, "Total_Count": 16, "Total_Duration": 24510.436999999998, "Total_Distance": 118.53289595597658, "Total_Emission": 11.014730698409359}, "end_percents_count": {"BIKE_TRIP": 0.125, "FOOT": 0.4375, "PASSENGER_CAR": 0.375, "RAIL_TRIP": 0.25}, "end_percents_duration": {"BIKE_TRIP": 0.12238794436835215, "FOOT": 0.35262121193514423, "PASSENGER_CAR": 0.2920642744966155, "RAIL_TRIP": 0.2329265691998882}, "end_percents_distance": {"BIKE_TRIP": 0.15928535766853852, "FOOT": 0.08128173494294995, "PASSENGER_CAR": 0.6913189056089103, "RAIL_TRIP": 0.0681140017796011}}