{"start": {"Count": {"BIKE_TRIP": 1, "FOOT": 4, "PASSENGER_CAR": 8, "RAIL_TRIP": 5}, "Duration": {"BIKE_TRIP": 901.096, "FOOT": 7709.094999999999, "PASSENGER_CAR": 9102.742, "RAIL_TRIP": 6190.946}, "Distance": {"BIKE_TRIP": 4.397325159052361, "FOOT": 13.339387811507677, "PASSENGER_CAR": 133.32061817541208, "RAIL_TRIP": 61.95995024226178}, "Total_Count": 13, "Total_Duration": 23903.878999999997, "Total_Distance": 213.0172813882339, "Total_Emission": 33.88266933192613}, "start_percents_count": {"BIKE_TRIP": 0.07692307692307693, "FOOT": 0.3076923076923077, "PASSENGER_CAR": 0.6153846153846154, "RAIL_TRIP": 0.38461538461538464}, "start_percents_duration": {"BIKE_TRIP": 0.037696643293751615, "FOOT": 0.32250393335742705, "PASSENGER_CAR": 0.38080606080711843, "RAIL_TRIP": 0.25899336254170297}, "start_percents_distance": {"BIKE_TRIP": 0.02064304421873656, "FOOT": 0.06262115319740666, "PASSENGER_CAR": 0.6258676164983491, "RAIL_TRIP": 0.29086818608550774}, "end": {"Count": {"BIKE_TRIP": 1, "FOOT": 4, "PASSENGER_CAR": 9, "RAIL_TRIP": 4}, "Duration": {"BIKE_TRIP": 901.096, "FOOT": 7922.036, "PASSENGER_CAR": 24237.752, "RAIL_TRIP": 2878.686}, "Distance": {"BIKE_TRIP": 4.397325159052361, "FOOT": 14.85760485461071, "PASSENGER_CAR": 633.844799449911, "RAIL_TRIP": 30.492368621954387}, "Total_Count": 15, "Total_Duration": 35939.56999999999, "Total_Distance": 683.5920980855283, "Total_Emission": 93.60670499577259}, "end_percents_count": {"BIKE_TRIP": 0.06666666666666667, "FOOT": 0.26666666666666666, "PASSENGER_CAR": 0.6, "RAIL_TRIP": 0.26666666666666666}, "end_percents_duration": {"BIKE_TRIP": 0.025072531474360994, "FOOT": 0.2204265660384919, "PASSENGER_CAR": 0.6744029491727365, "RAIL_TRIP": 0.08009795331441084}, "end_percents_distance": {"BIKE_TRIP": 0.006432674063037788, "FOOT": 0.021734605909314923, "PASSENGER_CAR": 0.9272266329951153, "RAIL_TRIP": 0.044606087032532236}}