{"start": {"Count": {"BUS": 2, "FOOT": 14, "PASSENGER_CAR": 11, "RAIL_TRIP": 8}, "Duration": {"BUS": 827.7180000000001, "FOOT": 22445.87, "PASSENGER_CAR": 21316.129, "RAIL_TRIP": 6743.799999999999}, "Distance": {"BUS": 4.2016838827043195, "FOOT": 28.822264936745043, "PASSENGER_CAR": 134.8373639007154, "RAIL_TRIP": 53.472487695959785}, "Total_Count": 18, "Total_Duration": 51333.517, "Total_Distance": 221.33380041612452, "Total_Emission": 26.60428508300271}, "start_percents_count": {"BUS": 0.1111111111111111, "FOOT": 0.7777777777777778, "PASSENGER_CAR": 0.6111111111111112, "RAIL_TRIP": 0.4444444444444444}, "start_percents_duration": {"BUS": 0.01612431893181993, "FOOT": 0.4372556433255878, "PASSENGER_CAR": 0.41524778050956457, "RAIL_TRIP": 0.13137225723302767}, "start_percents_distance": {"BUS": 0.018983471457160322, "FOOT": 0.1302208017146815, "PASSENGER_CAR": 0.6092036717718252, "RAIL_TRIP": 0.24159205505633305}, "end": {"Count": {"BIKE_TRIP": 1, "FOOT": 8, "PASSENGER_CAR": 8, "RAIL_TRIP": 5}, "Duration": {"BIKE_TRIP": 400.264, "FOOT": 12100.148, "PASSENGER_CAR": 11395.532, "RAIL_TRIP": 1514.492}, "Distance": {"BIKE_TRIP": 3.8422450552071066, "FOOT": 17.00906252542815, "PASSENGER_CAR": 105.03113992549342, "RAIL_TRIP": 10.0839693759369}, "Total_Count": 13, "Total_Duration": 25410.436, "Total_Distance": 135.96641688206557, "Total_Emission": 16.792443796310398}, "end_percents_count": {"BIKE_TRIP": 0.07692307692307693, "FOOT": 0.6153846153846154, "PASSENGER_CAR": 0.6153846153846154, "RAIL_TRIP": 0.38461538461538464}, "end_percents_duration": {"BIKE_TRIP": 0.01575195325259275, "FOOT": 0.4761881299478686, "PASSENGER_CAR": 0.4484587356155557, "RAIL_TRIP": 0.059601181183982825}, "end_percents_distance": {"BIKE_TRIP": 0.028258779949609097, "FOOT": 0.1250975271355533, "PASSENGER_CAR": 0.7724785453204612, "RAIL_TRIP": 0.07416514759437637}}