{"start": {"Count": {"FOOT": 7, "RAIL_TRIP": 8}, "Duration": {"FOOT": 7819.781999999999, "RAIL_TRIP": 14878.213}, "Distance": {"FOOT": 9.012510728562127, "RAIL_TRIP": 57.520109884977934}, "Total_Count": 12, "Total_Duration": 22697.994999999995, "Total_Distance": 66.53262061354006, "Total_Emission": 0.2876005494248891}, "start_percents_count": {"FOOT": 0.5833333333333334, "RAIL_TRIP": 0.6666666666666666}, "start_percents_duration": {"FOOT": 0.3445142181060486, "RAIL_TRIP": 0.6554857818939516}, "start_percents_distance": {"FOOT": 0.13546002916241645, "RAIL_TRIP": 0.8645399708375835}, "end": {"Count": {"BIKE_TRIP": 1, "FOOT": 10, "PASSENGER_CAR": 3, "RAIL_TRIP": 5}, "Duration": {"BIKE_TRIP": 360.484, "FOOT": 7201.854, "PASSENGER_CAR": 1287.5790000000002, "RAIL_TRIP": 12596.129}, "Distance": {"BIKE_TRIP": 1.5611543337945557, "FOOT": 10.255217862234893, "PASSENGER_CAR": 13.913097227705714, "RAIL_TRIP": 85.92381120021595}, "Total_Count": 14, "Total_Duration": 21446.046, "Total_Distance": 111.65328062395113, "Total_Emission": 3.51577552478715}, "end_percents_count": {"BIKE_TRIP": 0.07142857142857142, "FOOT": 0.7142857142857143, "PASSENGER_CAR": 0.21428571428571427, "RAIL_TRIP": 0.35714285714285715}, "end_percents_duration": {"BIKE_TRIP": 0.016808879361724767, "FOOT": 0.33581267148265936, "PASSENGER_CAR": 0.06003806016269853, "RAIL_TRIP": 0.5873403889929175}, "end_percents_distance": {"BIKE_TRIP": 0.013982162683177507, "FOOT": 0.09184878227424884, "PASSENGER_CAR": 0.12460983815213726, "RAIL_TRIP": 0.7695592168904363}}