{"start": {"Count": {"BUS": 2, "FOOT": 6, "PASSENGER_CAR": 5, "RAIL_TRIP": 8}, "Duration": {"BUS": 5285.213, "FOOT": 10852.169, "PASSENGER_CAR": 3959.274, "RAIL_TRIP": 12864.332}, "Distance": {"BUS": 61.1463334177669, "FOOT": 6.679379531437667, "PASSENGER_CAR": 54.30709563046992, "RAIL_TRIP": 26.36308661618577}, "Total_Count": 13, "Total_Duration": 32960.988, "Total_Distance": 148.49589519586024, "Total_Emission": 25.105115329390415}, "start_percents_count": {"BUS": 0.15384615384615385, "FOOT": 0.46153846153846156, "PASSENGER_CAR": 0.38461538461538464, "RAIL_TRIP": 0.6153846153846154}, "start_percents_duration": {"BUS": 0.16034752963108995, "FOOT": 0.3292428309491208, "PASSENGER_CAR": 0.12012000368435559, "RAIL_TRIP": 0.3902896357354337}, "start_percents_distance": {"BUS": 0.4117712030835417, "FOOT": 0.04498023007725452, "PASSENGER_CAR": 0.3657144566780179, "RAIL_TRIP": 0.17753411016118592}, "end": {"Count": {"BUS": 3, "FOOT": 8, "PASSENGER_CAR": 8, "RAIL_TRIP": 8}, "Duration": {"BUS": 5646.4890000000005, "FOOT": 12435.0, "PASSENGER_CAR": 4014.425, "RAIL_TRIP": 11542.717}, "Distance": {"BUS": 71.1074863208002, "FOOT": 6.856643673394175, "PASSENGER_CAR": 39.39440343945576, "RAIL_TRIP": 29.974342612835596}, "Total_Count": 17, "Total_Duration": 33638.631, "Total_Distance": 147.33287604648575, "Total_Emission": 18.15939469366302}, "end_percents_count": {"BUS": 0.17647058823529413, "FOOT": 0.47058823529411764, "PASSENGER_CAR": 0.47058823529411764, "RAIL_TRIP": 0.47058823529411764}, "end_percents_duration": {"BUS": 0.1678572769504205, "FOOT": 0.36966427082005804, "PASSENGER_CAR": 0.11933972580513161, "RAIL_TRIP": 0.34313872642438986}, "end_percents_distance": {"BUS": 0.4826314956233171, "FOOT": 0.04653844991956039, "PASSENGER_CAR": 0.26738365866845787, "RAIL_TRIP": 0.20344639578866455}}