{"start": {"Count": {"BIKE_TRIP": 5, "FOOT": 17, "PASSENGER_CAR": 33, "RAIL_TRIP": 10}, "Duration": {"BIKE_TRIP": 3215.158, "FOOT": 46070.839, "PASSENGER_CAR": 90521.72, "RAIL_TRIP": 7556.465}, "Distance": {"BIKE_TRIP": 19.207126505743293, "FOOT": 50.157312440046404, "PASSENGER_CAR": 464.0457578382947, "RAIL_TRIP": 65.33536665920133}, "Total_Count": 50, "Total_Duration": 147364.182, "Total_Distance": 598.7455634432858, "Total_Emission": 86.1852007835658}, "start_percents_count": {"BIKE_TRIP": 0.1, "FOOT": 0.34, "PASSENGER_CAR": 0.66, "RAIL_TRIP": 0.2}, "start_percents_duration": {"BIKE_TRIP": 0.021817771159615976, "FOOT": 0.3126325432322489, "PASSENGER_CAR": 0.6142721981112073, "RAIL_TRIP": 0.05127748749692785}, "start_percents_distance": {"BIKE_TRIP": 0.03207894584685741, "FOOT": 0.08377066236883672, "PASSENGER_CAR": 0.7750299729481835, "RAIL_TRIP": 0.1091204188361222}, "end": {"Count": {"BIKE_TRIP": 4, "BUS": 1, "FOOT": 15, "PASSENGER_CAR": 32, "RAIL_TRIP": 7}, "Duration": {"BIKE_TRIP": 3387.922, "BUS": 193.959, "FOOT": 40564.458999999995, "PASSENGER_CAR": 44496.044, "RAIL_TRIP": 4719.203}, "Distance": {"BIKE_TRIP": 22.32412977648029, "BUS": 2.285451682555458, "FOOT": 31.402209872265228, "PASSENGER_CAR": 714.0325910287784, "RAIL_TRIP": 47.56823261850388}, "Total_Count": 48, "Total_Duration": 93361.587, "Total_Distance": 817.6126149785832, "Total_Emission": 127.34841103985863}, "end_percents_count": {"BIKE_TRIP": 0.08333333333333333, "BUS": 0.020833333333333332, "FOOT": 0.3125, "PASSENGER_CAR": 0.6666666666666666, "RAIL_TRIP": 0.14583333333333334}, "end_percents_duration": {"BIKE_TRIP": 0.03628817920586547, "BUS": 0.00207750324552645, "FOOT": 0.43448767639307584, "PASSENGER_CAR": 0.47659905352722853, "RAIL_TRIP": 0.05054758762830371}, "end_percents_distance": {"BIKE_TRIP": 0.02730404273063357, "BUS": 0.002795274486579838, "FOOT": 0.038407198344276756, "PASSENGER_CAR": 0.8733140584523417, "RAIL_TRIP": 0.05817942598616815}}