{"start": {"Count": {"BIKE_TRIP": 2, "BUS": 1, "FOOT": 9, "MOTORCYCLE": 1, "PASSENGER_CAR": 6, "RAIL_TRIP": 4}, "Duration": {"BIKE_TRIP": 1463.8029999999999, "BUS": 5165.125, "FOOT": 12470.661, "MOTORCYCLE": 709.096, "PASSENGER_CAR": 6044.356, "RAIL_TRIP": 7753.996}, "Distance": {"BIKE_TRIP": 4.602717758055526, "BUS": 40.12385108789297, "FOOT": 21.21180847482775, "MOTORCYCLE": 6.889931776097256, "PASSENGER_CAR": 92.98375102360795, "RAIL_TRIP": 70.42158869054938}, "Total_Count": 14, "Total_Duration": 33607.037, "Total_Distance": 236.23364881103083, "Total_Emission": 30.03377482472889}, "start_percents_count": {"BIKE_TRIP": 0.14285714285714285, "BUS": 0.07142857142857142, "FOOT": 0.6428571428571429, "MOTORCYCLE": 0.07142857142857142, "PASSENGER_CAR": 0.42857142857142855, "RAIL_TRIP": 0.2857142857142857}, "start_percents_duration": {"BIKE_TRIP": 0.043556443253238895, "BUS": 0.1536917699706761, "FOOT": 0.3710729095218957, "MOTORCYCLE": 0.02109962862837328, "PASSENGER_CAR": 0.179853880007333, "RAIL_TRIP": 0.2307253686184831}, "start_percents_distance": {"BIKE_TRIP": 0.019483751706080424, "BUS": 0.1698481621472521, "FOOT": 0.08979164730167463, "MOTORCYCLE": 0.029165750987526266, "PASSENGER_CAR": 0.39360925715535117, "RAIL_TRIP": 0.2981014307021154}, "end": {"Count": {"BUS": 1, "FOOT": 9, "MOTORCYCLE": 1, "PASSENGER_CAR": 7, "RAIL_TRIP": 3}, "Duration": {"BUS": 12254.314, "FOOT": 16558.006999999998, "MOTORCYCLE": 2037.007, "PASSENGER_CAR": 12161.035, "RAIL_TRIP": 9191.162}, "Distance": {"BUS": 37.86770652073045, "FOOT": 14.013499493098152, "MOTORCYCLE": 20.960128911259496, "PASSENGER_CAR": 241.7381303825036, "RAIL_TRIP": 61.113341721954505}, "Total_Count": 14, "Total_Duration": 52201.52500000001, "Total_Distance": 375.6928070295462, "Total_Emission": 48.188268679916504}, "end_percents_count": {"BUS": 0.07142857142857142, "FOOT": 0.6428571428571429, "MOTORCYCLE": 0.07142857142857142, "PASSENGER_CAR": 0.5, "RAIL_TRIP": 0.21428571428571427}, "end_percents_duration": {"BUS": 0.23475011505889912, "FOOT": 0.31719393255273665, "MOTORCYCLE": 0.03902198259533605, "PASSENGER_CAR": 0.23296321323945993, "RAIL_TRIP": 0.1760707565535681}, "end_percents_distance": {"BUS": 0.10079433465904063, "FOOT": 0.03730041999977941, "MOTORCYCLE": 0.05579060476824912, "PASSENGER_CAR": 0.6434462567804557, "RAIL_TRIP": 0.16266838379247509}}