{"start": {"Count": {"BIKE_TRIP": 3, "BUS": 1, "FOOT": 62, "PASSENGER_CAR": 25, "RAIL_TRIP": 33}, "Duration": {"BIKE_TRIP": 3031.216, "BUS": 591.598, "FOOT": 199090.011, "PASSENGER_CAR": 58494.519, "RAIL_TRIP": 83856.602}, "Distance": {"BIKE_TRIP": 9.4970106983938, "BUS": 1.89700528032935, "FOOT": 154.52211402077162, "PASSENGER_CAR": 671.4333422455258, "RAIL_TRIP": 370.30280216318386}, "Total_Count": 89, "Total_Duration": 345063.946, "Total_Distance": 1207.6522744082044, "Total_Emission": 106.4131885267606}, "start_percents_count": {"BIKE_TRIP": 0.033707865168539325, "BUS": 0.011235955056179775, "FOOT": 0.6966292134831461, "PASSENGER_CAR": 0.2808988764044944, "RAIL_TRIP": 0.3707865168539326}, "start_percents_duration": {"BIKE_TRIP": 0.008784505118943953, "BUS": 0.0017144590353696354, "FOOT": 0.5769655546685252, "PASSENGER_CAR": 0.16951791016729403, "RAIL_TRIP": 0.24301757100986726}, "start_percents_distance": {"BIKE_TRIP": 0.007864027501664497, "BUS": 0.0015708207739342475, "FOOT": 0.12795248872155135, "PASSENGER_CAR": 0.5559823439860233, "RAIL_TRIP": 0.3066303190168265}, "end": {"Count": {"BIKE_TRIP": 7, "BUS": 1, "FOOT": 78, "PASSENGER_CAR": 22, "RAIL_TRIP": 39}, "Duration": {"BIKE_TRIP": 8305.188, "BUS": 240.358, "FOOT": 189081.242, "PASSENGER_CAR": 57666.983, "RAIL_TRIP": 80426.06}, "Distance": {"BIKE_TRIP": 41.50479866556781, "BUS": 2.502886313425208, "FOOT": 215.77280767174167, "PASSENGER_CAR": 479.81001041577065, "RAIL_TRIP": 323.0252806028438}, "Total_Count": 97, "Total_Duration": 335719.831, "Total_Distance": 1062.6157836693492, "Total_Emission": 77.73390597979778}, "end_percents_count": {"BIKE_TRIP": 0.07216494845360824, "BUS": 0.010309278350515464, "FOOT": 0.8041237113402062, "PASSENGER_CAR": 0.2268041237113402, "RAIL_TRIP": 0.4020618556701031}, "end_percents_duration": {"BIKE_TRIP": 0.024738449245793884, "BUS": 0.0007159481740594586, "FOOT": 0.563211417796764, "PASSENGER_CAR": 0.17177115462088982, "RAIL_TRIP": 0.23956303016249283}, "end_percents_distance": {"BIKE_TRIP": 0.03905908354028621, "BUS": 0.0023554010319538255, "FOOT": 0.20305816174370228, "PASSENGER_CAR": 0.45153668690947246, "RAIL_TRIP": 0.30399066677458514}}