{"start": {"Count": {"BIKE_TRIP": 3, "FOOT": 30, "MOTORCYCLE": 1, "PASSENGER_CAR": 3, "RAIL_TRIP": 11}, "Duration": {"BIKE_TRIP": 2825.271, "FOOT": 62887.469000000005, "MOTORCYCLE": 1093.45, "PASSENGER_CAR": 1883.092, "RAIL_TRIP": 13985.271}, "Distance": {"BIKE_TRIP": 9.556033500056984, "FOOT": 68.73336390693446, "MOTORCYCLE": 12.8854267918355, "PASSENGER_CAR": 4.487901894830012, "RAIL_TRIP": 45.55227741937159}, "Total_Count": 43, "Total_Duration": 82674.55300000001, "Total_Distance": 141.21500351302853, "Total_Emission": 2.730506570469586}, "start_percents_count": {"BIKE_TRIP": 0.06976744186046512, "FOOT": 0.6976744186046512, "MOTORCYCLE": 0.023255813953488372, "PASSENGER_CAR": 0.06976744186046512, "RAIL_TRIP": 0.2558139534883721}, "start_percents_duration": {"BIKE_TRIP": 0.03417340520728306, "FOOT": 0.7606629454652146, "MOTORCYCLE": 0.01322595599639952, "PASSENGER_CAR": 0.022777165786430072, "RAIL_TRIP": 0.16916052754467265}, "start_percents_distance": {"BIKE_TRIP": 0.06767010064320354, "FOOT": 0.48672847924826274, "MOTORCYCLE": 0.09124686804718088, "PASSENGER_CAR": 0.031780630833719854, "RAIL_TRIP": 0.32257392122763306}, "end": {"Count": {"BIKE_TRIP": 1, "BUS": 2, "FOOT": 33, "MOTORCYCLE": 1, "PASSENGER_CAR": 9, "RAIL_TRIP": 18}, "Duration": {"BIKE_TRIP": 1201.345, "BUS": 773.6320000000001, "FOOT": 51476.533, "MOTORCYCLE": 700.049, "PASSENGER_CAR": 6907.674, "RAIL_TRIP": 21958.349}, "Distance": {"BIKE_TRIP": 4.206603895389742, "BUS": 4.029971903457913, "FOOT": 78.88944899718581, "MOTORCYCLE": 10.87791954526231, "PASSENGER_CAR": 55.96115966659907, "RAIL_TRIP": 111.17839009304228}, "Total_Count": 48, "Total_Duration": 83017.58200000001, "Total_Distance": 265.1434941009371, "Total_Emission": 15.86253356373689}, "end_percents_count": {"BIKE_TRIP": 0.020833333333333332, "BUS": 0.041666666666666664, "FOOT": 0.6875, "MOTORCYCLE": 0.020833333333333332, "PASSENGER_CAR": 0.1875, "RAIL_TRIP": 0.375}, "end_percents_duration": {"BIKE_TRIP": 0.014470970739668134, "BUS": 0.009318893436332559, "FOOT": 0.6200678429781296, "MOTORCYCLE": 0.008432539025287438, "PASSENGER_CAR": 0.08320736202603443, "RAIL_TRIP": 0.26450239179454776}, "end_percents_distance": {"BIKE_TRIP": 0.015865386060682808, "BUS": 0.015199210967340379, "FOOT": 0.29753492260742964, "MOTORCYCLE": 0.041026537657081676, "PASSENGER_CAR": 0.2110599011918252, "RAIL_TRIP": 0.41931404151564033}}