{"start": {"Count": {"FOOT": 2, "PASSENGER_CAR": 3, "RAIL_TRIP": 3}, "Duration": {"FOOT": 3905.125, "PASSENGER_CAR": 2271.835, "RAIL_TRIP": 5066.575000000001}, "Distance": {"FOOT": 5.976634715863432, "PASSENGER_CAR": 29.490974958722504, "RAIL_TRIP": 32.4919049525917}, "Total_Count": 5, "Total_Duration": 11243.534999999998, "Total_Distance": 67.95951462717764, "Total_Emission": 6.452239506819234}, "start_percents_count": {"FOOT": 0.4, "PASSENGER_CAR": 0.6, "RAIL_TRIP": 0.6}, "start_percents_duration": {"FOOT": 0.3473218164927668, "PASSENGER_CAR": 0.20205700431403473, "RAIL_TRIP": 0.4506211791931987}, "start_percents_distance": {"FOOT": 0.08794404652021044, "PASSENGER_CAR": 0.43394916989193427, "RAIL_TRIP": 0.47810678358785524}, "end": {"Count": {"BIKE_TRIP": 1, "FOOT": 4, "PASSENGER_CAR": 1, "RAIL_TRIP": 2}, "Duration": {"BIKE_TRIP": 1862.418, "FOOT": 17963.974000000002, "PASSENGER_CAR": 395.036, "RAIL_TRIP": 2478.331}, "Distance": {"BIKE_TRIP": 2.710017828000849, "FOOT": 6.662584884394729, "PASSENGER_CAR": 3.4313425618592506, "RAIL_TRIP": 13.879023278643364}, "Total_Count": 5, "Total_Duration": 22699.759, "Total_Distance": 26.682968552898192, "Total_Emission": 0.5230010320896118}, "end_percents_count": {"BIKE_TRIP": 0.2, "FOOT": 0.8, "PASSENGER_CAR": 0.2, "RAIL_TRIP": 0.4}, "end_percents_duration": {"BIKE_TRIP": 0.08204571687302936, "FOOT": 0.7913728951924117, "PASSENGER_CAR": 0.017402651719782575, "RAIL_TRIP": 0.10917873621477657}, "end_percents_distance": {"BIKE_TRIP": 0.1015635806274073, "FOOT": 0.24969428986832376, "PASSENGER_CAR": 0.1285967322210314, "RAIL_TRIP": 0.5201453972832376}}