{"start": {"Count": {"BIKE_TRIP": 1, "BUS": 1, "FOOT": 8, "PASSENGER_CAR": 8, "RAIL_TRIP": 4}, "Duration": {"BIKE_TRIP": 965.413, "BUS": 481.502, "FOOT": 6366.629, "PASSENGER_CAR": 10859.418, "RAIL_TRIP": 3494.604}, "Distance": {"BIKE_TRIP": 0.5586031351440531, "BUS": 1.3864147953486168, "FOOT": 7.355982141743651, "PASSENGER_CAR": 101.60643105059641, "RAIL_TRIP": 18.652021005767775}, "Total_Count": 16, "Total_Duration": 22167.565999999995, "Total_Distance": 129.55945212860055, "Total_Emission": 23.85979469574149}, "start_percents_count": {"BIKE_TRIP": 0.0625, "BUS": 0.0625, "FOOT": 0.5, "PASSENGER_CAR": 0.5, "RAIL_TRIP": 0.25}, "start_percents_duration": {"BIKE_TRIP": 0.043550699251329636, "BUS": 0.021721013484295032, "FOOT": 0.28720469355995154, "PASSENGER_CAR": 0.48987868131304996, "RAIL_TRIP": 0.157644912391374}, "start_percents_distance": {"BIKE_TRIP": 0.004311558330685007, "BUS": 0.010700993038875027, "FOOT": 0.05677688521283736, "PASSENGER_CAR": 0.7842456060229553, "RAIL_TRIP": 0.1439649573946469}, "end": {"Count": {"BIKE_TRIP": 1, "BUS": 1, "FOOT": 5, "PASSENGER_CAR": 6, "RAIL_TRIP": 3}, "Duration": {"BIKE_TRIP": 965.413, "BUS": 481.502, "FOOT": 6646.84, "PASSENGER_CAR": 4371.646, "RAIL_TRIP": 1923.0169999999998}, "Distance": {"BIKE_TRIP": 0.5586031351440531, "BUS": 1.3864147953486168, "FOOT": 5.7941890720151985, "PASSENGER_CAR": 23.49200029033888, "RAIL_TRIP": 7.713358840240861}, "Total_Count": 13, "Total_Duration": 14388.418, "Total_Distance": 38.94456613308761, "Total_Emission": 6.571065853777159}, "end_percents_count": {"BIKE_TRIP": 0.07692307692307693, "BUS": 0.07692307692307693, "FOOT": 0.38461538461538464, "PASSENGER_CAR": 0.46153846153846156, "RAIL_TRIP": 0.23076923076923078}, "end_percents_duration": {"BIKE_TRIP": 0.0670965355607545, "BUS": 0.0334645546160808, "FOOT": 0.46195766622849016, "PASSENGER_CAR": 0.3038309006591273, "RAIL_TRIP": 0.13365034293554717}, "end_percents_distance": {"BIKE_TRIP": 0.014343544956569936, "BUS": 0.035599698058279505, "FOOT": 0.1487804242628963, "PASSENGER_CAR": 0.6032163822305339, "RAIL_TRIP": 0.19805995049172034}}