{"start": {"Count": {"BIKE_TRIP": 3, "FOOT": 20, "HIGH_SPEED_TRAIN": 1, "PASSENGER_CAR": 37, "RAIL_TRIP": 11, "UNKNOWN": 1}, "Duration": {"BIKE_TRIP": 1966.1599999999999, "FOOT": 90894.00200000001, "HIGH_SPEED_TRAIN": 189.999, "PASSENGER_CAR": 60192.928, "RAIL_TRIP": 8241.783, "UNKNOWN": 266.245}, "Distance": {"BIKE_TRIP": 8.860838172133457, "FOOT": 43.858547000581886, "HIGH_SPEED_TRAIN": 2.415958040361853, "PASSENGER_CAR": 785.3944920471206, "RAIL_TRIP": 80.11906812673426, "UNKNOWN": 34.60704271285124}, "Total_Count": 55, "Total_Duration": 161751.11700000003, "Total_Distance": 955.2559460997834, "Total_Emission": 166.2777082450142}, "start_percents_count": {"BIKE_TRIP": 0.05454545454545454, "FOOT": 0.36363636363636365, "HIGH_SPEED_TRAIN": 0.01818181818181818, "PASSENGER_CAR": 0.6727272727272727, "RAIL_TRIP": 0.2, "UNKNOWN": 0.01818181818181818}, "start_percents_duration": {"BIKE_TRIP": 0.012155464744023991, "FOOT": 0.5619373991710981, "HIGH_SPEED_TRAIN": 0.0011746379470133734, "PASSENGER_CAR": 0.3721329973875852, "RAIL_TRIP": 0.05095348429649483, "UNKNOWN": 0.0016460164537843653}, "start_percents_distance": {"BIKE_TRIP": 0.00927587858344289, "FOOT": 0.04591287516152299, "HIGH_SPEED_TRAIN": 0.0025291211745145092, "PASSENGER_CAR": 0.8221822593764629, "RAIL_TRIP": 0.08387183398737541, "UNKNOWN": 0.03622803171668118}, "end": {"Count": {"BIKE_TRIP": 1, "FOOT": 22, "PASSENGER_CAR": 31, "RAIL_TRIP": 9, "UNKNOWN": 1}, "Duration": {"BIKE_TRIP": 241.659, "FOOT": 90114.073, "PASSENGER_CAR": 38420.379, "RAIL_TRIP": 10474.443, "UNKNOWN": 266.245}, "Distance": {"BIKE_TRIP": 0.3788127570466525, "FOOT": 39.67728555192884, "PASSENGER_CAR": 557.0847949396336, "RAIL_TRIP": 43.73533572155902, "UNKNOWN": 34.60704271285124}, "Total_Count": 49, "Total_Duration": 139516.79900000003, "Total_Distance": 675.4832716830194, "Total_Emission": 92.70547887259067}, "end_percents_count": {"BIKE_TRIP": 0.02040816326530612, "FOOT": 0.4489795918367347, "PASSENGER_CAR": 0.6326530612244898, "RAIL_TRIP": 0.1836734693877551, "UNKNOWN": 0.02040816326530612}, "end_percents_duration": {"BIKE_TRIP": 0.0017321139943871557, "FOOT": 0.6459012365958883, "PASSENGER_CAR": 0.27538174094719586, "RAIL_TRIP": 0.07507657196177499, "UNKNOWN": 0.0019083365007535756}, "end_percents_distance": {"BIKE_TRIP": 0.0005608025733972817, "FOOT": 0.05873910904272992, "PASSENGER_CAR": 0.8247203421509066, "RAIL_TRIP": 0.06474673401250783, "UNKNOWN": 0.05123301222045823}}