{"start": {"Count": {"BIKE_TRIP": 1, "FOOT": 7, "PASSENGER_CAR": 1, "RAIL_TRIP": 3}, "Duration": {"BIKE_TRIP": 240.082, "FOOT": 27440.677, "PASSENGER_CAR": 3484.191, "RAIL_TRIP": 3906.483}, "Distance": {"BIKE_TRIP": 1.0891504597743864, "FOOT": 16.3427999635202, "PASSENGER_CAR": 72.06017413729597, "RAIL_TRIP": 21.11170433531892}, "Total_Count": 9, "Total_Duration": 35071.433000000005, "Total_Distance": 110.60382889590949, "Total_Emission": 9.689109384310676}, "start_percents_count": {"BIKE_TRIP": 0.1111111111111111, "FOOT": 0.7777777777777778, "PASSENGER_CAR": 0.1111111111111111, "RAIL_TRIP": 0.3333333333333333}, "start_percents_duration": {"BIKE_TRIP": 0.006845514410546041, "FOOT": 0.7824224633193629, "PASSENGER_CAR": 0.09934555568345324, "RAIL_TRIP": 0.11138646658663762}, "start_percents_distance": {"BIKE_TRIP": 0.009847312436167089, "FOOT": 0.14775980295312013, "PASSENGER_CAR": 0.6515160899638711, "RAIL_TRIP": 0.1908767946468416}, "end": {"Count": {"FOOT": 13, "PASSENGER_CAR": 6, "RAIL_TRIP": 6, "UNKNOWN": 1}, "Duration": {"FOOT": 33065.618, "PASSENGER_CAR": 53518.288, "RAIL_TRIP": 5832.558, "UNKNOWN": 481.484}, "Distance": {"FOOT": 24.23020553676687, "PASSENGER_CAR": 210.93639329040158, "RAIL_TRIP": 30.85226229186232, "UNKNOWN": 11.080548525980918}, "Total_Count": 18, "Total_Duration": 92897.948, "Total_Distance": 277.0994096450117, "Total_Emission": 44.89382698305894}, "end_percents_count": {"FOOT": 0.7222222222222222, "PASSENGER_CAR": 0.3333333333333333, "RAIL_TRIP": 0.3333333333333333, "UNKNOWN": 0.05555555555555555}, "end_percents_duration": {"FOOT": 0.35593485875489955, "PASSENGER_CAR": 0.5760976335020876, "RAIL_TRIP": 0.06278457302415334, "UNKNOWN": 0.005182934718859451}, "end_percents_distance": {"FOOT": 0.0874422849467917, "PASSENGER_CAR": 0.7612300349561529, "RAIL_TRIP": 0.11134005060273039, "UNKNOWN": 0.03998762949432501}}