{"start": {"Count": {"BIKE_TRIP": 2, "FOOT": 11, "PASSENGER_CAR": 10, "RAIL_TRIP": 4}, "Duration": {"BIKE_TRIP": 1908.04, "FOOT": 59935.615, "PASSENGER_CAR": 24168.78, "RAIL_TRIP": 8779.41}, "Distance": {"BIKE_TRIP": 30.45205340497225, "FOOT": 66.79867080385067, "PASSENGER_CAR": 372.83005561809597, "RAIL_TRIP": 92.04285669691647}, "Total_Count": 20, "Total_Duration": 94791.84500000002, "Total_Distance": 562.1236365238353, "Total_Emission": 61.01305746078127}, "start_percents_count": {"BIKE_TRIP": 0.1, "FOOT": 0.55, "PASSENGER_CAR": 0.5, "RAIL_TRIP": 0.2}, "start_percents_duration": {"BIKE_TRIP": 0.02012873575780701, "FOOT": 0.6322866170607818, "PASSENGER_CAR": 0.25496686977661415, "RAIL_TRIP": 0.09261777740479678}, "start_percents_distance": {"BIKE_TRIP": 0.05417323063176514, "FOOT": 0.11883270238720561, "PASSENGER_CAR": 0.6632527639714134, "RAIL_TRIP": 0.16374130300961584}, "end": {"Count": {"BIKE_TRIP": 4, "FOOT": 15, "PASSENGER_CAR": 13, "RAIL_TRIP": 4}, "Duration": {"BIKE_TRIP": 2773.948, "FOOT": 38865.756, "PASSENGER_CAR": 25849.835, "RAIL_TRIP": 9015.21}, "Distance": {"BIKE_TRIP": 33.95968927156633, "FOOT": 37.96404734714718, "PASSENGER_CAR": 457.88162220761467, "RAIL_TRIP": 90.67543170835503}, "Total_Count": 21, "Total_Duration": 76504.749, "Total_Distance": 620.4807905346831, "Total_Emission": 112.70136721885626}, "end_percents_count": {"BIKE_TRIP": 0.19047619047619047, "FOOT": 0.7142857142857143, "PASSENGER_CAR": 0.6190476190476191, "RAIL_TRIP": 0.19047619047619047}, "end_percents_duration": {"BIKE_TRIP": 0.03625850729867763, "FOOT": 0.5080175611059126, "PASSENGER_CAR": 0.33788536447587064, "RAIL_TRIP": 0.1178385671195392}, "end_percents_distance": {"BIKE_TRIP": 0.05473125000743771, "FOOT": 0.06118488747158901, "PASSENGER_CAR": 0.7379464911605839, "RAIL_TRIP": 0.14613737136038948}}