{"start": {"Count": {"BIKE_TRIP": 4, "BUS": 1, "FOOT": 63, "PASSENGER_CAR": 23, "RAIL_TRIP": 21}, "Duration": {"BIKE_TRIP": 2125.007, "BUS": 665.255, "FOOT": 170718.41, "PASSENGER_CAR": 40431.599, "RAIL_TRIP": 19046.704}, "Distance": {"BIKE_TRIP": 9.578392613177837, "BUS": 8.990160159083553, "FOOT": 126.36685201682789, "PASSENGER_CAR": 592.0161788877534, "RAIL_TRIP": 73.3751208037029}, "Total_Count": 80, "Total_Duration": 232986.975, "Total_Distance": 810.3267044805457, "Total_Emission": 119.63104026374097}, "start_percents_count": {"BIKE_TRIP": 0.05, "BUS": 0.0125, "FOOT": 0.7875, "PASSENGER_CAR": 0.2875, "RAIL_TRIP": 0.2625}, "start_percents_duration": {"BIKE_TRIP": 0.009120711576258716, "BUS": 0.0028553312905152746, "FOOT": 0.7327379996242279, "PASSENGER_CAR": 0.1735358768446176, "RAIL_TRIP": 0.0817500806643805}, "start_percents_distance": {"BIKE_TRIP": 0.011820408435530949, "BUS": 0.011094488321036678, "FOOT": 0.15594556037473117, "PASSENGER_CAR": 0.7305894963282263, "RAIL_TRIP": 0.0905500465404747}, "end": {"Count": {"BIKE_TRIP": 5, "BUS": 1, "FOOT": 77, "PASSENGER_CAR": 38, "RAIL_TRIP": 26, "UNKNOWN": 1}, "Duration": {"BIKE_TRIP": 2919.719, "BUS": 120.25, "FOOT": 264283.892, "PASSENGER_CAR": 128456.067, "RAIL_TRIP": 34179.237, "UNKNOWN": 360.607}, "Distance": {"BIKE_TRIP": 13.690410175835371, "BUS": 3.2791596214311123, "FOOT": 248.5103953360364, "PASSENGER_CAR": 1566.1517585970055, "RAIL_TRIP": 124.90454330902539, "UNKNOWN": 9.872496106541028}, "Total_Count": 101, "Total_Duration": 430319.77200000006, "Total_Distance": 1966.408763145875, "Total_Emission": 316.2902371565626}, "end_percents_count": {"BIKE_TRIP": 0.04950495049504951, "BUS": 0.009900990099009901, "FOOT": 0.7623762376237624, "PASSENGER_CAR": 0.37623762376237624, "RAIL_TRIP": 0.25742574257425743, "UNKNOWN": 0.009900990099009901}, "end_percents_duration": {"BIKE_TRIP": 0.006784998482477351, "BUS": 0.0002794433531164819, "FOOT": 0.614156980916043, "PASSENGER_CAR": 0.29851304857077304, "RAIL_TRIP": 0.07942753092925509, "UNKNOWN": 0.0008379977483349289}, "end_percents_distance": {"BIKE_TRIP": 0.0069621385097640405, "BUS": 0.0016675879821574275, "FOOT": 0.12637779082029094, "PASSENGER_CAR": 0.7964527965647715, "RAIL_TRIP": 0.06351911446387282, "UNKNOWN": 0.005020571659143208}}