{"start": {"Count": {"BIKE_TRIP": 1, "FOOT": 14, "HIGH_SPEED_TRAIN": 1, "PASSENGER_CAR": 4, "RAIL_TRIP": 8}, "Duration": {"BIKE_TRIP": 13585.842, "FOOT": 22157.343, "HIGH_SPEED_TRAIN": 5769.941, "PASSENGER_CAR": 11904.361, "RAIL_TRIP": 10850.676}, "Distance": {"BIKE_TRIP": 7.327744692932827, "FOOT": 28.06241729903733, "HIGH_SPEED_TRAIN": 387.9526357778298, "PASSENGER_CAR": 42.936109413111474, "RAIL_TRIP": 90.2216442483811}, "Total_Count": 16, "Total_Duration": 64268.16299999999, "Total_Distance": 556.5005514312925, "Total_Emission": 7.007598318198925}, "start_percents_count": {"BIKE_TRIP": 0.0625, "FOOT": 0.875, "HIGH_SPEED_TRAIN": 0.0625, "PASSENGER_CAR": 0.25, "RAIL_TRIP": 0.5}, "start_percents_duration": {"BIKE_TRIP": 0.2113930345262864, "FOOT": 0.34476390744200985, "HIGH_SPEED_TRAIN": 0.08977914928111451, "PASSENGER_CAR": 0.18522952025250827, "RAIL_TRIP": 0.16883438849808108}, "start_percents_distance": {"BIKE_TRIP": 0.013167542555144325, "FOOT": 0.05042657590699983, "HIGH_SPEED_TRAIN": 0.6971289332598762, "PASSENGER_CAR": 0.077153758972353, "RAIL_TRIP": 0.16212318930562672}, "end": {"Count": {"BIKE_TRIP": 3, "BUS": 1, "FOOT": 16, "HIGH_SPEED_TRAIN": 1, "PASSENGER_CAR": 3, "RAIL_TRIP": 10}, "Duration": {"BIKE_TRIP": 4096.808, "BUS": 733.914, "FOOT": 44531.541, "HIGH_SPEED_TRAIN": 7569.296, "PASSENGER_CAR": 4176.422, "RAIL_TRIP": 19236.903}, "Distance": {"BIKE_TRIP": 16.99310330171332, "BUS": 3.026516030477443, "FOOT": 66.68540086369744, "HIGH_SPEED_TRAIN": 226.8627376841795, "PASSENGER_CAR": 67.10358213167284, "RAIL_TRIP": 142.00384872116925}, "Total_Count": 24, "Total_Duration": 80344.88399999998, "Total_Distance": 522.6751887329098, "Total_Emission": 16.96135058118715}, "end_percents_count": {"BIKE_TRIP": 0.125, "BUS": 0.041666666666666664, "FOOT": 0.6666666666666666, "HIGH_SPEED_TRAIN": 0.041666666666666664, "PASSENGER_CAR": 0.125, "RAIL_TRIP": 0.4166666666666667}, "end_percents_duration": {"BIKE_TRIP": 0.050990278360474095, "BUS": 0.009134545517546583, "FOOT": 0.5542548421626946, "HIGH_SPEED_TRAIN": 0.09421005573920553, "PASSENGER_CAR": 0.051981181527376415, "RAIL_TRIP": 0.239429096692703}, "end_percents_distance": {"BIKE_TRIP": 0.03251178488672608, "BUS": 0.005790433706666745, "FOOT": 0.1275847836308413, "HIGH_SPEED_TRAIN": 0.43404152822740505, "PASSENGER_CAR": 0.12838486229726734, "RAIL_TRIP": 0.27168660725109356}}