{"start": {"Count": {"FOOT": 14, "PASSENGER_CAR": 6, "RAIL_TRIP": 6}, "Duration": {"FOOT": 53486.883, "PASSENGER_CAR": 16992.375, "RAIL_TRIP": 9410.97}, "Distance": {"FOOT": 20.282591619765405, "PASSENGER_CAR": 102.75697898155757, "RAIL_TRIP": 61.58795980511056}, "Total_Count": 18, "Total_Duration": 79890.228, "Total_Distance": 184.62753040643352, "Total_Emission": 24.102771166511467}, "start_percents_count": {"FOOT": 0.7777777777777778, "PASSENGER_CAR": 0.3333333333333333, "RAIL_TRIP": 0.3333333333333333}, "start_percents_duration": {"FOOT": 0.669504698371871, "PASSENGER_CAR": 0.21269653905606578, "RAIL_TRIP": 0.11779876257206325}, "start_percents_distance": {"FOOT": 0.1098568104936242, "PASSENGER_CAR": 0.5565636866579509, "RAIL_TRIP": 0.33357950284842497}, "end": {"Count": {"FOOT": 15, "MOTORCYCLE": 1, "PASSENGER_CAR": 4, "RAIL_TRIP": 3}, "Duration": {"FOOT": 56380.93, "MOTORCYCLE": 132.515, "PASSENGER_CAR": 2682.022, "RAIL_TRIP": 7770.884}, "Distance": {"FOOT": 30.125572302436385, "MOTORCYCLE": 0.5986631774830006, "PASSENGER_CAR": 24.73907466936677, "RAIL_TRIP": 56.63791035196852}, "Total_Count": 18, "Total_Duration": 66966.351, "Total_Distance": 112.10122050125467, "Total_Emission": 5.966733653696711}, "end_percents_count": {"FOOT": 0.8333333333333334, "MOTORCYCLE": 0.05555555555555555, "PASSENGER_CAR": 0.2222222222222222, "RAIL_TRIP": 0.16666666666666666}, "end_percents_duration": {"FOOT": 0.8419292548880258, "MOTORCYCLE": 0.0019788296363945526, "PASSENGER_CAR": 0.040050293318206934, "RAIL_TRIP": 0.11604162215737275}, "end_percents_distance": {"FOOT": 0.26873545326028997, "MOTORCYCLE": 0.005340380548990545, "PASSENGER_CAR": 0.22068515007015363, "RAIL_TRIP": 0.5052390161205659}}