{"start": {"Count": {"BIKE_TRIP": 1, "FOOT": 3, "PASSENGER_CAR": 4, "RAIL_TRIP": 4}, "Duration": {"BIKE_TRIP": 2703.916, "FOOT": 6871.606, "PASSENGER_CAR": 1986.165, "RAIL_TRIP": 6799.367}, "Distance": {"BIKE_TRIP": 5.558711332560738, "FOOT": 8.34642851027436, "PASSENGER_CAR": 22.65212624436137, "RAIL_TRIP": 39.860582828404056}, "Total_Count": 7, "Total_Duration": 18361.054, "Total_Distance": 76.41784891560053, "Total_Emission": 5.744532861087594}, "start_percents_count": {"BIKE_TRIP": 0.14285714285714285, "FOOT": 0.42857142857142855, "PASSENGER_CAR": 0.5714285714285714, "RAIL_TRIP": 0.5714285714285714}, "start_percents_duration": {"BIKE_TRIP": 0.14726365926487664, "FOOT": 0.3742489946383252, "PASSENGER_CAR": 0.10817271165369918, "RAIL_TRIP": 0.370314634443099}, "start_percents_distance": {"BIKE_TRIP": 0.07274100764992797, "FOOT": 0.1092209297790173, "PASSENGER_CAR": 0.29642454695864895, "RAIL_TRIP": 0.5216135156124057}, "end": {"Count": {"FOOT": 5, "PASSENGER_CAR": 2, "RAIL_TRIP": 6}, "Duration": {"FOOT": 2274.612, "PASSENGER_CAR": 1435.0430000000001, "RAIL_TRIP": 4802.768}, "Distance": {"FOOT": 3.894430069347214, "PASSENGER_CAR": 18.623198415759653, "RAIL_TRIP": 18.438085104744676}, "Total_Count": 12, "Total_Duration": 8512.422999999999, "Total_Distance": 40.955713589851534, "Total_Emission": 4.825520482570123}, "end_percents_count": {"FOOT": 0.4166666666666667, "PASSENGER_CAR": 0.16666666666666666, "RAIL_TRIP": 0.5}, "end_percents_duration": {"FOOT": 0.267210875211441, "PASSENGER_CAR": 0.1685822003911225, "RAIL_TRIP": 0.5642069243974366}, "end_percents_distance": {"FOOT": 0.0950888100338757, "PASSENGER_CAR": 0.45471551545311906, "RAIL_TRIP": 0.45019567451300546}}