{"start": {"Count": {"BIKE_TRIP": 7, "FOOT": 27, "MOTORCYCLE": 1, "PASSENGER_CAR": 13, "RAIL_TRIP": 32, "UNKNOWN": 2}, "Duration": {"BIKE_TRIP": 10309.262999999999, "FOOT": 34780.346, "MOTORCYCLE": 1351.998, "PASSENGER_CAR": 89979.131, "RAIL_TRIP": 50696.444, "UNKNOWN": 2843.834}, "Distance": {"BIKE_TRIP": 23.26703601551215, "FOOT": 59.11162786347126, "MOTORCYCLE": 26.11656556649692, "PASSENGER_CAR": 909.073784443814, "RAIL_TRIP": 522.5129804611981, "UNKNOWN": 96.55731896034698}, "Total_Count": 49, "Total_Duration": 189961.016, "Total_Distance": 1636.6393133108395, "Total_Emission": 204.20584964932763}, "start_percents_count": {"BIKE_TRIP": 0.14285714285714285, "FOOT": 0.5510204081632653, "MOTORCYCLE": 0.02040816326530612, "PASSENGER_CAR": 0.2653061224489796, "RAIL_TRIP": 0.6530612244897959, "UNKNOWN": 0.04081632653061224}, "start_percents_duration": {"BIKE_TRIP": 0.05427041409380543, "FOOT": 0.18309201925936214, "MOTORCYCLE": 0.007117239255026937, "PASSENGER_CAR": 0.47367156111651876, "RAIL_TRIP": 0.26687814725101283, "UNKNOWN": 0.014970619024273905}, "start_percents_distance": {"BIKE_TRIP": 0.014216349214075824, "FOOT": 0.03611768786360838, "MOTORCYCLE": 0.015957435064702444, "PASSENGER_CAR": 0.5554515139959599, "RAIL_TRIP": 0.31925970261839826, "UNKNOWN": 0.05899731124325515}, "end": {"Count": {"BIKE_TRIP": 2, "BUS": 2, "FOOT": 24, "PASSENGER_CAR": 14, "RAIL_TRIP": 29, "UNKNOWN": 1}, "Duration": {"BIKE_TRIP": 3305.06, "BUS": 2357.063, "FOOT": 42059.015, "PASSENGER_CAR": 74688.53, "RAIL_TRIP": 57369.651, "UNKNOWN": 875.37}, "Distance": {"BIKE_TRIP": 11.57418707983794, "BUS": 20.19946165750972, "FOOT": 62.8518346982592, "PASSENGER_CAR": 144.10764479420948, "RAIL_TRIP": 517.1690725238386, "UNKNOWN": 33.32890809258837}, "Total_Count": 47, "Total_Duration": 180654.68899999998, "Total_Distance": 789.2311088462433, "Total_Emission": 42.58594860077397}, "end_percents_count": {"BIKE_TRIP": 0.0425531914893617, "BUS": 0.0425531914893617, "FOOT": 0.5106382978723404, "PASSENGER_CAR": 0.2978723404255319, "RAIL_TRIP": 0.6170212765957447, "UNKNOWN": 0.02127659574468085}, "end_percents_duration": {"BIKE_TRIP": 0.018294902934957863, "BUS": 0.013047339169812527, "FOOT": 0.23281441092292934, "PASSENGER_CAR": 0.41343255695953735, "RAIL_TRIP": 0.3175652473653756, "UNKNOWN": 0.004845542647387359}, "end_percents_distance": {"BIKE_TRIP": 0.014665143010845006, "BUS": 0.025593848786623217, "FOOT": 0.07963679332171876, "PASSENGER_CAR": 0.18259245381859915, "RAIL_TRIP": 0.655282168590484, "UNKNOWN": 0.042229592471729915}}