{"start": {"Count": {"FOOT": 3, "PASSENGER_CAR": 2}, "Duration": {"FOOT": 8591.068, "PASSENGER_CAR": 1689.008}, "Distance": {"FOOT": 10.270456278561689, "PASSENGER_CAR": 16.787839696554297}, "Total_Count": 5, "Total_Duration": 10280.076, "Total_Distance": 27.058295975115985}, "start_percents_count": {"FOOT": 0.6, "PASSENGER_CAR": 0.4}, "start_percents_duration": {"FOOT": 0.835700825558099, "PASSENGER_CAR": 0.16429917444190104}, "start_percents_distance": {"FOOT": 0.3795677409991693, "PASSENGER_CAR": 0.6204322590008308}, "end": {"Count": {"FOOT": 3, "PASSENGER_CAR": 4}, "Duration": {"FOOT": 6369.426, "PASSENGER_CAR": 2414.774}, "Distance": {"FOOT": 11.759729064871431, "PASSENGER_CAR": 28.631034617025676}, "Total_Count": 7, "Total_Duration": 8784.199999999999, "Total_Distance": 40.390763681897106}, "end_percents_count": {"FOOT": 0.42857142857142855, "PASSENGER_CAR": 0.5714285714285714}, "end_percents_duration": {"FOOT": 0.7251002937091597, "PASSENGER_CAR": 0.2748997062908404}, "end_percents_distance": {"FOOT": 0.2911489655775454, "PASSENGER_CAR": 0.7088510344224547}}