{"start": {"Count": {"FOOT": 3, "PASSENGER_CAR": 4, "RAIL_TRIP": 4}, "Duration": {"FOOT": 11719.853000000001, "PASSENGER_CAR": 4442.835, "RAIL_TRIP": 5532.682000000001}, "Distance": {"FOOT": 16.311538604974658, "PASSENGER_CAR": 41.47976899657684, "RAIL_TRIP": 47.136728309464466}, "Total_Count": 7, "Total_Duration": 21695.37, "Total_Distance": 104.92803591101595, "Total_Emission": 8.171299081626014}, "start_percents_count": {"FOOT": 0.42857142857142855, "PASSENGER_CAR": 0.5714285714285714, "RAIL_TRIP": 0.5714285714285714}, "start_percents_duration": {"FOOT": 0.5402006511066647, "PASSENGER_CAR": 0.2047826333452714, "RAIL_TRIP": 0.255016715548064}, "start_percents_distance": {"FOOT": 0.15545453093973502, "PASSENGER_CAR": 0.3953163578869778, "RAIL_TRIP": 0.4492291111732873}, "end": {"Count": {"FOOT": 5, "PASSENGER_CAR": 3, "RAIL_TRIP": 2}, "Duration": {"FOOT": 13090.425000000001, "PASSENGER_CAR": 2035.892, "RAIL_TRIP": 2656.701}, "Distance": {"FOOT": 18.528866229521405, "PASSENGER_CAR": 54.16227356864407, "RAIL_TRIP": 24.566732583775675}, "Total_Count": 6, "Total_Duration": 17783.018, "Total_Distance": 97.25787238194116, "Total_Emission": 12.013537844027713}, "end_percents_count": {"FOOT": 0.8333333333333334, "PASSENGER_CAR": 0.5, "RAIL_TRIP": 0.3333333333333333}, "end_percents_duration": {"FOOT": 0.7361194258477386, "PASSENGER_CAR": 0.11448517906240661, "RAIL_TRIP": 0.14939539508985483}, "end_percents_distance": {"FOOT": 0.19051276545261797, "PASSENGER_CAR": 0.5568934651988225, "RAIL_TRIP": 0.2525937693485595}}