{"start": {"Count": {"FOOT": 1, "PASSENGER_CAR": 6, "RAIL_TRIP": 2}, "Duration": {"FOOT": 420.509, "PASSENGER_CAR": 10799.125, "RAIL_TRIP": 360.764}, "Distance": {"FOOT": 0.5396109211397503, "PASSENGER_CAR": 106.89363708404434, "RAIL_TRIP": 3.1547941303345413}, "Total_Count": 7, "Total_Duration": 11580.398000000001, "Total_Distance": 110.58804213551862, "Total_Emission": 23.490403009502113}, "start_percents_count": {"FOOT": 0.14285714285714285, "PASSENGER_CAR": 0.8571428571428571, "RAIL_TRIP": 0.2857142857142857}, "start_percents_duration": {"FOOT": 0.036312137113076765, "PASSENGER_CAR": 0.9325348748808114, "RAIL_TRIP": 0.031152988006111704}, "start_percents_distance": {"FOOT": 0.00487946897982416, "PASSENGER_CAR": 0.9665930874610564, "RAIL_TRIP": 0.028527443559119542}, "end": {"Count": {"BIKE_TRIP": 1, "FOOT": 3, "PASSENGER_CAR": 4, "RAIL_TRIP": 3}, "Duration": {"BIKE_TRIP": 780.85, "FOOT": 4044.3379999999997, "PASSENGER_CAR": 2951.608, "RAIL_TRIP": 4513.978}, "Distance": {"BIKE_TRIP": 5.973232286484883, "FOOT": 13.422281659801511, "PASSENGER_CAR": 56.51513197363628, "RAIL_TRIP": 70.74139692638258}, "Total_Count": 8, "Total_Duration": 12290.774, "Total_Distance": 146.65204284630528, "Total_Emission": 14.178659333533812}, "end_percents_count": {"BIKE_TRIP": 0.125, "FOOT": 0.375, "PASSENGER_CAR": 0.5, "RAIL_TRIP": 0.375}, "end_percents_duration": {"BIKE_TRIP": 0.06353139354771312, "FOOT": 0.3290547853210872, "PASSENGER_CAR": 0.24014826080115054, "RAIL_TRIP": 0.3672655603300492}, "end_percents_distance": {"BIKE_TRIP": 0.04073064493717942, "FOOT": 0.09152468250216174, "PASSENGER_CAR": 0.3853688695824404, "RAIL_TRIP": 0.48237580297821825}}