{"start": {"Count": {"FOOT": 7, "PASSENGER_CAR": 1, "RAIL_TRIP": 2}, "Duration": {"FOOT": 8551.936, "PASSENGER_CAR": 660.151, "RAIL_TRIP": 4931.262000000001}, "Distance": {"FOOT": 9.777723323773834, "PASSENGER_CAR": 0.594651826017566, "RAIL_TRIP": 18.989656099600207}, "Total_Count": 8, "Total_Duration": 14143.348999999998, "Total_Distance": 29.36203124939161, "Total_Emission": 0.2149632799255629}, "start_percents_count": {"FOOT": 0.875, "PASSENGER_CAR": 0.125, "RAIL_TRIP": 0.25}, "start_percents_duration": {"FOOT": 0.6046613146575115, "PASSENGER_CAR": 0.04667572015652022, "RAIL_TRIP": 0.3486629651859684}, "start_percents_distance": {"FOOT": 0.3330056848153662, "PASSENGER_CAR": 0.020252407640560882, "RAIL_TRIP": 0.6467419075440729}, "end": {"Count": {"FOOT": 11, "PASSENGER_CAR": 2, "RAIL_TRIP": 8}, "Duration": {"FOOT": 51416.663, "PASSENGER_CAR": 2832.4900000000002, "RAIL_TRIP": 10431.393}, "Distance": {"FOOT": 84.45550638847114, "PASSENGER_CAR": 21.60132347974544, "RAIL_TRIP": 53.089971619116056}, "Total_Count": 13, "Total_Duration": 64680.54600000001, "Total_Distance": 159.14680148733262, "Total_Emission": 4.991637436685524}, "end_percents_count": {"FOOT": 0.8461538461538461, "PASSENGER_CAR": 0.15384615384615385, "RAIL_TRIP": 0.6153846153846154}, "end_percents_duration": {"FOOT": 0.7949324206385022, "PASSENGER_CAR": 0.043791992726839375, "RAIL_TRIP": 0.16127558663465827}, "end_percents_distance": {"FOOT": 0.530676743730809, "PASSENGER_CAR": 0.13573206170571267, "RAIL_TRIP": 0.3335911945634784}}