{"start": {"Count": {"BIKE_TRIP": 1, "BUS": 1, "FOOT": 7, "PASSENGER_CAR": 2, "RAIL_TRIP": 4}, "Duration": {"BIKE_TRIP": 2465.105, "BUS": 933.113, "FOOT": 15126.726, "PASSENGER_CAR": 2197.156, "RAIL_TRIP": 6099.22}, "Distance": {"BIKE_TRIP": 8.275203744083207, "BUS": 11.159114569088992, "FOOT": 8.297144637196457, "PASSENGER_CAR": 10.07499238684288, "RAIL_TRIP": 60.20239612770115}, "Total_Count": 9, "Total_Duration": 26821.32, "Total_Distance": 98.0088514649127, "Total_Emission": 3.6147904065914442}, "start_percents_count": {"BIKE_TRIP": 0.1111111111111111, "BUS": 0.1111111111111111, "FOOT": 0.7777777777777778, "PASSENGER_CAR": 0.2222222222222222, "RAIL_TRIP": 0.4444444444444444}, "start_percents_duration": {"BIKE_TRIP": 0.09190841464924172, "BUS": 0.03478997305128905, "FOOT": 0.5639814147849547, "PASSENGER_CAR": 0.08191826502200489, "RAIL_TRIP": 0.2274019324925097}, "start_percents_distance": {"BIKE_TRIP": 0.08443322843188038, "BUS": 0.11385823221368908, "FOOT": 0.08465709487644436, "PASSENGER_CAR": 0.1027967600502873, "RAIL_TRIP": 0.6142546844276988}, "end": {"Count": {"BIKE_TRIP": 3, "FOOT": 6, "PASSENGER_CAR": 4, "RAIL_TRIP": 4}, "Duration": {"BIKE_TRIP": 6747.237, "FOOT": 13369.399, "PASSENGER_CAR": 2837.11, "RAIL_TRIP": 2636.449}, "Distance": {"BIKE_TRIP": 21.864376632316706, "FOOT": 10.323953802751072, "PASSENGER_CAR": 23.194198341873282, "RAIL_TRIP": 10.335705411571414}, "Total_Count": 9, "Total_Duration": 25590.195, "Total_Distance": 65.71823418851248, "Total_Emission": 3.691555216530609}, "end_percents_count": {"BIKE_TRIP": 0.3333333333333333, "FOOT": 0.6666666666666666, "PASSENGER_CAR": 0.4444444444444444, "RAIL_TRIP": 0.4444444444444444}, "end_percents_duration": {"BIKE_TRIP": 0.263664931040971, "FOOT": 0.5224422479000258, "PASSENGER_CAR": 0.11086707232985134, "RAIL_TRIP": 0.10302574872915193}, "end_percents_distance": {"BIKE_TRIP": 0.3326987844743185, "FOOT": 0.1570942057441296, "PASSENGER_CAR": 0.3529339859519174, "RAIL_TRIP": 0.15727302382963435}}