{"start": {"Count": {"BIKE_TRIP": 1, "FOOT": 21, "PASSENGER_CAR": 6, "RAIL_TRIP": 10}, "Duration": {"BIKE_TRIP": 369.996, "FOOT": 51578.096, "PASSENGER_CAR": 7781.727, "RAIL_TRIP": 17499.988}, "Distance": {"BIKE_TRIP": 1.8797738435689275, "FOOT": 29.474941431242367, "PASSENGER_CAR": 93.55763060368976, "RAIL_TRIP": 87.21790321319537}, "Total_Count": 28, "Total_Duration": 77229.80700000002, "Total_Distance": 212.13024909169647, "Total_Emission": 22.656702736492157}, "start_percents_count": {"BIKE_TRIP": 0.03571428571428571, "FOOT": 0.75, "PASSENGER_CAR": 0.21428571428571427, "RAIL_TRIP": 0.35714285714285715}, "start_percents_duration": {"BIKE_TRIP": 0.00479084455047259, "FOOT": 0.6678521933895288, "PASSENGER_CAR": 0.10076066874024427, "RAIL_TRIP": 0.2265962933197541}, "start_percents_distance": {"BIKE_TRIP": 0.008861413455260533, "FOOT": 0.13894737576299826, "PASSENGER_CAR": 0.44103861191077975, "RAIL_TRIP": 0.41115259887096123}, "end": {"Count": {"BIKE_TRIP": 2, "FOOT": 23, "PASSENGER_CAR": 4, "RAIL_TRIP": 8, "UNKNOWN": 1}, "Duration": {"BIKE_TRIP": 1082.298, "FOOT": 67902.554, "PASSENGER_CAR": 4466.519, "RAIL_TRIP": 19997.947, "UNKNOWN": 1442.916}, "Distance": {"BIKE_TRIP": 5.798258657643271, "FOOT": 56.211839738973346, "PASSENGER_CAR": 46.720407128332994, "RAIL_TRIP": 72.34101853758901, "UNKNOWN": 31.80137435144369}, "Total_Count": 28, "Total_Duration": 94892.23399999998, "Total_Distance": 212.8728984139823, "Total_Emission": 12.68246457532423}, "end_percents_count": {"BIKE_TRIP": 0.07142857142857142, "FOOT": 0.8214285714285714, "PASSENGER_CAR": 0.14285714285714285, "RAIL_TRIP": 0.2857142857142857, "UNKNOWN": 0.03571428571428571}, "end_percents_duration": {"BIKE_TRIP": 0.011405548740690415, "FOOT": 0.7155754600529272, "PASSENGER_CAR": 0.04706938399195029, "RAIL_TRIP": 0.21074376855749866, "UNKNOWN": 0.015205838656933719}, "end_percents_distance": {"BIKE_TRIP": 0.02723812519509726, "FOOT": 0.26406292279469024, "PASSENGER_CAR": 0.21947560011831085, "RAIL_TRIP": 0.3398319799118091, "UNKNOWN": 0.14939137198009259}}