{"start": {"Count": {"BUS": 2, "FOOT": 15, "MOTORCYCLE": 2, "PASSENGER_CAR": 13, "RAIL_TRIP": 17, "UNKNOWN": 1}, "Duration": {"BUS": 845.806, "FOOT": 27335.998, "MOTORCYCLE": 1017.363, "PASSENGER_CAR": 20161.668, "RAIL_TRIP": 29478.822, "UNKNOWN": 1658.674}, "Distance": {"BUS": 4.5125424566649555, "FOOT": 23.785375343486265, "MOTORCYCLE": 18.211496714662147, "PASSENGER_CAR": 269.2943658741423, "RAIL_TRIP": 151.14733972646326, "UNKNOWN": 47.60064302451577}, "Total_Count": 34, "Total_Duration": 80498.331, "Total_Distance": 514.5517631399348, "Total_Emission": 61.578666476239825}, "start_percents_count": {"BUS": 0.058823529411764705, "FOOT": 0.4411764705882353, "MOTORCYCLE": 0.058823529411764705, "PASSENGER_CAR": 0.38235294117647056, "RAIL_TRIP": 0.5, "UNKNOWN": 0.029411764705882353}, "start_percents_duration": {"BUS": 0.010507124675665636, "FOOT": 0.33958465548807465, "MOTORCYCLE": 0.01263831171853737, "PASSENGER_CAR": 0.25046069588697434, "RAIL_TRIP": 0.36620413906469684, "UNKNOWN": 0.020605073166051105}, "start_percents_distance": {"BUS": 0.008769851315110056, "FOOT": 0.04622542773605796, "MOTORCYCLE": 0.03539293423761808, "PASSENGER_CAR": 0.5233571919583655, "RAIL_TRIP": 0.29374564534405845, "UNKNOWN": 0.0925089494087897}, "end": {"Count": {"BIKE_TRIP": 1, "BUS": 2, "FOOT": 23, "MOTORCYCLE": 2, "PASSENGER_CAR": 17, "RAIL_TRIP": 29}, "Duration": {"BIKE_TRIP": 205.928, "BUS": 743.41, "FOOT": 62265.64, "MOTORCYCLE": 836.88, "PASSENGER_CAR": 29637.654, "RAIL_TRIP": 51302.029}, "Distance": {"BIKE_TRIP": 1.005438289638492, "BUS": 5.992323914497004, "FOOT": 67.26921410900553, "MOTORCYCLE": 5.569652631939936, "PASSENGER_CAR": 432.1386395755632, "RAIL_TRIP": 332.9164100754328}, "Total_Count": 44, "Total_Duration": 144991.541, "Total_Distance": 844.891678596077, "Total_Emission": 74.19132276628252}, "end_percents_count": {"BIKE_TRIP": 0.022727272727272728, "BUS": 0.045454545454545456, "FOOT": 0.5227272727272727, "MOTORCYCLE": 0.045454545454545456, "PASSENGER_CAR": 0.38636363636363635, "RAIL_TRIP": 0.6590909090909091}, "end_percents_duration": {"BIKE_TRIP": 0.0014202759594092458, "BUS": 0.005127264631251832, "FOOT": 0.42944325972782094, "MOTORCYCLE": 0.0057719229289383165, "PASSENGER_CAR": 0.2044095386226704, "RAIL_TRIP": 0.35382773812990925}, "end_percents_distance": {"BIKE_TRIP": 0.001190020348299783, "BUS": 0.007092416775194438, "FOOT": 0.0796187438143362, "MOTORCYCLE": 0.00659214994423286, "PASSENGER_CAR": 0.5114722401972651, "RAIL_TRIP": 0.3940344289206716}}