{"start": {"Count": {"BIKE_TRIP": 3, "FOOT": 37, "PASSENGER_CAR": 20, "RAIL_TRIP": 13, "UNKNOWN": 1}, "Duration": {"BIKE_TRIP": 834.145, "FOOT": 62792.045, "PASSENGER_CAR": 29608.412, "RAIL_TRIP": 20131.527, "UNKNOWN": 163.042}, "Distance": {"BIKE_TRIP": 3.89596737397461, "FOOT": 80.43791527423635, "PASSENGER_CAR": 331.4283097868263, "RAIL_TRIP": 97.39798521359009, "UNKNOWN": 7.684720541948992}, "Total_Count": 58, "Total_Duration": 113529.171, "Total_Distance": 520.8448981905763, "Total_Emission": 72.48864929020755}, "start_percents_count": {"BIKE_TRIP": 0.05172413793103448, "FOOT": 0.6379310344827587, "PASSENGER_CAR": 0.3448275862068966, "RAIL_TRIP": 0.22413793103448276, "UNKNOWN": 0.017241379310344827}, "start_percents_duration": {"BIKE_TRIP": 0.007347406773541929, "FOOT": 0.5530917247691344, "PASSENGER_CAR": 0.2608000370230837, "RAIL_TRIP": 0.17732470714509135, "UNKNOWN": 0.0014361242891485573}, "start_percents_distance": {"BIKE_TRIP": 0.00748009126615095, "FOOT": 0.1544373681179925, "PASSENGER_CAR": 0.63632822542414, "RAIL_TRIP": 0.18699997936420668, "UNKNOWN": 0.01475433582750995}, "end": {"Count": {"BIKE_TRIP": 1, "BUS": 1, "FOOT": 43, "MOTORCYCLE": 1, "PASSENGER_CAR": 25, "RAIL_TRIP": 26}, "Duration": {"BIKE_TRIP": 1321.317, "BUS": 1254.214, "FOOT": 78033.629, "MOTORCYCLE": 662.622, "PASSENGER_CAR": 38440.202, "RAIL_TRIP": 41010.248999999996}, "Distance": {"BIKE_TRIP": 1.6055051978660528, "BUS": 5.916950721008733, "FOOT": 103.65786396786348, "MOTORCYCLE": 1.5810796919874384, "PASSENGER_CAR": 423.31008544601434, "RAIL_TRIP": 207.25558596149548}, "Total_Count": 72, "Total_Duration": 160722.233, "Total_Distance": 743.3270709862355, "Total_Emission": 92.54044299952314}, "end_percents_count": {"BIKE_TRIP": 0.013888888888888888, "BUS": 0.013888888888888888, "FOOT": 0.5972222222222222, "MOTORCYCLE": 0.013888888888888888, "PASSENGER_CAR": 0.3472222222222222, "RAIL_TRIP": 0.3611111111111111}, "end_percents_duration": {"BIKE_TRIP": 0.008221121467370354, "BUS": 0.007803612335326376, "FOOT": 0.4855185716589689, "MOTORCYCLE": 0.004122777462903965, "PASSENGER_CAR": 0.2391716521260627, "RAIL_TRIP": 0.2551622649493676}, "end_percents_distance": {"BIKE_TRIP": 0.002159890659889316, "BUS": 0.007960090452723872, "FOOT": 0.1394512160445492, "MOTORCYCLE": 0.002127030958107963, "PASSENGER_CAR": 0.5694802489627785, "RAIL_TRIP": 0.27882152292195117}}