{"start": {"Count": {"FOOT": 1, "PASSENGER_CAR": 7}, "Duration": {"FOOT": 1864.018, "PASSENGER_CAR": 9080.595000000001}, "Distance": {"FOOT": 1.0450417892881532, "PASSENGER_CAR": 70.98338554756864}, "Total_Count": 7, "Total_Duration": 10944.613, "Total_Distance": 72.0284273368568, "Total_Emission": 16.056839528259694}, "start_percents_count": {"FOOT": 0.14285714285714285, "PASSENGER_CAR": 1.0}, "start_percents_duration": {"FOOT": 0.17031374247769202, "PASSENGER_CAR": 0.8296862575223082}, "start_percents_distance": {"FOOT": 0.014508740894769022, "PASSENGER_CAR": 0.985491259105231}, "end": {"Count": {"FOOT": 2, "PASSENGER_CAR": 8, "RAIL_TRIP": 1}, "Duration": {"FOOT": 10336.98, "PASSENGER_CAR": 16809.042, "RAIL_TRIP": 280.55}, "Distance": {"FOOT": 10.100793200489239, "PASSENGER_CAR": 58.654308549768686, "RAIL_TRIP": 0.4030125798102822}, "Total_Count": 9, "Total_Duration": 27426.572, "Total_Distance": 69.1581143300682, "Total_Emission": 10.23541295630661}, "end_percents_count": {"FOOT": 0.2222222222222222, "PASSENGER_CAR": 0.8888888888888888, "RAIL_TRIP": 0.1111111111111111}, "end_percents_duration": {"FOOT": 0.37689653668712225, "PASSENGER_CAR": 0.612874332235177, "RAIL_TRIP": 0.010229131077700852}, "end_percents_distance": {"FOOT": 0.14605362361792548, "PASSENGER_CAR": 0.8481189679324046, "RAIL_TRIP": 0.005827408449669984}}