{"start": {"Count": {"FOOT": 2, "PASSENGER_CAR": 4, "RAIL_TRIP": 1}, "Duration": {"FOOT": 864.348, "PASSENGER_CAR": 6086.598, "RAIL_TRIP": 2653.1639999999998}, "Distance": {"FOOT": 2.177237133987997, "PASSENGER_CAR": 101.20686081661788, "RAIL_TRIP": 10.480257987921714}, "Total_Count": 6, "Total_Duration": 9604.11, "Total_Distance": 113.8643559385276, "Total_Emission": 17.888390928319268}, "start_percents_count": {"FOOT": 0.3333333333333333, "PASSENGER_CAR": 0.6666666666666666, "RAIL_TRIP": 0.16666666666666666}, "start_percents_duration": {"FOOT": 0.0899977197262422, "PASSENGER_CAR": 0.6337493010804749, "RAIL_TRIP": 0.27625297919328284}, "start_percents_distance": {"FOOT": 0.01912132305181993, "PASSENGER_CAR": 0.8888370726942576, "RAIL_TRIP": 0.09204160425392238}, "end": {"Count": {"FOOT": 5, "PASSENGER_CAR": 5, "RAIL_TRIP": 1}, "Duration": {"FOOT": 4279.647, "PASSENGER_CAR": 6180.281999999999, "RAIL_TRIP": 1221.596}, "Distance": {"FOOT": 3.9412963192623245, "PASSENGER_CAR": 91.694787490995, "RAIL_TRIP": 5.684112947178905}, "Total_Count": 6, "Total_Duration": 11681.525, "Total_Distance": 101.32019675743624, "Total_Emission": 16.3558440792009}, "end_percents_count": {"FOOT": 0.8333333333333334, "PASSENGER_CAR": 0.8333333333333334, "RAIL_TRIP": 0.16666666666666666}, "end_percents_duration": {"FOOT": 0.3663602997040198, "PASSENGER_CAR": 0.5290646555137278, "RAIL_TRIP": 0.10457504478225232}, "end_percents_distance": {"FOOT": 0.03889941438524752, "PASSENGER_CAR": 0.9050000930270125, "RAIL_TRIP": 0.05610049258773995}}