{"start": {"Count": {"FOOT": 16, "MOTORCYCLE": 1, "PASSENGER_CAR": 17, "RAIL_TRIP": 11, "UNKNOWN": 1}, "Duration": {"FOOT": 37802.131, "MOTORCYCLE": 1249.0, "PASSENGER_CAR": 30898.170000000002, "RAIL_TRIP": 15449.981, "UNKNOWN": 181.335}, "Distance": {"FOOT": 27.727838655730043, "MOTORCYCLE": 18.220997407179027, "PASSENGER_CAR": 291.55167928124274, "RAIL_TRIP": 76.86895390224903, "UNKNOWN": 5.250835422473357}, "Total_Count": 30, "Total_Duration": 85580.61700000001, "Total_Distance": 419.62030466887416, "Total_Emission": 58.800328826561184}, "start_percents_count": {"FOOT": 0.5333333333333333, "MOTORCYCLE": 0.03333333333333333, "PASSENGER_CAR": 0.5666666666666667, "RAIL_TRIP": 0.36666666666666664, "UNKNOWN": 0.03333333333333333}, "start_percents_duration": {"FOOT": 0.44171370019451944, "MOTORCYCLE": 0.014594426212187742, "PASSENGER_CAR": 0.36104168307176376, "RAIL_TRIP": 0.1805313111963191, "UNKNOWN": 0.0021188793252098193}, "start_percents_distance": {"FOOT": 0.06607840075234278, "MOTORCYCLE": 0.043422582759805595, "PASSENGER_CAR": 0.6947987884220916, "RAIL_TRIP": 0.18318692648323334, "UNKNOWN": 0.012513301582526696}, "end": {"Count": {"BIKE_TRIP": 1, "BUS": 1, "FOOT": 16, "PASSENGER_CAR": 12, "RAIL_TRIP": 7}, "Duration": {"BIKE_TRIP": 1561.711, "BUS": 1021.534, "FOOT": 21644.191, "PASSENGER_CAR": 9049.31, "RAIL_TRIP": 13457.457}, "Distance": {"BIKE_TRIP": 1.629588922510263, "BUS": 21.485379445948983, "FOOT": 17.93660119654199, "PASSENGER_CAR": 90.98279248354443, "RAIL_TRIP": 45.66768064541586}, "Total_Count": 28, "Total_Duration": 46734.203, "Total_Distance": 177.70204269396154, "Total_Emission": 29.279768251413394}, "end_percents_count": {"BIKE_TRIP": 0.03571428571428571, "BUS": 0.03571428571428571, "FOOT": 0.5714285714285714, "PASSENGER_CAR": 0.42857142857142855, "RAIL_TRIP": 0.25}, "end_percents_duration": {"BIKE_TRIP": 0.03341687457470923, "BUS": 0.021858380681061364, "FOOT": 0.46313384225253607, "PASSENGER_CAR": 0.19363355784627373, "RAIL_TRIP": 0.28795734464541956}, "end_percents_distance": {"BIKE_TRIP": 0.009170344346107159, "BUS": 0.12090676685664836, "FOOT": 0.10093638162298676, "PASSENGER_CAR": 0.511996323194973, "RAIL_TRIP": 0.2569901839792846}}