{"start": {"Count": {"FOOT": 5, "PASSENGER_CAR": 1, "RAIL_TRIP": 3}, "Duration": {"FOOT": 7304.701999999999, "PASSENGER_CAR": 539.097, "RAIL_TRIP": 4758.175}, "Distance": {"FOOT": 9.611005155285843, "PASSENGER_CAR": 2.7530241140714624, "RAIL_TRIP": 23.8970448629756}, "Total_Count": 7, "Total_Duration": 12601.974, "Total_Distance": 36.26107413233291, "Total_Emission": 0.7318396581913561}, "start_percents_count": {"FOOT": 0.7142857142857143, "PASSENGER_CAR": 0.14285714285714285, "RAIL_TRIP": 0.42857142857142855}, "start_percents_duration": {"FOOT": 0.57964744253559, "PASSENGER_CAR": 0.04277877418252093, "RAIL_TRIP": 0.377573783281889}, "start_percents_distance": {"FOOT": 0.26505020563403553, "PASSENGER_CAR": 0.07592229904785622, "RAIL_TRIP": 0.6590274953181082}, "end": {"Count": {"FOOT": 3, "PASSENGER_CAR": 3, "RAIL_TRIP": 4}, "Duration": {"FOOT": 2617.494, "PASSENGER_CAR": 2526.679, "RAIL_TRIP": 10679.207}, "Distance": {"FOOT": 4.146800626819984, "PASSENGER_CAR": 26.438133044036583, "RAIL_TRIP": 64.91424115510054}, "Total_Count": 8, "Total_Duration": 15823.38, "Total_Distance": 95.4991748259571, "Total_Emission": 7.179885890515109}, "end_percents_count": {"FOOT": 0.375, "PASSENGER_CAR": 0.375, "RAIL_TRIP": 0.5}, "end_percents_duration": {"FOOT": 0.1654193983839104, "PASSENGER_CAR": 0.15968010627312246, "RAIL_TRIP": 0.6749004953429673}, "end_percents_distance": {"FOOT": 0.04342237128621624, "PASSENGER_CAR": 0.2768414815334151, "RAIL_TRIP": 0.6797361471803688}}