{"start": {"Count": {"BIKE_TRIP": 3, "FOOT": 22, "PASSENGER_CAR": 8, "RAIL_TRIP": 6, "UNKNOWN": 1}, "Duration": {"BIKE_TRIP": 7692.482999999999, "FOOT": 43155.353, "PASSENGER_CAR": 21375.175, "RAIL_TRIP": 6334.452, "UNKNOWN": 1262.483}, "Distance": {"BIKE_TRIP": 5.093808726548645, "FOOT": 44.87435310141691, "PASSENGER_CAR": 359.7185956802122, "RAIL_TRIP": 43.65900314829408, "UNKNOWN": 41.30427980854249}, "Total_Count": 26, "Total_Duration": 79819.946, "Total_Distance": 494.65004046501434, "Total_Emission": 55.82578648912658}, "start_percents_count": {"BIKE_TRIP": 0.11538461538461539, "FOOT": 0.8461538461538461, "PASSENGER_CAR": 0.3076923076923077, "RAIL_TRIP": 0.23076923076923078, "UNKNOWN": 0.038461538461538464}, "start_percents_duration": {"BIKE_TRIP": 0.09637294167049423, "FOOT": 0.5406587596538841, "PASSENGER_CAR": 0.26779240116248637, "RAIL_TRIP": 0.07935926190679207, "UNKNOWN": 0.015816635606343308}, "start_percents_distance": {"BIKE_TRIP": 0.010297803113004942, "FOOT": 0.09071939640241632, "PASSENGER_CAR": 0.727218369055515, "RAIL_TRIP": 0.08826240690741842, "UNKNOWN": 0.08350202452164535}, "end": {"Count": {"BIKE_TRIP": 3, "BUS": 1, "FOOT": 26, "MOTORCYCLE": 1, "PASSENGER_CAR": 10, "RAIL_TRIP": 13, "UNKNOWN": 1}, "Duration": {"BIKE_TRIP": 11627.571, "BUS": 300.392, "FOOT": 52087.648, "MOTORCYCLE": 1181.59, "PASSENGER_CAR": 9163.756, "RAIL_TRIP": 13426.918, "UNKNOWN": 120.269}, "Distance": {"BIKE_TRIP": 71.19864149724577, "BUS": 1.399972157125557, "FOOT": 49.34443078061045, "MOTORCYCLE": 7.277276592996144, "PASSENGER_CAR": 98.48018820767123, "RAIL_TRIP": 81.62566751607547, "UNKNOWN": 12.316333170813603}, "Total_Count": 32, "Total_Duration": 87908.144, "Total_Distance": 321.64250992253824, "Total_Emission": 23.026132469446942}, "end_percents_count": {"BIKE_TRIP": 0.09375, "BUS": 0.03125, "FOOT": 0.8125, "MOTORCYCLE": 0.03125, "PASSENGER_CAR": 0.3125, "RAIL_TRIP": 0.40625, "UNKNOWN": 0.03125}, "end_percents_duration": {"BIKE_TRIP": 0.13226955400173163, "BUS": 0.003417112298491935, "FOOT": 0.592523577792747, "MOTORCYCLE": 0.01344118924863207, "PASSENGER_CAR": 0.10424240102259467, "RAIL_TRIP": 0.15273804438414715, "UNKNOWN": 0.001368121251655592}, "end_percents_distance": {"BIKE_TRIP": 0.22135955074592806, "BUS": 0.004352571920492459, "FOOT": 0.15341389666587965, "MOTORCYCLE": 0.022625356936646045, "PASSENGER_CAR": 0.3061790191582213, "RAIL_TRIP": 0.2537776102286154, "UNKNOWN": 0.038291994344217026}}