{"start": {"Count": {"FOOT": 24, "PASSENGER_CAR": 5, "RAIL_TRIP": 10}, "Duration": {"FOOT": 51178.783, "PASSENGER_CAR": 22585.88, "RAIL_TRIP": 24859.559}, "Distance": {"FOOT": 62.69166401256704, "PASSENGER_CAR": 194.64492856610147, "RAIL_TRIP": 50.16861239214602}, "Total_Count": 31, "Total_Duration": 98624.222, "Total_Distance": 307.50520497081453, "Total_Emission": 39.62264994785738}, "start_percents_count": {"FOOT": 0.7741935483870968, "PASSENGER_CAR": 0.16129032258064516, "RAIL_TRIP": 0.3225806451612903}, "start_percents_duration": {"FOOT": 0.5189271150853794, "PASSENGER_CAR": 0.22900946179327025, "RAIL_TRIP": 0.2520634231213505}, "start_percents_distance": {"FOOT": 0.20387187923702668, "PASSENGER_CAR": 0.6329809233133966, "RAIL_TRIP": 0.16314719744957665}, "end": {"Count": {"BIKE_TRIP": 2, "BUS": 1, "FOOT": 25, "MOTORCYCLE": 1, "PASSENGER_CAR": 11, "RAIL_TRIP": 7}, "Duration": {"BIKE_TRIP": 3796.833, "BUS": 300.282, "FOOT": 55389.066, "MOTORCYCLE": 480.988, "PASSENGER_CAR": 37378.431, "RAIL_TRIP": 15029.733}, "Distance": {"BIKE_TRIP": 16.757714014367156, "BUS": 1.0342027163985326, "FOOT": 52.50482204065168, "MOTORCYCLE": 1.1031769025158915, "PASSENGER_CAR": 129.2161243720768, "RAIL_TRIP": 61.258104794583396}, "Total_Count": 29, "Total_Duration": 112375.333, "Total_Distance": 261.8741448405935, "Total_Emission": 24.98573303963392}, "end_percents_count": {"BIKE_TRIP": 0.06896551724137931, "BUS": 0.034482758620689655, "FOOT": 0.8620689655172413, "MOTORCYCLE": 0.034482758620689655, "PASSENGER_CAR": 0.3793103448275862, "RAIL_TRIP": 0.2413793103448276}, "end_percents_duration": {"BIKE_TRIP": 0.03378706784343856, "BUS": 0.002672134462106555, "FOOT": 0.49289345376177884, "MOTORCYCLE": 0.0042801919883966, "PASSENGER_CAR": 0.3326213146794412, "RAIL_TRIP": 0.13374583726483819}, "end_percents_distance": {"BIKE_TRIP": 0.0639914796650422, "BUS": 0.003949235679711971, "FOOT": 0.20049639521538912, "MOTORCYCLE": 0.004212622453382753, "PASSENGER_CAR": 0.4934283392151313, "RAIL_TRIP": 0.23392192777134252}}