{"start": {"Count": {"BIKE_TRIP": 3, "FOOT": 6, "PASSENGER_CAR": 6, "RAIL_TRIP": 2}, "Duration": {"BIKE_TRIP": 2285.038, "FOOT": 17894.256999999998, "PASSENGER_CAR": 6878.432, "RAIL_TRIP": 661.061}, "Distance": {"BIKE_TRIP": 3.918785951113096, "FOOT": 18.485316999592747, "PASSENGER_CAR": 90.18317458508233, "RAIL_TRIP": 3.2084616880287538}, "Total_Count": 11, "Total_Duration": 27718.787999999997, "Total_Distance": 115.79573922381692, "Total_Emission": 20.140022912850668}, "start_percents_count": {"BIKE_TRIP": 0.2727272727272727, "FOOT": 0.5454545454545454, "PASSENGER_CAR": 0.5454545454545454, "RAIL_TRIP": 0.18181818181818182}, "start_percents_duration": {"BIKE_TRIP": 0.0824364326463336, "FOOT": 0.6455641927778372, "PASSENGER_CAR": 0.248150532411446, "RAIL_TRIP": 0.023848842164383238}, "start_percents_distance": {"BIKE_TRIP": 0.033842229233829, "FOOT": 0.1596372813326337, "PASSENGER_CAR": 0.7788125469001144, "RAIL_TRIP": 0.02770794253342299}, "end": {"Count": {"BIKE_TRIP": 1, "FOOT": 2, "PASSENGER_CAR": 8, "RAIL_TRIP": 3, "UNKNOWN": 1}, "Duration": {"BIKE_TRIP": 1022.344, "FOOT": 4293.4130000000005, "PASSENGER_CAR": 7460.938, "RAIL_TRIP": 3579.921, "UNKNOWN": 1923.995}, "Distance": {"BIKE_TRIP": 1.8877640918568677, "FOOT": 4.431476767266255, "PASSENGER_CAR": 81.54972547291446, "RAIL_TRIP": 21.224343995600094, "UNKNOWN": 41.7120359736073}, "Total_Count": 12, "Total_Duration": 18280.610999999997, "Total_Distance": 150.80534630124498, "Total_Emission": 15.443049720354871}, "end_percents_count": {"BIKE_TRIP": 0.08333333333333333, "FOOT": 0.16666666666666666, "PASSENGER_CAR": 0.6666666666666666, "RAIL_TRIP": 0.25, "UNKNOWN": 0.08333333333333333}, "end_percents_duration": {"BIKE_TRIP": 0.05592504539372345, "FOOT": 0.23486156999894595, "PASSENGER_CAR": 0.4081339513214302, "RAIL_TRIP": 0.1958315835285812, "UNKNOWN": 0.10524784975731939}, "end_percents_distance": {"BIKE_TRIP": 0.0125178857259206, "FOOT": 0.029385408912586217, "PASSENGER_CAR": 0.5407615013198058, "RAIL_TRIP": 0.1407399970635184, "UNKNOWN": 0.2765952069781689}}