{"start": {"Count": {"BIKE_TRIP": 6, "FOOT": 28, "PASSENGER_CAR": 8, "RAIL_TRIP": 21}, "Duration": {"BIKE_TRIP": 7111.336, "FOOT": 82499.276, "PASSENGER_CAR": 18905.424, "RAIL_TRIP": 26513.243}, "Distance": {"BIKE_TRIP": 26.78109747660969, "FOOT": 72.15067431970627, "PASSENGER_CAR": 194.65499715753967, "RAIL_TRIP": 160.9546613109178}, "Total_Count": 48, "Total_Duration": 135029.27900000004, "Total_Distance": 454.54143026477345, "Total_Emission": 43.38684737224015}, "start_percents_count": {"BIKE_TRIP": 0.125, "FOOT": 0.5833333333333334, "PASSENGER_CAR": 0.16666666666666666, "RAIL_TRIP": 0.4375}, "start_percents_duration": {"BIKE_TRIP": 0.05266514086918881, "FOOT": 0.6109732393668486, "PASSENGER_CAR": 0.14000981224227668, "RAIL_TRIP": 0.19635180752168566}, "start_percents_distance": {"BIKE_TRIP": 0.05891893608248102, "FOOT": 0.15873288883188935, "PASSENGER_CAR": 0.428244785176462, "RAIL_TRIP": 0.3541033899091676}, "end": {"Count": {"BIKE_TRIP": 6, "BUS": 1, "FOOT": 33, "MOTORCYCLE": 1, "PASSENGER_CAR": 13, "RAIL_TRIP": 26}, "Duration": {"BIKE_TRIP": 5896.109, "BUS": 459.825, "FOOT": 111866.954, "MOTORCYCLE": 827.859, "PASSENGER_CAR": 13070.838, "RAIL_TRIP": 31259.242000000002}, "Distance": {"BIKE_TRIP": 22.788446670513206, "BUS": 4.308581916831394, "FOOT": 66.90289096639793, "MOTORCYCLE": 11.646265876178305, "PASSENGER_CAR": 175.88174157202383, "RAIL_TRIP": 187.4872541256169}, "Total_Count": 58, "Total_Duration": 163380.827, "Total_Distance": 469.01518112756156, "Total_Emission": 35.620477305143396}, "end_percents_count": {"BIKE_TRIP": 0.10344827586206896, "BUS": 0.017241379310344827, "FOOT": 0.5689655172413793, "MOTORCYCLE": 0.017241379310344827, "PASSENGER_CAR": 0.22413793103448276, "RAIL_TRIP": 0.4482758620689655}, "end_percents_duration": {"BIKE_TRIP": 0.036088132911703284, "BUS": 0.002814436727021831, "FOOT": 0.6847006227970679, "MOTORCYCLE": 0.005067051105084687, "PASSENGER_CAR": 0.08000227590964515, "RAIL_TRIP": 0.19132748054947724}, "end_percents_distance": {"BIKE_TRIP": 0.048587865782355695, "BUS": 0.009186444469607811, "FOOT": 0.14264547003693226, "MOTORCYCLE": 0.024831319634855877, "PASSENGER_CAR": 0.37500223585340187, "RAIL_TRIP": 0.3997466642228465}}