{"start": {"Count": {"BIKE_TRIP": 1, "FOOT": 22, "PASSENGER_CAR": 5, "RAIL_TRIP": 18}, "Duration": {"BIKE_TRIP": 769.006, "FOOT": 264731.365, "PASSENGER_CAR": 54106.562, "RAIL_TRIP": 18570.927}, "Distance": {"BIKE_TRIP": 0.8256578872948462, "FOOT": 78.37777153505189, "PASSENGER_CAR": 26.188883579788847, "RAIL_TRIP": 119.31362196308382}, "Total_Count": 32, "Total_Duration": 338177.86000000004, "Total_Distance": 224.70593496521943, "Total_Emission": 6.468968626023716}, "start_percents_count": {"BIKE_TRIP": 0.03125, "FOOT": 0.6875, "PASSENGER_CAR": 0.15625, "RAIL_TRIP": 0.5625}, "start_percents_duration": {"BIKE_TRIP": 0.0022739690883371248, "FOOT": 0.7828169620565935, "PASSENGER_CAR": 0.15999439466557625, "RAIL_TRIP": 0.05491467418949306}, "start_percents_distance": {"BIKE_TRIP": 0.0036743928789537477, "FOOT": 0.3488015194043869, "PASSENGER_CAR": 0.11654736037053241, "RAIL_TRIP": 0.5309767273461268}, "end": {"Count": {"BIKE_TRIP": 2, "FOOT": 21, "PASSENGER_CAR": 6, "RAIL_TRIP": 18}, "Duration": {"BIKE_TRIP": 2524.6059999999998, "FOOT": 39868.199, "PASSENGER_CAR": 9998.454, "RAIL_TRIP": 24571.173}, "Distance": {"BIKE_TRIP": 5.632959102013719, "FOOT": 34.89260761297675, "PASSENGER_CAR": 86.3031719951484, "RAIL_TRIP": 129.17387802823202}, "Total_Count": 27, "Total_Duration": 76962.43200000002, "Total_Distance": 256.00261673837093, "Total_Emission": 20.101475889218253}, "end_percents_count": {"BIKE_TRIP": 0.07407407407407407, "FOOT": 0.7777777777777778, "PASSENGER_CAR": 0.2222222222222222, "RAIL_TRIP": 0.6666666666666666}, "end_percents_duration": {"BIKE_TRIP": 0.03280309541153792, "FOOT": 0.5180215588821309, "PASSENGER_CAR": 0.12991343620742127, "RAIL_TRIP": 0.3192619094989097}, "end_percents_distance": {"BIKE_TRIP": 0.022003521580291032, "FOOT": 0.1362978553013629, "PASSENGER_CAR": 0.3371183197058816, "RAIL_TRIP": 0.5045803034124643}}