{"start": {"Count": {"BIKE_TRIP": 2, "BUS": 1, "FOOT": 8, "PASSENGER_CAR": 6, "RAIL_TRIP": 6}, "Duration": {"BIKE_TRIP": 1639.075, "BUS": 188.804, "FOOT": 9255.547, "PASSENGER_CAR": 1960.673, "RAIL_TRIP": 4037.439}, "Distance": {"BIKE_TRIP": 4.809635288631224, "BUS": 0.8815254427901554, "FOOT": 13.721289064071051, "PASSENGER_CAR": 11.288111331586657, "RAIL_TRIP": 24.999825659763296}, "Total_Count": 14, "Total_Duration": 17081.538, "Total_Distance": 55.70038678684238, "Total_Emission": 2.5814357788479763}, "start_percents_count": {"BIKE_TRIP": 0.14285714285714285, "BUS": 0.07142857142857142, "FOOT": 0.5714285714285714, "PASSENGER_CAR": 0.42857142857142855, "RAIL_TRIP": 0.42857142857142855}, "start_percents_duration": {"BIKE_TRIP": 0.09595593792549593, "BUS": 0.011053103063670262, "FOOT": 0.5418450610243645, "PASSENGER_CAR": 0.11478316530982163, "RAIL_TRIP": 0.23636273267664773}, "start_percents_distance": {"BIKE_TRIP": 0.08634832837044791, "BUS": 0.015826199666505558, "FOOT": 0.24634100148317664, "PASSENGER_CAR": 0.20265768305675663, "RAIL_TRIP": 0.4488267874231133}, "end": {"Count": {"BIKE_TRIP": 2, "FOOT": 4, "PASSENGER_CAR": 1, "RAIL_TRIP": 3, "SCOOTER": 1}, "Duration": {"BIKE_TRIP": 2425.307, "FOOT": 4688.428, "PASSENGER_CAR": 699.658, "RAIL_TRIP": 3538.975, "SCOOTER": 1021.426}, "Distance": {"BIKE_TRIP": 18.78864623238179, "FOOT": 7.006832959496052, "PASSENGER_CAR": 13.709235732187846, "RAIL_TRIP": 22.763376037907154, "SCOOTER": 5.561069983996932}, "Total_Count": 10, "Total_Duration": 12373.794, "Total_Distance": 67.82916094596978, "Total_Emission": 3.3839658988259043}, "end_percents_count": {"BIKE_TRIP": 0.2, "FOOT": 0.4, "PASSENGER_CAR": 0.1, "RAIL_TRIP": 0.3, "SCOOTER": 0.1}, "end_percents_duration": {"BIKE_TRIP": 0.19600350547293738, "FOOT": 0.3788997941940847, "PASSENGER_CAR": 0.05654353062609577, "RAIL_TRIP": 0.28600565032842795, "SCOOTER": 0.08254751937845418}, "end_percents_distance": {"BIKE_TRIP": 0.27699953781454173, "FOOT": 0.10330118877745573, "PASSENGER_CAR": 0.20211418718725005, "RAIL_TRIP": 0.33559866760020257, "SCOOTER": 0.0819864186205499}}