{"start": {"Count": {"BIKE_TRIP": 2, "FOOT": 9, "MOTORCYCLE": 1, "PASSENGER_CAR": 4}, "Duration": {"BIKE_TRIP": 1478.453, "FOOT": 14344.371000000001, "MOTORCYCLE": 1622.888, "PASSENGER_CAR": 6623.859}, "Distance": {"BIKE_TRIP": 4.346799089315285, "FOOT": 11.004969598601456, "MOTORCYCLE": 29.498900394051223, "PASSENGER_CAR": 49.44171000850284}, "Total_Count": 11, "Total_Duration": 24069.571000000004, "Total_Distance": 94.2923790904708, "Total_Emission": 14.16532501719375}, "start_percents_count": {"BIKE_TRIP": 0.18181818181818182, "FOOT": 0.8181818181818182, "MOTORCYCLE": 0.09090909090909091, "PASSENGER_CAR": 0.36363636363636365}, "start_percents_duration": {"BIKE_TRIP": 0.06142415251189977, "FOOT": 0.5959545768389474, "MOTORCYCLE": 0.06742488264539487, "PASSENGER_CAR": 0.2751963880037579}, "start_percents_distance": {"BIKE_TRIP": 0.04609915595771168, "FOOT": 0.11671112453364345, "MOTORCYCLE": 0.3128450112150409, "PASSENGER_CAR": 0.524344708293604}, "end": {"Count": {"BIKE_TRIP": 1, "FOOT": 9, "PASSENGER_CAR": 3, "RAIL_TRIP": 4}, "Duration": {"BIKE_TRIP": 900.44, "FOOT": 13317.984, "PASSENGER_CAR": 9017.508, "RAIL_TRIP": 2044.03}, "Distance": {"BIKE_TRIP": 5.1895180394275, "FOOT": 13.433009613635214, "PASSENGER_CAR": 44.19701596439471, "RAIL_TRIP": 9.678240526208745}, "Total_Count": 10, "Total_Duration": 25279.962000000003, "Total_Distance": 72.49778414366615, "Total_Emission": 10.314656533831263}, "end_percents_count": {"BIKE_TRIP": 0.1, "FOOT": 0.9, "PASSENGER_CAR": 0.3, "RAIL_TRIP": 0.4}, "end_percents_duration": {"BIKE_TRIP": 0.03561872442688007, "FOOT": 0.5268197792385921, "PASSENGER_CAR": 0.35670575770643953, "RAIL_TRIP": 0.08085573862808812}, "end_percents_distance": {"BIKE_TRIP": 0.07158174695579145, "FOOT": 0.18528855429588745, "PASSENGER_CAR": 0.6096326458310937, "RAIL_TRIP": 0.1334970529172276}}