{"start": {"Count": {"BIKE_TRIP": 2, "BUS": 2, "FOOT": 110, "MOTORCYCLE": 1, "PASSENGER_CAR": 62, "RAIL_TRIP": 57, "UNKNOWN": 1}, "Duration": {"BIKE_TRIP": 112899.974, "BUS": 481.452, "FOOT": 311293.612, "MOTORCYCLE": 132.515, "PASSENGER_CAR": 123133.244, "RAIL_TRIP": 97465.812, "UNKNOWN": 240.211}, "Distance": {"BIKE_TRIP": 69.35426677079164, "BUS": 0.7919288804887887, "FOOT": 276.4425173553889, "MOTORCYCLE": 0.5986631774830006, "PASSENGER_CAR": 1338.7829248090147, "RAIL_TRIP": 593.2866085107593, "UNKNOWN": 8.65910718259294}, "Total_Count": 157, "Total_Duration": 645646.82, "Total_Distance": 2287.916016686519, "Total_Emission": 275.1623183539331}, "start_percents_count": {"BIKE_TRIP": 0.012738853503184714, "BUS": 0.012738853503184714, "FOOT": 0.7006369426751592, "MOTORCYCLE": 0.006369426751592357, "PASSENGER_CAR": 0.39490445859872614, "RAIL_TRIP": 0.3630573248407643, "UNKNOWN": 0.006369426751592357}, "start_percents_duration": {"BIKE_TRIP": 0.17486336260434152, "BUS": 0.0007456894157706841, "FOOT": 0.4821422523230271, "MOTORCYCLE": 0.00020524378947611016, "PASSENGER_CAR": 0.1907130031245256, "RAIL_TRIP": 0.15095840168468577, "UNKNOWN": 0.00037204705817338345}, "start_percents_distance": {"BIKE_TRIP": 0.030313292212200235, "BUS": 0.0003461354676976745, "FOOT": 0.12082721364735562, "MOTORCYCLE": 0.00026166309126591814, "PASSENGER_CAR": 0.5851538758611914, "RAIL_TRIP": 0.25931310598104396, "UNKNOWN": 0.0037847137392453406}, "end": {"Count": {"BIKE_TRIP": 4, "BUS": 3, "FOOT": 108, "HIGH_SPEED_TRAIN": 1, "MOTORCYCLE": 1, "PASSENGER_CAR": 58, "RAIL_TRIP": 61, "UNKNOWN": 1}, "Duration": {"BIKE_TRIP": 7943.318, "BUS": 6429.085, "FOOT": 348973.464, "HIGH_SPEED_TRAIN": 4326.934, "MOTORCYCLE": 132.515, "PASSENGER_CAR": 102609.14600000001, "RAIL_TRIP": 100393.078, "UNKNOWN": 127.02}, "Distance": {"BIKE_TRIP": 32.91571713837094, "BUS": 12.066948930597343, "FOOT": 374.04174863169806, "HIGH_SPEED_TRAIN": 106.04872559094484, "MOTORCYCLE": 0.5986631774830006, "PASSENGER_CAR": 1059.227887588407, "RAIL_TRIP": 715.7621794189931, "UNKNOWN": 11.397050684645002}, "Total_Count": 153, "Total_Duration": 570934.56, "Total_Distance": 2312.0589211611396, "Total_Emission": 231.3232641476045}, "end_percents_count": {"BIKE_TRIP": 0.026143790849673203, "BUS": 0.0196078431372549, "FOOT": 0.7058823529411765, "HIGH_SPEED_TRAIN": 0.006535947712418301, "MOTORCYCLE": 0.006535947712418301, "PASSENGER_CAR": 0.3790849673202614, "RAIL_TRIP": 0.39869281045751637, "UNKNOWN": 0.006535947712418301}, "end_percents_duration": {"BIKE_TRIP": 0.013912834423615903, "BUS": 0.011260633793126832, "FOOT": 0.6112319842750453, "HIGH_SPEED_TRAIN": 0.007578686425988995, "MOTORCYCLE": 0.00023210190674041517, "PASSENGER_CAR": 0.17972137822590387, "RAIL_TRIP": 0.1758399036134719, "UNKNOWN": 0.00022247733610661086}, "end_percents_distance": {"BIKE_TRIP": 0.014236539059238303, "BUS": 0.005219135559286351, "FOOT": 0.16177864033147152, "HIGH_SPEED_TRAIN": 0.04586765701355314, "MOTORCYCLE": 0.00025893076167035823, "PASSENGER_CAR": 0.45813187453564197, "RAIL_TRIP": 0.30957782817209956, "UNKNOWN": 0.004929394567038667}}