{
  "nb_journey_days": {
    "data": {
      "NbJourney": {
        "Lundi": 109669,
        "Mardi": 110252,
        "Mercredi": 114512,
        "Jeudi": 114152,
        "Vendredi": 114592,
        "Samedi": 100529,
        "Dimanche": 85481
      },
      "percent": {
        "Lundi": 0.14638401360408015,
        "Mardi": 0.14716219048114823,
        "Mercredi": 0.15284835428270913,
        "Jeudi": 0.15236783339807017,
        "Vendredi": 0.15295513670151778,
        "Samedi": 0.1341841222551913,
        "Dimanche": 0.11409834927728324
      }
    },
    "emg": {
      "NbJourney": {
        "Lundi": 34.5,
        "Mardi": 35.5,
        "Mercredi": 34.9,
        "Jeudi": 34.2,
        "Vendredi": 33.8,
        "Samedi": 29.0,
        "Dimanche": 19.0
      },
      "percent": {
        "Lundi": 0.15617926663648707,
        "Mardi": 0.1607062019013128,
        "Mercredi": 0.15799004074241735,
        "Jeudi": 0.15482118605703937,
        "Vendredi": 0.15301041195110907,
        "Samedi": 0.13128112267994566,
        "Dimanche": 0.08601177003168853
      }
    },
    "diff": {
      "Lundi": -0.9795253032406914,
      "Mardi": -1.3544011420164566,
      "Mercredi": -0.5141686459708222,
      "Jeudi": -0.24533526589692045,
      "Vendredi": -0.00552752495912856,
      "Samedi": 0.2902999575245646,
      "Dimanche": 2.808657924559471
    }
  },
  "users_not_moving": {
    "data": {
      "NbUsers": {
        "Lundi": 16693,
        "Mardi": 16697,
        "Mercredi": 16760,
        "Jeudi": 16766,
        "Vendredi": 16819,
        "Samedi": 16062,
        "Dimanche": 15239
      },
      "percent": {
        "Lundi": 95.31776394678239,
        "Mardi": 95.34060412265174,
        "Mercredi": 95.70033689259407,
        "Jeudi": 95.73459715639811,
        "Vendredi": 96.03722948666704,
        "Samedi": 91.71472620339176,
        "Dimanche": 87.01536001827215
      },
      "percent_users_not_moving": {
        "Lundi": 4.682236053217608,
        "Mardi": 4.65939587734826,
        "Mercredi": 4.299663107405934,
        "Jeudi": 4.2654028436018905,
        "Vendredi": 3.9627705133329556,
        "Samedi": 8.285273796608237,
        "Dimanche": 12.984639981727852
      }
    },
    "emg": {
      "percent_users_not_moving": {
        "Lundi": 5.1,
        "Mardi": 4.4,
        "Mercredi": 4.9,
        "Jeudi": 5.4,
        "Vendredi": 6.4,
        "Samedi": 10.8,
        "Dimanche": 24.0
      }
    },
    "diff": {
      "Lundi": -0.4177639467823919,
      "Mardi": 0.2593958773482594,
      "Mercredi": -0.6003368925940666,
      "Jeudi": -1.1345971563981099,
      "Vendredi": -2.4372294866670448,
      "Samedi": -2.5147262033917634,
      "Dimanche": -11.015360018272148
    }
  },
  "nb_journey_hour": {
    "data": {
      "NbJourney": {
        "0": 10860,
        "1": 5766,
        "2": 3481,
        "3": 3051,
        "4": 4727,
        "5": 10091,
        "6": 18159,
        "7": 30358,
        "8": 41204,
        "9": 35690,
        "10": 36664,
        "11": 40819,
        "12": 46626,
        "13": 45427,
        "14": 43912,
        "15": 45382,
        "16": 50966,
        "17": 61139,
        "18": 60239,
        "19": 49743,
        "20": 35985,
        "21": 27978,
        "22": 23006,
        "23": 17914
      },
      "percent": {
        "0": 1.449571335327495,
        "1": 0.7696342835633827,
        "2": 0.46463699984116114,
        "3": 0.40724144973150894,
        "4": 0.6309506171356417,
        "5": 1.3469267352476753,
        "6": 2.4238274289329635,
        "7": 4.052125837741445,
        "8": 5.499828480739788,
        "9": 4.763830659101132,
        "10": 4.89383825400067,
        "11": 5.448439441688123,
        "12": 6.22354632421545,
        "13": 6.063506174025978,
        "14": 5.861286968407087,
        "15": 6.057499662967991,
        "16": 6.802840946252404,
        "17": 8.160712879427967,
        "18": 8.04058265826823,
        "19": 6.6395973234986725,
        "20": 4.803206676036824,
        "21": 3.7344481417856956,
        "22": 3.070795408889903,
        "23": 2.3911253131728127
      }
    },
    "emg": {
      "NbJourney": {
        "0": 28364,
        "1": 5942,
        "2": 1126,
        "3": 7314,
        "4": 37907,
        "5": 80506,
        "6": 183966,
        "7": 714481,
        "8": 1105175,
        "9": 641844,
        "10": 611138,
        "11": 790746,
        "12": 981349,
        "13": 766795,
        "14": 597375,
        "15": 705335,
        "16": 1072581,
        "17": 1287459,
        "18": 1035738,
        "19": 603330,
        "20": 343792,
        "21": 182376,
        "22": 119474,
        "23": 61715
      },
      "percent": {
        "0": 0.23704168236414563,
        "1": 0.04965807631532059,
        "2": 0.009410130247568326,
        "3": 0.061124060950901185,
        "4": 0.316793789782036,
        "5": 0.6727992413061595,
        "6": 1.537428082703512,
        "7": 5.9710117845584945,
        "8": 9.236092980778263,
        "9": 5.363974812273751,
        "10": 5.107360727565196,
        "11": 6.6083684305005885,
        "12": 8.201262796022139,
        "13": 6.408206770145785,
        "14": 4.992341524548071,
        "15": 5.894577458409063,
        "16": 8.963700631498297,
        "17": 10.759464368032033,
        "18": 8.655798829800997,
        "19": 5.042108243574954,
        "20": 2.8731150071687477,
        "21": 1.5241402433663596,
        "22": 0.9984599477779557,
        "23": 0.5157603803096618
      }
    },
    "diff": {
      "0": 1.2125296529633494,
      "1": 0.7199762072480621,
      "2": 0.4552268695935928,
      "3": 0.34611738878060777,
      "4": 0.3141568273536057,
      "5": 0.6741274939415157,
      "6": 0.8863993462294515,
      "7": -1.9188859468170492,
      "8": -3.736264500038475,
      "9": -0.6001441531726188,
      "10": -0.21352247356452647,
      "11": -1.1599289888124655,
      "12": -1.9777164718066889,
      "13": -0.3447005961198073,
      "14": 0.8689454438590154,
      "15": 0.16292220455892803,
      "16": -2.1608596852458923,
      "17": -2.5987514886040657,
      "18": -0.6152161715327669,
      "19": 1.5974890799237187,
      "20": 1.9300916688680765,
      "21": 2.210307898419336,
      "22": 2.0723354611119476,
      "23": 1.875364932863151
    }
  },
  "nb_daily_journey_per_user": {
    "data": 3.13973136642709,
    "emg": 3.82
  },
  "avg_daily_traveling_time": {
    "data": 79.15661666666666,
    "emg": 92
  },
  "modal_shares": {
    "data": {
      "overall": {
        "percent": {
          "BIKE_TRIP": 0.04076895873784106,
          "BUS": 0.008490089250267941,
          "FOOT": 0.3058329053963419,
          "HIGH_SPEED_TRAIN": 0.0013739148579271772,
          "MOTORCYCLE": 0.0066012950570228865,
          "PASSENGER_CAR": 0.4537509637050717,
          "PLANE": 0.00018427260421902968,
          "RAIL_TRIP": 0.1796061715063066,
          "SCOOTER": 0.0016570984923520095,
          "UNKNOWN": 0.001734330392649691
        }
      },
      "paris_paris": {
        "percent": {
          "BIKE_TRIP": 0.05738226757794214,
          "BUS": 0.007077988952345286,
          "FOOT": 0.5107855069750024,
          "HIGH_SPEED_TRAIN": 0.0009362419249133976,
          "MOTORCYCLE": 0.004653122366819586,
          "PASSENGER_CAR": 0.1604063289954124,
          "PLANE": 8.426177324220579e-05,
          "RAIL_TRIP": 0.255697032113098,
          "SCOOTER": 0.0017882220765845895,
          "UNKNOWN": 0.001189027244640015
        }
      },
      "paris_idf_gc": {
        "percent": {
          "BIKE_TRIP": 0.02195333438436071,
          "BUS": 0.0059908560618004095,
          "FOOT": 0.11895002364811604,
          "HIGH_SPEED_TRAIN": 0.004611382626517421,
          "MOTORCYCLE": 0.007843291817751853,
          "PASSENGER_CAR": 0.348021440958537,
          "PLANE": 3.941352672237112e-05,
          "RAIL_TRIP": 0.4826186347154343,
          "SCOOTER": 0.00011824058016711336,
          "UNKNOWN": 0.00985338168059278
        }
      },