{
  "nb_journey_days": {
    "data": {
      "NbJourney": {
        "Lundi": 12571,
        "Mardi": 12640,
        "Mercredi": 13473,
        "Jeudi": 14035,
        "Vendredi": 13910,
        "Samedi": 11336,
        "Dimanche": 8088
      },
      "percent": {
        "Lundi": 0.14608438985276515,
        "Mardi": 0.14688622128223305,
        "Mercredi": 0.1565663021626207,
        "Jeudi": 0.16309716105190986,
        "Vendredi": 0.161644567882584,
        "Samedi": 0.13173276933982545,
        "Dimanche": 0.09398858842806178
      }
    }
  },
  "users_not_moving": {
    "data": {
      "NbUsers": {
        "Lundi": 2004,
        "Mardi": 1993,
        "Mercredi": 2015,
        "Jeudi": 2040,
        "Vendredi": 2027,
        "Samedi": 1846,
        "Dimanche": 1640
      },
      "percent": {
        "Lundi": 95.20190023752969,
        "Mardi": 94.6793349168646,
        "Mercredi": 95.72446555819478,
        "Jeudi": 96.91211401425178,
        "Vendredi": 96.29453681710214,
        "Samedi": 87.6959619952494,
        "Dimanche": 77.90973871733966
      },
      "percent_users_not_moving": {
        "Lundi": 4.798099762470315,
        "Mardi": 5.320665083135395,
        "Mercredi": 4.27553444180522,
        "Jeudi": 3.0878859857482155,
        "Vendredi": 3.7054631828978586,
        "Samedi": 12.304038004750595,
        "Dimanche": 22.090261282660336
      }
    }
  },
  "nb_journey_hour": {
    "data": {
      "NbJourney": {
        "0": 1216,
        "1": 609,
        "2": 341,
        "3": 290,
        "4": 376,
        "5": 1006,
        "6": 1953,
        "7": 3993,
        "8": 5542,
        "9": 4217,
        "10": 4333,
        "11": 4856,
        "12": 5434,
        "13": 4754,
        "14": 4722,
        "15": 4819,
        "16": 5674,
        "17": 7248,
        "18": 7100,
        "19": 5793,
        "20": 4053,
        "21": 3219,
        "22": 2556,
        "23": 1949
      },
      "percent": {
        "0": 1.4130826351202166,
        "1": 0.707703392095569,
        "2": 0.39626741659210024,
        "3": 0.3370016152836043,
        "4": 0.43694002533322485,
        "5": 1.1690469826734686,
        "6": 2.269531567754756,
        "7": 4.640163620094593,
        "8": 6.440217075523224,
        "9": 4.900468316037791,
        "10": 5.035268962151233,
        "11": 5.643033944197181,
        "12": 6.314713025693468,
        "13": 5.524502341580189,
        "14": 5.487315956445446,
        "15": 5.600037186385134,
        "16": 6.593610914204037,
        "17": 8.422716233019186,
        "18": 8.250729201771001,
        "19": 6.731897783923861,
        "20": 4.7098880922222355,
        "21": 3.7407179296480075,
        "22": 2.9702625126375604,
        "23": 2.264883269612913
      }
    }
  },
  "nb_daily_journey_per_user": {
    "data": 2.7274254381794556
  },
  "avg_daily_traveling_time": {
    "data": 58.327799999999996
  },
  "modal_shares": {
    "data": {
      "overall": {
        "percent": {
          "BIKE_TRIP": 0.06593471390159913,
          "BUS": 0.010920326430492004,
          "FOOT": 0.3510896740412284,
          "HIGH_SPEED_TRAIN": 0.0008608896646068211,
          "MOTORCYCLE": 0.005872918533893108,
          "PASSENGER_CAR": 0.4231567526770131,
          "PLANE": 4.717203641681211e-05,
          "RAIL_TRIP": 0.13839096183782254,
          "SCOOTER": 0.00284211519411293,
          "UNKNOWN": 0.0008844756828152271
        }
      },
      "city_city": {
        "percent": {
          "BIKE_TRIP": 0.07958161138134075,
          "BUS": 0.012178619756427604,
          "FOOT": 0.5197308269026808,
          "HIGH_SPEED_TRAIN": 0.0008411659291226274,
          "MOTORCYCLE": 0.002194345902059028,
          "PASSENGER_CAR": 0.21870314157188311,
          "PLANE": 3.65724317009838e-05,
          "RAIL_TRIP": 0.1634787697033976,
          "SCOOTER": 0.0024869253556668983,
          "UNKNOWN": 0.0007680210657206597
        }
      },
      "city_metro_area": {
        "percent": {
          "BIKE_TRIP": 0.07797848408579638,
          "BUS": 0.013519834287368866,
          "FOOT": 0.4033677083101321,
          "HIGH_SPEED_TRAIN": 0.0007572889057175312,
          "MOTORCYCLE": 0.0042096353876651,
          "PASSENGER_CAR": 0.32278325946054304,
          "PLANE": 4.454640621867831e-05,
          "RAIL_TRIP": 0.17344143261242398,
          "SCOOTER": 0.003029155622870125,
          "UNKNOWN": 0.000868654921264227
        }
      },
      "metro_area_metro_area": {
        "percent": {
          "BIKE_TRIP": 0.06593471390159913,
          "BUS": 0.010920326430492004,
          "FOOT": 0.3510896740412284,
          "HIGH_SPEED_TRAIN": 0.0008608896646068211,
          "MOTORCYCLE": 0.005872918533893108,
          "PASSENGER_CAR": 0.4231567526770131,
          "PLANE": 4.717203641681211e-05,
          "RAIL_TRIP": 0.13839096183782254,
          "SCOOTER": 0.00284211519411293,
          "UNKNOWN": 0.0008844756828152271
        }
      }
    }
  },
  "avg_duration_per_mode": {
    "data": {
      "full_journey": {
        "journey_duration": {
          "BIKE_TRIP": 14.276649999999998,
          "BUS": 14.523841666666666,
          "FOOT": 26.061249999999998,
          "HIGH_SPEED_TRAIN": 55.15586666666666,
          "MOTORCYCLE": 14.882133333333332,
          "PASSENGER_CAR": 13.636441666666666,
          "PLANE": 45.07853333333333,
          "RAIL_TRIP": 15.266466666666668,
          "SCOOTER": 9.523766666666667,
          "UNKNOWN": 9.008633333333334
        }
      },
      "mode_only": {
        "duration": {
          "BIKE_TRIP": 10.9843,
          "BUS": 8.676116666666667,
          "FOOT": 19.2899,
          "HIGH_SPEED_TRAIN": 28.219466666666666,
          "MOTORCYCLE": 11.453316666666666,
          "PASSENGER_CAR": 12.014583333333333,
          "PLANE": 11.002483333333334,
          "RAIL_TRIP": 10.015533333333334,
          "SCOOTER": 8.051758333333334,
          "UNKNOWN": 4.005633333333334
        }
      }
    }
  },
  "multimodal_train_trips": {
    "data": {
      "nb_unique_modes": {
        "nb_journey": {
          "1": 12373,
          "2": 8500,
          "3": 857,
          "4": 42,
          "5": 4
        },
        "percent": {
          "1": 0.5681943423952975,
          "2": 0.39033798677443055,
          "3": 0.03935525349008082,
          "4": 0.001928728875826598,
          "5": 0.0001836884643644379
        }
      },
      "nb_journey_per_modes": {
        "nb_journey": {
          "BIKE_TRIP": 883,
          "BUS": 632,
          "MOTORCYCLE": 49,
          "PASSENGER_CAR": 8529,
          "PLANE": 8,
          "SCOOTER": 23,
          "UNKNOWN": 172
        },
        "percent": {
          "BIKE_TRIP": 9.412642575418399,
          "BUS": 6.737021639484063,
          "MOTORCYCLE": 0.5223323739473403,
          "PASSENGER_CAR": 90.91781259993604,
          "PLANE": 0.08527875493017802,
          "SCOOTER": 0.2451764204242618,
          "UNKNOWN": 1.8334932309988274
        }
      }
    }
  },
  "occupancy": {
    "data": 1.7372706146325827
  }
}