{"BIKE_TRIP":0.0538816023,"BUS":0.0159517901,"FOOT":0.6593406593,"HIGH_SPEED_TRAIN":0.0001772421,"MOTORCYCLE":0.0024813896,"PASSENGER_CAR":0.066111308,"RAIL_TRIP":0.193371145,"SCOOTER":0.003190358,"UNKNOWN":0.0054945055}