{"start": {"Count": {"BIKE_TRIP": 1, "FOOT": 16, "MOTORCYCLE": 1, "PASSENGER_CAR": 7, "RAIL_TRIP": 8}, "Duration": {"BIKE_TRIP": 410.567, "FOOT": 43366.147, "MOTORCYCLE": 1142.336, "PASSENGER_CAR": 12637.89, "RAIL_TRIP": 15194.055}, "Distance": {"BIKE_TRIP": 0.5672616775214687, "FOOT": 40.07986998325189, "MOTORCYCLE": 18.03157872064924, "PASSENGER_CAR": 100.20703676430188, "RAIL_TRIP": 74.22536550780993}, "Total_Count": 21, "Total_Duration": 72750.99500000001, "Total_Distance": 233.11111265353438, "Total_Emission": 21.60765125723111}, "start_percents_count": {"BIKE_TRIP": 0.047619047619047616, "FOOT": 0.7619047619047619, "MOTORCYCLE": 0.047619047619047616, "PASSENGER_CAR": 0.3333333333333333, "RAIL_TRIP": 0.38095238095238093}, "start_percents_duration": {"BIKE_TRIP": 0.005643455460643527, "FOOT": 0.5960900878400356, "MOTORCYCLE": 0.01570199830256617, "PASSENGER_CAR": 0.1737143251442815, "RAIL_TRIP": 0.208850133252473}, "start_percents_distance": {"BIKE_TRIP": 0.0024334390199774463, "FOOT": 0.1719346174749778, "MOTORCYCLE": 0.07735186244616747, "PASSENGER_CAR": 0.42986812436194927, "RAIL_TRIP": 0.3184119566969281}, "end": {"Count": {"BIKE_TRIP": 1, "FOOT": 15, "PASSENGER_CAR": 11, "RAIL_TRIP": 7}, "Duration": {"BIKE_TRIP": 410.567, "FOOT": 36244.857, "PASSENGER_CAR": 27854.656, "RAIL_TRIP": 15932.324}, "Distance": {"BIKE_TRIP": 0.5672616775214687, "FOOT": 29.64345046134833, "PASSENGER_CAR": 361.1494577758959, "RAIL_TRIP": 82.98297728395815}, "Total_Count": 22, "Total_Duration": 80442.404, "Total_Distance": 474.34314719872384, "Total_Emission": 61.142349974200854}, "end_percents_count": {"BIKE_TRIP": 0.045454545454545456, "FOOT": 0.6818181818181818, "PASSENGER_CAR": 0.5, "RAIL_TRIP": 0.3181818181818182}, "end_percents_duration": {"BIKE_TRIP": 0.005103862883063515, "FOOT": 0.45056904316285734, "PASSENGER_CAR": 0.3462683188831602, "RAIL_TRIP": 0.1980587750709191}, "end_percents_distance": {"BIKE_TRIP": 0.0011958888430695872, "FOOT": 0.06249368339441688, "PASSENGER_CAR": 0.7613675034807533, "RAIL_TRIP": 0.17494292428176014}}