{"start": {"Count": {"BUS": 2, "FOOT": 6, "HIGH_SPEED_TRAIN": 1, "PASSENGER_CAR": 1, "RAIL_TRIP": 7}, "Duration": {"BUS": 749.659, "FOOT": 7140.4349999999995, "HIGH_SPEED_TRAIN": 4085.01, "PASSENGER_CAR": 386.003, "RAIL_TRIP": 5377.705}, "Distance": {"BUS": 3.503723224858735, "FOOT": 9.675635735985784, "HIGH_SPEED_TRAIN": 251.16535427884872, "PASSENGER_CAR": 5.656392047001612, "RAIL_TRIP": 21.511883744325562}, "Total_Count": 17, "Total_Duration": 17738.812, "Total_Distance": 291.5129890310204}, "start_percents_count": {"BUS": 0.11764705882352941, "FOOT": 0.35294117647058826, "HIGH_SPEED_TRAIN": 0.058823529411764705, "PASSENGER_CAR": 0.058823529411764705, "RAIL_TRIP": 0.4117647058823529}, "start_percents_duration": {"BUS": 0.04226094735092744, "FOOT": 0.4025317478983372, "HIGH_SPEED_TRAIN": 0.23028656034011746, "PASSENGER_CAR": 0.021760363659077055, "RAIL_TRIP": 0.3031603807515407}, "start_percents_distance": {"BUS": 0.01201909814209307, "FOOT": 0.033191096452159057, "HIGH_SPEED_TRAIN": 0.8615923260013699, "PASSENGER_CAR": 0.019403567799168308, "RAIL_TRIP": 0.07379391160520962}, "end": {"Count": {"FOOT": 11, "PASSENGER_CAR": 7, "RAIL_TRIP": 5}, "Duration": {"FOOT": 266755.664, "PASSENGER_CAR": 5194.504, "RAIL_TRIP": 3938.0150000000003}, "Distance": {"FOOT": 34.378210294902814, "PASSENGER_CAR": 30.274840830395462, "RAIL_TRIP": 20.974768423020887}, "Total_Count": 23, "Total_Duration": 275888.183, "Total_Distance": 85.62781954831915}, "end_percents_count": {"FOOT": 0.4782608695652174, "PASSENGER_CAR": 0.30434782608695654, "RAIL_TRIP": 0.21739130434782608}, "end_percents_duration": {"FOOT": 0.9668977521954971, "PASSENGER_CAR": 0.018828294650082927, "RAIL_TRIP": 0.014273953154419811}, "end_percents_distance": {"FOOT": 0.40148412602639544, "PASSENGER_CAR": 0.3535631409288846, "RAIL_TRIP": 0.2449527330447201}}