{"start": {"Count": {"BUS": 2, "FOOT": 5, "MOTORCYCLE": 1, "PASSENGER_CAR": 8, "RAIL_TRIP": 3}, "Duration": {"BUS": 984.6, "FOOT": 5168.784, "MOTORCYCLE": 480.929, "PASSENGER_CAR": 8976.707, "RAIL_TRIP": 3064.1279999999997}, "Distance": {"BUS": 7.330504698560294, "FOOT": 8.956464831151784, "MOTORCYCLE": 5.437509183811126, "PASSENGER_CAR": 95.87374849611565, "RAIL_TRIP": 15.56942803593437}, "Total_Count": 14, "Total_Duration": 18675.148, "Total_Distance": 133.16765524557323, "Total_Emission": 24.270423847296755}, "start_percents_count": {"BUS": 0.14285714285714285, "FOOT": 0.35714285714285715, "MOTORCYCLE": 0.07142857142857142, "PASSENGER_CAR": 0.5714285714285714, "RAIL_TRIP": 0.21428571428571427}, "start_percents_duration": {"BUS": 0.05272247373889621, "FOOT": 0.27677338889094744, "MOTORCYCLE": 0.02575235280598579, "PASSENGER_CAR": 0.4806766190018949, "RAIL_TRIP": 0.16407516556227558}, "start_percents_distance": {"BUS": 0.05504718608315345, "FOOT": 0.06725705889042839, "MOTORCYCLE": 0.040832056206019894, "PASSENGER_CAR": 0.7199477104204904, "RAIL_TRIP": 0.11691598839990787}, "end": {"Count": {"FOOT": 7, "MOTORCYCLE": 1, "PASSENGER_CAR": 7, "RAIL_TRIP": 4}, "Duration": {"FOOT": 9445.624, "MOTORCYCLE": 480.929, "PASSENGER_CAR": 5583.754, "RAIL_TRIP": 7775.779}, "Distance": {"FOOT": 14.978042488755039, "MOTORCYCLE": 5.437509183811126, "PASSENGER_CAR": 69.67019382315121, "RAIL_TRIP": 18.881884295006564}, "Total_Count": 14, "Total_Duration": 23286.086000000003, "Total_Distance": 108.96762979072393, "Total_Emission": 15.00735862912466}, "end_percents_count": {"FOOT": 0.5, "MOTORCYCLE": 0.07142857142857142, "PASSENGER_CAR": 0.5, "RAIL_TRIP": 0.2857142857142857}, "end_percents_duration": {"FOOT": 0.4056338192687255, "MOTORCYCLE": 0.020653062949265062, "PASSENGER_CAR": 0.23978928876239652, "RAIL_TRIP": 0.3339238290196128}, "end_percents_distance": {"FOOT": 0.13745405417664752, "MOTORCYCLE": 0.049900224445131536, "PASSENGER_CAR": 0.639365965442721, "RAIL_TRIP": 0.17327975593550002}}