{"start": {"Count": {"BIKE_TRIP": 4, "BUS": 1, "FOOT": 29, "PASSENGER_CAR": 10, "RAIL_TRIP": 17, "SCOOTER": 2}, "Duration": {"BIKE_TRIP": 4513.101, "BUS": 625.22, "FOOT": 54266.879, "PASSENGER_CAR": 8746.16, "RAIL_TRIP": 22513.342, "SCOOTER": 598.418}, "Distance": {"BIKE_TRIP": 14.430094609909636, "BUS": 3.298735821809488, "FOOT": 99.27440292441766, "PASSENGER_CAR": 59.95169257752652, "RAIL_TRIP": 125.09496757163045, "SCOOTER": 3.963823896340811}, "Total_Count": 48, "Total_Duration": 91263.11999999998, "Total_Distance": 306.0137174016345, "Total_Emission": 12.834835726565878}, "start_percents_count": {"BIKE_TRIP": 0.08333333333333333, "BUS": 0.020833333333333332, "FOOT": 0.6041666666666666, "PASSENGER_CAR": 0.20833333333333334, "RAIL_TRIP": 0.3541666666666667, "SCOOTER": 0.041666666666666664}, "start_percents_duration": {"BIKE_TRIP": 0.04945153091413049, "BUS": 0.006850741022222341, "FOOT": 0.5946200283312691, "PASSENGER_CAR": 0.09583454959681416, "RAIL_TRIP": 0.2466860874359764, "SCOOTER": 0.0065570626995877426}, "start_percents_distance": {"BIKE_TRIP": 0.047155058055683624, "BUS": 0.010779699190673826, "FOOT": 0.32441161058843243, "PASSENGER_CAR": 0.19591178162396425, "RAIL_TRIP": 0.4087887583400282, "SCOOTER": 0.012953092201217903}, "end": {"Count": {"BUS": 2, "FOOT": 30, "HIGH_SPEED_TRAIN": 1, "PASSENGER_CAR": 9, "RAIL_TRIP": 21, "SCOOTER": 1}, "Duration": {"BUS": 520.848, "FOOT": 50936.22, "HIGH_SPEED_TRAIN": 1758.935, "PASSENGER_CAR": 8101.86, "RAIL_TRIP": 25125.872, "SCOOTER": 234.924}, "Distance": {"BUS": 4.874674625764135, "FOOT": 77.56489256256995, "HIGH_SPEED_TRAIN": 118.78650814384147, "PASSENGER_CAR": 95.6846640821167, "RAIL_TRIP": 241.2815829297524, "SCOOTER": 1.304986532217392}, "Total_Count": 45, "Total_Duration": 86678.659, "Total_Distance": 539.497308876262, "Total_Emission": 22.694486003953045}, "end_percents_count": {"BUS": 0.044444444444444446, "FOOT": 0.6666666666666666, "HIGH_SPEED_TRAIN": 0.022222222222222223, "PASSENGER_CAR": 0.2, "RAIL_TRIP": 0.4666666666666667, "SCOOTER": 0.022222222222222223}, "end_percents_duration": {"BUS": 0.006008953138049816, "FOOT": 0.5876443012345173, "HIGH_SPEED_TRAIN": 0.02029259589722079, "PASSENGER_CAR": 0.09347006625933149, "RAIL_TRIP": 0.2898737969631025, "SCOOTER": 0.0027102865077781144}, "end_percents_distance": {"BUS": 0.009035586546145648, "FOOT": 0.1437725291422354, "HIGH_SPEED_TRAIN": 0.22017998271625505, "PASSENGER_CAR": 0.17735892748273696, "RAIL_TRIP": 0.44723408061539055, "SCOOTER": 0.002418893497236519}}