{"start": {"Count": {"BIKE_TRIP": 2, "BUS": 1, "FOOT": 15, "PASSENGER_CAR": 6, "RAIL_TRIP": 8, "UNKNOWN": 1}, "Duration": {"BIKE_TRIP": 3127.103, "BUS": 1613.286, "FOOT": 43782.662000000004, "PASSENGER_CAR": 30931.323, "RAIL_TRIP": 8518.16, "UNKNOWN": 460.149}, "Distance": {"BIKE_TRIP": 14.193058456030885, "BUS": 17.04213968734319, "FOOT": 29.250085945764063, "PASSENGER_CAR": 600.5062969596565, "RAIL_TRIP": 17.840496221251023, "UNKNOWN": 11.600904673695608}, "Total_Count": 24, "Total_Duration": 88432.683, "Total_Distance": 690.4329819437412, "Total_Emission": 92.52747564756213}, "start_percents_count": {"BIKE_TRIP": 0.08333333333333333, "BUS": 0.041666666666666664, "FOOT": 0.625, "PASSENGER_CAR": 0.25, "RAIL_TRIP": 0.3333333333333333, "UNKNOWN": 0.041666666666666664}, "start_percents_duration": {"BIKE_TRIP": 0.035361394610180494, "BUS": 0.01824309684237444, "FOOT": 0.4950959364197963, "PASSENGER_CAR": 0.3497725269739922, "RAIL_TRIP": 0.09632366350345832, "UNKNOWN": 0.005203381650198264}, "start_percents_distance": {"BIKE_TRIP": 0.02055675036854972, "BUS": 0.0246832641733964, "FOOT": 0.042364844540621116, "PASSENGER_CAR": 0.869753202213894, "RAIL_TRIP": 0.0258395770303811, "UNKNOWN": 0.016802361673157858}, "end": {"Count": {"BIKE_TRIP": 2, "FOOT": 20, "HIGH_SPEED_TRAIN": 1, "MOTORCYCLE": 1, "PASSENGER_CAR": 11, "RAIL_TRIP": 6}, "Duration": {"BIKE_TRIP": 3930.741, "FOOT": 36924.413, "HIGH_SPEED_TRAIN": 678.765, "MOTORCYCLE": 1262.82, "PASSENGER_CAR": 16009.964, "RAIL_TRIP": 13899.444}, "Distance": {"BIKE_TRIP": 19.139677290045626, "FOOT": 35.710981612649725, "HIGH_SPEED_TRAIN": 4.202727928879924, "MOTORCYCLE": 16.300766091472894, "PASSENGER_CAR": 187.11600335728394, "RAIL_TRIP": 69.9899013534489}, "Total_Count": 25, "Total_Duration": 72706.147, "Total_Distance": 332.460057633781, "Total_Emission": 32.47849428754248}, "end_percents_count": {"BIKE_TRIP": 0.08, "FOOT": 0.8, "HIGH_SPEED_TRAIN": 0.04, "MOTORCYCLE": 0.04, "PASSENGER_CAR": 0.44, "RAIL_TRIP": 0.24}, "end_percents_duration": {"BIKE_TRIP": 0.054063393016824286, "FOOT": 0.5078582007653356, "HIGH_SPEED_TRAIN": 0.009335730581349608, "MOTORCYCLE": 0.017368820273201933, "PASSENGER_CAR": 0.2202009687021374, "RAIL_TRIP": 0.19117288666115123}, "end_percents_distance": {"BIKE_TRIP": 0.05756985493616439, "FOOT": 0.10741435186775701, "HIGH_SPEED_TRAIN": 0.012641301811688337, "MOTORCYCLE": 0.049030750362886864, "PASSENGER_CAR": 0.5628225077293353, "RAIL_TRIP": 0.2105212332921682}}