{"start": {"Count": {"BUS": 1, "FOOT": 18, "MOTORCYCLE": 1, "PASSENGER_CAR": 14, "RAIL_TRIP": 27, "UNKNOWN": 1}, "Duration": {"BUS": 661.042, "FOOT": 38809.431, "MOTORCYCLE": 2803.999, "PASSENGER_CAR": 26803.119, "RAIL_TRIP": 28138.047, "UNKNOWN": 2143.791}, "Distance": {"BUS": 2.365265001449469, "FOOT": 25.523873123456642, "MOTORCYCLE": 48.244695183234434, "PASSENGER_CAR": 499.16014495410565, "RAIL_TRIP": 202.4513572979407, "UNKNOWN": 82.7159303959535}, "Total_Count": 42, "Total_Duration": 99359.429, "Total_Distance": 860.4612659561404, "Total_Emission": 117.41595591046683}, "start_percents_count": {"BUS": 0.023809523809523808, "FOOT": 0.42857142857142855, "MOTORCYCLE": 0.023809523809523808, "PASSENGER_CAR": 0.3333333333333333, "RAIL_TRIP": 0.6428571428571429, "UNKNOWN": 0.023809523809523808}, "start_percents_duration": {"BUS": 0.006653037428385382, "FOOT": 0.39059635698993395, "MOTORCYCLE": 0.028220764030356893, "PASSENGER_CAR": 0.2697591891354367, "RAIL_TRIP": 0.2831945320458715, "UNKNOWN": 0.02157612037001541}, "start_percents_distance": {"BUS": 0.0027488337883765143, "FOOT": 0.029663012308978994, "MOTORCYCLE": 0.05606841015629583, "PASSENGER_CAR": 0.5801076291324296, "RAIL_TRIP": 0.23528235994792596, "UNKNOWN": 0.09612975466599297}, "end": {"Count": {"BIKE_TRIP": 1, "FOOT": 15, "HIGH_SPEED_TRAIN": 1, "MOTORCYCLE": 2, "PASSENGER_CAR": 12, "RAIL_TRIP": 17, "UNKNOWN": 1}, "Duration": {"BIKE_TRIP": 154.526, "FOOT": 16746.563, "HIGH_SPEED_TRAIN": 5226.287, "MOTORCYCLE": 4020.1349999999998, "PASSENGER_CAR": 20467.992000000002, "RAIL_TRIP": 31285.847, "UNKNOWN": 169.92}, "Distance": {"BIKE_TRIP": 1.2847276917516148, "FOOT": 18.415265886327095, "HIGH_SPEED_TRAIN": 420.3978313030123, "MOTORCYCLE": 113.19423738099445, "PASSENGER_CAR": 365.2130789702546, "RAIL_TRIP": 303.4085618280273, "UNKNOWN": 3.814947500648495}, "Total_Count": 30, "Total_Duration": 78071.27, "Total_Distance": 1225.728650561016, "Total_Emission": 90.4392021712124}, "end_percents_count": {"BIKE_TRIP": 0.03333333333333333, "FOOT": 0.5, "HIGH_SPEED_TRAIN": 0.03333333333333333, "MOTORCYCLE": 0.06666666666666667, "PASSENGER_CAR": 0.4, "RAIL_TRIP": 0.5666666666666667, "UNKNOWN": 0.03333333333333333}, "end_percents_duration": {"BIKE_TRIP": 0.0019792940476054764, "FOOT": 0.21450352991567828, "HIGH_SPEED_TRAIN": 0.06694251291159987, "MOTORCYCLE": 0.051493142099520085, "PASSENGER_CAR": 0.26217060385978097, "RAIL_TRIP": 0.4007344443096673, "UNKNOWN": 0.0021764728561479785}, "end_percents_distance": {"BIKE_TRIP": 0.001048133851781628, "FOOT": 0.015023933623398971, "HIGH_SPEED_TRAIN": 0.3429778940963779, "MOTORCYCLE": 0.09234852863167183, "PASSENGER_CAR": 0.2979558965217111, "RAIL_TRIP": 0.24753322172012315, "UNKNOWN": 0.0031123915549354205}}