{"start": {"Count": {"BIKE_TRIP": 2, "FOOT": 15, "PASSENGER_CAR": 11, "RAIL_TRIP": 10}, "Duration": {"BIKE_TRIP": 1638.007, "FOOT": 18335.728, "PASSENGER_CAR": 13713.976999999999, "RAIL_TRIP": 28790.967}, "Distance": {"BIKE_TRIP": 9.850930537439442, "FOOT": 29.745310004607674, "PASSENGER_CAR": 107.81979875688548, "RAIL_TRIP": 25.446758261640674}, "Total_Count": 27, "Total_Duration": 62478.67900000001, "Total_Distance": 172.8627975605733, "Total_Emission": 24.76777461679165}, "start_percents_count": {"BIKE_TRIP": 0.07407407407407407, "FOOT": 0.5555555555555556, "PASSENGER_CAR": 0.4074074074074074, "RAIL_TRIP": 0.37037037037037035}, "start_percents_duration": {"BIKE_TRIP": 0.026217055581472838, "FOOT": 0.2934717617829275, "PASSENGER_CAR": 0.21949851084399521, "RAIL_TRIP": 0.46081267179160423}, "start_percents_distance": {"BIKE_TRIP": 0.05698699012427791, "FOOT": 0.17207467670529017, "PASSENGER_CAR": 0.6237304977035563, "RAIL_TRIP": 0.14720783546687544}, "end": {"Count": {"BIKE_TRIP": 2, "FOOT": 18, "PASSENGER_CAR": 10, "RAIL_TRIP": 11}, "Duration": {"BIKE_TRIP": 1638.007, "FOOT": 29770.148, "PASSENGER_CAR": 10043.183, "RAIL_TRIP": 27212.25}, "Distance": {"BIKE_TRIP": 9.850930537439442, "FOOT": 44.5365496827167, "PASSENGER_CAR": 57.5953344099985, "RAIL_TRIP": 27.803807675332028}, "Total_Count": 28, "Total_Duration": 68663.588, "Total_Distance": 139.78662230548667, "Total_Emission": 16.290131656337206}, "end_percents_count": {"BIKE_TRIP": 0.07142857142857142, "FOOT": 0.6428571428571429, "PASSENGER_CAR": 0.35714285714285715, "RAIL_TRIP": 0.39285714285714285}, "end_percents_duration": {"BIKE_TRIP": 0.02385554043578381, "FOOT": 0.43356528353863477, "PASSENGER_CAR": 0.14626650445356862, "RAIL_TRIP": 0.3963126715720128}, "end_percents_distance": {"BIKE_TRIP": 0.07047119656351257, "FOOT": 0.3186038044855786, "PASSENGER_CAR": 0.4120232212502488, "RAIL_TRIP": 0.19890177770065998}}