{"start": {"Count": {"BIKE_TRIP": 3, "FOOT": 29, "PASSENGER_CAR": 15, "RAIL_TRIP": 28}, "Duration": {"BIKE_TRIP": 2933.239, "FOOT": 162581.397, "PASSENGER_CAR": 36047.8, "RAIL_TRIP": 47467.641}, "Distance": {"BIKE_TRIP": 12.037307194516389, "FOOT": 177.62657473445864, "PASSENGER_CAR": 254.48316805039897, "RAIL_TRIP": 252.49348951829245}, "Total_Count": 55, "Total_Duration": 249030.07700000002, "Total_Distance": 696.6405394976664, "Total_Emission": 60.8067938563165}, "start_percents_count": {"BIKE_TRIP": 0.05454545454545454, "FOOT": 0.5272727272727272, "PASSENGER_CAR": 0.2727272727272727, "RAIL_TRIP": 0.509090909090909}, "start_percents_duration": {"BIKE_TRIP": 0.011778653547940717, "FOOT": 0.6528584778135051, "PASSENGER_CAR": 0.14475279626564946, "RAIL_TRIP": 0.1906100723729046}, "start_percents_distance": {"BIKE_TRIP": 0.0172790793989627, "FOOT": 0.25497593760842807, "PASSENGER_CAR": 0.3653005439992076, "RAIL_TRIP": 0.3624444389934018}, "end": {"Count": {"BIKE_TRIP": 4, "BUS": 4, "FOOT": 36, "MOTORCYCLE": 1, "PASSENGER_CAR": 24, "PLANE": 1, "RAIL_TRIP": 38, "UNKNOWN": 1}, "Duration": {"BIKE_TRIP": 5296.519, "BUS": 2490.564, "FOOT": 67206.615, "MOTORCYCLE": 617.967, "PASSENGER_CAR": 27274.838, "PLANE": 43189.941, "RAIL_TRIP": 73634.145, "UNKNOWN": 4446.586}, "Distance": {"BIKE_TRIP": 28.175496859865888, "BUS": 26.501032427218718, "FOOT": 88.37980111115006, "MOTORCYCLE": 1.368729326503879, "PASSENGER_CAR": 262.167438076017, "PLANE": 1470.9969439172412, "RAIL_TRIP": 556.7079530719775, "UNKNOWN": 235.1732537894259}, "Total_Count": 65, "Total_Duration": 224157.175, "Total_Distance": 2669.4706485794004, "Total_Emission": 218.8811163024314}, "end_percents_count": {"BIKE_TRIP": 0.06153846153846154, "BUS": 0.06153846153846154, "FOOT": 0.5538461538461539, "MOTORCYCLE": 0.015384615384615385, "PASSENGER_CAR": 0.36923076923076925, "PLANE": 0.015384615384615385, "RAIL_TRIP": 0.5846153846153846, "UNKNOWN": 0.015384615384615385}, "end_percents_duration": {"BIKE_TRIP": 0.023628594534170055, "BUS": 0.011110793129865239, "FOOT": 0.2998191559114715, "MOTORCYCLE": 0.0027568468419536425, "PASSENGER_CAR": 0.12167729183774734, "PLANE": 0.1926770401170518, "RAIL_TRIP": 0.3284933663176296, "UNKNOWN": 0.019836911310110866}, "end_percents_distance": {"BIKE_TRIP": 0.010554713113200892, "BUS": 0.009927448515428199, "FOOT": 0.03310761298618613, "MOTORCYCLE": 0.0005127343607363764, "PASSENGER_CAR": 0.09820952263158743, "PLANE": 0.5510444344836887, "RAIL_TRIP": 0.20854619748984246, "UNKNOWN": 0.08809733641932978}}