{"start": {"Count": {"BUS": 1, "FOOT": 10, "PASSENGER_CAR": 4, "RAIL_TRIP": 3}, "Duration": {"BUS": 285.399, "FOOT": 9779.578, "PASSENGER_CAR": 8779.192, "RAIL_TRIP": 4436.385}, "Distance": {"BUS": 5.316222688347955, "FOOT": 16.253906278357178, "PASSENGER_CAR": 60.35761151839001, "RAIL_TRIP": 42.97238415063112}, "Total_Count": 12, "Total_Duration": 23280.554000000004, "Total_Distance": 124.90012463572626, "Total_Emission": 15.4706782460316}, "start_percents_count": {"BUS": 0.08333333333333333, "FOOT": 0.8333333333333334, "PASSENGER_CAR": 0.3333333333333333, "RAIL_TRIP": 0.25}, "start_percents_duration": {"BUS": 0.012259115483248378, "FOOT": 0.4200749690063217, "PASSENGER_CAR": 0.37710408437874793, "RAIL_TRIP": 0.19056183113168182}, "start_percents_distance": {"BUS": 0.0425637900991118, "FOOT": 0.13013522865379057, "PASSENGER_CAR": 0.4832470079147175, "RAIL_TRIP": 0.3440539733323802}, "end": {"Count": {"BIKE_TRIP": 1, "FOOT": 12, "PASSENGER_CAR": 5, "RAIL_TRIP": 4}, "Duration": {"BIKE_TRIP": 540.828, "FOOT": 18581.883, "PASSENGER_CAR": 9665.427, "RAIL_TRIP": 7064.793}, "Distance": {"BIKE_TRIP": 0.954331192799996, "FOOT": 21.128214875901435, "PASSENGER_CAR": 53.48803454054216, "RAIL_TRIP": 48.746409712813865}, "Total_Count": 14, "Total_Duration": 35852.931000000004, "Total_Distance": 124.31699032205746, "Total_Emission": 12.436033618449049}, "end_percents_count": {"BIKE_TRIP": 0.07142857142857142, "FOOT": 0.8571428571428571, "PASSENGER_CAR": 0.35714285714285715, "RAIL_TRIP": 0.2857142857142857}, "end_percents_duration": {"BIKE_TRIP": 0.015084624462083725, "FOOT": 0.5182807229902626, "PASSENGER_CAR": 0.26958540711776113, "RAIL_TRIP": 0.19704924542989244}, "end_percents_distance": {"BIKE_TRIP": 0.007676595052113885, "FOOT": 0.16995436280404122, "PASSENGER_CAR": 0.43025522418114576, "RAIL_TRIP": 0.39211381796269906}}