{"start": {"Count": {"BUS": 1, "FOOT": 24, "PASSENGER_CAR": 10, "RAIL_TRIP": 12}, "Duration": {"BUS": 1863.0, "FOOT": 153944.194, "PASSENGER_CAR": 17766.795, "RAIL_TRIP": 8247.836}, "Distance": {"BUS": 10.6455198571818, "FOOT": 98.60078927793944, "PASSENGER_CAR": 130.39339375432593, "RAIL_TRIP": 41.33829580802972}, "Total_Count": 34, "Total_Duration": 181821.82500000004, "Total_Distance": 280.9779986974769, "Total_Emission": 27.955232853761682}, "start_percents_count": {"BUS": 0.029411764705882353, "FOOT": 0.7058823529411765, "PASSENGER_CAR": 0.29411764705882354, "RAIL_TRIP": 0.35294117647058826}, "start_percents_duration": {"BUS": 0.01024629468987015, "FOOT": 0.8466761017276114, "PASSENGER_CAR": 0.09771541452738138, "RAIL_TRIP": 0.045362189055136795}, "start_percents_distance": {"BUS": 0.0378873787504039, "FOOT": 0.3509199643211241, "PASSENGER_CAR": 0.4640697647459499, "RAIL_TRIP": 0.14712289218252209}, "end": {"Count": {"BIKE_TRIP": 1, "BUS": 2, "FOOT": 37, "MOTORCYCLE": 1, "PASSENGER_CAR": 25, "RAIL_TRIP": 22}, "Duration": {"BIKE_TRIP": 595.366, "BUS": 2592.3940000000002, "FOOT": 85100.834, "MOTORCYCLE": 926.31, "PASSENGER_CAR": 194272.03300000002, "RAIL_TRIP": 27449.987999999998}, "Distance": {"BIKE_TRIP": 1.0190039564356672, "BUS": 31.531536271758338, "FOOT": 85.84684284596948, "MOTORCYCLE": 7.604833774233303, "PASSENGER_CAR": 341.4159970586479, "RAIL_TRIP": 213.20209670597404}, "Total_Count": 55, "Total_Duration": 310936.92500000005, "Total_Distance": 680.6203106130188, "Total_Emission": 76.61381648821772}, "end_percents_count": {"BIKE_TRIP": 0.01818181818181818, "BUS": 0.03636363636363636, "FOOT": 0.6727272727272727, "MOTORCYCLE": 0.01818181818181818, "PASSENGER_CAR": 0.45454545454545453, "RAIL_TRIP": 0.4}, "end_percents_duration": {"BIKE_TRIP": 0.0019147484654644985, "BUS": 0.008337362955525465, "FOOT": 0.2736916305453268, "MOTORCYCLE": 0.002979092946262332, "PASSENGER_CAR": 0.62479563339092, "RAIL_TRIP": 0.0882815316965008}, "end_percents_distance": {"BIKE_TRIP": 0.001497169479879133, "BUS": 0.04632764520846964, "FOOT": 0.12613029835775727, "MOTORCYCLE": 0.011173386476497899, "PASSENGER_CAR": 0.5016247557336961, "RAIL_TRIP": 0.3132467447436999}}