{"start": {"Count": {"BIKE_TRIP": 5, "FOOT": 88, "MOTORCYCLE": 2, "PASSENGER_CAR": 42, "RAIL_TRIP": 42, "UNKNOWN": 2}, "Duration": {"BIKE_TRIP": 38117.407, "FOOT": 171248.11, "MOTORCYCLE": 777.269, "PASSENGER_CAR": 44492.919, "RAIL_TRIP": 60466.124, "UNKNOWN": 736.4960000000001}, "Distance": {"BIKE_TRIP": 23.369102705167755, "FOOT": 196.96201948496503, "MOTORCYCLE": 7.338671964133422, "PASSENGER_CAR": 536.4840107719117, "RAIL_TRIP": 412.1862158214661, "UNKNOWN": 68.75712508866285}, "Total_Count": 125, "Total_Duration": 315838.32499999995, "Total_Distance": 1245.097145836307, "Total_Emission": 100.33803407983201}, "start_percents_count": {"BIKE_TRIP": 0.04, "FOOT": 0.704, "MOTORCYCLE": 0.016, "PASSENGER_CAR": 0.336, "RAIL_TRIP": 0.336, "UNKNOWN": 0.016}, "start_percents_duration": {"BIKE_TRIP": 0.12068645247532897, "FOOT": 0.5422018053065599, "MOTORCYCLE": 0.0024609711313533598, "PASSENGER_CAR": 0.1408724511187805, "RAIL_TRIP": 0.19144644336623812, "UNKNOWN": 0.0023318766017391976}, "start_percents_distance": {"BIKE_TRIP": 0.018768899104231095, "FOOT": 0.15819008190936745, "MOTORCYCLE": 0.00589405572783976, "PASSENGER_CAR": 0.4308772311991496, "RAIL_TRIP": 0.3310474344912331, "UNKNOWN": 0.05522229756817895}, "end": {"Count": {"BIKE_TRIP": 11, "BUS": 4, "FOOT": 116, "PASSENGER_CAR": 57, "RAIL_TRIP": 82, "UNKNOWN": 2}, "Duration": {"BIKE_TRIP": 12126.328, "BUS": 36560.947, "FOOT": 250423.297, "PASSENGER_CAR": 102592.861, "RAIL_TRIP": 135185.6, "UNKNOWN": 736.4960000000001}, "Distance": {"BIKE_TRIP": 62.83756931149019, "BUS": 43.682513838438766, "FOOT": 333.8866765644171, "PASSENGER_CAR": 816.9912899920749, "RAIL_TRIP": 940.0766488760381, "UNKNOWN": 68.75712508866285}, "Total_Count": 159, "Total_Duration": 537625.529, "Total_Distance": 2266.2318236711217, "Total_Emission": 168.3933606659455}, "end_percents_count": {"BIKE_TRIP": 0.06918238993710692, "BUS": 0.025157232704402517, "FOOT": 0.7295597484276729, "PASSENGER_CAR": 0.3584905660377358, "RAIL_TRIP": 0.5157232704402516, "UNKNOWN": 0.012578616352201259}, "end_percents_duration": {"BIKE_TRIP": 0.02255534260539179, "BUS": 0.06800448458614769, "FOOT": 0.46579502551858915, "PASSENGER_CAR": 0.19082587315157054, "RAIL_TRIP": 0.2514493689528646, "UNKNOWN": 0.0013699051854362371}, "end_percents_distance": {"BIKE_TRIP": 0.027727776415079262, "BUS": 0.019275395121614896, "FOOT": 0.14733120993047671, "PASSENGER_CAR": 0.36050649428645465, "RAIL_TRIP": 0.4148192780000707, "UNKNOWN": 0.030339846246303953}}