{"start": {"Count": {"BIKE_TRIP": 1, "FOOT": 6, "PASSENGER_CAR": 2, "RAIL_TRIP": 3}, "Duration": {"BIKE_TRIP": 1416.357, "FOOT": 4703.337, "PASSENGER_CAR": 2421.624, "RAIL_TRIP": 4862.662}, "Distance": {"BIKE_TRIP": 3.647510513465747, "FOOT": 8.307670962005139, "PASSENGER_CAR": 26.611597700293885, "RAIL_TRIP": 23.896818683612096}, "Total_Count": 10, "Total_Duration": 13403.980000000001, "Total_Distance": 62.46359785937686, "Total_Emission": 6.9983853439983115}, "start_percents_count": {"BIKE_TRIP": 0.1, "FOOT": 0.6, "PASSENGER_CAR": 0.2, "RAIL_TRIP": 0.3}, "start_percents_duration": {"BIKE_TRIP": 0.10566689893598766, "FOOT": 0.3508910786199323, "PASSENGER_CAR": 0.18066454888771838, "RAIL_TRIP": 0.3627774735563616}, "start_percents_distance": {"BIKE_TRIP": 0.058394178985291874, "FOOT": 0.13300019926338608, "PASSENGER_CAR": 0.42603369982312067, "RAIL_TRIP": 0.38257192192820144}, "end": {"Count": {"BIKE_TRIP": 2, "FOOT": 8, "PASSENGER_CAR": 3, "RAIL_TRIP": 2}, "Duration": {"BIKE_TRIP": 4423.11, "FOOT": 16887.434, "PASSENGER_CAR": 4653.151, "RAIL_TRIP": 3014.648}, "Distance": {"BIKE_TRIP": 7.540764799670823, "FOOT": 10.96360614282771, "PASSENGER_CAR": 48.303922321792, "RAIL_TRIP": 10.27101941387491}, "Total_Count": 11, "Total_Duration": 28978.343, "Total_Distance": 77.07931267816544, "Total_Emission": 11.946580487127825}, "end_percents_count": {"BIKE_TRIP": 0.18181818181818182, "FOOT": 0.7272727272727273, "PASSENGER_CAR": 0.2727272727272727, "RAIL_TRIP": 0.18181818181818182}, "end_percents_duration": {"BIKE_TRIP": 0.15263502126398323, "FOOT": 0.5827605118760586, "PASSENGER_CAR": 0.16057339786474334, "RAIL_TRIP": 0.1040310689952148}, "end_percents_distance": {"BIKE_TRIP": 0.09783124080460211, "FOOT": 0.1422379852893189, "PASSENGER_CAR": 0.6266781662088594, "RAIL_TRIP": 0.1332526076972197}}