{"start": {"Count": {"BIKE_TRIP": 1, "FOOT": 23, "PASSENGER_CAR": 9, "RAIL_TRIP": 7}, "Duration": {"BIKE_TRIP": 655.001, "FOOT": 19346.255, "PASSENGER_CAR": 16195.269, "RAIL_TRIP": 3964.685}, "Distance": {"BIKE_TRIP": 6.440230207306586, "FOOT": 22.706252043224012, "PASSENGER_CAR": 97.0462646424037, "RAIL_TRIP": 22.06615654927297}, "Total_Count": 28, "Total_Duration": 40161.21, "Total_Distance": 148.25890344220724, "Total_Emission": 16.51430784606023}, "start_percents_count": {"BIKE_TRIP": 0.03571428571428571, "FOOT": 0.8214285714285714, "PASSENGER_CAR": 0.32142857142857145, "RAIL_TRIP": 0.25}, "start_percents_duration": {"BIKE_TRIP": 0.01630929446597849, "FOOT": 0.48171494334956544, "PASSENGER_CAR": 0.4032565004889046, "RAIL_TRIP": 0.09871926169555151}, "start_percents_distance": {"BIKE_TRIP": 0.04343907892059279, "FOOT": 0.15315270460013303, "PASSENGER_CAR": 0.6545729287700639, "RAIL_TRIP": 0.14883528770921048}, "end": {"Count": {"BIKE_TRIP": 1, "FOOT": 29, "PASSENGER_CAR": 9, "RAIL_TRIP": 4}, "Duration": {"BIKE_TRIP": 939.445, "FOOT": 39563.197, "PASSENGER_CAR": 22464.739, "RAIL_TRIP": 1141.3490000000002}, "Distance": {"BIKE_TRIP": 8.407538897601567, "FOOT": 33.123872892653644, "PASSENGER_CAR": 146.73826762322037, "RAIL_TRIP": 2.7367079431274073}, "Total_Count": 33, "Total_Duration": 64108.729999999996, "Total_Distance": 191.006387356603, "Total_Emission": 25.612769390523695}, "end_percents_count": {"BIKE_TRIP": 0.030303030303030304, "FOOT": 0.8787878787878788, "PASSENGER_CAR": 0.2727272727272727, "RAIL_TRIP": 0.12121212121212122}, "end_percents_duration": {"BIKE_TRIP": 0.014653932467543814, "FOOT": 0.6171265130349642, "PASSENGER_CAR": 0.35041622256438404, "RAIL_TRIP": 0.017803331933108024}, "end_percents_distance": {"BIKE_TRIP": 0.04401705625636986, "FOOT": 0.17341761891350996, "PASSENGER_CAR": 0.7682374901382988, "RAIL_TRIP": 0.01432783469182137}}