{"start": {"Count": {"BIKE_TRIP": 2, "BUS": 2, "FOOT": 12, "PASSENGER_CAR": 6, "RAIL_TRIP": 19}, "Duration": {"BIKE_TRIP": 2247.666, "BUS": 4224.545, "FOOT": 11753.299, "PASSENGER_CAR": 6244.04, "RAIL_TRIP": 34229.267}, "Distance": {"BIKE_TRIP": 2.4587433030975, "BUS": 4.53944633857439, "FOOT": 27.73660380874609, "PASSENGER_CAR": 54.95121367020003, "RAIL_TRIP": 209.3869677022598}, "Total_Count": 41, "Total_Duration": 58698.816999999995, "Total_Distance": 299.07297482287777}, "start_percents_count": {"BIKE_TRIP": 0.04878048780487805, "BUS": 0.04878048780487805, "FOOT": 0.2926829268292683, "PASSENGER_CAR": 0.14634146341463414, "RAIL_TRIP": 0.4634146341463415}, "start_percents_duration": {"BIKE_TRIP": 0.03829150423934439, "BUS": 0.07196984906867886, "FOOT": 0.2002305940850563, "PASSENGER_CAR": 0.10637420512239626, "RAIL_TRIP": 0.5831338474845243}, "start_percents_distance": {"BIKE_TRIP": 0.008221215255419384, "BUS": 0.015178390295087078, "FOOT": 0.09274192636487047, "PASSENGER_CAR": 0.1837384795558482, "RAIL_TRIP": 0.700119988528775}, "end": {"Count": {"BIKE_TRIP": 1, "BUS": 2, "FOOT": 12, "PASSENGER_CAR": 4, "RAIL_TRIP": 13, "UNKNOWN": 2}, "Duration": {"BIKE_TRIP": 752.249, "BUS": 1777.011, "FOOT": 6108.85, "PASSENGER_CAR": 6915.452, "RAIL_TRIP": 10680.134, "UNKNOWN": 530.412}, "Distance": {"BIKE_TRIP": 0.4801328932871294, "BUS": 6.721719734860085, "FOOT": 15.287787394034943, "PASSENGER_CAR": 87.15158895542254, "RAIL_TRIP": 47.780534864122316, "UNKNOWN": 2.361947500781764}, "Total_Count": 34, "Total_Duration": 26764.108, "Total_Distance": 159.78371134250878}, "end_percents_count": {"BIKE_TRIP": 0.029411764705882353, "BUS": 0.058823529411764705, "FOOT": 0.35294117647058826, "PASSENGER_CAR": 0.11764705882352941, "RAIL_TRIP": 0.38235294117647056, "UNKNOWN": 0.058823529411764705}, "end_percents_duration": {"BIKE_TRIP": 0.028106634452379285, "BUS": 0.06639530075128974, "FOOT": 0.22824784595847544, "PASSENGER_CAR": 0.258385297204749, "RAIL_TRIP": 0.399046887719927, "UNKNOWN": 0.019818033913179548}, "end_percents_distance": {"BIKE_TRIP": 0.00300489260922177, "BUS": 0.04206761551840261, "FOOT": 0.09567800913864358, "PASSENGER_CAR": 0.5454347519103894, "RAIL_TRIP": 0.299032576366317, "UNKNOWN": 0.014782154457025637}}