{"start": {"Count": {"BIKE_TRIP": 4, "FOOT": 17, "PASSENGER_CAR": 7, "RAIL_TRIP": 8, "UNKNOWN": 1}, "Duration": {"BIKE_TRIP": 10002.903, "FOOT": 21436.199, "PASSENGER_CAR": 7250.418, "RAIL_TRIP": 8396.311, "UNKNOWN": 240.101}, "Distance": {"BIKE_TRIP": 39.078404567494964, "FOOT": 20.9695390387711, "PASSENGER_CAR": 39.44216168069337, "RAIL_TRIP": 53.39280606056416, "UNKNOWN": 12.742360253277743}, "Total_Count": 25, "Total_Duration": 47325.932, "Total_Distance": 165.62527160080134, "Total_Emission": 8.400197956683115}, "start_percents_count": {"BIKE_TRIP": 0.16, "FOOT": 0.68, "PASSENGER_CAR": 0.28, "RAIL_TRIP": 0.32, "UNKNOWN": 0.04}, "start_percents_duration": {"BIKE_TRIP": 0.21136198648977478, "FOOT": 0.452948269460388, "PASSENGER_CAR": 0.1532018006533923, "RAIL_TRIP": 0.17741459375802676, "UNKNOWN": 0.005073349638418109}, "start_percents_distance": {"BIKE_TRIP": 0.23594469726627088, "FOOT": 0.1266083299734172, "PASSENGER_CAR": 0.23814096302742327, "RAIL_TRIP": 0.32237113059204087, "UNKNOWN": 0.0769348791408478}, "end": {"Count": {"BIKE_TRIP": 1, "BUS": 1, "FOOT": 16, "PASSENGER_CAR": 8, "RAIL_TRIP": 8}, "Duration": {"BIKE_TRIP": 794.014, "BUS": 120.163, "FOOT": 26495.097, "PASSENGER_CAR": 6270.407, "RAIL_TRIP": 10523.676}, "Distance": {"BIKE_TRIP": 1.356578571860825, "BUS": 0.2893323430337043, "FOOT": 24.859463719706245, "PASSENGER_CAR": 70.58380303949781, "RAIL_TRIP": 59.11628427196129}, "Total_Count": 22, "Total_Duration": 44203.356999999996, "Total_Distance": 156.20546194605987, "Total_Emission": 8.473135906824727}, "end_percents_count": {"BIKE_TRIP": 0.045454545454545456, "BUS": 0.045454545454545456, "FOOT": 0.7272727272727273, "PASSENGER_CAR": 0.36363636363636365, "RAIL_TRIP": 0.36363636363636365}, "end_percents_duration": {"BIKE_TRIP": 0.01796275337187626, "BUS": 0.00271841344538606, "FOOT": 0.5993910598238049, "PASSENGER_CAR": 0.1418536379488101, "RAIL_TRIP": 0.23807413541012282}, "end_percents_distance": {"BIKE_TRIP": 0.008684578342908856, "BUS": 0.0018522549687386423, "FOOT": 0.15914593132659213, "PASSENGER_CAR": 0.45186514069444944, "RAIL_TRIP": 0.37845209466731095}}