{"start": {"Count": {"FOOT": 2, "PASSENGER_CAR": 10, "RAIL_TRIP": 5}, "Duration": {"FOOT": 11125.925, "PASSENGER_CAR": 15199.896, "RAIL_TRIP": 1663.8429999999998}, "Distance": {"FOOT": 20.155295422552435, "PASSENGER_CAR": 340.73854860591274, "RAIL_TRIP": 16.125300066152093}, "Total_Count": 13, "Total_Duration": 27989.663999999997, "Total_Distance": 377.0191440946172, "Total_Emission": 50.45139478508551}, "start_percents_count": {"FOOT": 0.15384615384615385, "PASSENGER_CAR": 0.7692307692307693, "RAIL_TRIP": 0.38461538461538464}, "start_percents_duration": {"FOOT": 0.3975011990140361, "PASSENGER_CAR": 0.543053893037087, "RAIL_TRIP": 0.05944490794887713}, "start_percents_distance": {"FOOT": 0.053459607391963725, "PASSENGER_CAR": 0.9037698852777634, "RAIL_TRIP": 0.04277050733027304}, "end": {"Count": {"FOOT": 1, "PASSENGER_CAR": 12}, "Duration": {"FOOT": 493.696, "PASSENGER_CAR": 12127.52}, "Distance": {"FOOT": 0.8424429151088894, "PASSENGER_CAR": 145.69640242764692}, "Total_Count": 12, "Total_Duration": 12621.216, "Total_Distance": 146.5388453427558, "Total_Emission": 28.547072489366418}, "end_percents_count": {"FOOT": 0.08333333333333333, "PASSENGER_CAR": 1.0}, "end_percents_duration": {"FOOT": 0.03911635772654552, "PASSENGER_CAR": 0.9608836422734545}, "end_percents_distance": {"FOOT": 0.0057489392190746905, "PASSENGER_CAR": 0.9942510607809254}}