{"start": {"Count": {"BIKE_TRIP": 6, "FOOT": 85, "PASSENGER_CAR": 68, "RAIL_TRIP": 36}, "Duration": {"BIKE_TRIP": 6708.29, "FOOT": 125245.737, "PASSENGER_CAR": 111664.315, "RAIL_TRIP": 35914.763}, "Distance": {"BIKE_TRIP": 28.87347605810955, "FOOT": 124.33327638637759, "PASSENGER_CAR": 1625.8696487243349, "RAIL_TRIP": 190.64425838940397}, "Total_Count": 147, "Total_Duration": 279533.105, "Total_Distance": 1969.7206595582259, "Total_Emission": 292.8788452368882}, "start_percents_count": {"BIKE_TRIP": 0.04081632653061224, "FOOT": 0.5782312925170068, "PASSENGER_CAR": 0.46258503401360546, "RAIL_TRIP": 0.24489795918367346}, "start_percents_duration": {"BIKE_TRIP": 0.023998195133274107, "FOOT": 0.4480533244890619, "PASSENGER_CAR": 0.39946722947180086, "RAIL_TRIP": 0.12848125090586318}, "start_percents_distance": {"BIKE_TRIP": 0.014658665388921376, "FOOT": 0.0631222888296574, "PASSENGER_CAR": 0.8254315863697085, "RAIL_TRIP": 0.09678745941171281}, "end": {"Count": {"BIKE_TRIP": 6, "BUS": 1, "FOOT": 108, "HIGH_SPEED_TRAIN": 1, "MOTORCYCLE": 4, "PASSENGER_CAR": 88, "RAIL_TRIP": 42, "UNKNOWN": 2}, "Duration": {"BIKE_TRIP": 9557.169, "BUS": 180.257, "FOOT": 170295.465, "HIGH_SPEED_TRAIN": 661.613, "MOTORCYCLE": 2850.183, "PASSENGER_CAR": 183632.22, "RAIL_TRIP": 58934.936, "UNKNOWN": 7811.439}, "Distance": {"BIKE_TRIP": 41.03817329861805, "BUS": 0.4135182656566964, "FOOT": 218.62351501896592, "HIGH_SPEED_TRAIN": 50.72510512468711, "MOTORCYCLE": 38.74734729015655, "PASSENGER_CAR": 2360.3133839376587, "RAIL_TRIP": 342.7928808269225, "UNKNOWN": 426.28660465702876}, "Total_Count": 168, "Total_Duration": 433923.282, "Total_Distance": 3478.940528419694, "Total_Emission": 440.9143652485627}, "end_percents_count": {"BIKE_TRIP": 0.03571428571428571, "BUS": 0.005952380952380952, "FOOT": 0.6428571428571429, "HIGH_SPEED_TRAIN": 0.005952380952380952, "MOTORCYCLE": 0.023809523809523808, "PASSENGER_CAR": 0.5238095238095238, "RAIL_TRIP": 0.25, "UNKNOWN": 0.011904761904761904}, "end_percents_duration": {"BIKE_TRIP": 0.02202502008177565, "BUS": 0.00041541214190945395, "FOOT": 0.39245523820498757, "HIGH_SPEED_TRAIN": 0.0015247234417811212, "MOTORCYCLE": 0.006568403029363149, "PASSENGER_CAR": 0.4231905214986828, "RAIL_TRIP": 0.13581879204167707, "UNKNOWN": 0.018001889559823157}, "end_percents_distance": {"BIKE_TRIP": 0.011796169829111625, "BUS": 0.00011886327526401745, "FOOT": 0.06284198112414284, "HIGH_SPEED_TRAIN": 0.014580618642460366, "MOTORCYCLE": 0.011137686020679835, "PASSENGER_CAR": 0.678457525978413, "RAIL_TRIP": 0.09853369956359555, "UNKNOWN": 0.12253345556633274}}