{"start": {"Count": {"FOOT": 5, "PASSENGER_CAR": 2, "RAIL_TRIP": 5}, "Duration": {"FOOT": 11222.464, "PASSENGER_CAR": 1289.316, "RAIL_TRIP": 5399.475}, "Distance": {"FOOT": 19.179560963696723, "PASSENGER_CAR": 9.144821899626791, "RAIL_TRIP": 39.589318933064554}, "Total_Count": 9, "Total_Duration": 17911.254999999997, "Total_Distance": 67.91370179638807, "Total_Emission": 2.225152826730015}, "start_percents_count": {"FOOT": 0.5555555555555556, "PASSENGER_CAR": 0.2222222222222222, "RAIL_TRIP": 0.5555555555555556}, "start_percents_duration": {"FOOT": 0.6265593337820271, "PASSENGER_CAR": 0.07198356564071028, "RAIL_TRIP": 0.30145710057726277}, "start_percents_distance": {"FOOT": 0.2824107721472601, "PASSENGER_CAR": 0.1346535626499033, "RAIL_TRIP": 0.5829356652028366}, "end": {"Count": {"FOOT": 4, "PASSENGER_CAR": 3, "RAIL_TRIP": 2}, "Duration": {"FOOT": 5690.352, "PASSENGER_CAR": 1669.8090000000002, "RAIL_TRIP": 1941.307}, "Distance": {"FOOT": 10.189117588701755, "PASSENGER_CAR": 10.468550613571793, "RAIL_TRIP": 12.572031846548438}, "Total_Count": 6, "Total_Duration": 9301.468, "Total_Distance": 33.22970004882199, "Total_Emission": 2.623096049431206}, "end_percents_count": {"FOOT": 0.6666666666666666, "PASSENGER_CAR": 0.5, "RAIL_TRIP": 0.3333333333333333}, "end_percents_duration": {"FOOT": 0.6117692390061439, "PASSENGER_CAR": 0.17952101754260727, "RAIL_TRIP": 0.20870974345124876}, "end_percents_distance": {"FOOT": 0.3066268300265011, "PASSENGER_CAR": 0.3150359647601727, "RAIL_TRIP": 0.3783372052133261}}