{"start": {"Count": {"FOOT": 8, "MOTORCYCLE": 1, "PASSENGER_CAR": 6, "RAIL_TRIP": 2}, "Duration": {"FOOT": 11381.143, "MOTORCYCLE": 2584.53, "PASSENGER_CAR": 3212.3940000000002, "RAIL_TRIP": 601.413}, "Distance": {"FOOT": 15.97889248926549, "MOTORCYCLE": 23.204658313664844, "PASSENGER_CAR": 47.070379140565066, "RAIL_TRIP": 1.4465202453399992}, "Total_Count": 14, "Total_Duration": 17779.48, "Total_Distance": 87.70045018883539, "Total_Emission": 12.642246273467082}, "start_percents_count": {"FOOT": 0.5714285714285714, "MOTORCYCLE": 0.07142857142857142, "PASSENGER_CAR": 0.42857142857142855, "RAIL_TRIP": 0.14285714285714285}, "start_percents_duration": {"FOOT": 0.640128001493857, "MOTORCYCLE": 0.14536589371567674, "PASSENGER_CAR": 0.1806798624031749, "RAIL_TRIP": 0.03382624238729142}, "start_percents_distance": {"FOOT": 0.1821985229820367, "MOTORCYCLE": 0.26458995665017565, "PASSENGER_CAR": 0.5367176455675402, "RAIL_TRIP": 0.016493874800247568}, "end": {"Count": {"BIKE_TRIP": 1, "FOOT": 8, "PASSENGER_CAR": 6, "RAIL_TRIP": 4}, "Duration": {"BIKE_TRIP": 4385.037, "FOOT": 13410.651, "PASSENGER_CAR": 3770.551, "RAIL_TRIP": 2404.707}, "Distance": {"BIKE_TRIP": 11.510793974707958, "FOOT": 17.52716206323927, "PASSENGER_CAR": 57.46364888659806, "RAIL_TRIP": 7.936482246520054}, "Total_Count": 14, "Total_Duration": 23970.946, "Total_Distance": 94.43808717106532, "Total_Emission": 11.214089186468453}, "end_percents_count": {"BIKE_TRIP": 0.07142857142857142, "FOOT": 0.5714285714285714, "PASSENGER_CAR": 0.42857142857142855, "RAIL_TRIP": 0.2857142857142857}, "end_percents_duration": {"BIKE_TRIP": 0.18293132861756897, "FOOT": 0.5594543911617005, "PASSENGER_CAR": 0.15729671244514087, "RAIL_TRIP": 0.10031756777558966}, "end_percents_distance": {"BIKE_TRIP": 0.12188719953483688, "FOOT": 0.18559420873794846, "PASSENGER_CAR": 0.6084795934346733, "RAIL_TRIP": 0.0840389982925416}}