{"start": {"Count": {"FOOT": 6, "MOTORCYCLE": 1, "PASSENGER_CAR": 3, "RAIL_TRIP": 5}, "Duration": {"FOOT": 18671.19, "MOTORCYCLE": 1366.597, "PASSENGER_CAR": 8151.261999999999, "RAIL_TRIP": 19982.183}, "Distance": {"FOOT": 22.753467031853084, "MOTORCYCLE": 13.43611686236957, "PASSENGER_CAR": 81.85430106290143, "RAIL_TRIP": 41.84322436803715}, "Total_Count": 10, "Total_Duration": 48171.232, "Total_Distance": 159.88710932516122, "Total_Emission": 21.33271281865148}, "start_percents_count": {"FOOT": 0.6, "MOTORCYCLE": 0.1, "PASSENGER_CAR": 0.3, "RAIL_TRIP": 0.5}, "start_percents_duration": {"FOOT": 0.3876004250835851, "MOTORCYCLE": 0.028369567130855193, "PASSENGER_CAR": 0.1692143144688514, "RAIL_TRIP": 0.4148156933167082}, "start_percents_distance": {"FOOT": 0.1423095778508293, "MOTORCYCLE": 0.08403502270495515, "PASSENGER_CAR": 0.511950596945467, "RAIL_TRIP": 0.2617048024987486}, "end": {"Count": {"BUS": 1, "FOOT": 10, "MOTORCYCLE": 1, "PASSENGER_CAR": 4, "RAIL_TRIP": 7}, "Duration": {"BUS": 294.928, "FOOT": 33454.406, "MOTORCYCLE": 1366.597, "PASSENGER_CAR": 8569.992, "RAIL_TRIP": 21029.718}, "Distance": {"BUS": 1.280039091446378, "FOOT": 32.03250280059626, "MOTORCYCLE": 13.43611686236957, "PASSENGER_CAR": 53.028223977055596, "RAIL_TRIP": 151.78723411937978}, "Total_Count": 15, "Total_Duration": 64715.641, "Total_Distance": 251.5641168508476, "Total_Emission": 14.357172083053714}, "end_percents_count": {"BUS": 0.06666666666666667, "FOOT": 0.6666666666666666, "MOTORCYCLE": 0.06666666666666667, "PASSENGER_CAR": 0.26666666666666666, "RAIL_TRIP": 0.4666666666666667}, "end_percents_duration": {"BUS": 0.004557290871923836, "FOOT": 0.516944674935693, "MOTORCYCLE": 0.021116950692028222, "PASSENGER_CAR": 0.13242535911836212, "RAIL_TRIP": 0.3249557243819929}, "end_percents_distance": {"BUS": 0.005088321448504968, "FOOT": 0.1273333542223287, "MOTORCYCLE": 0.05341030760096777, "PASSENGER_CAR": 0.21079406968242628, "RAIL_TRIP": 0.6033739470457722}}