{"start": {"Count": {"BIKE_TRIP": 2, "FOOT": 4, "PASSENGER_CAR": 2, "RAIL_TRIP": 3}, "Duration": {"BIKE_TRIP": 897.3389999999999, "FOOT": 12921.860999999999, "PASSENGER_CAR": 4999.27, "RAIL_TRIP": 2373.413}, "Distance": {"BIKE_TRIP": 5.669756261647862, "FOOT": 18.38446406910426, "PASSENGER_CAR": 46.81159336152827, "RAIL_TRIP": 14.457481911043697}, "Total_Count": 7, "Total_Duration": 21191.883, "Total_Distance": 85.32329560332408, "Total_Emission": 6.657826521738365}, "start_percents_count": {"BIKE_TRIP": 0.2857142857142857, "FOOT": 0.5714285714285714, "PASSENGER_CAR": 0.2857142857142857, "RAIL_TRIP": 0.42857142857142855}, "start_percents_duration": {"BIKE_TRIP": 0.0423435236972571, "FOOT": 0.6097552067459036, "PASSENGER_CAR": 0.23590494530382222, "RAIL_TRIP": 0.11199632425301706}, "start_percents_distance": {"BIKE_TRIP": 0.06645027271341095, "FOOT": 0.215468283768308, "PASSENGER_CAR": 0.5486378957882699, "RAIL_TRIP": 0.16944354773001116}, "end": {"Count": {"BIKE_TRIP": 2, "FOOT": 4, "PASSENGER_CAR": 1, "RAIL_TRIP": 2}, "Duration": {"BIKE_TRIP": 1547.466, "FOOT": 32044.027000000002, "PASSENGER_CAR": 2101.999, "RAIL_TRIP": 1147.643}, "Distance": {"BIKE_TRIP": 7.375323861188747, "FOOT": 45.55949712183702, "PASSENGER_CAR": 3.526077236268271, "RAIL_TRIP": 1.9005903979029535}, "Total_Count": 8, "Total_Duration": 36841.134999999995, "Total_Distance": 58.361488617197, "Total_Emission": 0.9650057971248486}, "end_percents_count": {"BIKE_TRIP": 0.25, "FOOT": 0.5, "PASSENGER_CAR": 0.125, "RAIL_TRIP": 0.25}, "end_percents_duration": {"BIKE_TRIP": 0.04200375477031313, "FOOT": 0.8697893536667642, "PASSENGER_CAR": 0.05705576117565325, "RAIL_TRIP": 0.031151130387269563}, "end_percents_distance": {"BIKE_TRIP": 0.12637312782689214, "FOOT": 0.78064316386221, "PASSENGER_CAR": 0.06041787692216721, "RAIL_TRIP": 0.03256583138873053}}