{"start": {"Count": {"FOOT": 7, "PASSENGER_CAR": 4, "RAIL_TRIP": 3}, "Duration": {"FOOT": 62689.70999999999, "PASSENGER_CAR": 5687.987999999999, "RAIL_TRIP": 3094.194}, "Distance": {"FOOT": 22.9849161774397, "PASSENGER_CAR": 62.98357840931611, "RAIL_TRIP": 16.494632487252932}, "Total_Count": 11, "Total_Duration": 71471.89199999999, "Total_Distance": 102.46312707400875, "Total_Emission": 10.254511346224367}, "start_percents_count": {"FOOT": 0.6363636363636364, "PASSENGER_CAR": 0.36363636363636365, "RAIL_TRIP": 0.2727272727272727}, "start_percents_duration": {"FOOT": 0.8771239748347504, "PASSENGER_CAR": 0.07958356552251337, "RAIL_TRIP": 0.0432924596427362}, "start_percents_distance": {"FOOT": 0.22432378196731959, "PASSENGER_CAR": 0.6146950635600189, "RAIL_TRIP": 0.16098115447266134}, "end": {"Count": {"BUS": 1, "FOOT": 2, "PASSENGER_CAR": 1, "RAIL_TRIP": 2}, "Duration": {"BUS": 1610.442, "FOOT": 6243.674000000001, "PASSENGER_CAR": 2342.534, "RAIL_TRIP": 1688.6660000000002}, "Distance": {"BUS": 5.45662165647888, "FOOT": 7.647050583629466, "PASSENGER_CAR": 32.30019059329857, "RAIL_TRIP": 7.4940138961044624}, "Total_Count": 5, "Total_Duration": 11885.316, "Total_Distance": 52.89787672951138, "Total_Emission": 6.250112353476995}, "end_percents_count": {"BUS": 0.2, "FOOT": 0.4, "PASSENGER_CAR": 0.2, "RAIL_TRIP": 0.4}, "end_percents_duration": {"BUS": 0.13549845877046937, "FOOT": 0.525326714073063, "PASSENGER_CAR": 0.19709480168638344, "RAIL_TRIP": 0.14208002547008428}, "end_percents_distance": {"BUS": 0.10315388809234884, "FOOT": 0.144562524177142, "PASSENGER_CAR": 0.610614122726754, "RAIL_TRIP": 0.14166946500375507}}