{"start": {"Count": {"FOOT": 10, "PASSENGER_CAR": 3, "RAIL_TRIP": 4}, "Duration": {"FOOT": 15571.969000000001, "PASSENGER_CAR": 2466.041, "RAIL_TRIP": 5865.644}, "Distance": {"FOOT": 17.866472311657233, "PASSENGER_CAR": 14.215879849171285, "RAIL_TRIP": 43.67503568561448}, "Total_Count": 11, "Total_Duration": 23903.654000000002, "Total_Distance": 75.757387846443, "Total_Emission": 2.381803526032228}, "start_percents_count": {"FOOT": 0.9090909090909091, "PASSENGER_CAR": 0.2727272727272727, "RAIL_TRIP": 0.36363636363636365}, "start_percents_duration": {"FOOT": 0.6514472222531333, "PASSENGER_CAR": 0.10316585907744481, "RAIL_TRIP": 0.24538691866942183}, "start_percents_distance": {"FOOT": 0.23583801949285543, "PASSENGER_CAR": 0.18765007946137569, "RAIL_TRIP": 0.5765119010457689}, "end": {"Count": {"FOOT": 7, "PASSENGER_CAR": 3, "RAIL_TRIP": 5}, "Duration": {"FOOT": 26948.262, "PASSENGER_CAR": 4974.228, "RAIL_TRIP": 3887.343}, "Distance": {"FOOT": 19.292065307436225, "PASSENGER_CAR": 47.350008006455425, "RAIL_TRIP": 23.50623297253815}, "Total_Count": 8, "Total_Duration": 35809.833000000006, "Total_Distance": 90.1483062864298, "Total_Emission": 8.197483887984971}, "end_percents_count": {"FOOT": 0.875, "PASSENGER_CAR": 0.375, "RAIL_TRIP": 0.625}, "end_percents_duration": {"FOOT": 0.7525380528862001, "PASSENGER_CAR": 0.138906763402108, "RAIL_TRIP": 0.10855518371169168}, "end_percents_distance": {"FOOT": 0.21400363581029694, "PASSENGER_CAR": 0.5252456752322047, "RAIL_TRIP": 0.26075068895749837}}