{"start": {"Count": {"BIKE_TRIP": 2, "BUS": 1, "FOOT": 21, "HIGH_SPEED_TRAIN": 1, "MOTORCYCLE": 1, "PASSENGER_CAR": 13, "RAIL_TRIP": 19, "UNKNOWN": 1}, "Duration": {"BIKE_TRIP": 8702.081, "BUS": 120.129, "FOOT": 111595.44900000001, "HIGH_SPEED_TRAIN": 841.496, "MOTORCYCLE": 1112.866, "PASSENGER_CAR": 9911.572, "RAIL_TRIP": 20676.041, "UNKNOWN": 901.981}, "Distance": {"BIKE_TRIP": 19.390092557807005, "BUS": 2.733769401461716, "FOOT": 229.67800302566764, "HIGH_SPEED_TRAIN": 67.47178252206481, "MOTORCYCLE": 5.5915002323753615, "PASSENGER_CAR": 110.91105694666871, "RAIL_TRIP": 139.55208853788616, "UNKNOWN": 54.75563635151213}, "Total_Count": 37, "Total_Duration": 153861.61500000002, "Total_Distance": 630.0839295754434, "Total_Emission": 24.659528151554262}, "start_percents_count": {"BIKE_TRIP": 0.05405405405405406, "BUS": 0.02702702702702703, "FOOT": 0.5675675675675675, "HIGH_SPEED_TRAIN": 0.02702702702702703, "MOTORCYCLE": 0.02702702702702703, "PASSENGER_CAR": 0.35135135135135137, "RAIL_TRIP": 0.5135135135135135, "UNKNOWN": 0.02702702702702703}, "start_percents_duration": {"BIKE_TRIP": 0.056557842578215486, "BUS": 0.0007807600355683254, "FOOT": 0.7252975279116887, "HIGH_SPEED_TRAIN": 0.005469174361649589, "MOTORCYCLE": 0.007232902111420057, "PASSENGER_CAR": 0.06441874407726708, "RAIL_TRIP": 0.13438076156941417, "UNKNOWN": 0.005862287354776562}, "start_percents_distance": {"BIKE_TRIP": 0.03077382495832299, "BUS": 0.004338738496796381, "FOOT": 0.3645196968924868, "HIGH_SPEED_TRAIN": 0.10708380162548813, "MOTORCYCLE": 0.008874214957589804, "PASSENGER_CAR": 0.17602584630495438, "RAIL_TRIP": 0.22148174550637673, "UNKNOWN": 0.08690213125798495}, "end": {"Count": {"BIKE_TRIP": 3, "FOOT": 19, "HIGH_SPEED_TRAIN": 1, "MOTORCYCLE": 1, "PASSENGER_CAR": 10, "RAIL_TRIP": 26, "UNKNOWN": 1}, "Duration": {"BIKE_TRIP": 4085.3799999999997, "FOOT": 96348.991, "HIGH_SPEED_TRAIN": 841.496, "MOTORCYCLE": 1450.167, "PASSENGER_CAR": 11689.279, "RAIL_TRIP": 36409.627, "UNKNOWN": 901.981}, "Distance": {"BIKE_TRIP": 19.766439054489254, "FOOT": 213.0277768769871, "HIGH_SPEED_TRAIN": 67.47178252206481, "MOTORCYCLE": 9.063025629453678, "PASSENGER_CAR": 78.25441997378965, "RAIL_TRIP": 283.31215698115835, "UNKNOWN": 54.75563635151213}, "Total_Count": 39, "Total_Duration": 151726.92100000003, "Total_Distance": 725.651237389455, "Total_Emission": 19.051011328264053}, "end_percents_count": {"BIKE_TRIP": 0.07692307692307693, "FOOT": 0.48717948717948717, "HIGH_SPEED_TRAIN": 0.02564102564102564, "MOTORCYCLE": 0.02564102564102564, "PASSENGER_CAR": 0.2564102564102564, "RAIL_TRIP": 0.6666666666666666, "UNKNOWN": 0.02564102564102564}, "end_percents_duration": {"BIKE_TRIP": 0.026925874281730128, "FOOT": 0.6350157926159984, "HIGH_SPEED_TRAIN": 0.0055461219041016445, "MOTORCYCLE": 0.009557743546380932, "PASSENGER_CAR": 0.07704156205740179, "RAIL_TRIP": 0.23996813986622711, "UNKNOWN": 0.005944765728159737}, "end_percents_distance": {"BIKE_TRIP": 0.027239585679753566, "FOOT": 0.29356771669453613, "HIGH_SPEED_TRAIN": 0.09298100664004366, "MOTORCYCLE": 0.012489506201433758, "PASSENGER_CAR": 0.10784026256926331, "RAIL_TRIP": 0.390424686658538, "UNKNOWN": 0.07545723555643155}}