{"start": {"Count": {"BIKE_TRIP": 2, "FOOT": 20, "HIGH_SPEED_TRAIN": 1, "PASSENGER_CAR": 14, "RAIL_TRIP": 12}, "Duration": {"BIKE_TRIP": 1682.291, "FOOT": 28243.512, "HIGH_SPEED_TRAIN": 241.809, "PASSENGER_CAR": 31838.064, "RAIL_TRIP": 11048.912}, "Distance": {"BIKE_TRIP": 7.829257223274771, "FOOT": 44.53204931295977, "HIGH_SPEED_TRAIN": 10.036274504178476, "PASSENGER_CAR": 361.46822967099183, "RAIL_TRIP": 104.95622649238067}, "Total_Count": 37, "Total_Duration": 73054.58799999999, "Total_Distance": 528.8220372037855, "Total_Emission": 65.00988725680726}, "start_percents_count": {"BIKE_TRIP": 0.05405405405405406, "FOOT": 0.5405405405405406, "HIGH_SPEED_TRAIN": 0.02702702702702703, "PASSENGER_CAR": 0.3783783783783784, "RAIL_TRIP": 0.32432432432432434}, "start_percents_duration": {"BIKE_TRIP": 0.023027862397909906, "FOOT": 0.3866083263654844, "HIGH_SPEED_TRAIN": 0.003309976917534598, "PASSENGER_CAR": 0.4358119711796883, "RAIL_TRIP": 0.15124186313938287}, "start_percents_distance": {"BIKE_TRIP": 0.014805088805816368, "FOOT": 0.08420989705426934, "HIGH_SPEED_TRAIN": 0.01897854816574318, "PASSENGER_CAR": 0.683534732369138, "RAIL_TRIP": 0.1984717336050332}, "end": {"Count": {"BIKE_TRIP": 2, "BUS": 1, "FOOT": 18, "PASSENGER_CAR": 8, "RAIL_TRIP": 9}, "Duration": {"BIKE_TRIP": 1203.635, "BUS": 180.633, "FOOT": 34568.893000000004, "PASSENGER_CAR": 8616.501, "RAIL_TRIP": 9755.086}, "Distance": {"BIKE_TRIP": 8.177646653446956, "BUS": 1.068317446861038, "FOOT": 47.580032375961515, "PASSENGER_CAR": 57.277861901447295, "RAIL_TRIP": 56.907283582957945}, "Total_Count": 31, "Total_Duration": 54324.74800000001, "Total_Distance": 171.01114196067473, "Total_Emission": 15.547629628481976}, "end_percents_count": {"BIKE_TRIP": 0.06451612903225806, "BUS": 0.03225806451612903, "FOOT": 0.5806451612903226, "PASSENGER_CAR": 0.25806451612903225, "RAIL_TRIP": 0.2903225806451613}, "end_percents_duration": {"BIKE_TRIP": 0.02215629237709487, "BUS": 0.0033250591424740707, "FOOT": 0.636337843665653, "PASSENGER_CAR": 0.15861097045493885, "RAIL_TRIP": 0.17956983435983906}, "end_percents_distance": {"BIKE_TRIP": 0.047819379250314965, "BUS": 0.006247063405416621, "FOOT": 0.2782276747026395, "PASSENGER_CAR": 0.3349364330577873, "RAIL_TRIP": 0.3327694495838417}}