{"start": {"Count": {"BIKE_TRIP": 4, "FOOT": 17, "PASSENGER_CAR": 5, "RAIL_TRIP": 13}, "Duration": {"BIKE_TRIP": 5311.863, "FOOT": 24381.242, "PASSENGER_CAR": 5999.237, "RAIL_TRIP": 13673.542}, "Distance": {"BIKE_TRIP": 11.690837530270514, "FOOT": 36.286074388528235, "PASSENGER_CAR": 59.09603209460673, "RAIL_TRIP": 93.63014848864931}, "Total_Count": 28, "Total_Duration": 49365.884, "Total_Distance": 200.70309250205477, "Total_Emission": 13.703884224798946}, "start_percents_count": {"BIKE_TRIP": 0.14285714285714285, "FOOT": 0.6071428571428571, "PASSENGER_CAR": 0.17857142857142858, "RAIL_TRIP": 0.4642857142857143}, "start_percents_duration": {"BIKE_TRIP": 0.10760190175060981, "FOOT": 0.49388849189857514, "PASSENGER_CAR": 0.12152597125577656, "RAIL_TRIP": 0.2769836350950385}, "start_percents_distance": {"BIKE_TRIP": 0.05824941402011942, "FOOT": 0.18079479462010153, "PASSENGER_CAR": 0.2944450499386386, "RAIL_TRIP": 0.46651074142114046}, "end": {"Count": {"BIKE_TRIP": 1, "FOOT": 16, "PASSENGER_CAR": 10, "RAIL_TRIP": 24}, "Duration": {"BIKE_TRIP": 2265.054, "FOOT": 74253.89, "PASSENGER_CAR": 13101.153, "RAIL_TRIP": 30817.719}, "Distance": {"BIKE_TRIP": 11.197155611231395, "FOOT": 47.49495299536852, "PASSENGER_CAR": 123.27820848420677, "RAIL_TRIP": 183.9539222962706}, "Total_Count": 37, "Total_Duration": 120437.816, "Total_Distance": 365.9242393870773, "Total_Emission": 26.197562181521857}, "end_percents_count": {"BIKE_TRIP": 0.02702702702702703, "FOOT": 0.43243243243243246, "PASSENGER_CAR": 0.2702702702702703, "RAIL_TRIP": 0.6486486486486487}, "end_percents_duration": {"BIKE_TRIP": 0.01880683389343427, "FOOT": 0.6165330165070413, "PASSENGER_CAR": 0.10877939699603985, "RAIL_TRIP": 0.2558807526034846}, "end_percents_distance": {"BIKE_TRIP": 0.030599655354853282, "FOOT": 0.1297944981040953, "PASSENGER_CAR": 0.3368954423207865, "RAIL_TRIP": 0.5027104042202649}}