{"start": {"Count": {"BIKE_TRIP": 3, "BUS": 2, "FOOT": 18, "PASSENGER_CAR": 6, "RAIL_TRIP": 12, "UNKNOWN": 1}, "Duration": {"BIKE_TRIP": 1266.116, "BUS": 1767.546, "FOOT": 19517.792, "PASSENGER_CAR": 7399.254, "RAIL_TRIP": 12502.424, "UNKNOWN": 120.196}, "Distance": {"BIKE_TRIP": 1.812461963903408, "BUS": 7.329587084039093, "FOOT": 30.78664829354767, "PASSENGER_CAR": 118.98580247596075, "RAIL_TRIP": 93.53051115689001, "UNKNOWN": 3.3087543568470745}, "Total_Count": 26, "Total_Duration": 42573.327999999994, "Total_Distance": 255.75376533118802, "Total_Emission": 28.50194981825357}, "start_percents_count": {"BIKE_TRIP": 0.11538461538461539, "BUS": 0.07692307692307693, "FOOT": 0.6923076923076923, "PASSENGER_CAR": 0.23076923076923078, "RAIL_TRIP": 0.46153846153846156, "UNKNOWN": 0.038461538461538464}, "start_percents_duration": {"BIKE_TRIP": 0.02973965295830291, "BUS": 0.04151768449955334, "FOOT": 0.4584511692391068, "PASSENGER_CAR": 0.17380022534296594, "RAIL_TRIP": 0.2936679979540242, "UNKNOWN": 0.002823270006046979}, "start_percents_distance": {"BIKE_TRIP": 0.007086745962689396, "BUS": 0.028658765099890723, "FOOT": 0.12037612917909747, "PASSENGER_CAR": 0.46523577989899867, "RAIL_TRIP": 0.3657053143900845, "UNKNOWN": 0.012937265469239161}, "end": {"Count": {"BIKE_TRIP": 1, "FOOT": 28, "PASSENGER_CAR": 8, "RAIL_TRIP": 14}, "Duration": {"BIKE_TRIP": 900.854, "FOOT": 42338.498999999996, "PASSENGER_CAR": 7113.629, "RAIL_TRIP": 24706.067}, "Distance": {"BIKE_TRIP": 4.044712586945187, "FOOT": 64.50192756673967, "PASSENGER_CAR": 130.75835148081356, "RAIL_TRIP": 232.60661329592685}, "Total_Count": 31, "Total_Duration": 75059.049, "Total_Distance": 431.9116049304253, "Total_Emission": 30.465938835596653}, "end_percents_count": {"BIKE_TRIP": 0.03225806451612903, "FOOT": 0.9032258064516129, "PASSENGER_CAR": 0.25806451612903225, "RAIL_TRIP": 0.45161290322580644}, "end_percents_duration": {"BIKE_TRIP": 0.012001937301390537, "FOOT": 0.5640692170240525, "PASSENGER_CAR": 0.0947737693825564, "RAIL_TRIP": 0.3291550762920004}, "end_percents_distance": {"BIKE_TRIP": 0.009364676801394887, "FOOT": 0.14934057531778983, "PASSENGER_CAR": 0.3027433159659529, "RAIL_TRIP": 0.5385514319148623}}