{"start": {"Count": {"BIKE_TRIP": 1, "FOOT": 38, "MOTORCYCLE": 2, "PASSENGER_CAR": 1, "RAIL_TRIP": 8}, "Duration": {"BIKE_TRIP": 1261.755, "FOOT": 51640.424999999996, "MOTORCYCLE": 663.404, "PASSENGER_CAR": 3424.26, "RAIL_TRIP": 6473.705}, "Distance": {"BIKE_TRIP": 15.597980787667655, "FOOT": 81.91179892633468, "MOTORCYCLE": 4.963250887217978, "PASSENGER_CAR": 43.45333333048837, "RAIL_TRIP": 1272.8708635389419}, "Total_Count": 50, "Total_Duration": 63463.549, "Total_Distance": 1418.7972274706508}, "start_percents_count": {"BIKE_TRIP": 0.02, "FOOT": 0.76, "MOTORCYCLE": 0.04, "PASSENGER_CAR": 0.02, "RAIL_TRIP": 0.16}, "start_percents_duration": {"BIKE_TRIP": 0.01988157012775948, "FOOT": 0.8137021300211243, "MOTORCYCLE": 0.010453307614422888, "PASSENGER_CAR": 0.05395632696179661, "RAIL_TRIP": 0.10200666527489662}, "start_percents_distance": {"BIKE_TRIP": 0.010993805517561399, "FOOT": 0.05773326684064803, "MOTORCYCLE": 0.003498210167823751, "PASSENGER_CAR": 0.030626880634630534, "RAIL_TRIP": 0.8971478368393361}, "end": {"Count": {"FOOT": 6, "PASSENGER_CAR": 2, "RAIL_TRIP": 5}, "Duration": {"FOOT": 18628.123, "PASSENGER_CAR": 9646.465, "RAIL_TRIP": 2910.595}, "Distance": {"FOOT": 24.061683218709135, "PASSENGER_CAR": 32.14042961675288, "RAIL_TRIP": 1277.743339097932}, "Total_Count": 13, "Total_Duration": 31185.182999999997, "Total_Distance": 1333.945451933394}, "end_percents_count": {"FOOT": 0.46153846153846156, "PASSENGER_CAR": 0.15384615384615385, "RAIL_TRIP": 0.38461538461538464}, "end_percents_duration": {"FOOT": 0.5973389029014196, "PASSENGER_CAR": 0.3093284717938003, "RAIL_TRIP": 0.09333262530478016}, "end_percents_distance": {"FOOT": 0.018037981376100957, "PASSENGER_CAR": 0.024094260803670182, "RAIL_TRIP": 0.9578677578202289}}