{"start": {"Count": {"FOOT": 23, "PASSENGER_CAR": 9, "RAIL_TRIP": 7}, "Duration": {"FOOT": 53274.559, "PASSENGER_CAR": 5838.263, "RAIL_TRIP": 13452.453}, "Distance": {"FOOT": 62.248968800059224, "PASSENGER_CAR": 46.40672930103258, "RAIL_TRIP": 57.991257984390195}, "Total_Count": 25, "Total_Duration": 72565.275, "Total_Distance": 166.64695608548197, "Total_Emission": 10.132253787260444}, "start_percents_count": {"FOOT": 0.92, "PASSENGER_CAR": 0.36, "RAIL_TRIP": 0.28}, "start_percents_duration": {"FOOT": 0.73416050583423, "PASSENGER_CAR": 0.08045532797884387, "RAIL_TRIP": 0.18538416618692619}, "start_percents_distance": {"FOOT": 0.373537988705467, "PASSENGER_CAR": 0.278473309030788, "RAIL_TRIP": 0.3479887022637451}, "end": {"Count": {"BIKE_TRIP": 2, "BUS": 2, "FOOT": 33, "PASSENGER_CAR": 12, "RAIL_TRIP": 13}, "Duration": {"BIKE_TRIP": 4211.638, "BUS": 851.7049999999999, "FOOT": 117875.142, "PASSENGER_CAR": 18251.336, "RAIL_TRIP": 26249.619}, "Distance": {"BIKE_TRIP": 17.560661138573238, "BUS": 2.8119487425165053, "FOOT": 151.7850418001975, "PASSENGER_CAR": 258.08851056827984, "RAIL_TRIP": 228.06090082253365}, "Total_Count": 34, "Total_Duration": 167439.44, "Total_Distance": 658.3070630721007, "Total_Emission": 60.134912966949145}, "end_percents_count": {"BIKE_TRIP": 0.058823529411764705, "BUS": 0.058823529411764705, "FOOT": 0.9705882352941176, "PASSENGER_CAR": 0.35294117647058826, "RAIL_TRIP": 0.38235294117647056}, "end_percents_duration": {"BIKE_TRIP": 0.025153201659059536, "BUS": 0.005086645058058005, "FOOT": 0.7039867190191272, "PASSENGER_CAR": 0.10900261013773098, "RAIL_TRIP": 0.1567708241260243}, "end_percents_distance": {"BIKE_TRIP": 0.026675486446436494, "BUS": 0.004271484995761815, "FOOT": 0.2305687578253635, "PASSENGER_CAR": 0.39204882500252447, "RAIL_TRIP": 0.34643544572991375}}