{"start": {"Count": {"BIKE_TRIP": 3, "BUS": 2, "FOOT": 9, "PASSENGER_CAR": 12, "RAIL_TRIP": 4}, "Duration": {"BIKE_TRIP": 1747.805, "BUS": 3150.826, "FOOT": 38280.921, "PASSENGER_CAR": 21024.465, "RAIL_TRIP": 5032.396}, "Distance": {"BIKE_TRIP": 6.487351948768145, "BUS": 21.4474147316818, "FOOT": 29.371233602813053, "PASSENGER_CAR": 366.1879378080662, "RAIL_TRIP": 17.218158241564367}, "Total_Count": 21, "Total_Duration": 69236.41299999999, "Total_Distance": 440.71209633289357, "Total_Emission": 59.30474895317278}, "start_percents_count": {"BIKE_TRIP": 0.14285714285714285, "BUS": 0.09523809523809523, "FOOT": 0.42857142857142855, "PASSENGER_CAR": 0.5714285714285714, "RAIL_TRIP": 0.19047619047619047}, "start_percents_duration": {"BIKE_TRIP": 0.025244014302127415, "BUS": 0.04550822123035173, "FOOT": 0.5529015635168738, "PASSENGER_CAR": 0.30366196180613814, "RAIL_TRIP": 0.07268423914450912}, "start_percents_distance": {"BIKE_TRIP": 0.014720158585953354, "BUS": 0.04866536432773884, "FOOT": 0.06664494541267907, "PASSENGER_CAR": 0.8309005830678737, "RAIL_TRIP": 0.03906894860575501}, "end": {"Count": {"BIKE_TRIP": 1, "BUS": 1, "FOOT": 8, "PASSENGER_CAR": 5, "RAIL_TRIP": 1}, "Duration": {"BIKE_TRIP": 1052.329, "BUS": 509.383, "FOOT": 25547.556999999997, "PASSENGER_CAR": 10456.725, "RAIL_TRIP": 2224.921}, "Distance": {"BIKE_TRIP": 1.0308688791159202, "BUS": 2.3113720007652394, "FOOT": 8.257140033846655, "PASSENGER_CAR": 93.32405953779869, "RAIL_TRIP": 6.61375551847857}, "Total_Count": 13, "Total_Duration": 39790.915, "Total_Distance": 111.53719597000507, "Total_Emission": 17.981632905454237}, "end_percents_count": {"BIKE_TRIP": 0.07692307692307693, "BUS": 0.07692307692307693, "FOOT": 0.6153846153846154, "PASSENGER_CAR": 0.38461538461538464, "RAIL_TRIP": 0.07692307692307693}, "end_percents_duration": {"BIKE_TRIP": 0.026446463972994837, "BUS": 0.012801489988355381, "FOOT": 0.6420449743364784, "PASSENGER_CAR": 0.2627917704330247, "RAIL_TRIP": 0.05591530126914648}, "end_percents_distance": {"BIKE_TRIP": 0.00924237757772882, "BUS": 0.020722880655766357, "FOOT": 0.07403037132175343, "PASSENGER_CAR": 0.8367079585082602, "RAIL_TRIP": 0.059296411936491225}}