{"start": {"Count": {"FOOT": 11, "PASSENGER_CAR": 5, "RAIL_TRIP": 5}, "Duration": {"FOOT": 20816.499, "PASSENGER_CAR": 5039.692, "RAIL_TRIP": 5628.722}, "Distance": {"FOOT": 14.770030317730287, "PASSENGER_CAR": 59.62832815262493, "RAIL_TRIP": 32.63223220437397}, "Total_Count": 17, "Total_Duration": 31484.912999999993, "Total_Distance": 107.03059067472918, "Total_Emission": 11.03027729723674}, "start_percents_count": {"FOOT": 0.6470588235294118, "PASSENGER_CAR": 0.29411764705882354, "RAIL_TRIP": 0.29411764705882354}, "start_percents_duration": {"FOOT": 0.6611579012462256, "PASSENGER_CAR": 0.16006688663868948, "RAIL_TRIP": 0.17877521211508512}, "start_percents_distance": {"FOOT": 0.13799821363797832, "PASSENGER_CAR": 0.5571148190131747, "RAIL_TRIP": 0.30488696734884707}, "end": {"Count": {"BUS": 1, "FOOT": 14, "PASSENGER_CAR": 4, "RAIL_TRIP": 3}, "Duration": {"BUS": 456.171, "FOOT": 25918.07, "PASSENGER_CAR": 1606.6399999999999, "RAIL_TRIP": 1958.779}, "Distance": {"BUS": 2.305733433216832, "FOOT": 25.655565069149183, "PASSENGER_CAR": 9.949274886210045, "RAIL_TRIP": 8.67811580515924}, "Total_Count": 19, "Total_Duration": 29939.66, "Total_Distance": 46.5886891937353, "Total_Emission": 2.244859005315414}, "end_percents_count": {"BUS": 0.05263157894736842, "FOOT": 0.7368421052631579, "PASSENGER_CAR": 0.21052631578947367, "RAIL_TRIP": 0.15789473684210525}, "end_percents_duration": {"BUS": 0.015236345369319492, "FOOT": 0.865676831333422, "PASSENGER_CAR": 0.053662600042886255, "RAIL_TRIP": 0.06542422325437229}, "end_percents_distance": {"BUS": 0.04949127080241786, "FOOT": 0.5506822688756619, "PASSENGER_CAR": 0.21355558738381303, "RAIL_TRIP": 0.18627087293810732}}