{"start": {"Count": {"BIKE_TRIP": 3, "BUS": 2, "FOOT": 16, "PASSENGER_CAR": 11, "RAIL_TRIP": 15}, "Duration": {"BIKE_TRIP": 2127.214, "BUS": 816.562, "FOOT": 124002.246, "PASSENGER_CAR": 22358.815, "RAIL_TRIP": 15705.828}, "Distance": {"BIKE_TRIP": 8.115343701184992, "BUS": 15.384578677934321, "FOOT": 49.191708589872825, "PASSENGER_CAR": 352.5810396659698, "RAIL_TRIP": 85.65733676733319}, "Total_Count": 27, "Total_Duration": 165010.66500000004, "Total_Distance": 510.9300074022951, "Total_Emission": 73.25816354595128}, "start_percents_count": {"BIKE_TRIP": 0.1111111111111111, "BUS": 0.07407407407407407, "FOOT": 0.5925925925925926, "PASSENGER_CAR": 0.4074074074074074, "RAIL_TRIP": 0.5555555555555556}, "start_percents_duration": {"BIKE_TRIP": 0.012891372809145393, "BUS": 0.004948540750381194, "FOOT": 0.7514801906894926, "PASSENGER_CAR": 0.13549921152066136, "RAIL_TRIP": 0.09518068423031927}, "start_percents_distance": {"BIKE_TRIP": 0.01588347441647746, "BUS": 0.030110931937925585, "FOOT": 0.09627876201669312, "PASSENGER_CAR": 0.6900769861973584, "RAIL_TRIP": 0.16764984543154554}, "end": {"Count": {"BIKE_TRIP": 3, "BUS": 1, "FOOT": 14, "MOTORCYCLE": 1, "PASSENGER_CAR": 12, "RAIL_TRIP": 12}, "Duration": {"BIKE_TRIP": 2413.785, "BUS": 120.193, "FOOT": 23607.811999999998, "MOTORCYCLE": 661.377, "PASSENGER_CAR": 15107.393, "RAIL_TRIP": 13832.373}, "Distance": {"BIKE_TRIP": 8.693447107938377, "BUS": 2.453695320985303, "FOOT": 24.89916539255035, "MOTORCYCLE": 9.56619953165277, "PASSENGER_CAR": 195.2947979239819, "RAIL_TRIP": 72.88301207905923}, "Total_Count": 30, "Total_Duration": 55742.933, "Total_Distance": 313.79031735616786, "Total_Emission": 47.26764591859169}, "end_percents_count": {"BIKE_TRIP": 0.1, "BUS": 0.03333333333333333, "FOOT": 0.4666666666666667, "MOTORCYCLE": 0.03333333333333333, "PASSENGER_CAR": 0.4, "RAIL_TRIP": 0.4}, "end_percents_duration": {"BIKE_TRIP": 0.04330208100101227, "BUS": 0.0021562015762607973, "FOOT": 0.42351219660436595, "MOTORCYCLE": 0.011864768579722922, "PASSENGER_CAR": 0.27101898280092296, "RAIL_TRIP": 0.2481457694377151}, "end_percents_distance": {"BIKE_TRIP": 0.027704637865134874, "BUS": 0.007819538033100731, "FOOT": 0.07934969314011223, "MOTORCYCLE": 0.030485961492542332, "PASSENGER_CAR": 0.6223735632425917, "RAIL_TRIP": 0.23226660622651824}}