{"start": {"Count": {"BIKE_TRIP": 2, "FOOT": 26, "PASSENGER_CAR": 5, "RAIL_TRIP": 11}, "Duration": {"BIKE_TRIP": 1502.674, "FOOT": 79322.599, "PASSENGER_CAR": 12451.33, "RAIL_TRIP": 11645.173999999999}, "Distance": {"BIKE_TRIP": 2.8880802999221133, "FOOT": 85.21962048734714, "PASSENGER_CAR": 83.56525786653006, "RAIL_TRIP": 91.97062495710315}, "Total_Count": 30, "Total_Duration": 104921.777, "Total_Distance": 263.6435836109025, "Total_Emission": 12.156219788951102}, "start_percents_count": {"BIKE_TRIP": 0.06666666666666667, "FOOT": 0.8666666666666667, "PASSENGER_CAR": 0.16666666666666666, "RAIL_TRIP": 0.36666666666666664}, "start_percents_duration": {"BIKE_TRIP": 0.01432185045817514, "FOOT": 0.7560165417327996, "PASSENGER_CAR": 0.11867250399314148, "RAIL_TRIP": 0.1109891038158837}, "start_percents_distance": {"BIKE_TRIP": 0.010954487343733261, "FOOT": 0.3232379841002246, "PASSENGER_CAR": 0.3169629873862569, "RAIL_TRIP": 0.3488445411697851}, "end": {"Count": {"BIKE_TRIP": 1, "FOOT": 29, "PASSENGER_CAR": 8, "RAIL_TRIP": 11}, "Duration": {"BIKE_TRIP": 1322.215, "FOOT": 53532.477, "PASSENGER_CAR": 11012.207, "RAIL_TRIP": 12870.514}, "Distance": {"BIKE_TRIP": 6.622633701262772, "FOOT": 54.798583847550965, "PASSENGER_CAR": 107.12673358462548, "RAIL_TRIP": 98.20504431521348}, "Total_Count": 34, "Total_Duration": 78737.413, "Total_Distance": 266.7529954486527, "Total_Emission": 24.52780422443937}, "end_percents_count": {"BIKE_TRIP": 0.029411764705882353, "FOOT": 0.8529411764705882, "PASSENGER_CAR": 0.23529411764705882, "RAIL_TRIP": 0.3235294117647059}, "end_percents_duration": {"BIKE_TRIP": 0.01679271580843023, "FOOT": 0.6798861552639531, "PASSENGER_CAR": 0.1398599037029576, "RAIL_TRIP": 0.16346122522465908}, "end_percents_distance": {"BIKE_TRIP": 0.024826839114305513, "FOOT": 0.20542818555939757, "PASSENGER_CAR": 0.4015952413372104, "RAIL_TRIP": 0.36814973398908646}}