{"start": {"Count": {"BIKE_TRIP": 3, "BUS": 3, "FOOT": 26, "MOTORCYCLE": 1, "PASSENGER_CAR": 23, "RAIL_TRIP": 21, "UNKNOWN": 1}, "Duration": {"BIKE_TRIP": 3288.318, "BUS": 3577.429, "FOOT": 47799.936, "MOTORCYCLE": 1141.525, "PASSENGER_CAR": 152315.36, "RAIL_TRIP": 31575.365999999998, "UNKNOWN": 120.109}, "Distance": {"BIKE_TRIP": 15.784422588502338, "BUS": 32.201951781321746, "FOOT": 59.005981264316624, "MOTORCYCLE": 4.050886063727766, "PASSENGER_CAR": 516.3419057768411, "RAIL_TRIP": 232.23552442993235, "UNKNOWN": 6.438248649029813}, "Total_Count": 45, "Total_Duration": 239818.043, "Total_Distance": 866.0589205536717, "Total_Emission": 111.12626148576337}, "start_percents_count": {"BIKE_TRIP": 0.06666666666666667, "BUS": 0.06666666666666667, "FOOT": 0.5777777777777777, "MOTORCYCLE": 0.022222222222222223, "PASSENGER_CAR": 0.5111111111111111, "RAIL_TRIP": 0.4666666666666667, "UNKNOWN": 0.022222222222222223}, "start_percents_duration": {"BIKE_TRIP": 0.013711720598103622, "BUS": 0.014917263752335765, "FOOT": 0.19931751340327633, "MOTORCYCLE": 0.004759962952412217, "PASSENGER_CAR": 0.6351288589240968, "RAIL_TRIP": 0.13166384649381863, "UNKNOWN": 0.0005008338759565308}, "start_percents_distance": {"BIKE_TRIP": 0.01822557589778228, "BUS": 0.037182172040598614, "FOOT": 0.06813160151574224, "MOTORCYCLE": 0.004677379295554203, "PASSENGER_CAR": 0.596197202664622, "RAIL_TRIP": 0.26815210711237075, "UNKNOWN": 0.007433961473330058}, "end": {"Count": {"BUS": 4, "FOOT": 28, "HIGH_SPEED_TRAIN": 1, "PASSENGER_CAR": 19, "RAIL_TRIP": 17}, "Duration": {"BUS": 4349.101, "FOOT": 40384.526, "HIGH_SPEED_TRAIN": 839.496, "PASSENGER_CAR": 23336.203, "RAIL_TRIP": 23591.23}, "Distance": {"BUS": 33.258092544038455, "FOOT": 50.12879539092856, "HIGH_SPEED_TRAIN": 57.0244045836731, "PASSENGER_CAR": 263.2346501880492, "RAIL_TRIP": 158.31360862629793}, "Total_Count": 46, "Total_Duration": 92500.55600000001, "Total_Distance": 561.9595513329873, "Total_Emission": 69.45974626352132}, "end_percents_count": {"BUS": 0.08695652173913043, "FOOT": 0.6086956521739131, "HIGH_SPEED_TRAIN": 0.021739130434782608, "PASSENGER_CAR": 0.41304347826086957, "RAIL_TRIP": 0.3695652173913043}, "end_percents_duration": {"BUS": 0.04701702549766294, "FOOT": 0.43658684602933623, "HIGH_SPEED_TRAIN": 0.009075577880850791, "PASSENGER_CAR": 0.25228175925774976, "RAIL_TRIP": 0.25503879133440016}, "end_percents_distance": {"BUS": 0.0591823601274311, "FOOT": 0.08920356504666811, "HIGH_SPEED_TRAIN": 0.10147421544559437, "PASSENGER_CAR": 0.4684227709336866, "RAIL_TRIP": 0.28171708844661975}}