{"start": {"Count": {"BIKE_TRIP": 1, "BUS": 1, "FOOT": 2, "PASSENGER_CAR": 8, "RAIL_TRIP": 1}, "Duration": {"BIKE_TRIP": 480.953, "BUS": 596.314, "FOOT": 6675.232, "PASSENGER_CAR": 6193.907, "RAIL_TRIP": 300.46}, "Distance": {"BIKE_TRIP": 2.1803167021025693, "BUS": 1.773169597716431, "FOOT": 15.10190711943551, "PASSENGER_CAR": 69.80721354171655, "RAIL_TRIP": 2.6798533498357062}, "Total_Count": 9, "Total_Duration": 14246.865999999998, "Total_Distance": 91.54246031080676, "Total_Emission": 17.31198955665557}, "start_percents_count": {"BIKE_TRIP": 0.1111111111111111, "BUS": 0.1111111111111111, "FOOT": 0.2222222222222222, "PASSENGER_CAR": 0.8888888888888888, "RAIL_TRIP": 0.1111111111111111}, "start_percents_duration": {"BIKE_TRIP": 0.0337585122229689, "BUS": 0.041855801830381505, "FOOT": 0.46854037933676085, "PASSENGER_CAR": 0.4347557561080452, "RAIL_TRIP": 0.021089550501843704}, "start_percents_distance": {"BIKE_TRIP": 0.02381754537402551, "BUS": 0.019369914154547856, "FOOT": 0.16497161064014684, "PASSENGER_CAR": 0.7625664997937103, "RAIL_TRIP": 0.02927443003756962}, "end": {"Count": {"BIKE_TRIP": 1, "FOOT": 2, "PASSENGER_CAR": 6, "RAIL_TRIP": 1, "UNKNOWN": 1}, "Duration": {"BIKE_TRIP": 480.953, "FOOT": 2464.838, "PASSENGER_CAR": 6729.347, "RAIL_TRIP": 2042.281, "UNKNOWN": 240.148}, "Distance": {"BIKE_TRIP": 2.1803167021025693, "FOOT": 3.394409761671759, "PASSENGER_CAR": 81.17055420108942, "RAIL_TRIP": 17.872336827552544, "UNKNOWN": 15.6324840742744}, "Total_Count": 8, "Total_Duration": 11957.567000000001, "Total_Distance": 120.25010156669069, "Total_Emission": 18.29621307815512}, "end_percents_count": {"BIKE_TRIP": 0.125, "FOOT": 0.25, "PASSENGER_CAR": 0.75, "RAIL_TRIP": 0.125, "UNKNOWN": 0.125}, "end_percents_duration": {"BIKE_TRIP": 0.04022164375077304, "FOOT": 0.2061320668326592, "PASSENGER_CAR": 0.5627689144455557, "RAIL_TRIP": 0.17079402523941534, "UNKNOWN": 0.020083349731596735}, "end_percents_distance": {"BIKE_TRIP": 0.018131516511804075, "FOOT": 0.02822791596387318, "PASSENGER_CAR": 0.6750144336141973, "RAIL_TRIP": 0.14862637615021512, "UNKNOWN": 0.1299997577599103}}