{"start": {"Count": {"BIKE_TRIP": 4, "FOOT": 24, "HIGH_SPEED_TRAIN": 1, "MOTORCYCLE": 1, "PASSENGER_CAR": 9, "RAIL_TRIP": 15, "UNKNOWN": 2}, "Duration": {"BIKE_TRIP": 8073.687, "FOOT": 38146.401, "HIGH_SPEED_TRAIN": 5540.963, "MOTORCYCLE": 377.261, "PASSENGER_CAR": 14149.886999999999, "RAIL_TRIP": 20315.422, "UNKNOWN": 476.447}, "Distance": {"BIKE_TRIP": 32.50977409569773, "FOOT": 62.55650902965233, "HIGH_SPEED_TRAIN": 345.5722166110242, "MOTORCYCLE": 12.689685742263515, "PASSENGER_CAR": 205.17217388420178, "RAIL_TRIP": 168.96098876782054, "UNKNOWN": 32.14581697236585}, "Total_Count": 33, "Total_Duration": 87080.06799999998, "Total_Distance": 859.6071651030261, "Total_Emission": 31.758197033114836}, "start_percents_count": {"BIKE_TRIP": 0.12121212121212122, "FOOT": 0.7272727272727273, "HIGH_SPEED_TRAIN": 0.030303030303030304, "MOTORCYCLE": 0.030303030303030304, "PASSENGER_CAR": 0.2727272727272727, "RAIL_TRIP": 0.45454545454545453, "UNKNOWN": 0.06060606060606061}, "start_percents_duration": {"BIKE_TRIP": 0.0927156717424704, "FOOT": 0.4380612220008832, "HIGH_SPEED_TRAIN": 0.06363066919056609, "MOTORCYCLE": 0.004332346180528936, "PASSENGER_CAR": 0.16249283360688235, "RAIL_TRIP": 0.23329589039824822, "UNKNOWN": 0.005471366880420903}, "start_percents_distance": {"BIKE_TRIP": 0.03781933819944527, "FOOT": 0.07277336854463606, "HIGH_SPEED_TRAIN": 0.40201179171139934, "MOTORCYCLE": 0.014762191681758055, "PASSENGER_CAR": 0.23868132120514768, "RAIL_TRIP": 0.1965560498179074, "UNKNOWN": 0.03739593883970603}, "end": {"Count": {"BIKE_TRIP": 4, "FOOT": 30, "HIGH_SPEED_TRAIN": 1, "PASSENGER_CAR": 12, "RAIL_TRIP": 30, "UNKNOWN": 1}, "Duration": {"BIKE_TRIP": 6925.523, "FOOT": 64001.29, "HIGH_SPEED_TRAIN": 661.361, "PASSENGER_CAR": 10458.177, "RAIL_TRIP": 50783.441999999995, "UNKNOWN": 360.772}, "Distance": {"BIKE_TRIP": 27.945195813792314, "FOOT": 80.61389860275818, "HIGH_SPEED_TRAIN": 54.052932747088086, "PASSENGER_CAR": 122.1881680336013, "RAIL_TRIP": 657.0731991794253, "UNKNOWN": 51.67135590630815}, "Total_Count": 45, "Total_Duration": 133190.565, "Total_Distance": 993.5447502829732, "Total_Emission": 28.6515536784021}, "end_percents_count": {"BIKE_TRIP": 0.08888888888888889, "FOOT": 0.6666666666666666, "HIGH_SPEED_TRAIN": 0.022222222222222223, "PASSENGER_CAR": 0.26666666666666666, "RAIL_TRIP": 0.6666666666666666, "UNKNOWN": 0.022222222222222223}, "end_percents_duration": {"BIKE_TRIP": 0.05199709904376485, "FOOT": 0.48052420229616116, "HIGH_SPEED_TRAIN": 0.0049655243973174825, "PASSENGER_CAR": 0.07852040420430681, "RAIL_TRIP": 0.3812840796943837, "UNKNOWN": 0.002708690364065953}, "end_percents_distance": {"BIKE_TRIP": 0.02812676108029678, "FOOT": 0.08113766247549334, "HIGH_SPEED_TRAIN": 0.05440412495933694, "PASSENGER_CAR": 0.12298204786327005, "RAIL_TRIP": 0.6613423290619603, "UNKNOWN": 0.05200707455964268}}