{"start": {"Count": {"FOOT": 9, "PASSENGER_CAR": 13, "RAIL_TRIP": 7, "UNKNOWN": 1}, "Duration": {"FOOT": 16988.560999999998, "PASSENGER_CAR": 16390.577, "RAIL_TRIP": 10264.074, "UNKNOWN": 120.999}, "Distance": {"FOOT": 10.222713819033556, "PASSENGER_CAR": 204.39061356085892, "RAIL_TRIP": 82.73841743695465, "UNKNOWN": 5.617696359629829}, "Total_Count": 23, "Total_Duration": 43764.210999999996, "Total_Distance": 302.96944117647695, "Total_Emission": 45.69520834453296}, "start_percents_count": {"FOOT": 0.391304347826087, "PASSENGER_CAR": 0.5652173913043478, "RAIL_TRIP": 0.30434782608695654, "UNKNOWN": 0.043478260869565216}, "start_percents_duration": {"FOOT": 0.3881838747190027, "PASSENGER_CAR": 0.3745201073086866, "RAIL_TRIP": 0.23453122461181813, "UNKNOWN": 0.0027647933604926637}, "start_percents_distance": {"FOOT": 0.03374173243128807, "PASSENGER_CAR": 0.6746245191171054, "RAIL_TRIP": 0.27309162638868345, "UNKNOWN": 0.018542122062923078}, "end": {"Count": {"BIKE_TRIP": 1, "FOOT": 13, "MOTORCYCLE": 2, "PASSENGER_CAR": 23, "RAIL_TRIP": 15}, "Duration": {"BIKE_TRIP": 6072.988, "FOOT": 25865.997, "MOTORCYCLE": 1245.2849999999999, "PASSENGER_CAR": 35241.752, "RAIL_TRIP": 13252.244}, "Distance": {"BIKE_TRIP": 26.008628549140223, "FOOT": 16.867426957156855, "MOTORCYCLE": 15.678006657182355, "PASSENGER_CAR": 338.770021457315, "RAIL_TRIP": 66.119366006155}, "Total_Count": 36, "Total_Duration": 81678.26599999999, "Total_Distance": 463.4434496269495, "Total_Emission": 72.04574545959898}, "end_percents_count": {"BIKE_TRIP": 0.027777777777777776, "FOOT": 0.3611111111111111, "MOTORCYCLE": 0.05555555555555555, "PASSENGER_CAR": 0.6388888888888888, "RAIL_TRIP": 0.4166666666666667}, "end_percents_duration": {"BIKE_TRIP": 0.0743525578762899, "FOOT": 0.316681514761834, "MOTORCYCLE": 0.015246222293700505, "PASSENGER_CAR": 0.43147037426088364, "RAIL_TRIP": 0.16224933080729215}, "end_percents_distance": {"BIKE_TRIP": 0.05612039304919719, "FOOT": 0.036395868731631344, "MOTORCYCLE": 0.033829384512398274, "PASSENGER_CAR": 0.7309845931148864, "RAIL_TRIP": 0.14266976059188674}}