{"start": {"Count": {"BUS": 1, "FOOT": 2, "PASSENGER_CAR": 3}, "Duration": {"BUS": 240.153, "FOOT": 1442.358, "PASSENGER_CAR": 4027.288}, "Distance": {"BUS": 0.7128317064295031, "FOOT": 2.8642024694606025, "PASSENGER_CAR": 57.17154905169266}, "Total_Count": 5, "Total_Duration": 5709.799000000001, "Total_Distance": 60.74858322758277, "Total_Emission": 14.422953895957463}, "start_percents_count": {"BUS": 0.2, "FOOT": 0.4, "PASSENGER_CAR": 0.6}, "start_percents_duration": {"BUS": 0.04205979930291766, "FOOT": 0.25261099383708596, "PASSENGER_CAR": 0.7053292068599962}, "start_percents_distance": {"BUS": 0.011734128905673694, "FOOT": 0.04714846531861367, "PASSENGER_CAR": 0.9411174057757126}, "end": {"Count": {"BIKE_TRIP": 1, "BUS": 1, "FOOT": 2, "PASSENGER_CAR": 2}, "Duration": {"BIKE_TRIP": 1767.436, "BUS": 240.153, "FOOT": 2064.0119999999997, "PASSENGER_CAR": 842.1980000000001}, "Distance": {"BIKE_TRIP": 8.490257074835869, "BUS": 0.7128317064295031, "FOOT": 3.1574511550091424, "PASSENGER_CAR": 3.024976681527267}, "Total_Count": 5, "Total_Duration": 4913.799, "Total_Distance": 15.385516617801782, "Total_Emission": 0.6503558506730549}, "end_percents_count": {"BIKE_TRIP": 0.2, "BUS": 0.2, "FOOT": 0.4, "PASSENGER_CAR": 0.4}, "end_percents_duration": {"BIKE_TRIP": 0.35968829819860354, "BUS": 0.04887318345744301, "FOOT": 0.420044043315569, "PASSENGER_CAR": 0.17139447502838437}, "end_percents_distance": {"BIKE_TRIP": 0.5518343833194547, "BUS": 0.046331346820341575, "FOOT": 0.20522230312083375, "PASSENGER_CAR": 0.19661196673936993}}