{"start": {"Count": {"BIKE_TRIP": 1, "BUS": 1, "FOOT": 19, "PASSENGER_CAR": 13, "RAIL_TRIP": 5}, "Duration": {"BIKE_TRIP": 1501.8870000000002, "BUS": 152.721, "FOOT": 62724.225, "PASSENGER_CAR": 11361.604, "RAIL_TRIP": 5278.274}, "Distance": {"BIKE_TRIP": 8.11557372093462, "BUS": 1.130477552113612, "FOOT": 35.32125241707991, "PASSENGER_CAR": 140.95168696389405, "RAIL_TRIP": 36.324242300777144}, "Total_Count": 29, "Total_Duration": 81018.711, "Total_Distance": 221.84323295479933, "Total_Emission": 23.324475756034936}, "start_percents_count": {"BIKE_TRIP": 0.034482758620689655, "BUS": 0.034482758620689655, "FOOT": 0.6551724137931034, "PASSENGER_CAR": 0.4482758620689655, "RAIL_TRIP": 0.1724137931034483}, "start_percents_duration": {"BIKE_TRIP": 0.018537532644773876, "BUS": 0.0018850090073637435, "FOOT": 0.7741943092627085, "PASSENGER_CAR": 0.14023432192101895, "RAIL_TRIP": 0.06514882716413498}, "start_percents_distance": {"BIKE_TRIP": 0.03658247138233949, "BUS": 0.005095839692995942, "FOOT": 0.1592171730758929, "PASSENGER_CAR": 0.6353661776675109, "RAIL_TRIP": 0.16373833818126077}, "end": {"Count": {"BIKE_TRIP": 1, "FOOT": 22, "PASSENGER_CAR": 15, "RAIL_TRIP": 12}, "Duration": {"BIKE_TRIP": 300.085, "FOOT": 29469.422000000002, "PASSENGER_CAR": 10463.785, "RAIL_TRIP": 10481.743}, "Distance": {"BIKE_TRIP": 2.6005501725356472, "FOOT": 42.06429033779536, "PASSENGER_CAR": 122.33993954093339, "RAIL_TRIP": 89.49294217101674}, "Total_Count": 37, "Total_Duration": 50715.034999999996, "Total_Distance": 256.49772222228114, "Total_Emission": 24.191321898285015}, "end_percents_count": {"BIKE_TRIP": 0.02702702702702703, "FOOT": 0.5945945945945946, "PASSENGER_CAR": 0.40540540540540543, "RAIL_TRIP": 0.32432432432432434}, "end_percents_duration": {"BIKE_TRIP": 0.005917081591287475, "FOOT": 0.5810786091343525, "PASSENGER_CAR": 0.2063251065487779, "RAIL_TRIP": 0.2066792027255823}, "end_percents_distance": {"BIKE_TRIP": 0.010138687197705437, "FOOT": 0.16399479096092096, "PASSENGER_CAR": 0.47696306415896156, "RAIL_TRIP": 0.348903457682412}}