{"start": {"Count": {"BIKE_TRIP": 1, "BUS": 1, "FOOT": 25, "MOTORCYCLE": 1, "PASSENGER_CAR": 9, "RAIL_TRIP": 16}, "Duration": {"BIKE_TRIP": 780.865, "BUS": 651.164, "FOOT": 56019.686, "MOTORCYCLE": 334.033, "PASSENGER_CAR": 14201.999, "RAIL_TRIP": 29245.665}, "Distance": {"BIKE_TRIP": 1.107143442166921, "BUS": 3.125251212184661, "FOOT": 62.20912086641156, "MOTORCYCLE": 3.587597434494557, "PASSENGER_CAR": 161.48317029358446, "RAIL_TRIP": 176.71531861099476}, "Total_Count": 34, "Total_Duration": 101233.41200000001, "Total_Distance": 408.22760185983697, "Total_Emission": 30.96453992218309}, "start_percents_count": {"BIKE_TRIP": 0.029411764705882353, "BUS": 0.029411764705882353, "FOOT": 0.7352941176470589, "MOTORCYCLE": 0.029411764705882353, "PASSENGER_CAR": 0.2647058823529412, "RAIL_TRIP": 0.47058823529411764}, "start_percents_duration": {"BIKE_TRIP": 0.007713510634216299, "BUS": 0.006432303200449274, "FOOT": 0.5533715093984978, "MOTORCYCLE": 0.003299631943651173, "PASSENGER_CAR": 0.14028964073640032, "RAIL_TRIP": 0.2888934040867851}, "start_percents_distance": {"BIKE_TRIP": 0.0027120739438560885, "BUS": 0.007655658750036459, "FOOT": 0.15238832598039456, "MOTORCYCLE": 0.008788228473895163, "PASSENGER_CAR": 0.3955714154503177, "RAIL_TRIP": 0.4328842974014999}, "end": {"Count": {"BIKE_TRIP": 2, "FOOT": 20, "PASSENGER_CAR": 8, "RAIL_TRIP": 12}, "Duration": {"BIKE_TRIP": 1562.859, "FOOT": 52662.989, "PASSENGER_CAR": 11889.085, "RAIL_TRIP": 26277.796}, "Distance": {"BIKE_TRIP": 3.039138410018987, "FOOT": 48.114482509797924, "PASSENGER_CAR": 164.52669840161315, "RAIL_TRIP": 154.4130858647225}, "Total_Count": 30, "Total_Duration": 92392.72899999999, "Total_Distance": 370.09340518615255, "Total_Emission": 33.60732372270782}, "end_percents_count": {"BIKE_TRIP": 0.06666666666666667, "FOOT": 0.6666666666666666, "PASSENGER_CAR": 0.26666666666666666, "RAIL_TRIP": 0.4}, "end_percents_duration": {"BIKE_TRIP": 0.016915389521614844, "FOOT": 0.5699906212316773, "PASSENGER_CAR": 0.12867987696304545, "RAIL_TRIP": 0.2844141122836625}, "end_percents_distance": {"BIKE_TRIP": 0.008211814551222107, "FOOT": 0.1300063222839567, "PASSENGER_CAR": 0.4445545262252327, "RAIL_TRIP": 0.4172273369395884}}