{"start": {"Count": {"FOOT": 21, "PASSENGER_CAR": 8, "RAIL_TRIP": 9}, "Duration": {"FOOT": 54004.755, "PASSENGER_CAR": 13103.023000000001, "RAIL_TRIP": 15142.518}, "Distance": {"FOOT": 59.820950654054585, "PASSENGER_CAR": 71.48468871733857, "RAIL_TRIP": 103.15411624282486}, "Total_Count": 25, "Total_Duration": 82250.296, "Total_Distance": 234.459755614218, "Total_Emission": 17.732263474227807}, "start_percents_count": {"FOOT": 0.84, "PASSENGER_CAR": 0.32, "RAIL_TRIP": 0.36}, "start_percents_duration": {"FOOT": 0.656590403030282, "PASSENGER_CAR": 0.15930669720629334, "RAIL_TRIP": 0.18410289976342456}, "start_percents_distance": {"FOOT": 0.25514379001778226, "PASSENGER_CAR": 0.30489108260847997, "RAIL_TRIP": 0.4399651273737378}, "end": {"Count": {"BIKE_TRIP": 1, "FOOT": 27, "PASSENGER_CAR": 8, "RAIL_TRIP": 10, "UNKNOWN": 2}, "Duration": {"BIKE_TRIP": 721.546, "FOOT": 65949.549, "PASSENGER_CAR": 17138.949, "RAIL_TRIP": 14195.952000000001, "UNKNOWN": 1263.3919999999998}, "Distance": {"BIKE_TRIP": 2.801320073298461, "FOOT": 78.22016191416036, "PASSENGER_CAR": 153.02834680857922, "RAIL_TRIP": 76.82100202292585, "UNKNOWN": 38.293514614463135}, "Total_Count": 30, "Total_Duration": 99269.388, "Total_Distance": 349.16434543342706, "Total_Emission": 30.07741734499852}, "end_percents_count": {"BIKE_TRIP": 0.03333333333333333, "FOOT": 0.9, "PASSENGER_CAR": 0.26666666666666666, "RAIL_TRIP": 0.3333333333333333, "UNKNOWN": 0.06666666666666667}, "end_percents_duration": {"BIKE_TRIP": 0.007268565008177547, "FOOT": 0.6643493057497242, "PASSENGER_CAR": 0.1726508981802124, "RAIL_TRIP": 0.14300432677191482, "UNKNOWN": 0.012726904289971041}, "end_percents_distance": {"BIKE_TRIP": 0.008022927054081388, "FOOT": 0.22402104606947645, "PASSENGER_CAR": 0.4382702552822827, "RAIL_TRIP": 0.22001387893018082, "UNKNOWN": 0.10967189266397853}}