{"start": {"Count": {"BIKE_TRIP": 1, "BUS": 3, "FOOT": 26, "HIGH_SPEED_TRAIN": 1, "MOTORCYCLE": 1, "PASSENGER_CAR": 28, "RAIL_TRIP": 12, "UNKNOWN": 2}, "Duration": {"BIKE_TRIP": 1262.4899999999998, "BUS": 1502.726, "FOOT": 221320.603, "HIGH_SPEED_TRAIN": 4029.296, "MOTORCYCLE": 180.329, "PASSENGER_CAR": 67296.845, "RAIL_TRIP": 18389.143, "UNKNOWN": 2300.77}, "Distance": {"BIKE_TRIP": 14.743517771845918, "BUS": 8.581136588322144, "FOOT": 66.28965732981693, "HIGH_SPEED_TRAIN": 238.3143805823998, "MOTORCYCLE": 1.6863231780937578, "PASSENGER_CAR": 1043.9508275186545, "RAIL_TRIP": 123.99510692006922, "UNKNOWN": 124.74783439706478}, "Total_Count": 46, "Total_Duration": 316282.20199999993, "Total_Distance": 1622.3087842862672, "Total_Emission": 198.14649878015794}, "start_percents_count": {"BIKE_TRIP": 0.021739130434782608, "BUS": 0.06521739130434782, "FOOT": 0.5652173913043478, "HIGH_SPEED_TRAIN": 0.021739130434782608, "MOTORCYCLE": 0.021739130434782608, "PASSENGER_CAR": 0.6086956521739131, "RAIL_TRIP": 0.2608695652173913, "UNKNOWN": 0.043478260869565216}, "start_percents_duration": {"BIKE_TRIP": 0.003991656792625973, "BUS": 0.004751218976273602, "FOOT": 0.6997567412914371, "HIGH_SPEED_TRAIN": 0.012739559717622051, "MOTORCYCLE": 0.0005701522212116129, "PASSENGER_CAR": 0.212774682149203, "RAIL_TRIP": 0.05814156751064988, "UNKNOWN": 0.007274421340977007}, "start_percents_distance": {"BIKE_TRIP": 0.009087984922877866, "BUS": 0.005289459486035764, "FOOT": 0.040861307028538955, "HIGH_SPEED_TRAIN": 0.14689828649805772, "MOTORCYCLE": 0.0010394588221598355, "PASSENGER_CAR": 0.643496994918843, "RAIL_TRIP": 0.07643126149663347, "UNKNOWN": 0.07689524682685328}, "end": {"Count": {"BIKE_TRIP": 1, "BUS": 1, "FOOT": 33, "HIGH_SPEED_TRAIN": 1, "MOTORCYCLE": 3, "PASSENGER_CAR": 30, "RAIL_TRIP": 15, "UNKNOWN": 1}, "Duration": {"BIKE_TRIP": 1262.4899999999998, "BUS": 120.295, "FOOT": 84934.62, "HIGH_SPEED_TRAIN": 4029.296, "MOTORCYCLE": 2446.794, "PASSENGER_CAR": 94035.946, "RAIL_TRIP": 28020.33, "UNKNOWN": 2164.759}, "Distance": {"BIKE_TRIP": 14.743517771845918, "BUS": 3.2808609499863026, "FOOT": 80.48657001436158, "HIGH_SPEED_TRAIN": 238.3143805823998, "MOTORCYCLE": 24.171226168013025, "PASSENGER_CAR": 1376.799480874481, "RAIL_TRIP": 109.40005094506346, "UNKNOWN": 108.39158950451478}, "Total_Count": 53, "Total_Duration": 217014.53000000003, "Total_Distance": 1955.587676810666, "Total_Emission": 275.769735066566}, "end_percents_count": {"BIKE_TRIP": 0.018867924528301886, "BUS": 0.018867924528301886, "FOOT": 0.6226415094339622, "HIGH_SPEED_TRAIN": 0.018867924528301886, "MOTORCYCLE": 0.05660377358490566, "PASSENGER_CAR": 0.5660377358490566, "RAIL_TRIP": 0.2830188679245283, "UNKNOWN": 0.018867924528301886}, "end_percents_duration": {"BIKE_TRIP": 0.0058175367336002785, "BUS": 0.0005543177224124117, "FOOT": 0.39137757273671947, "HIGH_SPEED_TRAIN": 0.018566941116799872, "MOTORCYCLE": 0.011274793443554216, "PASSENGER_CAR": 0.4333163590474794, "RAIL_TRIP": 0.12911729919651002, "UNKNOWN": 0.009975180002924227}, "end_percents_distance": {"BIKE_TRIP": 0.007539175024814467, "BUS": 0.0016776854287285149, "FOOT": 0.041157229087077155, "HIGH_SPEED_TRAIN": 0.1218633065693391, "MOTORCYCLE": 0.012360083086345409, "PASSENGER_CAR": 0.7040336248793915, "RAIL_TRIP": 0.05594228898163344, "UNKNOWN": 0.055426606942670424}}