{"start": {"Count": {"FOOT": 4, "PASSENGER_CAR": 9, "RAIL_TRIP": 6}, "Duration": {"FOOT": 6413.232, "PASSENGER_CAR": 5907.851, "RAIL_TRIP": 3173.933}, "Distance": {"FOOT": 11.075133520465595, "PASSENGER_CAR": 45.11441374979897, "RAIL_TRIP": 13.953163122520948}, "Total_Count": 17, "Total_Duration": 15495.016, "Total_Distance": 70.1427103927855, "Total_Emission": 9.735973768159713}, "start_percents_count": {"FOOT": 0.23529411764705882, "PASSENGER_CAR": 0.5294117647058824, "RAIL_TRIP": 0.35294117647058826}, "start_percents_duration": {"FOOT": 0.41388998888416767, "PASSENGER_CAR": 0.38127427554769866, "RAIL_TRIP": 0.20483573556813364}, "start_percents_distance": {"FOOT": 0.15789429091700344, "PASSENGER_CAR": 0.6431803603990642, "RAIL_TRIP": 0.19892534868393244}, "end": {"Count": {"BIKE_TRIP": 1, "FOOT": 5, "PASSENGER_CAR": 10, "RAIL_TRIP": 7}, "Duration": {"BIKE_TRIP": 841.4580000000001, "FOOT": 9269.136999999999, "PASSENGER_CAR": 14815.562, "RAIL_TRIP": 10280.362000000001}, "Distance": {"BIKE_TRIP": 3.282164615695719, "FOOT": 7.90029696447305, "PASSENGER_CAR": 181.9979037347271, "RAIL_TRIP": 116.1094183222753}, "Total_Count": 18, "Total_Duration": 35206.51900000001, "Total_Distance": 309.2897836371712, "Total_Emission": 39.886490169594964}, "end_percents_count": {"BIKE_TRIP": 0.05555555555555555, "FOOT": 0.2777777777777778, "PASSENGER_CAR": 0.5555555555555556, "RAIL_TRIP": 0.3888888888888889}, "end_percents_duration": {"BIKE_TRIP": 0.023900630448582545, "FOOT": 0.26327899671080796, "PASSENGER_CAR": 0.42081871257990594, "RAIL_TRIP": 0.2920016602607034}, "end_percents_distance": {"BIKE_TRIP": 0.010611939964839048, "FOOT": 0.02554334925508213, "PASSENGER_CAR": 0.5884381358946839, "RAIL_TRIP": 0.3754065748853949}}