{"start": {"Count": {"BIKE_TRIP": 1, "FOOT": 4, "PASSENGER_CAR": 7, "RAIL_TRIP": 2}, "Duration": {"BIKE_TRIP": 2163.57, "FOOT": 6734.072, "PASSENGER_CAR": 17372.452, "RAIL_TRIP": 3608.182}, "Distance": {"BIKE_TRIP": 23.29894557983466, "FOOT": 6.614933899870882, "PASSENGER_CAR": 207.840390965641, "RAIL_TRIP": 16.736695141925797}, "Total_Count": 9, "Total_Duration": 29878.275999999998, "Total_Distance": 254.4909655872723, "Total_Emission": 31.63814006531635}, "start_percents_count": {"BIKE_TRIP": 0.1111111111111111, "FOOT": 0.4444444444444444, "PASSENGER_CAR": 0.7777777777777778, "RAIL_TRIP": 0.2222222222222222}, "start_percents_duration": {"BIKE_TRIP": 0.07241281257325557, "FOOT": 0.2253835529198539, "PASSENGER_CAR": 0.5814409104461048, "RAIL_TRIP": 0.12076272406078584}, "start_percents_distance": {"BIKE_TRIP": 0.09155116970879179, "FOOT": 0.02599280443848381, "PASSENGER_CAR": 0.8166906455245718, "RAIL_TRIP": 0.06576538032815275}, "end": {"Count": {"FOOT": 2, "PASSENGER_CAR": 10, "RAIL_TRIP": 2}, "Duration": {"FOOT": 509.342, "PASSENGER_CAR": 17891.933, "RAIL_TRIP": 1141.386}, "Distance": {"FOOT": 1.1956899339884428, "PASSENGER_CAR": 289.4892041871353, "RAIL_TRIP": 3.6936045033377987}, "Total_Count": 11, "Total_Duration": 19542.661, "Total_Distance": 294.3784986244615, "Total_Emission": 53.81175784634109}, "end_percents_count": {"FOOT": 0.18181818181818182, "PASSENGER_CAR": 0.9090909090909091, "RAIL_TRIP": 0.18181818181818182}, "end_percents_duration": {"FOOT": 0.02606308322085718, "PASSENGER_CAR": 0.9155320762100924, "RAIL_TRIP": 0.058404840569050445}, "end_percents_distance": {"FOOT": 0.004061743434304908, "PASSENGER_CAR": 0.9833911292428885, "RAIL_TRIP": 0.012547127322806712}}