{"start": {"Count": {"BIKE_TRIP": 4, "FOOT": 6, "PASSENGER_CAR": 4, "RAIL_TRIP": 5, "UNKNOWN": 1}, "Duration": {"BIKE_TRIP": 7737.987999999999, "FOOT": 9403.902, "PASSENGER_CAR": 13267.973, "RAIL_TRIP": 12968.469, "UNKNOWN": 240.426}, "Distance": {"BIKE_TRIP": 18.152148067845797, "FOOT": 12.546653700480084, "PASSENGER_CAR": 234.43113423866873, "RAIL_TRIP": 86.68459343573437, "UNKNOWN": 5.185873310811843}, "Total_Count": 12, "Total_Duration": 43618.758, "Total_Distance": 357.0004027535408, "Total_Emission": 50.43248834541161}, "start_percents_count": {"BIKE_TRIP": 0.3333333333333333, "FOOT": 0.5, "PASSENGER_CAR": 0.3333333333333333, "RAIL_TRIP": 0.4166666666666667, "UNKNOWN": 0.08333333333333333}, "start_percents_duration": {"BIKE_TRIP": 0.1774004661022214, "FOOT": 0.2155930712194969, "PASSENGER_CAR": 0.3041804399841004, "RAIL_TRIP": 0.2973140363143765, "UNKNOWN": 0.005511986379804761}, "start_percents_distance": {"BIKE_TRIP": 0.05084629576840375, "FOOT": 0.03514464858781071, "PASSENGER_CAR": 0.6566691029772055, "RAIL_TRIP": 0.2428137132819372, "UNKNOWN": 0.014526239384642847}, "end": {"Count": {"BIKE_TRIP": 1, "FOOT": 2, "MOTORCYCLE": 1, "PASSENGER_CAR": 5, "RAIL_TRIP": 2}, "Duration": {"BIKE_TRIP": 1265.58, "FOOT": 3014.204, "MOTORCYCLE": 239.588, "PASSENGER_CAR": 11683.16, "RAIL_TRIP": 2915.5640000000003}, "Distance": {"BIKE_TRIP": 1.630691339129386, "FOOT": 4.0200833791059996, "MOTORCYCLE": 4.4186132847999815, "PASSENGER_CAR": 130.54343123298014, "RAIL_TRIP": 26.348968542216646}, "Total_Count": 8, "Total_Duration": 19118.096, "Total_Distance": 166.96178777823218, "Total_Emission": 32.49399435810563}, "end_percents_count": {"BIKE_TRIP": 0.125, "FOOT": 0.25, "MOTORCYCLE": 0.125, "PASSENGER_CAR": 0.625, "RAIL_TRIP": 0.25}, "end_percents_duration": {"BIKE_TRIP": 0.06619801469769793, "FOOT": 0.1576623529874523, "MOTORCYCLE": 0.012532001094669678, "PASSENGER_CAR": 0.6111047878407975, "RAIL_TRIP": 0.15250284337938255}, "end_percents_distance": {"BIKE_TRIP": 0.009766853606619018, "FOOT": 0.024077864957014566, "MOTORCYCLE": 0.026464817750208966, "PASSENGER_CAR": 0.7818760985380385, "RAIL_TRIP": 0.15781436514811878}}