{"start": {"Count": {"FOOT": 14, "MOTORCYCLE": 1, "PASSENGER_CAR": 17, "RAIL_TRIP": 11}, "Duration": {"FOOT": 16117.405, "MOTORCYCLE": 480.856, "PASSENGER_CAR": 18608.135, "RAIL_TRIP": 16409.049}, "Distance": {"FOOT": 14.474182965340468, "MOTORCYCLE": 4.275064897835387, "PASSENGER_CAR": 238.97579547279403, "RAIL_TRIP": 163.97925328236948}, "Total_Count": 26, "Total_Duration": 51615.445, "Total_Distance": 421.7042966183394, "Total_Emission": 46.993414577100346}, "start_percents_count": {"FOOT": 0.5384615384615384, "MOTORCYCLE": 0.038461538461538464, "PASSENGER_CAR": 0.6538461538461539, "RAIL_TRIP": 0.4230769230769231}, "start_percents_duration": {"FOOT": 0.3122593440781146, "MOTORCYCLE": 0.009316126209897057, "PASSENGER_CAR": 0.36051486139468525, "RAIL_TRIP": 0.31790966831730305}, "start_percents_distance": {"FOOT": 0.03432306258534574, "MOTORCYCLE": 0.010137589140346145, "PASSENGER_CAR": 0.5666904449140043, "RAIL_TRIP": 0.38884890336030364}, "end": {"Count": {"BIKE_TRIP": 1, "BUS": 1, "FOOT": 13, "MOTORCYCLE": 1, "PASSENGER_CAR": 14, "RAIL_TRIP": 10}, "Duration": {"BIKE_TRIP": 780.9580000000001, "BUS": 1343.03, "FOOT": 23199.888000000003, "MOTORCYCLE": 939.222, "PASSENGER_CAR": 24754.309, "RAIL_TRIP": 10964.112}, "Distance": {"BIKE_TRIP": 1.0825912231905104, "BUS": 32.82651028948472, "FOOT": 28.229303583985562, "MOTORCYCLE": 6.937922731819146, "PASSENGER_CAR": 305.5714188952002, "RAIL_TRIP": 70.91365203282696}, "Total_Count": 21, "Total_Duration": 61981.519, "Total_Distance": 445.5613987565072, "Total_Emission": 72.27282078942032}, "end_percents_count": {"BIKE_TRIP": 0.047619047619047616, "BUS": 0.047619047619047616, "FOOT": 0.6190476190476191, "MOTORCYCLE": 0.047619047619047616, "PASSENGER_CAR": 0.6666666666666666, "RAIL_TRIP": 0.47619047619047616}, "end_percents_duration": {"BIKE_TRIP": 0.012599852546369509, "BUS": 0.02166823307444272, "FOOT": 0.37430331450895876, "MOTORCYCLE": 0.015153258828651811, "PASSENGER_CAR": 0.3993820964600755, "RAIL_TRIP": 0.17689324458150177}, "end_percents_distance": {"BIKE_TRIP": 0.002429723998110821, "BUS": 0.07367449330462295, "FOOT": 0.06335670832969188, "MOTORCYCLE": 0.015571193445351895, "PASSENGER_CAR": 0.6858121456391929, "RAIL_TRIP": 0.1591557352830294}}