{"start": {"Count": {"FOOT": 9, "PASSENGER_CAR": 5, "RAIL_TRIP": 8, "UNKNOWN": 1}, "Duration": {"FOOT": 6630.4130000000005, "PASSENGER_CAR": 6382.922, "RAIL_TRIP": 10139.686, "UNKNOWN": 133.106}, "Distance": {"FOOT": 9.671348374189217, "PASSENGER_CAR": 73.49699082170737, "RAIL_TRIP": 57.334760876120995, "UNKNOWN": 12.048276601117315}, "Total_Count": 18, "Total_Duration": 23286.126999999997, "Total_Distance": 152.55137667313488, "Total_Emission": 16.581100913453017}, "start_percents_count": {"FOOT": 0.5, "PASSENGER_CAR": 0.2777777777777778, "RAIL_TRIP": 0.4444444444444444, "UNKNOWN": 0.05555555555555555}, "start_percents_duration": {"FOOT": 0.2847366159258687, "PASSENGER_CAR": 0.27410835644759646, "RAIL_TRIP": 0.4354389203494424, "UNKNOWN": 0.005716107277092495}, "start_percents_distance": {"FOOT": 0.0633973195463951, "PASSENGER_CAR": 0.481785169197038, "RAIL_TRIP": 0.3758390263430376, "UNKNOWN": 0.07897848491352934}, "end": {"Count": {"BIKE_TRIP": 1, "FOOT": 11, "PASSENGER_CAR": 4, "RAIL_TRIP": 10, "UNKNOWN": 1}, "Duration": {"BIKE_TRIP": 240.262, "FOOT": 85878.83499999999, "PASSENGER_CAR": 6089.439, "RAIL_TRIP": 17210.604, "UNKNOWN": 133.106}, "Distance": {"BIKE_TRIP": 0.3519490926355456, "FOOT": 18.68627136978731, "PASSENGER_CAR": 30.67088177123015, "RAIL_TRIP": 94.6798273856603, "UNKNOWN": 12.048276601117315}, "Total_Count": 21, "Total_Duration": 109552.246, "Total_Distance": 156.4372062204306, "Total_Emission": 4.89237129900791}, "end_percents_count": {"BIKE_TRIP": 0.047619047619047616, "FOOT": 0.5238095238095238, "PASSENGER_CAR": 0.19047619047619047, "RAIL_TRIP": 0.47619047619047616, "UNKNOWN": 0.047619047619047616}, "end_percents_duration": {"BIKE_TRIP": 0.002193127103939065, "FOOT": 0.7839075704572958, "PASSENGER_CAR": 0.05558479376132554, "RAIL_TRIP": 0.15709950848474616, "UNKNOWN": 0.0012150001926934477}, "end_percents_distance": {"BIKE_TRIP": 0.0022497786884510423, "FOOT": 0.11944902252637452, "PASSENGER_CAR": 0.19605874147364152, "RAIL_TRIP": 0.6052257622924436, "UNKNOWN": 0.0770166950190895}}