{"start": {"Count": {"BUS": 4, "FOOT": 3, "PASSENGER_CAR": 5, "RAIL_TRIP": 3, "SCOOTER": 1}, "Duration": {"BUS": 1290.192, "FOOT": 5279.064, "PASSENGER_CAR": 6298.562, "RAIL_TRIP": 1685.836, "SCOOTER": 349.001}, "Distance": {"BUS": 8.46356044832883, "FOOT": 9.333745250739451, "PASSENGER_CAR": 76.09067310877502, "RAIL_TRIP": 16.278087288508246, "SCOOTER": 2.297254911526281}, "Total_Count": 8, "Total_Duration": 14902.655, "Total_Distance": 112.46332100787781, "Total_Emission": 17.788979808535093}, "start_percents_count": {"BUS": 0.5, "FOOT": 0.375, "PASSENGER_CAR": 0.625, "RAIL_TRIP": 0.375, "SCOOTER": 0.125}, "start_percents_duration": {"BUS": 0.08657464055901448, "FOOT": 0.35423647665466323, "PASSENGER_CAR": 0.42264697129471224, "RAIL_TRIP": 0.11312319851731117, "SCOOTER": 0.023418712974298872}, "start_percents_distance": {"BUS": 0.07525618461628014, "FOOT": 0.08299368333686005, "PASSENGER_CAR": 0.6765821285274426, "RAIL_TRIP": 0.1447413000312164, "SCOOTER": 0.02042670348820095}, "end": {"Count": {"BIKE_TRIP": 2, "FOOT": 2, "PASSENGER_CAR": 5, "RAIL_TRIP": 1, "SCOOTER": 1}, "Duration": {"BIKE_TRIP": 873.422, "FOOT": 2144.8360000000002, "PASSENGER_CAR": 5245.482, "RAIL_TRIP": 540.49, "SCOOTER": 873.0}, "Distance": {"BIKE_TRIP": 8.735231298870266, "FOOT": 2.825722540145872, "PASSENGER_CAR": 28.555172266832916, "RAIL_TRIP": 3.2208777930575447, "SCOOTER": 6.051639513846706}, "Total_Count": 7, "Total_Duration": 9677.23, "Total_Distance": 49.38864341275331, "Total_Emission": 6.961615495621855}, "end_percents_count": {"BIKE_TRIP": 0.2857142857142857, "FOOT": 0.2857142857142857, "PASSENGER_CAR": 0.7142857142857143, "RAIL_TRIP": 0.14285714285714285, "SCOOTER": 0.14285714285714285}, "end_percents_duration": {"BIKE_TRIP": 0.09025537266345846, "FOOT": 0.2216373900382651, "PASSENGER_CAR": 0.5420437459892965, "RAIL_TRIP": 0.05585172616544198, "SCOOTER": 0.09021176514353797}, "end_percents_distance": {"BIKE_TRIP": 0.17686720458927657, "FOOT": 0.057214014090862915, "PASSENGER_CAR": 0.5781728408328644, "RAIL_TRIP": 0.0652149476174079, "SCOOTER": 0.12253099286958812}}