{"start": {"Count": {"BIKE_TRIP": 4, "BUS": 3, "FOOT": 101, "PASSENGER_CAR": 40, "RAIL_TRIP": 39}, "Duration": {"BIKE_TRIP": 3126.398, "BUS": 903.525, "FOOT": 208488.576, "PASSENGER_CAR": 57311.417, "RAIL_TRIP": 44343.885}, "Distance": {"BIKE_TRIP": 16.98879234310208, "BUS": 5.363449769147601, "FOOT": 236.0794664351124, "PASSENGER_CAR": 455.60873678470807, "RAIL_TRIP": 241.15297453390207}, "Total_Count": 133, "Total_Duration": 314173.80100000004, "Total_Distance": 955.1934198659721, "Total_Emission": 92.69517280182083}, "start_percents_count": {"BIKE_TRIP": 0.03007518796992481, "BUS": 0.022556390977443608, "FOOT": 0.7593984962406015, "PASSENGER_CAR": 0.3007518796992481, "RAIL_TRIP": 0.2932330827067669}, "start_percents_duration": {"BIKE_TRIP": 0.009951173490752018, "BUS": 0.0028758763369960308, "FOOT": 0.6636090448547617, "PASSENGER_CAR": 0.18241946596941097, "RAIL_TRIP": 0.1411444393480792}, "start_percents_distance": {"BIKE_TRIP": 0.01778570914515498, "BUS": 0.005615040532733331, "FOOT": 0.24715357280019568, "PASSENGER_CAR": 0.47698060655467744, "RAIL_TRIP": 0.2524650709672387}, "end": {"Count": {"BIKE_TRIP": 10, "BUS": 3, "FOOT": 115, "MOTORCYCLE": 1, "PASSENGER_CAR": 53, "RAIL_TRIP": 67, "SCOOTER": 1, "UNKNOWN": 3}, "Duration": {"BIKE_TRIP": 15499.106000000002, "BUS": 1682.849, "FOOT": 278516.173, "MOTORCYCLE": 404.777, "PASSENGER_CAR": 76552.374, "RAIL_TRIP": 88886.823, "SCOOTER": 623.762, "UNKNOWN": 747.607}, "Distance": {"BIKE_TRIP": 110.0641450104121, "BUS": 7.679564964636803, "FOOT": 366.89643057547124, "MOTORCYCLE": 2.161201203898391, "PASSENGER_CAR": 508.59853490977196, "RAIL_TRIP": 578.7366844248347, "SCOOTER": 3.8935240363555415, "UNKNOWN": 19.853579099111933}, "Total_Count": 160, "Total_Duration": 462913.471, "Total_Distance": 1597.8836642244926, "Total_Emission": 94.45741333842034}, "end_percents_count": {"BIKE_TRIP": 0.0625, "BUS": 0.01875, "FOOT": 0.71875, "MOTORCYCLE": 0.00625, "PASSENGER_CAR": 0.33125, "RAIL_TRIP": 0.41875, "SCOOTER": 0.00625, "UNKNOWN": 0.01875}, "end_percents_duration": {"BIKE_TRIP": 0.033481648236588044, "BUS": 0.0036353424677071015, "FOOT": 0.6016592526424879, "MOTORCYCLE": 0.0008744117969295388, "PASSENGER_CAR": 0.16537080641578475, "RAIL_TRIP": 0.1920160647042393, "SCOOTER": 0.0013474699680969102, "UNKNOWN": 0.0016150037681664268}, "end_percents_distance": {"BIKE_TRIP": 0.06888120047452265, "BUS": 0.0048060851591244964, "FOOT": 0.22961398178730277, "MOTORCYCLE": 0.001352539770126066, "PASSENGER_CAR": 0.3182950963808821, "RAIL_TRIP": 0.36218949938743844, "SCOOTER": 0.0024366755374805094, "UNKNOWN": 0.01242492150312304}}