{"start": {"Count": {"BUS": 1, "FOOT": 20, "PASSENGER_CAR": 10, "RAIL_TRIP": 10}, "Duration": {"BUS": 1679.15, "FOOT": 22866.897, "PASSENGER_CAR": 8943.954, "RAIL_TRIP": 16398.063000000002}, "Distance": {"BUS": 0.4206268331782919, "FOOT": 36.17550706818869, "PASSENGER_CAR": 75.38772161533626, "RAIL_TRIP": 94.24608782605839}, "Total_Count": 29, "Total_Duration": 49888.064, "Total_Distance": 206.2299433427616, "Total_Emission": 13.267456899202656}, "start_percents_count": {"BUS": 0.034482758620689655, "FOOT": 0.6896551724137931, "PASSENGER_CAR": 0.3448275862068966, "RAIL_TRIP": 0.3448275862068966}, "start_percents_duration": {"BUS": 0.03365835162494981, "FOOT": 0.458364088852997, "PASSENGER_CAR": 0.17928043870373483, "RAIL_TRIP": 0.3286971208183184}, "start_percents_distance": {"BUS": 0.0020396011673202807, "FOOT": 0.17541345588241614, "PASSENGER_CAR": 0.36555177387620746, "RAIL_TRIP": 0.4569951690740563}, "end": {"Count": {"BUS": 1, "FOOT": 17, "PASSENGER_CAR": 9, "RAIL_TRIP": 11}, "Duration": {"BUS": 1679.15, "FOOT": 15870.415, "PASSENGER_CAR": 9782.364, "RAIL_TRIP": 16075.855}, "Distance": {"BUS": 0.4206268331782919, "FOOT": 31.700192075070408, "PASSENGER_CAR": 76.23689829493293, "RAIL_TRIP": 94.98686821154818}, "Total_Count": 26, "Total_Duration": 43407.78399999999, "Total_Distance": 203.34458541472983, "Total_Emission": 17.777133305181277}, "end_percents_count": {"BUS": 0.038461538461538464, "FOOT": 0.6538461538461539, "PASSENGER_CAR": 0.34615384615384615, "RAIL_TRIP": 0.4230769230769231}, "end_percents_duration": {"BUS": 0.03868315415502437, "FOOT": 0.3656121906614722, "PASSENGER_CAR": 0.2253596728181287, "RAIL_TRIP": 0.3703449823653749}, "end_percents_distance": {"BUS": 0.002068542087414847, "FOOT": 0.15589395709955362, "PASSENGER_CAR": 0.37491481830924867, "RAIL_TRIP": 0.4671226825037828}}