{"start": {"Count": {"FOOT": 1, "PASSENGER_CAR": 13, "RAIL_TRIP": 1}, "Duration": {"FOOT": 14230.79, "PASSENGER_CAR": 24993.11, "RAIL_TRIP": 901.231}, "Distance": {"FOOT": 0.4721120807638726, "PASSENGER_CAR": 461.5230548349211, "RAIL_TRIP": 2.96187516905168}, "Total_Count": 15, "Total_Duration": 40125.131, "Total_Distance": 464.9570420847366, "Total_Emission": 85.91747847975005}, "start_percents_count": {"FOOT": 0.06666666666666667, "PASSENGER_CAR": 0.8666666666666667, "RAIL_TRIP": 0.06666666666666667}, "start_percents_duration": {"FOOT": 0.3546602751278245, "PASSENGER_CAR": 0.6228792125314183, "RAIL_TRIP": 0.022460512340757216}, "start_percents_distance": {"FOOT": 0.0010153886015943643, "PASSENGER_CAR": 0.9926143988820592, "RAIL_TRIP": 0.006370212516346596}, "end": {"Count": {"FOOT": 2, "PASSENGER_CAR": 9, "RAIL_TRIP": 3}, "Duration": {"FOOT": 19465.359, "PASSENGER_CAR": 6675.053, "RAIL_TRIP": 2475.286}, "Distance": {"FOOT": 3.484420453105269, "PASSENGER_CAR": 59.550481987859015, "RAIL_TRIP": 15.552016773346036}, "Total_Count": 12, "Total_Duration": 28615.698, "Total_Distance": 78.58691921431033, "Total_Emission": 11.175832344846581}, "end_percents_count": {"FOOT": 0.16666666666666666, "PASSENGER_CAR": 0.75, "RAIL_TRIP": 0.25}, "end_percents_duration": {"FOOT": 0.6802335906676119, "PASSENGER_CAR": 0.2332654265501404, "RAIL_TRIP": 0.0865009827822477}, "end_percents_distance": {"FOOT": 0.044338427920848834, "PASSENGER_CAR": 0.7577658290110848, "RAIL_TRIP": 0.19789574306806626}}