{"start": {"Count": {"BIKE_TRIP": 2, "FOOT": 1, "MOTORCYCLE": 1, "PASSENGER_CAR": 27, "RAIL_TRIP": 8}, "Duration": {"BIKE_TRIP": 1186.165, "FOOT": 2643.359, "MOTORCYCLE": 341.385, "PASSENGER_CAR": 27778.377, "RAIL_TRIP": 8073.12}, "Distance": {"BIKE_TRIP": 12.338874709478517, "FOOT": 1.0776100224347303, "MOTORCYCLE": 2.6994592268676776, "PASSENGER_CAR": 386.70893449756755, "RAIL_TRIP": 39.039490507469054}, "Total_Count": 32, "Total_Duration": 40022.405999999995, "Total_Distance": 441.86436896381747, "Total_Emission": 58.45558258938409}, "start_percents_count": {"BIKE_TRIP": 0.0625, "FOOT": 0.03125, "MOTORCYCLE": 0.03125, "PASSENGER_CAR": 0.84375, "RAIL_TRIP": 0.25}, "start_percents_duration": {"BIKE_TRIP": 0.029637523541188406, "FOOT": 0.06604697878483368, "MOTORCYCLE": 0.008529847006199479, "PASSENGER_CAR": 0.694070641330259, "RAIL_TRIP": 0.2017150093375196}, "start_percents_distance": {"BIKE_TRIP": 0.027924574996652195, "FOOT": 0.002438780083041662, "MOTORCYCLE": 0.006109248485452616, "PASSENGER_CAR": 0.8751756458761526, "RAIL_TRIP": 0.08835175055870106}, "end": {"Count": {"BIKE_TRIP": 2, "FOOT": 9, "PASSENGER_CAR": 31, "RAIL_TRIP": 11}, "Duration": {"BIKE_TRIP": 4628.132, "FOOT": 11772.21, "PASSENGER_CAR": 43986.801, "RAIL_TRIP": 22289.274}, "Distance": {"BIKE_TRIP": 20.226061933190593, "FOOT": 12.57658493926031, "PASSENGER_CAR": 633.8435307006761, "RAIL_TRIP": 128.60048582372082}, "Total_Count": 39, "Total_Duration": 82676.417, "Total_Distance": 795.2466633968479, "Total_Emission": 114.82397084281496}, "end_percents_count": {"BIKE_TRIP": 0.05128205128205128, "FOOT": 0.23076923076923078, "PASSENGER_CAR": 0.7948717948717948, "RAIL_TRIP": 0.28205128205128205}, "end_percents_duration": {"BIKE_TRIP": 0.05597886517022139, "FOOT": 0.14238897169431036, "PASSENGER_CAR": 0.5320356468761823, "RAIL_TRIP": 0.2695965162592859}, "end_percents_distance": {"BIKE_TRIP": 0.025433696064559638, "FOOT": 0.015814696896105405, "PASSENGER_CAR": 0.7970401636056564, "RAIL_TRIP": 0.16171144343367835}}