{"start": {"Count": {"BIKE_TRIP": 1, "FOOT": 3, "MOTORCYCLE": 2, "PASSENGER_CAR": 3, "RAIL_TRIP": 1}, "Duration": {"BIKE_TRIP": 540.923, "FOOT": 6286.606, "MOTORCYCLE": 1406.281, "PASSENGER_CAR": 5217.226000000001, "RAIL_TRIP": 120.308}, "Distance": {"BIKE_TRIP": 0.7990312953347753, "FOOT": 16.07042466562942, "MOTORCYCLE": 29.741594325094674, "PASSENGER_CAR": 59.805114805170206, "RAIL_TRIP": 2.010556368139919}, "Total_Count": 4, "Total_Duration": 13571.344000000003, "Total_Distance": 108.42672145936898}, "start_percents_count": {"BIKE_TRIP": 0.25, "FOOT": 0.75, "MOTORCYCLE": 0.5, "PASSENGER_CAR": 0.75, "RAIL_TRIP": 0.25}, "start_percents_duration": {"BIKE_TRIP": 0.039857732587133585, "FOOT": 0.46322648663242183, "MOTORCYCLE": 0.10362135098778719, "PASSENGER_CAR": 0.3844295745506119, "RAIL_TRIP": 0.008864855242045297}, "start_percents_distance": {"BIKE_TRIP": 0.007369320814834362, "FOOT": 0.14821461397457758, "MOTORCYCLE": 0.27430133388511446, "PASSENGER_CAR": 0.5515717343494623, "RAIL_TRIP": 0.018542996976011486}, "end": {"Count": {"BIKE_TRIP": 2, "FOOT": 3, "PASSENGER_CAR": 1, "RAIL_TRIP": 3}, "Duration": {"BIKE_TRIP": 1373.509, "FOOT": 3745.064, "PASSENGER_CAR": 346.724, "RAIL_TRIP": 2184.578}, "Distance": {"BIKE_TRIP": 4.244961990945104, "FOOT": 11.439610191123345, "PASSENGER_CAR": 2.444607850588225, "RAIL_TRIP": 25.69372201391694}, "Total_Count": 4, "Total_Duration": 7649.875000000001, "Total_Distance": 43.822902046573624}, "end_percents_count": {"BIKE_TRIP": 0.5, "FOOT": 0.75, "PASSENGER_CAR": 0.25, "RAIL_TRIP": 0.75}, "end_percents_duration": {"BIKE_TRIP": 0.1795465938985931, "FOOT": 0.4895588490008006, "PASSENGER_CAR": 0.045324139283321616, "RAIL_TRIP": 0.28557041781728454}, "end_percents_distance": {"BIKE_TRIP": 0.09686629120165728, "FOOT": 0.2610418218986429, "PASSENGER_CAR": 0.055783796517861174, "RAIL_TRIP": 0.5863080903818384}}