{"start": {"Count": {"BIKE_TRIP": 4, "FOOT": 5, "PASSENGER_CAR": 6, "RAIL_TRIP": 2}, "Duration": {"BIKE_TRIP": 13573.949, "FOOT": 3479.4080000000004, "PASSENGER_CAR": 7478.754, "RAIL_TRIP": 742.074}, "Distance": {"BIKE_TRIP": 119.47944869501552, "FOOT": 6.682498030364899, "PASSENGER_CAR": 134.1351785119289, "RAIL_TRIP": 10.618991327311136}, "Total_Count": 12, "Total_Duration": 25274.184999999998, "Total_Distance": 270.91611656462044, "Total_Emission": 24.02055117611121}, "start_percents_count": {"BIKE_TRIP": 0.3333333333333333, "FOOT": 0.4166666666666667, "PASSENGER_CAR": 0.5, "RAIL_TRIP": 0.16666666666666666}, "start_percents_duration": {"BIKE_TRIP": 0.5370677234498363, "FOOT": 0.1376664766836201, "PASSENGER_CAR": 0.295904853113958, "RAIL_TRIP": 0.029360946752585694}, "start_percents_distance": {"BIKE_TRIP": 0.44102008477785265, "FOOT": 0.024666299351633263, "PASSENGER_CAR": 0.49511701338718334, "RAIL_TRIP": 0.03919660248333079}, "end": {"Count": {"BIKE_TRIP": 5, "FOOT": 7, "PASSENGER_CAR": 4, "RAIL_TRIP": 4}, "Duration": {"BIKE_TRIP": 8541.924, "FOOT": 52590.639, "PASSENGER_CAR": 2840.893, "RAIL_TRIP": 5476.963}, "Distance": {"BIKE_TRIP": 42.82566606999581, "FOOT": 19.697356716778913, "PASSENGER_CAR": 46.03907264796989, "RAIL_TRIP": 39.45355973709481}, "Total_Count": 11, "Total_Duration": 69450.419, "Total_Distance": 148.0156551718394, "Total_Emission": 11.533224814391795}, "end_percents_count": {"BIKE_TRIP": 0.45454545454545453, "FOOT": 0.6363636363636364, "PASSENGER_CAR": 0.36363636363636365, "RAIL_TRIP": 0.36363636363636365}, "end_percents_duration": {"BIKE_TRIP": 0.122993124058762, "FOOT": 0.7572400535121323, "PASSENGER_CAR": 0.040905339966343476, "RAIL_TRIP": 0.0788614824627624}, "end_percents_distance": {"BIKE_TRIP": 0.28933200356595506, "FOOT": 0.13307617153003973, "PASSENGER_CAR": 0.31104191373892603, "RAIL_TRIP": 0.2665499111650793}}