{"start": {"Count": {"BIKE_TRIP": 3, "FOOT": 20, "PASSENGER_CAR": 5, "RAIL_TRIP": 17}, "Duration": {"BIKE_TRIP": 4872.943, "FOOT": 52612.746, "PASSENGER_CAR": 7357.786999999999, "RAIL_TRIP": 31018.296000000002}, "Distance": {"BIKE_TRIP": 29.827347403341868, "FOOT": 57.07206044395198, "PASSENGER_CAR": 99.371313824313, "RAIL_TRIP": 194.2791674739546}, "Total_Count": 29, "Total_Duration": 95861.772, "Total_Distance": 380.54988914556145, "Total_Emission": 20.16348510421122}, "start_percents_count": {"BIKE_TRIP": 0.10344827586206896, "FOOT": 0.6896551724137931, "PASSENGER_CAR": 0.1724137931034483, "RAIL_TRIP": 0.5862068965517241}, "start_percents_duration": {"BIKE_TRIP": 0.05083301610573191, "FOOT": 0.5488396980602445, "PASSENGER_CAR": 0.07675413093761713, "RAIL_TRIP": 0.3235731548964065}, "start_percents_distance": {"BIKE_TRIP": 0.07837959819226967, "FOOT": 0.14997261087657748, "PASSENGER_CAR": 0.2611255886775549, "RAIL_TRIP": 0.5105222022535979}, "end": {"Count": {"BIKE_TRIP": 1, "FOOT": 29, "PASSENGER_CAR": 11, "RAIL_TRIP": 26}, "Duration": {"BIKE_TRIP": 342.004, "FOOT": 97250.432, "PASSENGER_CAR": 24067.636, "RAIL_TRIP": 42862.685}, "Distance": {"BIKE_TRIP": 2.22035137157286, "FOOT": 102.57727764599818, "PASSENGER_CAR": 287.268052838356, "RAIL_TRIP": 237.26583340790998}, "Total_Count": 41, "Total_Duration": 164522.75699999998, "Total_Distance": 629.3315152638371, "Total_Emission": 53.81080422646599}, "end_percents_count": {"BIKE_TRIP": 0.024390243902439025, "FOOT": 0.7073170731707317, "PASSENGER_CAR": 0.2682926829268293, "RAIL_TRIP": 0.6341463414634146}, "end_percents_duration": {"BIKE_TRIP": 0.0020787640946230927, "FOOT": 0.591106262582264, "PASSENGER_CAR": 0.14628758014309232, "RAIL_TRIP": 0.2605273931800207}, "end_percents_distance": {"BIKE_TRIP": 0.0035281108886498613, "FOOT": 0.16299402645201125, "PASSENGER_CAR": 0.4564653856845601, "RAIL_TRIP": 0.3770124769747787}}