{"start": {"Count": {"BIKE_TRIP": 6, "FOOT": 43, "MOTORCYCLE": 1, "PASSENGER_CAR": 13, "RAIL_TRIP": 7}, "Duration": {"BIKE_TRIP": 11896.782, "FOOT": 90191.22899999999, "MOTORCYCLE": 566.448, "PASSENGER_CAR": 13130.141, "RAIL_TRIP": 10365.681}, "Distance": {"BIKE_TRIP": 50.63177831247773, "FOOT": 72.47770419350188, "MOTORCYCLE": 7.614750014963175, "PASSENGER_CAR": 134.27408311584264, "RAIL_TRIP": 72.56098050632916}, "Total_Count": 58, "Total_Duration": 126150.28099999999, "Total_Distance": 337.55929614311464, "Total_Emission": 27.248187648949898}, "start_percents_count": {"BIKE_TRIP": 0.10344827586206896, "FOOT": 0.7413793103448276, "MOTORCYCLE": 0.017241379310344827, "PASSENGER_CAR": 0.22413793103448276, "RAIL_TRIP": 0.1206896551724138}, "start_percents_duration": {"BIKE_TRIP": 0.09430642489016731, "FOOT": 0.7149506785482309, "MOTORCYCLE": 0.00449026348185463, "PASSENGER_CAR": 0.1040833274085216, "RAIL_TRIP": 0.08216930567122559}, "start_percents_distance": {"BIKE_TRIP": 0.14999373114882733, "FOOT": 0.21471103009639406, "MOTORCYCLE": 0.02255825895470157, "PASSENGER_CAR": 0.39777924841659407, "RAIL_TRIP": 0.21495773138348281}, "end": {"Count": {"BIKE_TRIP": 5, "BUS": 1, "FOOT": 45, "PASSENGER_CAR": 18, "RAIL_TRIP": 10}, "Duration": {"BIKE_TRIP": 3468.8689999999997, "BUS": 1322.196, "FOOT": 204828.45, "PASSENGER_CAR": 56384.689, "RAIL_TRIP": 12299.119}, "Distance": {"BIKE_TRIP": 13.66136065068367, "BUS": 8.142580453988753, "FOOT": 108.71134865626686, "PASSENGER_CAR": 795.1378973331298, "RAIL_TRIP": 82.78139440079399}, "Total_Count": 56, "Total_Duration": 278303.32300000003, "Total_Distance": 1008.4345814948631, "Total_Emission": 165.842892646082}, "end_percents_count": {"BIKE_TRIP": 0.08928571428571429, "BUS": 0.017857142857142856, "FOOT": 0.8035714285714286, "PASSENGER_CAR": 0.32142857142857145, "RAIL_TRIP": 0.17857142857142858}, "end_percents_duration": {"BIKE_TRIP": 0.012464346320435417, "BUS": 0.004750917041691233, "FOOT": 0.7359899543851296, "PASSENGER_CAR": 0.2026015657743332, "RAIL_TRIP": 0.0441932164784105}, "end_percents_distance": {"BIKE_TRIP": 0.01354709656072347, "BUS": 0.0080744756312487, "FOOT": 0.10780208320019878, "PASSENGER_CAR": 0.7884873366346176, "RAIL_TRIP": 0.08208900797321146}}