{"start": {"Count": {"BUS": 1, "FOOT": 3, "PASSENGER_CAR": 3, "RAIL_TRIP": 2}, "Duration": {"BUS": 404.047, "FOOT": 3437.615, "PASSENGER_CAR": 5157.6939999999995, "RAIL_TRIP": 16279.273000000001}, "Distance": {"BUS": 1.0280205356752397, "FOOT": 8.043119995765744, "PASSENGER_CAR": 62.29194855134703, "RAIL_TRIP": 233.38014053709418}, "Total_Count": 4, "Total_Duration": 25278.629, "Total_Distance": 304.7432296198822, "Total_Emission": 12.77206537155288}, "start_percents_count": {"BUS": 0.25, "FOOT": 0.75, "PASSENGER_CAR": 0.75, "RAIL_TRIP": 0.5}, "start_percents_duration": {"BUS": 0.01598373867506818, "FOOT": 0.13598898104798324, "PASSENGER_CAR": 0.20403377097705733, "RAIL_TRIP": 0.6439935092998913}, "start_percents_distance": {"BUS": 0.003373399097192508, "FOOT": 0.026393104797761163, "PASSENGER_CAR": 0.20440798185753348, "RAIL_TRIP": 0.7658255142475129}, "end": {"Count": {"BUS": 1, "FOOT": 3, "PASSENGER_CAR": 4, "RAIL_TRIP": 3}, "Duration": {"BUS": 720.829, "FOOT": 8931.262, "PASSENGER_CAR": 12341.091, "RAIL_TRIP": 3022.94}, "Distance": {"BUS": 4.370747547999716, "FOOT": 19.833313232414987, "PASSENGER_CAR": 153.90032430881004, "RAIL_TRIP": 41.25156776307732}, "Total_Count": 6, "Total_Duration": 25016.121999999996, "Total_Distance": 219.35595285230207, "Total_Emission": 36.04750338229761}, "end_percents_count": {"BUS": 0.16666666666666666, "FOOT": 0.5, "PASSENGER_CAR": 0.6666666666666666, "RAIL_TRIP": 0.5}, "end_percents_duration": {"BUS": 0.028814578054903957, "FOOT": 0.3570202447845434, "PASSENGER_CAR": 0.4933255042488201, "RAIL_TRIP": 0.1208396729117327}, "end_percents_distance": {"BUS": 0.01992536555842937, "FOOT": 0.0904161157904352, "PASSENGER_CAR": 0.7016008560863404, "RAIL_TRIP": 0.18805766256479506}}