{"start": {"Count": {"BIKE_TRIP": 1, "FOOT": 14, "MOTORCYCLE": 1, "PASSENGER_CAR": 13, "RAIL_TRIP": 5}, "Duration": {"BIKE_TRIP": 180.294, "FOOT": 27907.947, "MOTORCYCLE": 2104.893, "PASSENGER_CAR": 30755.284, "RAIL_TRIP": 12842.47}, "Distance": {"BIKE_TRIP": 1.5132596134002725, "FOOT": 30.63240205598885, "MOTORCYCLE": 45.14679157455317, "PASSENGER_CAR": 374.01791720423313, "RAIL_TRIP": 115.01786898413734}, "Total_Count": 24, "Total_Duration": 73790.88800000002, "Total_Distance": 566.3282394323128, "Total_Emission": 90.91625680076534}, "start_percents_count": {"BIKE_TRIP": 0.041666666666666664, "FOOT": 0.5833333333333334, "MOTORCYCLE": 0.041666666666666664, "PASSENGER_CAR": 0.5416666666666666, "RAIL_TRIP": 0.20833333333333334}, "start_percents_duration": {"BIKE_TRIP": 0.0024433098026954217, "FOOT": 0.37820315971803986, "MOTORCYCLE": 0.028525107327614752, "PASSENGER_CAR": 0.41678972612445037, "RAIL_TRIP": 0.1740386970271993}, "start_percents_distance": {"BIKE_TRIP": 0.0026720539574667215, "FOOT": 0.054089483665329424, "MOTORCYCLE": 0.07971841845606763, "PASSENGER_CAR": 0.660426041228579, "RAIL_TRIP": 0.20309400269255726}, "end": {"Count": {"BIKE_TRIP": 2, "FOOT": 13, "PASSENGER_CAR": 9, "RAIL_TRIP": 6}, "Duration": {"BIKE_TRIP": 1931.176, "FOOT": 40060.062000000005, "PASSENGER_CAR": 8604.279, "RAIL_TRIP": 9420.55}, "Distance": {"BIKE_TRIP": 17.54975193547738, "FOOT": 43.777939541042144, "PASSENGER_CAR": 118.73195849551827, "RAIL_TRIP": 109.49573082288705}, "Total_Count": 20, "Total_Duration": 60016.066999999995, "Total_Distance": 289.55538079492493, "Total_Emission": 27.300351963722324}, "end_percents_count": {"BIKE_TRIP": 0.1, "FOOT": 0.65, "PASSENGER_CAR": 0.45, "RAIL_TRIP": 0.3}, "end_percents_duration": {"BIKE_TRIP": 0.03217765002828326, "FOOT": 0.6674889575819757, "PASSENGER_CAR": 0.14336625890530283, "RAIL_TRIP": 0.15696713348443841}, "end_percents_distance": {"BIKE_TRIP": 0.060609310340901036, "FOOT": 0.1511902124590373, "PASSENGER_CAR": 0.41004922156707957, "RAIL_TRIP": 0.37815125563298185}}