{"start": {"Count": {"BIKE_TRIP": 4, "FOOT": 29, "MOTORCYCLE": 1, "PASSENGER_CAR": 11, "RAIL_TRIP": 29, "UNKNOWN": 6}, "Duration": {"BIKE_TRIP": 8025.394, "FOOT": 37964.615, "MOTORCYCLE": 1703.473, "PASSENGER_CAR": 17290.534, "RAIL_TRIP": 36830.355, "UNKNOWN": 12810.656}, "Distance": {"BIKE_TRIP": 15.133992359543242, "FOOT": 48.29230567042036, "MOTORCYCLE": 10.066066967197454, "PASSENGER_CAR": 303.1850629234829, "RAIL_TRIP": 282.1847374092077, "UNKNOWN": 296.17169307433124}, "Total_Count": 49, "Total_Duration": 114625.027, "Total_Distance": 955.0338584041828, "Total_Emission": 60.08975409398339}, "start_percents_count": {"BIKE_TRIP": 0.08163265306122448, "FOOT": 0.5918367346938775, "MOTORCYCLE": 0.02040816326530612, "PASSENGER_CAR": 0.22448979591836735, "RAIL_TRIP": 0.5918367346938775, "UNKNOWN": 0.12244897959183673}, "start_percents_duration": {"BIKE_TRIP": 0.07001432592901374, "FOOT": 0.3312070321257154, "MOTORCYCLE": 0.014861265856015894, "PASSENGER_CAR": 0.15084431779457727, "RAIL_TRIP": 0.3213116364195055, "UNKNOWN": 0.11176142187517217}, "start_percents_distance": {"BIKE_TRIP": 0.01584655059751645, "FOOT": 0.05056606658020959, "MOTORCYCLE": 0.010540010575140639, "PASSENGER_CAR": 0.31746001490469783, "RAIL_TRIP": 0.29547092485362275, "UNKNOWN": 0.31011643248881293}, "end": {"Count": {"BIKE_TRIP": 5, "FOOT": 41, "HIGH_SPEED_TRAIN": 1, "PASSENGER_CAR": 10, "RAIL_TRIP": 39, "UNKNOWN": 4}, "Duration": {"BIKE_TRIP": 15175.482, "FOOT": 87510.594, "HIGH_SPEED_TRAIN": 1068.373, "PASSENGER_CAR": 29688.393, "RAIL_TRIP": 49751.813, "UNKNOWN": 13260.125}, "Distance": {"BIKE_TRIP": 55.80506398428717, "FOOT": 96.23614109406819, "HIGH_SPEED_TRAIN": 61.341630688856426, "PASSENGER_CAR": 642.1618962857018, "RAIL_TRIP": 473.5886852562062, "UNKNOWN": 606.5275773584774}, "Total_Count": 63, "Total_Duration": 196454.78, "Total_Distance": 1935.6609946675972, "Total_Emission": 138.6081579298965}, "end_percents_count": {"BIKE_TRIP": 0.07936507936507936, "FOOT": 0.6507936507936508, "HIGH_SPEED_TRAIN": 0.015873015873015872, "PASSENGER_CAR": 0.15873015873015872, "RAIL_TRIP": 0.6190476190476191, "UNKNOWN": 0.06349206349206349}, "end_percents_duration": {"BIKE_TRIP": 0.07724669259765529, "FOOT": 0.4454490443042414, "HIGH_SPEED_TRAIN": 0.005438264215306953, "PASSENGER_CAR": 0.15112074646389362, "RAIL_TRIP": 0.2532481673390691, "UNKNOWN": 0.06749708507983364}, "end_percents_distance": {"BIKE_TRIP": 0.028829978047819442, "FOOT": 0.049717456393026306, "HIGH_SPEED_TRAIN": 0.03169027575481541, "PASSENGER_CAR": 0.33175328637335977, "RAIL_TRIP": 0.24466509712230552, "UNKNOWN": 0.31334390630867354}}