{"start": {"Count": {"BIKE_TRIP": 7, "FOOT": 68, "PASSENGER_CAR": 23, "RAIL_TRIP": 18}, "Duration": {"BIKE_TRIP": 21324.992, "FOOT": 139888.837, "PASSENGER_CAR": 99519.859, "RAIL_TRIP": 20528.673}, "Distance": {"BIKE_TRIP": 96.97317951565293, "FOOT": 158.93160209305492, "PASSENGER_CAR": 523.2943937948871, "RAIL_TRIP": 142.37923574473552}, "Total_Count": 89, "Total_Duration": 281262.36100000003, "Total_Distance": 921.5784111483306, "Total_Emission": 110.12255568838242}, "start_percents_count": {"BIKE_TRIP": 0.07865168539325842, "FOOT": 0.7640449438202247, "PASSENGER_CAR": 0.25842696629213485, "RAIL_TRIP": 0.20224719101123595}, "start_percents_duration": {"BIKE_TRIP": 0.07581886152196524, "FOOT": 0.49736067244347704, "PASSENGER_CAR": 0.35383283652376074, "RAIL_TRIP": 0.07298762951079685}, "start_percents_distance": {"BIKE_TRIP": 0.10522509896344005, "FOOT": 0.1724558650359643, "PASSENGER_CAR": 0.5678240586634808, "RAIL_TRIP": 0.15449497733711473}, "end": {"Count": {"BIKE_TRIP": 6, "BUS": 1, "FOOT": 84, "PASSENGER_CAR": 27, "RAIL_TRIP": 30}, "Duration": {"BIKE_TRIP": 174712.518, "BUS": 300.821, "FOOT": 184271.177, "PASSENGER_CAR": 78140.311, "RAIL_TRIP": 55474.280000000006}, "Distance": {"BIKE_TRIP": 25.00682134879476, "BUS": 0.2055141443366364, "FOOT": 210.31686366399146, "PASSENGER_CAR": 1062.3156186314925, "RAIL_TRIP": 237.0234669941838}, "Total_Count": 107, "Total_Duration": 492899.10699999996, "Total_Distance": 1534.8682847827993, "Total_Emission": 208.74143672573496}, "end_percents_count": {"BIKE_TRIP": 0.056074766355140186, "BUS": 0.009345794392523364, "FOOT": 0.7850467289719626, "PASSENGER_CAR": 0.2523364485981308, "RAIL_TRIP": 0.2803738317757009}, "end_percents_duration": {"BIKE_TRIP": 0.3544589866745286, "BUS": 0.0006103094846954146, "FOOT": 0.37385171606732087, "PASSENGER_CAR": 0.15853206039588139, "RAIL_TRIP": 0.11254692737757387}, "end_percents_distance": {"BIKE_TRIP": 0.0162924868516216, "BUS": 0.00013389692547182894, "FOOT": 0.13702600135082835, "PASSENGER_CAR": 0.6921216818170308, "RAIL_TRIP": 0.15442593305504726}}