{"start": {"Count": {"BIKE_TRIP": 1, "FOOT": 12, "PASSENGER_CAR": 9, "RAIL_TRIP": 1}, "Duration": {"BIKE_TRIP": 602.997, "FOOT": 34034.669, "PASSENGER_CAR": 15503.484, "RAIL_TRIP": 2342.237}, "Distance": {"BIKE_TRIP": 4.811295570464496, "FOOT": 42.942741430414024, "PASSENGER_CAR": 185.29676050998495, "RAIL_TRIP": 23.97557411700695}, "Total_Count": 19, "Total_Duration": 52483.38699999999, "Total_Distance": 257.0263716278704, "Total_Emission": 45.590549455658824}, "start_percents_count": {"BIKE_TRIP": 0.05263157894736842, "FOOT": 0.631578947368421, "PASSENGER_CAR": 0.47368421052631576, "RAIL_TRIP": 0.05263157894736842}, "start_percents_duration": {"BIKE_TRIP": 0.011489292792784126, "FOOT": 0.6484846147600956, "PASSENGER_CAR": 0.2953979323018921, "RAIL_TRIP": 0.04462816014522844}, "start_percents_distance": {"BIKE_TRIP": 0.018719073610977233, "FOOT": 0.16707523495911022, "PASSENGER_CAR": 0.7209250916021276, "RAIL_TRIP": 0.09328059982778508}, "end": {"Count": {"BIKE_TRIP": 2, "FOOT": 14, "MOTORCYCLE": 1, "PASSENGER_CAR": 9, "RAIL_TRIP": 5}, "Duration": {"BIKE_TRIP": 2464.01, "FOOT": 31328.338, "MOTORCYCLE": 721.295, "PASSENGER_CAR": 16678.941, "RAIL_TRIP": 17905.545}, "Distance": {"BIKE_TRIP": 13.507228623105092, "FOOT": 27.321341026864555, "MOTORCYCLE": 19.873437139747093, "PASSENGER_CAR": 242.5475999810749, "RAIL_TRIP": 125.16040276147986}, "Total_Count": 19, "Total_Duration": 69098.129, "Total_Distance": 428.4100095322715, "Total_Emission": 60.086362067913726}, "end_percents_count": {"BIKE_TRIP": 0.10526315789473684, "FOOT": 0.7368421052631579, "MOTORCYCLE": 0.05263157894736842, "PASSENGER_CAR": 0.47368421052631576, "RAIL_TRIP": 0.2631578947368421}, "end_percents_duration": {"BIKE_TRIP": 0.03565957625278103, "FOOT": 0.4533890924890311, "MOTORCYCLE": 0.010438705221671053, "PASSENGER_CAR": 0.24138050105524564, "RAIL_TRIP": 0.2591321249812712}, "end_percents_distance": {"BIKE_TRIP": 0.03152874191210421, "FOOT": 0.06377381578150657, "MOTORCYCLE": 0.046388825418538816, "PASSENGER_CAR": 0.5661576400744768, "RAIL_TRIP": 0.2921509768133737}}