{"start": {"Count": {"FOOT": 22, "MOTORCYCLE": 1, "PASSENGER_CAR": 5, "RAIL_TRIP": 10}, "Duration": {"FOOT": 34446.527, "MOTORCYCLE": 4390.87, "PASSENGER_CAR": 4310.107, "RAIL_TRIP": 27648.786999999997}, "Distance": {"FOOT": 43.05214569891456, "MOTORCYCLE": 70.95505800611792, "PASSENGER_CAR": 38.03630498952964, "RAIL_TRIP": 350.09126521062643}, "Total_Count": 26, "Total_Duration": 70796.291, "Total_Distance": 502.1347739051886, "Total_Emission": 16.395195684183413}, "start_percents_count": {"FOOT": 0.8461538461538461, "MOTORCYCLE": 0.038461538461538464, "PASSENGER_CAR": 0.19230769230769232, "RAIL_TRIP": 0.38461538461538464}, "start_percents_duration": {"FOOT": 0.48655835656701285, "MOTORCYCLE": 0.062021186957378883, "PASSENGER_CAR": 0.06088040685634224, "RAIL_TRIP": 0.390540049619266}, "start_percents_distance": {"FOOT": 0.08573822793448581, "MOTORCYCLE": 0.14130679987424138, "PASSENGER_CAR": 0.07574919516868897, "RAIL_TRIP": 0.6972057770225838}, "end": {"Count": {"BIKE_TRIP": 2, "FOOT": 24, "MOTORCYCLE": 1, "PASSENGER_CAR": 5, "RAIL_TRIP": 9, "UNKNOWN": 1}, "Duration": {"BIKE_TRIP": 1923.4879999999998, "FOOT": 60069.568, "MOTORCYCLE": 2586.588, "PASSENGER_CAR": 7517.882, "RAIL_TRIP": 11835.063, "UNKNOWN": 180.158}, "Distance": {"BIKE_TRIP": 15.545243236769572, "FOOT": 66.23145663931176, "MOTORCYCLE": 57.89061495332559, "PASSENGER_CAR": 108.18557748790732, "RAIL_TRIP": 66.10916672422263, "UNKNOWN": 4.373670912033097}, "Total_Count": 26, "Total_Duration": 84112.74699999999, "Total_Distance": 318.3357299535701, "Total_Emission": 24.59060706334573}, "end_percents_count": {"BIKE_TRIP": 0.07692307692307693, "FOOT": 0.9230769230769231, "MOTORCYCLE": 0.038461538461538464, "PASSENGER_CAR": 0.19230769230769232, "RAIL_TRIP": 0.34615384615384615, "UNKNOWN": 0.038461538461538464}, "end_percents_duration": {"BIKE_TRIP": 0.02286797267481943, "FOOT": 0.7141553467514264, "MOTORCYCLE": 0.030751438899029187, "PASSENGER_CAR": 0.08937862890151478, "RAIL_TRIP": 0.1407047495428963, "UNKNOWN": 0.00214186323031395}, "end_percents_distance": {"BIKE_TRIP": 0.0488328571820602, "FOOT": 0.2080553654752225, "MOTORCYCLE": 0.18185396581706068, "PASSENGER_CAR": 0.33984742304511784, "RAIL_TRIP": 0.20767121156605572, "UNKNOWN": 0.013739176914482724}}