{"start": {"Count": {"BUS": 2, "FOOT": 13, "HIGH_SPEED_TRAIN": 2, "MOTORCYCLE": 1, "PASSENGER_CAR": 21, "RAIL_TRIP": 4}, "Duration": {"BUS": 39897.438, "FOOT": 10262.842, "HIGH_SPEED_TRAIN": 1668.878, "MOTORCYCLE": 1836.167, "PASSENGER_CAR": 50304.681000000004, "RAIL_TRIP": 4548.5560000000005}, "Distance": {"BUS": 687.2950269963558, "FOOT": 19.651420295259456, "HIGH_SPEED_TRAIN": 15.118226526389412, "MOTORCYCLE": 20.437333186413632, "PASSENGER_CAR": 921.2552916311449, "RAIL_TRIP": 37.34090534337336}, "Total_Count": 35, "Total_Duration": 108518.56199999999, "Total_Distance": 1701.0982039789365, "Total_Emission": 283.7618909211887}, "start_percents_count": {"BUS": 0.05714285714285714, "FOOT": 0.37142857142857144, "HIGH_SPEED_TRAIN": 0.05714285714285714, "MOTORCYCLE": 0.02857142857142857, "PASSENGER_CAR": 0.6, "RAIL_TRIP": 0.11428571428571428}, "start_percents_duration": {"BUS": 0.3676554247005227, "FOOT": 0.0945722262703776, "HIGH_SPEED_TRAIN": 0.015378733087156095, "MOTORCYCLE": 0.01692030345923677, "PASSENGER_CAR": 0.46355830811691007, "RAIL_TRIP": 0.04191500436579689}, "start_percents_distance": {"BUS": 0.4040301879037585, "FOOT": 0.011552196251394541, "HIGH_SPEED_TRAIN": 0.008887333189246381, "MOTORCYCLE": 0.012014199496895533, "PASSENGER_CAR": 0.5415650251562738, "RAIL_TRIP": 0.021951058002431308}, "end": {"Count": {"BIKE_TRIP": 1, "FOOT": 13, "HIGH_SPEED_TRAIN": 2, "PASSENGER_CAR": 18, "RAIL_TRIP": 11}, "Duration": {"BIKE_TRIP": 240.301, "FOOT": 31769.882999999998, "HIGH_SPEED_TRAIN": 1415.4119999999998, "PASSENGER_CAR": 39008.866, "RAIL_TRIP": 7847.32}, "Distance": {"BIKE_TRIP": 0.5953383326123861, "FOOT": 50.924681447674004, "HIGH_SPEED_TRAIN": 9.630881190544677, "PASSENGER_CAR": 534.7661156467929, "RAIL_TRIP": 60.13689889478573}, "Total_Count": 30, "Total_Duration": 80281.78200000002, "Total_Distance": 656.0539155124095, "Total_Emission": 90.98887485461647}, "end_percents_count": {"BIKE_TRIP": 0.03333333333333333, "FOOT": 0.43333333333333335, "HIGH_SPEED_TRAIN": 0.06666666666666667, "PASSENGER_CAR": 0.6, "RAIL_TRIP": 0.36666666666666664}, "end_percents_duration": {"BIKE_TRIP": 0.002993219557582814, "FOOT": 0.39572966878089466, "HIGH_SPEED_TRAIN": 0.017630550353254483, "PASSENGER_CAR": 0.4858993538534059, "RAIL_TRIP": 0.0977472074548619}, "end_percents_distance": {"BIKE_TRIP": 0.0009074533640232882, "FOOT": 0.07762270789573657, "HIGH_SPEED_TRAIN": 0.014680014801866549, "PASSENGER_CAR": 0.815125255717916, "RAIL_TRIP": 0.09166456822045782}}