{"start": {"Count": {"BIKE_TRIP": 5, "BUS": 1, "FOOT": 93, "HIGH_SPEED_TRAIN": 1, "MOTORCYCLE": 3, "PASSENGER_CAR": 74, "RAIL_TRIP": 37, "UNKNOWN": 1}, "Duration": {"BIKE_TRIP": 3665.0930000000003, "BUS": 474.236, "FOOT": 184831.904, "HIGH_SPEED_TRAIN": 361.615, "MOTORCYCLE": 1850.4740000000002, "PASSENGER_CAR": 116314.344, "RAIL_TRIP": 144426.973, "UNKNOWN": 300.366}, "Distance": {"BIKE_TRIP": 28.821186011906626, "BUS": 5.181576695303986, "FOOT": 149.6340032008617, "HIGH_SPEED_TRAIN": 4.484693146181393, "MOTORCYCLE": 16.400389164192745, "PASSENGER_CAR": 1703.717529286886, "RAIL_TRIP": 171.56135909396946, "UNKNOWN": 7.49941548159133}, "Total_Count": 157, "Total_Duration": 452225.005, "Total_Distance": 2087.3001520808934, "Total_Emission": 351.9187048567596}, "start_percents_count": {"BIKE_TRIP": 0.03184713375796178, "BUS": 0.006369426751592357, "FOOT": 0.5923566878980892, "HIGH_SPEED_TRAIN": 0.006369426751592357, "MOTORCYCLE": 0.01910828025477707, "PASSENGER_CAR": 0.4713375796178344, "RAIL_TRIP": 0.2356687898089172, "UNKNOWN": 0.006369426751592357}, "start_percents_duration": {"BIKE_TRIP": 0.008104578383497393, "BUS": 0.0010486726624061842, "FOOT": 0.4087166829706818, "HIGH_SPEED_TRAIN": 0.0007996351285351857, "MOTORCYCLE": 0.004091932068196893, "PASSENGER_CAR": 0.25720458336884755, "RAIL_TRIP": 0.31936971950500614, "UNKNOWN": 0.0006641959128288361}, "start_percents_distance": {"BIKE_TRIP": 0.013807878077895937, "BUS": 0.00248243008564835, "FOOT": 0.07168782268888688, "HIGH_SPEED_TRAIN": 0.002148561691863274, "MOTORCYCLE": 0.007857226066813005, "PASSENGER_CAR": 0.8162302520739041, "RAIL_TRIP": 0.082192950986438, "UNKNOWN": 0.0035928783285503686}, "end": {"Count": {"BIKE_TRIP": 9, "BUS": 2, "FOOT": 107, "HIGH_SPEED_TRAIN": 1, "MOTORCYCLE": 2, "PASSENGER_CAR": 94, "RAIL_TRIP": 48, "SCOOTER": 1}, "Duration": {"BIKE_TRIP": 11920.775, "BUS": 3366.4519999999998, "FOOT": 236172.98, "HIGH_SPEED_TRAIN": 361.615, "MOTORCYCLE": 1550.547, "PASSENGER_CAR": 147873.854, "RAIL_TRIP": 58879.115, "SCOOTER": 507.514}, "Distance": {"BIKE_TRIP": 83.0602492368242, "BUS": 58.64820809023499, "FOOT": 204.87422445908743, "HIGH_SPEED_TRAIN": 4.484693146181393, "MOTORCYCLE": 14.487002691836075, "PASSENGER_CAR": 2173.577637280739, "RAIL_TRIP": 260.80907145415586, "SCOOTER": 4.239726581822383}, "Total_Count": 167, "Total_Duration": 460632.85199999996, "Total_Distance": 2804.180812940881, "Total_Emission": 408.3662642678297}, "end_percents_count": {"BIKE_TRIP": 0.05389221556886228, "BUS": 0.011976047904191617, "FOOT": 0.6407185628742516, "HIGH_SPEED_TRAIN": 0.005988023952095809, "MOTORCYCLE": 0.011976047904191617, "PASSENGER_CAR": 0.562874251497006, "RAIL_TRIP": 0.2874251497005988, "SCOOTER": 0.005988023952095809}, "end_percents_duration": {"BIKE_TRIP": 0.02587912466130401, "BUS": 0.0073083193814409055, "FOOT": 0.5127141474486063, "HIGH_SPEED_TRAIN": 0.0007850395351306816, "MOTORCYCLE": 0.003366123352400406, "PASSENGER_CAR": 0.3210232473822775, "RAIL_TRIP": 0.12782222271893018, "SCOOTER": 0.0011017755199101606}, "end_percents_distance": {"BIKE_TRIP": 0.029620147478904856, "BUS": 0.020914560080998398, "FOOT": 0.0730602761111634, "HIGH_SPEED_TRAIN": 0.0015992881505661816, "MOTORCYCLE": 0.005166215610983676, "PASSENGER_CAR": 0.7751203585910006, "RAIL_TRIP": 0.09300722344670516, "SCOOTER": 0.001511930529677926}}