{"start": {"Count": {"BIKE_TRIP": 3, "FOOT": 31, "PASSENGER_CAR": 11, "RAIL_TRIP": 10}, "Duration": {"BIKE_TRIP": 1688.145, "FOOT": 92845.199, "PASSENGER_CAR": 91005.581, "RAIL_TRIP": 24028.716}, "Distance": {"BIKE_TRIP": 6.793498301269815, "FOOT": 98.15043663127273, "PASSENGER_CAR": 129.60119768693676, "RAIL_TRIP": 135.03167173795373}, "Total_Count": 39, "Total_Duration": 209567.641, "Total_Distance": 369.57680435743305, "Total_Emission": 29.242946677012306}, "start_percents_count": {"BIKE_TRIP": 0.07692307692307693, "FOOT": 0.7948717948717948, "PASSENGER_CAR": 0.28205128205128205, "RAIL_TRIP": 0.2564102564102564}, "start_percents_duration": {"BIKE_TRIP": 0.008055370533087214, "FOOT": 0.4430321329999606, "PASSENGER_CAR": 0.4342539743528439, "RAIL_TRIP": 0.11465852211410825}, "start_percents_distance": {"BIKE_TRIP": 0.018381830843202867, "FOOT": 0.26557520784325894, "PASSENGER_CAR": 0.35067459905193094, "RAIL_TRIP": 0.3653683622616072}, "end": {"Count": {"BIKE_TRIP": 3, "BUS": 1, "FOOT": 30, "HIGH_SPEED_TRAIN": 2, "PASSENGER_CAR": 15, "PLANE": 1, "RAIL_TRIP": 11}, "Duration": {"BIKE_TRIP": 1272.52, "BUS": 1082.088, "FOOT": 78273.864, "HIGH_SPEED_TRAIN": 4596.342000000001, "PASSENGER_CAR": 19197.208, "PLANE": 1322.933, "RAIL_TRIP": 18277.293}, "Distance": {"BIKE_TRIP": 6.897048863111172, "BUS": 24.704691771726328, "FOOT": 108.94230820492787, "HIGH_SPEED_TRAIN": 355.25049202081567, "PASSENGER_CAR": 172.55334807198682, "PLANE": 199.6443388384841, "RAIL_TRIP": 122.83980316236406}, "Total_Count": 40, "Total_Duration": 124022.24799999998, "Total_Distance": 990.8320309334159, "Total_Emission": 63.30496061340643}, "end_percents_count": {"BIKE_TRIP": 0.075, "BUS": 0.025, "FOOT": 0.75, "HIGH_SPEED_TRAIN": 0.05, "PASSENGER_CAR": 0.375, "PLANE": 0.025, "RAIL_TRIP": 0.275}, "end_percents_duration": {"BIKE_TRIP": 0.010260417147091224, "BUS": 0.008724950704005948, "FOOT": 0.6311276022024694, "HIGH_SPEED_TRAIN": 0.03706062480015684, "PASSENGER_CAR": 0.15478842150966335, "PLANE": 0.010666900667693107, "RAIL_TRIP": 0.14737108296892026}, "end_percents_distance": {"BIKE_TRIP": 0.006960865866047738, "BUS": 0.024933279305124206, "FOOT": 0.10995032942394735, "HIGH_SPEED_TRAIN": 0.35853755321792635, "PASSENGER_CAR": 0.17414994942122783, "PLANE": 0.20149160766473062, "RAIL_TRIP": 0.12397641510099598}}