{"start": {"Count": {"BIKE_TRIP": 2, "FOOT": 13, "PASSENGER_CAR": 4, "RAIL_TRIP": 8, "UNKNOWN": 2}, "Duration": {"BIKE_TRIP": 1621.99, "FOOT": 56447.93000000001, "PASSENGER_CAR": 4456.308, "RAIL_TRIP": 10475.588, "UNKNOWN": 4202.241}, "Distance": {"BIKE_TRIP": 2.924277681004338, "FOOT": 29.638954872680117, "PASSENGER_CAR": 71.37619500918436, "RAIL_TRIP": 82.33434429066638, "UNKNOWN": 120.50405543604782}, "Total_Count": 20, "Total_Duration": 77204.057, "Total_Distance": 306.777827289583, "Total_Emission": 13.325317831953955}, "start_percents_count": {"BIKE_TRIP": 0.1, "FOOT": 0.65, "PASSENGER_CAR": 0.2, "RAIL_TRIP": 0.4, "UNKNOWN": 0.1}, "start_percents_duration": {"BIKE_TRIP": 0.02100912909278848, "FOOT": 0.7311523797253298, "PASSENGER_CAR": 0.05772116353937203, "RAIL_TRIP": 0.1356870144790448, "UNKNOWN": 0.05443031316346497}, "start_percents_distance": {"BIKE_TRIP": 0.009532232843685816, "FOOT": 0.09661374531055146, "PASSENGER_CAR": 0.23266412582617577, "RAIL_TRIP": 0.2683842734597206, "UNKNOWN": 0.3928056225598664}, "end": {"Count": {"BIKE_TRIP": 2, "FOOT": 38, "PASSENGER_CAR": 17, "RAIL_TRIP": 26, "UNKNOWN": 1}, "Duration": {"BIKE_TRIP": 2530.246, "FOOT": 162247.49899999998, "PASSENGER_CAR": 15928.225, "RAIL_TRIP": 39219.483, "UNKNOWN": 300.386}, "Distance": {"BIKE_TRIP": 4.262394621959071, "FOOT": 133.57700423761315, "PASSENGER_CAR": 244.67793040494024, "RAIL_TRIP": 316.17622755009967, "UNKNOWN": 14.313543643861482}, "Total_Count": 44, "Total_Duration": 220225.83899999998, "Total_Distance": 713.0071004584736, "Total_Emission": 54.89726816366393}, "end_percents_count": {"BIKE_TRIP": 0.045454545454545456, "FOOT": 0.8636363636363636, "PASSENGER_CAR": 0.38636363636363635, "RAIL_TRIP": 0.5909090909090909, "UNKNOWN": 0.022727272727272728}, "end_percents_duration": {"BIKE_TRIP": 0.01148932392079569, "FOOT": 0.7367323459260382, "PASSENGER_CAR": 0.07232677633254471, "RAIL_TRIP": 0.17808756310380094, "UNKNOWN": 0.0013639907168204728}, "end_percents_distance": {"BIKE_TRIP": 0.005978053541427977, "FOOT": 0.18734316131174747, "PASSENGER_CAR": 0.34316338539631497, "RAIL_TRIP": 0.44344050339301516, "UNKNOWN": 0.02007489635749444}}