{"start": {"Count": {"BIKE_TRIP": 2, "FOOT": 25, "PASSENGER_CAR": 7, "PLANE": 3, "RAIL_TRIP": 2}, "Duration": {"BIKE_TRIP": 836.158, "FOOT": 92458.554, "PASSENGER_CAR": 16911.535, "PLANE": 509.84499999999997, "RAIL_TRIP": 9740.449999999999}, "Distance": {"BIKE_TRIP": 3.3003146016101303, "FOOT": 109.7021197728012, "PASSENGER_CAR": 314.56352455214466, "PLANE": 3626.3082446957055, "RAIL_TRIP": 78.42301996804454}, "Total_Count": 32, "Total_Duration": 120456.542, "Total_Distance": 4132.297223590306, "Total_Emission": 469.1473291188647}, "start_percents_count": {"BIKE_TRIP": 0.0625, "FOOT": 0.78125, "PASSENGER_CAR": 0.21875, "PLANE": 0.09375, "RAIL_TRIP": 0.0625}, "start_percents_duration": {"BIKE_TRIP": 0.006941573999359869, "FOOT": 0.7675677257944197, "PASSENGER_CAR": 0.14039532199089694, "PLANE": 0.0042326053158657, "RAIL_TRIP": 0.08086277289945779}, "start_percents_distance": {"BIKE_TRIP": 0.0007986634123918812, "FOOT": 0.026547490133705238, "PASSENGER_CAR": 0.07612316044363314, "PLANE": 0.8775526174627446, "RAIL_TRIP": 0.018978068547525113}, "end": {"Count": {"BIKE_TRIP": 3, "BUS": 1, "FOOT": 24, "PASSENGER_CAR": 14, "PLANE": 3, "RAIL_TRIP": 7}, "Duration": {"BIKE_TRIP": 2666.339, "BUS": 1022.253, "FOOT": 29601.504999999997, "PASSENGER_CAR": 39738.499, "PLANE": 509.84499999999997, "RAIL_TRIP": 14215.763}, "Distance": {"BIKE_TRIP": 8.202521371801652, "BUS": 10.094015600460692, "FOOT": 35.92170937215163, "PASSENGER_CAR": 425.54951202293296, "PLANE": 3626.3082446957055, "RAIL_TRIP": 107.26093342525115}, "Total_Count": 37, "Total_Duration": 87754.204, "Total_Distance": 4213.336936488304, "Total_Emission": 493.50353275971344}, "end_percents_count": {"BIKE_TRIP": 0.08108108108108109, "BUS": 0.02702702702702703, "FOOT": 0.6486486486486487, "PASSENGER_CAR": 0.3783783783783784, "PLANE": 0.08108108108108109, "RAIL_TRIP": 0.1891891891891892}, "end_percents_duration": {"BIKE_TRIP": 0.030384173959346724, "BUS": 0.011649048745288602, "FOOT": 0.3373229275716523, "PASSENGER_CAR": 0.45283869249158715, "PLANE": 0.005809921083666829, "RAIL_TRIP": 0.1619952361484585}, "end_percents_distance": {"BIKE_TRIP": 0.0019467992936349921, "BUS": 0.002395729501964247, "FOOT": 0.008525714870098035, "PASSENGER_CAR": 0.1010005889482972, "PLANE": 0.8606736891348951, "RAIL_TRIP": 0.02545747825111041}}