{"start": {"Count": {"BIKE_TRIP": 2, "BUS": 1, "FOOT": 23, "PASSENGER_CAR": 4, "RAIL_TRIP": 7}, "Duration": {"BIKE_TRIP": 3616.192, "BUS": 330.644, "FOOT": 73795.205, "PASSENGER_CAR": 5337.887, "RAIL_TRIP": 14804.797999999999}, "Distance": {"BIKE_TRIP": 16.474550792556503, "BUS": 1.785134137002769, "FOOT": 50.10375309129035, "PASSENGER_CAR": 22.23310361644951, "RAIL_TRIP": 99.77543699910744}, "Total_Count": 28, "Total_Duration": 97884.726, "Total_Distance": 190.37197863640657, "Total_Emission": 5.3148170893073505}, "start_percents_count": {"BIKE_TRIP": 0.07142857142857142, "BUS": 0.03571428571428571, "FOOT": 0.8214285714285714, "PASSENGER_CAR": 0.14285714285714285, "RAIL_TRIP": 0.25}, "start_percents_duration": {"BIKE_TRIP": 0.036943373575975484, "BUS": 0.0033778916641192826, "FOOT": 0.7538990812519617, "PASSENGER_CAR": 0.05453237923963745, "RAIL_TRIP": 0.15124727426830617}, "start_percents_distance": {"BIKE_TRIP": 0.08653873805672535, "BUS": 0.009377084536229017, "FOOT": 0.2631886974657338, "PASSENGER_CAR": 0.11678768995153824, "RAIL_TRIP": 0.5241077899897736}, "end": {"Count": {"BIKE_TRIP": 1, "FOOT": 21, "PASSENGER_CAR": 9, "RAIL_TRIP": 14}, "Duration": {"BIKE_TRIP": 1567.139, "FOOT": 32773.623999999996, "PASSENGER_CAR": 18913.675, "RAIL_TRIP": 23114.804}, "Distance": {"BIKE_TRIP": 8.610910121139149, "FOOT": 44.510889038687104, "PASSENGER_CAR": 351.8297299191711, "RAIL_TRIP": 161.3347357515646}, "Total_Count": 33, "Total_Duration": 76369.242, "Total_Distance": 566.286264830562, "Total_Emission": 70.39517485311758}, "end_percents_count": {"BIKE_TRIP": 0.030303030303030304, "FOOT": 0.6363636363636364, "PASSENGER_CAR": 0.2727272727272727, "RAIL_TRIP": 0.42424242424242425}, "end_percents_duration": {"BIKE_TRIP": 0.02052055197824276, "FOOT": 0.4291469070754951, "PASSENGER_CAR": 0.247660897302084, "RAIL_TRIP": 0.30267164364417815}, "end_percents_distance": {"BIKE_TRIP": 0.015205931444788991, "FOOT": 0.07860139262251958, "PASSENGER_CAR": 0.6212930663689005, "RAIL_TRIP": 0.2848996095637909}}