{"start": {"Count": {"BIKE_TRIP": 5, "FOOT": 37, "PASSENGER_CAR": 7, "RAIL_TRIP": 14}, "Duration": {"BIKE_TRIP": 6551.906, "FOOT": 77815.583, "PASSENGER_CAR": 6048.6810000000005, "RAIL_TRIP": 27288.801}, "Distance": {"BIKE_TRIP": 29.83361256970306, "FOOT": 96.55493530263145, "PASSENGER_CAR": 38.17815039565948, "RAIL_TRIP": 140.72327276261893}, "Total_Count": 47, "Total_Duration": 117704.971, "Total_Distance": 305.28997103061295, "Total_Emission": 8.689925463358877}, "start_percents_count": {"BIKE_TRIP": 0.10638297872340426, "FOOT": 0.7872340425531915, "PASSENGER_CAR": 0.14893617021276595, "RAIL_TRIP": 0.2978723404255319}, "start_percents_duration": {"BIKE_TRIP": 0.055663800299479274, "FOOT": 0.6611070232539287, "PASSENGER_CAR": 0.05138849233478848, "RAIL_TRIP": 0.23184068411180356}, "start_percents_distance": {"BIKE_TRIP": 0.09772221625554642, "FOOT": 0.3162728699428826, "PASSENGER_CAR": 0.12505537036403716, "RAIL_TRIP": 0.4609495434375337}, "end": {"Count": {"BIKE_TRIP": 4, "FOOT": 61, "PASSENGER_CAR": 14, "RAIL_TRIP": 33}, "Duration": {"BIKE_TRIP": 3404.373, "FOOT": 308874.777, "PASSENGER_CAR": 51302.245, "RAIL_TRIP": 42985.39}, "Distance": {"BIKE_TRIP": 12.761401738208768, "FOOT": 623.882360060669, "PASSENGER_CAR": 146.49209948159617, "RAIL_TRIP": 230.29792824820348}, "Total_Count": 89, "Total_Duration": 406566.785, "Total_Distance": 1013.4337895286774, "Total_Emission": 40.14339850610661}, "end_percents_count": {"BIKE_TRIP": 0.0449438202247191, "FOOT": 0.6853932584269663, "PASSENGER_CAR": 0.15730337078651685, "RAIL_TRIP": 0.3707865168539326}, "end_percents_duration": {"BIKE_TRIP": 0.008373465628777324, "FOOT": 0.7597147341979744, "PASSENGER_CAR": 0.12618405362356397, "RAIL_TRIP": 0.10572774654968434}, "end_percents_distance": {"BIKE_TRIP": 0.012592240233221133, "FOOT": 0.615612353275512, "PASSENGER_CAR": 0.14455024195485525, "RAIL_TRIP": 0.22724516453641166}}