{"start": {"Count": {"BIKE_TRIP": 2, "FOOT": 20, "PASSENGER_CAR": 6, "RAIL_TRIP": 4}, "Duration": {"BIKE_TRIP": 4409.383, "FOOT": 72187.263, "PASSENGER_CAR": 7149.774, "RAIL_TRIP": 2503.489}, "Distance": {"BIKE_TRIP": 14.777301888068331, "FOOT": 42.92483522703968, "PASSENGER_CAR": 84.05980458734527, "RAIL_TRIP": 7.883773614247415}, "Total_Count": 23, "Total_Duration": 86249.90900000001, "Total_Distance": 149.64571531670066, "Total_Emission": 12.026757232013}, "start_percents_count": {"BIKE_TRIP": 0.08695652173913043, "FOOT": 0.8695652173913043, "PASSENGER_CAR": 0.2608695652173913, "RAIL_TRIP": 0.17391304347826086}, "start_percents_duration": {"BIKE_TRIP": 0.0511233350982434, "FOOT": 0.8369546569608554, "PASSENGER_CAR": 0.08289601789608844, "RAIL_TRIP": 0.02902599004481268}, "start_percents_distance": {"BIKE_TRIP": 0.09874857998302584, "FOOT": 0.28684306220325984, "PASSENGER_CAR": 0.5617254353687738, "RAIL_TRIP": 0.052682922444940695}, "end": {"Count": {"FOOT": 20, "MOTORCYCLE": 1, "PASSENGER_CAR": 7, "RAIL_TRIP": 8, "UNKNOWN": 1}, "Duration": {"FOOT": 37557.085999999996, "MOTORCYCLE": 858.75, "PASSENGER_CAR": 7810.267, "RAIL_TRIP": 10044.684000000001, "UNKNOWN": 120.117}, "Distance": {"FOOT": 70.10666470793241, "MOTORCYCLE": 9.735296468439865, "PASSENGER_CAR": 121.63616643230662, "RAIL_TRIP": 88.56599583708551, "UNKNOWN": 3.8259244522739926}, "Total_Count": 27, "Total_Duration": 56390.904, "Total_Distance": 293.8700478980384, "Total_Emission": 18.952485406147392}, "end_percents_count": {"FOOT": 0.7407407407407407, "MOTORCYCLE": 0.037037037037037035, "PASSENGER_CAR": 0.25925925925925924, "RAIL_TRIP": 0.2962962962962963, "UNKNOWN": 0.037037037037037035}, "end_percents_duration": {"FOOT": 0.6660131924822484, "MOTORCYCLE": 0.015228519833624232, "PASSENGER_CAR": 0.1385022485186618, "RAIL_TRIP": 0.17812596159125238, "UNKNOWN": 0.0021300775742130328}, "end_percents_distance": {"FOOT": 0.23856349161605173, "MOTORCYCLE": 0.03312789628638042, "PASSENGER_CAR": 0.41391141187178654, "RAIL_TRIP": 0.30137809712344177, "UNKNOWN": 0.013019103102339443}}