{"start": {"Count": {"FOOT": 3, "MOTORCYCLE": 1, "PASSENGER_CAR": 4, "RAIL_TRIP": 1}, "Duration": {"FOOT": 6837.22, "MOTORCYCLE": 533.768, "PASSENGER_CAR": 9820.454, "RAIL_TRIP": 2451.192}, "Distance": {"FOOT": 5.034745393510598, "MOTORCYCLE": 0.8551586650580776, "PASSENGER_CAR": 232.35518275057265, "RAIL_TRIP": 10.268069976098854}, "Total_Count": 6, "Total_Duration": 19642.634, "Total_Distance": 248.51315678524017, "Total_Emission": 47.995458804175755}, "start_percents_count": {"FOOT": 0.5, "MOTORCYCLE": 0.16666666666666666, "PASSENGER_CAR": 0.6666666666666666, "RAIL_TRIP": 0.16666666666666666}, "start_percents_duration": {"FOOT": 0.3480806087411699, "MOTORCYCLE": 0.027173952332462135, "PASSENGER_CAR": 0.49995606495544337, "RAIL_TRIP": 0.12478937397092468}, "start_percents_distance": {"FOOT": 0.020259472209197837, "MOTORCYCLE": 0.003441100165964604, "PASSENGER_CAR": 0.9349814140881446, "RAIL_TRIP": 0.04131801353669296}, "end": {"Count": {"BIKE_TRIP": 2, "BUS": 1, "FOOT": 6, "PASSENGER_CAR": 3, "RAIL_TRIP": 3}, "Duration": {"BIKE_TRIP": 1262.306, "BUS": 848.921, "FOOT": 11295.94, "PASSENGER_CAR": 3208.3759999999997, "RAIL_TRIP": 2966.138}, "Distance": {"BIKE_TRIP": 10.287771968182515, "BUS": 5.802744675508388, "FOOT": 16.407022355658242, "PASSENGER_CAR": 40.82139642865431, "RAIL_TRIP": 33.59448353290219}, "Total_Count": 8, "Total_Duration": 19581.681, "Total_Distance": 106.91341896090566, "Total_Emission": 7.240172722184601}, "end_percents_count": {"BIKE_TRIP": 0.25, "BUS": 0.125, "FOOT": 0.75, "PASSENGER_CAR": 0.375, "RAIL_TRIP": 0.375}, "end_percents_duration": {"BIKE_TRIP": 0.06446361780686755, "BUS": 0.04335281531754092, "FOOT": 0.5768626299243665, "PASSENGER_CAR": 0.1638457903588563, "RAIL_TRIP": 0.15147514659236866}, "end_percents_distance": {"BIKE_TRIP": 0.09622526403298709, "BUS": 0.054275176417566816, "FOOT": 0.15346083321549836, "PASSENGER_CAR": 0.38181733243028365, "RAIL_TRIP": 0.31422139390366394}}