{"start": {"Count": {"BIKE_TRIP": 1, "BUS": 1, "FOOT": 8, "PASSENGER_CAR": 10, "RAIL_TRIP": 9, "UNKNOWN": 1}, "Duration": {"BIKE_TRIP": 2344.334, "BUS": 2285.821, "FOOT": 22461.638, "PASSENGER_CAR": 16892.264, "RAIL_TRIP": 12110.649000000001, "UNKNOWN": 5593.981}, "Distance": {"BIKE_TRIP": 3.0757811993819555, "BUS": 50.437446804407365, "FOOT": 24.63086122403091, "PASSENGER_CAR": 270.0723276440685, "RAIL_TRIP": 104.70714709479176, "UNKNOWN": 158.5306344939152}, "Total_Count": 15, "Total_Duration": 61688.687, "Total_Distance": 611.4541984605956, "Total_Emission": 44.901481791606365}, "start_percents_count": {"BIKE_TRIP": 0.06666666666666667, "BUS": 0.06666666666666667, "FOOT": 0.5333333333333333, "PASSENGER_CAR": 0.6666666666666666, "RAIL_TRIP": 0.6, "UNKNOWN": 0.06666666666666667}, "start_percents_duration": {"BIKE_TRIP": 0.03800265679183608, "BUS": 0.037054136036320566, "FOOT": 0.3641127586327133, "PASSENGER_CAR": 0.2738308241185292, "RAIL_TRIP": 0.19631879991221082, "UNKNOWN": 0.09068082450839}, "start_percents_distance": {"BIKE_TRIP": 0.005030272434346806, "BUS": 0.08248769397837039, "FOOT": 0.04028243045193223, "PASSENGER_CAR": 0.44168856526622235, "RAIL_TRIP": 0.17124282956663595, "UNKNOWN": 0.2592682083024923}, "end": {"Count": {"BIKE_TRIP": 1, "FOOT": 12, "PASSENGER_CAR": 11, "RAIL_TRIP": 10}, "Duration": {"BIKE_TRIP": 602.207, "FOOT": 23119.85, "PASSENGER_CAR": 16078.961000000001, "RAIL_TRIP": 11365.416000000001}, "Distance": {"BIKE_TRIP": 2.0153962284298563, "FOOT": 28.96127394761615, "PASSENGER_CAR": 157.35608411159978, "RAIL_TRIP": 101.10615440715054}, "Total_Count": 19, "Total_Duration": 51166.43400000001, "Total_Distance": 289.43890869479634, "Total_Emission": 36.19441166717398}, "end_percents_count": {"BIKE_TRIP": 0.05263157894736842, "FOOT": 0.631578947368421, "PASSENGER_CAR": 0.5789473684210527, "RAIL_TRIP": 0.5263157894736842}, "end_percents_duration": {"BIKE_TRIP": 0.01176957143427271, "FOOT": 0.4518558006211649, "PASSENGER_CAR": 0.3142482237476233, "RAIL_TRIP": 0.22212640419693894}, "end_percents_distance": {"BIKE_TRIP": 0.006963114384027146, "FOOT": 0.10006005784852805, "PASSENGER_CAR": 0.5436590568323574, "RAIL_TRIP": 0.34931777093508737}}