{"start": {"Count": {"FOOT": 5, "MOTORCYCLE": 2, "PASSENGER_CAR": 18, "RAIL_TRIP": 5}, "Duration": {"FOOT": 6333.307, "MOTORCYCLE": 2971.841, "PASSENGER_CAR": 26018.474000000002, "RAIL_TRIP": 4479.58}, "Distance": {"FOOT": 9.27801443962371, "MOTORCYCLE": 22.653501380253797, "PASSENGER_CAR": 323.9200021991531, "RAIL_TRIP": 22.51835202599322}, "Total_Count": 26, "Total_Duration": 39803.202, "Total_Distance": 378.36987004502384, "Total_Emission": 57.1010725684367}, "start_percents_count": {"FOOT": 0.19230769230769232, "MOTORCYCLE": 0.07692307692307693, "PASSENGER_CAR": 0.6923076923076923, "RAIL_TRIP": 0.19230769230769232}, "start_percents_duration": {"FOOT": 0.15911551537989332, "MOTORCYCLE": 0.07466336502274365, "PASSENGER_CAR": 0.6536779126463244, "RAIL_TRIP": 0.11254320695103877}, "start_percents_distance": {"FOOT": 0.024521018120495907, "MOTORCYCLE": 0.059871314218434356, "PASSENGER_CAR": 0.8560935419107458, "RAIL_TRIP": 0.05951412575032379}, "end": {"Count": {"BIKE_TRIP": 2, "FOOT": 10, "MOTORCYCLE": 2, "PASSENGER_CAR": 19, "RAIL_TRIP": 6}, "Duration": {"BIKE_TRIP": 5166.456, "FOOT": 8914.663, "MOTORCYCLE": 2372.584, "PASSENGER_CAR": 47511.409, "RAIL_TRIP": 5730.022000000001}, "Distance": {"BIKE_TRIP": 38.40032097141938, "FOOT": 13.130354333965043, "MOTORCYCLE": 14.529472282239208, "PASSENGER_CAR": 399.5881757305018, "RAIL_TRIP": 33.01460086014327}, "Total_Count": 28, "Total_Duration": 69695.13399999999, "Total_Distance": 498.6629241782688, "Total_Emission": 61.14107952750075}, "end_percents_count": {"BIKE_TRIP": 0.07142857142857142, "FOOT": 0.35714285714285715, "MOTORCYCLE": 0.07142857142857142, "PASSENGER_CAR": 0.6785714285714286, "RAIL_TRIP": 0.21428571428571427}, "end_percents_duration": {"BIKE_TRIP": 0.07412936461245631, "FOOT": 0.1279094032590568, "MOTORCYCLE": 0.03404231922417999, "PASSENGER_CAR": 0.6817033883599393, "RAIL_TRIP": 0.08221552454436779}, "end_percents_distance": {"BIKE_TRIP": 0.07700656918638595, "FOOT": 0.02633112208131805, "MOTORCYCLE": 0.02913686094907071, "PASSENGER_CAR": 0.8013192005180069, "RAIL_TRIP": 0.0662062472652183}}