{"start": {"Count": {"FOOT": 15, "PASSENGER_CAR": 3, "RAIL_TRIP": 8}, "Duration": {"FOOT": 43808.919, "PASSENGER_CAR": 4138.749, "RAIL_TRIP": 19509.804}, "Distance": {"FOOT": 67.41690818008082, "PASSENGER_CAR": 44.910049406478464, "RAIL_TRIP": 75.40803051397694}, "Total_Count": 16, "Total_Duration": 67457.472, "Total_Distance": 187.73498810053624, "Total_Emission": 9.10447754346356}, "start_percents_count": {"FOOT": 0.9375, "PASSENGER_CAR": 0.1875, "RAIL_TRIP": 0.5}, "start_percents_duration": {"FOOT": 0.6494301921068137, "PASSENGER_CAR": 0.06135345540372459, "RAIL_TRIP": 0.2892163524894618}, "start_percents_distance": {"FOOT": 0.3591067859123712, "PASSENGER_CAR": 0.23922045571190031, "RAIL_TRIP": 0.4016727583757284}, "end": {"Count": {"FOOT": 9, "PASSENGER_CAR": 1, "RAIL_TRIP": 7}, "Duration": {"FOOT": 17171.933, "PASSENGER_CAR": 661.341, "RAIL_TRIP": 9879.735}, "Distance": {"FOOT": 14.016256468449168, "PASSENGER_CAR": 3.3101481400518376, "RAIL_TRIP": 36.39118471231159}, "Total_Count": 11, "Total_Duration": 27713.009000000002, "Total_Distance": 53.7175893208126, "Total_Emission": 0.9417379135415985}, "end_percents_count": {"FOOT": 0.8181818181818182, "PASSENGER_CAR": 0.09090909090909091, "RAIL_TRIP": 0.6363636363636364}, "end_percents_duration": {"FOOT": 0.6196343746000299, "PASSENGER_CAR": 0.023863918927028095, "RAIL_TRIP": 0.356501706472942}, "end_percents_distance": {"FOOT": 0.2609248971457221, "PASSENGER_CAR": 0.06162130843740856, "RAIL_TRIP": 0.6774537944168693}}