{"start": {"Count": {"BIKE_TRIP": 1, "FOOT": 10, "MOTORCYCLE": 2, "PASSENGER_CAR": 3, "RAIL_TRIP": 3}, "Duration": {"BIKE_TRIP": 151.938, "FOOT": 9912.359, "MOTORCYCLE": 1915.978, "PASSENGER_CAR": 3865.572, "RAIL_TRIP": 2694.297}, "Distance": {"BIKE_TRIP": 0.8094555103005129, "FOOT": 15.00530456720918, "MOTORCYCLE": 11.237405126456643, "PASSENGER_CAR": 26.715907561487626, "RAIL_TRIP": 12.693040572643891}, "Total_Count": 14, "Total_Duration": 18540.144, "Total_Distance": 66.46111333809785, "Total_Emission": 7.3326198486653}, "start_percents_count": {"BIKE_TRIP": 0.07142857142857142, "FOOT": 0.7142857142857143, "MOTORCYCLE": 0.14285714285714285, "PASSENGER_CAR": 0.21428571428571427, "RAIL_TRIP": 0.21428571428571427}, "start_percents_duration": {"BIKE_TRIP": 0.008195081979945786, "FOOT": 0.5346430426861841, "MOTORCYCLE": 0.10334213153899992, "PASSENGER_CAR": 0.20849740972885647, "RAIL_TRIP": 0.14532233406601372}, "start_percents_distance": {"BIKE_TRIP": 0.012179385352494607, "FOOT": 0.22577570271618685, "MOTORCYCLE": 0.1690824086754347, "PASSENGER_CAR": 0.4019780322604546, "RAIL_TRIP": 0.19098447099542937}, "end": {"Count": {"BIKE_TRIP": 2, "FOOT": 17, "HIGH_SPEED_TRAIN": 1, "MOTORCYCLE": 1, "PASSENGER_CAR": 4, "RAIL_TRIP": 7, "UNKNOWN": 1}, "Duration": {"BIKE_TRIP": 1704.2820000000002, "FOOT": 54296.508, "HIGH_SPEED_TRAIN": 3364.592, "MOTORCYCLE": 1649.397, "PASSENGER_CAR": 5465.795999999999, "RAIL_TRIP": 9657.32, "UNKNOWN": 540.758}, "Distance": {"BIKE_TRIP": 8.707264960379845, "FOOT": 68.97535904157348, "HIGH_SPEED_TRAIN": 201.6946633494687, "MOTORCYCLE": 9.634885120362286, "PASSENGER_CAR": 44.35162288887275, "RAIL_TRIP": 71.21264787146713, "UNKNOWN": 37.98466876923992}, "Total_Count": 21, "Total_Duration": 76678.65299999999, "Total_Distance": 442.5611120013641, "Total_Emission": 11.248717253558903}, "end_percents_count": {"BIKE_TRIP": 0.09523809523809523, "FOOT": 0.8095238095238095, "HIGH_SPEED_TRAIN": 0.047619047619047616, "MOTORCYCLE": 0.047619047619047616, "PASSENGER_CAR": 0.19047619047619047, "RAIL_TRIP": 0.3333333333333333, "UNKNOWN": 0.047619047619047616}, "end_percents_duration": {"BIKE_TRIP": 0.022226290281859806, "FOOT": 0.7081046142007739, "HIGH_SPEED_TRAIN": 0.043879122394077534, "MOTORCYCLE": 0.02151051088495256, "PASSENGER_CAR": 0.07128184685247405, "RAIL_TRIP": 0.12594535274374213, "UNKNOWN": 0.007052262642120228}, "end_percents_distance": {"BIKE_TRIP": 0.019674717737859008, "FOOT": 0.15585499306446265, "HIGH_SPEED_TRAIN": 0.4557442077035612, "MOTORCYCLE": 0.02177074500918325, "PASSENGER_CAR": 0.10021581581875644, "RAIL_TRIP": 0.16091031484765347, "UNKNOWN": 0.08582920581852396}}