{"start": {"Count": {"BIKE_TRIP": 1, "BUS": 1, "FOOT": 5, "PASSENGER_CAR": 4, "RAIL_TRIP": 2}, "Duration": {"BIKE_TRIP": 1096.886, "BUS": 997.391, "FOOT": 3975.559, "PASSENGER_CAR": 4042.692, "RAIL_TRIP": 2248.47}, "Distance": {"BIKE_TRIP": 5.254366603746085, "BUS": 4.901655414054777, "FOOT": 15.173106446232477, "PASSENGER_CAR": 15.497083385315127, "RAIL_TRIP": 4.348646725568698}, "Total_Count": 8, "Total_Duration": 12360.998000000001, "Total_Distance": 45.17485857491716, "Total_Emission": 4.042116680756644}, "start_percents_count": {"BIKE_TRIP": 0.125, "BUS": 0.125, "FOOT": 0.625, "PASSENGER_CAR": 0.5, "RAIL_TRIP": 0.25}, "start_percents_duration": {"BIKE_TRIP": 0.08873765694323386, "BUS": 0.08068854958151436, "FOOT": 0.32162119919443394, "PASSENGER_CAR": 0.3270522331611088, "RAIL_TRIP": 0.1819003611197089}, "start_percents_distance": {"BIKE_TRIP": 0.11631174439721466, "BUS": 0.10850405665190875, "FOOT": 0.3358750182044217, "PASSENGER_CAR": 0.34304663864337387, "RAIL_TRIP": 0.09626254210308112}, "end": {"Count": {"FOOT": 4, "PASSENGER_CAR": 6, "RAIL_TRIP": 1}, "Duration": {"FOOT": 17466.453, "PASSENGER_CAR": 13127.905999999999, "RAIL_TRIP": 1082.878}, "Distance": {"FOOT": 16.47652157741428, "PASSENGER_CAR": 162.02756162584018, "RAIL_TRIP": 23.76728595379788}, "Total_Count": 8, "Total_Duration": 31677.237, "Total_Distance": 202.27136915705233, "Total_Emission": 37.35475529393614}, "end_percents_count": {"FOOT": 0.5, "PASSENGER_CAR": 0.75, "RAIL_TRIP": 0.125}, "end_percents_duration": {"FOOT": 0.5513881466366527, "PASSENGER_CAR": 0.414427116859971, "RAIL_TRIP": 0.03418473650337622}, "end_percents_distance": {"FOOT": 0.08145750753593402, "PASSENGER_CAR": 0.8010405145378479, "RAIL_TRIP": 0.11750197792621812}}