{"start": {"Count": {"BIKE_TRIP": 1, "FOOT": 7, "PASSENGER_CAR": 4, "RAIL_TRIP": 11}, "Duration": {"BIKE_TRIP": 1741.747, "FOOT": 16290.905, "PASSENGER_CAR": 4771.867, "RAIL_TRIP": 23240.886}, "Distance": {"BIKE_TRIP": 6.729766796524676, "FOOT": 18.26476597763739, "PASSENGER_CAR": 69.16156847796802, "RAIL_TRIP": 103.35533473332862}, "Total_Count": 15, "Total_Duration": 46045.405, "Total_Distance": 197.51143598545872, "Total_Emission": 15.496057869442978}, "start_percents_count": {"BIKE_TRIP": 0.06666666666666667, "FOOT": 0.4666666666666667, "PASSENGER_CAR": 0.26666666666666666, "RAIL_TRIP": 0.7333333333333333}, "start_percents_duration": {"BIKE_TRIP": 0.03782672777012169, "FOOT": 0.3538008841490264, "PASSENGER_CAR": 0.10363394566732555, "RAIL_TRIP": 0.5047384424135264}, "start_percents_distance": {"BIKE_TRIP": 0.03407279564824863, "FOOT": 0.092474473118519, "PASSENGER_CAR": 0.3501648809999025, "RAIL_TRIP": 0.5232878502333298}, "end": {"Count": {"FOOT": 6, "PASSENGER_CAR": 4, "PLANE": 1, "RAIL_TRIP": 5}, "Duration": {"FOOT": 14762.671999999999, "PASSENGER_CAR": 2542.917, "PLANE": 166.475, "RAIL_TRIP": 12380.353000000001}, "Distance": {"FOOT": 18.45826775419124, "PASSENGER_CAR": 18.437074192974375, "PLANE": 62.26190003335822, "RAIL_TRIP": 37.15513996034066}, "Total_Count": 10, "Total_Duration": 29852.416999999998, "Total_Distance": 136.3123819408645, "Total_Emission": 11.504003204663155}, "end_percents_count": {"FOOT": 0.6, "PASSENGER_CAR": 0.4, "PLANE": 0.1, "RAIL_TRIP": 0.5}, "end_percents_duration": {"FOOT": 0.49452183386021975, "PASSENGER_CAR": 0.08518295185277629, "PLANE": 0.005576600380465006, "RAIL_TRIP": 0.414718613906539}, "end_percents_distance": {"FOOT": 0.1354115267547659, "PASSENGER_CAR": 0.1352560488670267, "PLANE": 0.4567589469632252, "RAIL_TRIP": 0.2725734774149822}}