{"start": {"Count": {"BIKE_TRIP": 1, "FOOT": 22, "MOTORCYCLE": 1, "PASSENGER_CAR": 15, "RAIL_TRIP": 8}, "Duration": {"BIKE_TRIP": 682.0, "FOOT": 57278.789000000004, "MOTORCYCLE": 1504.1, "PASSENGER_CAR": 26331.823, "RAIL_TRIP": 4831.685}, "Distance": {"BIKE_TRIP": 4.994959853012264, "FOOT": 50.16466833185449, "MOTORCYCLE": 6.238238016839858, "PASSENGER_CAR": 232.3653351466482, "RAIL_TRIP": 29.911816427001348}, "Total_Count": 40, "Total_Duration": 90628.397, "Total_Distance": 323.67501777535614, "Total_Emission": 43.190599895520336}, "start_percents_count": {"BIKE_TRIP": 0.025, "FOOT": 0.55, "MOTORCYCLE": 0.025, "PASSENGER_CAR": 0.375, "RAIL_TRIP": 0.2}, "start_percents_duration": {"BIKE_TRIP": 0.007525235164426444, "FOOT": 0.6320181190008249, "MOTORCYCLE": 0.016596343417615563, "PASSENGER_CAR": 0.29054715598688124, "RAIL_TRIP": 0.05331314643025188}, "start_percents_distance": {"BIKE_TRIP": 0.015432021560832888, "FOOT": 0.1549846777692026, "MOTORCYCLE": 0.01927315261992031, "PASSENGER_CAR": 0.7178970337090376, "RAIL_TRIP": 0.09241311434100666}, "end": {"Count": {"BIKE_TRIP": 4, "BUS": 2, "FOOT": 36, "PASSENGER_CAR": 25, "RAIL_TRIP": 15, "UNKNOWN": 1}, "Duration": {"BIKE_TRIP": 10289.116, "BUS": 617.253, "FOOT": 62261.495, "PASSENGER_CAR": 71808.962, "RAIL_TRIP": 13306.973, "UNKNOWN": 120.163}, "Distance": {"BIKE_TRIP": 92.06991225411534, "BUS": 1.9929731398175712, "FOOT": 59.163650678903736, "PASSENGER_CAR": 1065.5151186431692, "RAIL_TRIP": 62.98127758915925, "UNKNOWN": 3.666735254451899}, "Total_Count": 57, "Total_Duration": 158403.962, "Total_Distance": 1285.389667559617, "Total_Emission": 271.45674039901667}, "end_percents_count": {"BIKE_TRIP": 0.07017543859649122, "BUS": 0.03508771929824561, "FOOT": 0.631578947368421, "PASSENGER_CAR": 0.43859649122807015, "RAIL_TRIP": 0.2631578947368421, "UNKNOWN": 0.017543859649122806}, "end_percents_duration": {"BIKE_TRIP": 0.06495491571100981, "BUS": 0.0038967017756790707, "FOOT": 0.3930551623449924, "PASSENGER_CAR": 0.45332806764012634, "RAIL_TRIP": 0.08400656670443635, "UNKNOWN": 0.0007585858237561002}, "end_percents_distance": {"BIKE_TRIP": 0.07162801645116312, "BUS": 0.0015504816866945418, "FOOT": 0.04602779388388051, "PASSENGER_CAR": 0.8289432734169306, "RAIL_TRIP": 0.0489978091303104, "UNKNOWN": 0.0028526254310207717}}