{"start": {"Count": {"BIKE_TRIP": 1, "BUS": 1, "FOOT": 12, "PASSENGER_CAR": 2, "RAIL_TRIP": 7, "UNKNOWN": 1}, "Duration": {"BIKE_TRIP": 1447.385, "BUS": 2034.547, "FOOT": 22343.434, "PASSENGER_CAR": 5948.329, "RAIL_TRIP": 12545.916, "UNKNOWN": 1497.902}, "Distance": {"BIKE_TRIP": 7.278672918360163, "BUS": 12.982016117677777, "FOOT": 30.37062251974592, "PASSENGER_CAR": 129.97530727203022, "RAIL_TRIP": 98.27396397760933, "UNKNOWN": 47.31133629665183}, "Total_Count": 13, "Total_Duration": 45817.513, "Total_Distance": 326.19191910207525, "Total_Emission": 33.37219441637727}, "start_percents_count": {"BIKE_TRIP": 0.07692307692307693, "BUS": 0.07692307692307693, "FOOT": 0.9230769230769231, "PASSENGER_CAR": 0.15384615384615385, "RAIL_TRIP": 0.5384615384615384, "UNKNOWN": 0.07692307692307693}, "start_percents_duration": {"BIKE_TRIP": 0.03159021311348785, "BUS": 0.04440544383105211, "FOOT": 0.4876614319943556, "PASSENGER_CAR": 0.12982653597981192, "RAIL_TRIP": 0.27382359230192177, "UNKNOWN": 0.03269278277937085}, "start_percents_distance": {"BIKE_TRIP": 0.02231408104283064, "BUS": 0.03979870547809406, "FOOT": 0.09310660608438322, "PASSENGER_CAR": 0.39846268304199484, "RAIL_TRIP": 0.30127651306670306, "UNKNOWN": 0.14504141128599415}, "end": {"Count": {"FOOT": 16, "PASSENGER_CAR": 3, "RAIL_TRIP": 11, "UNKNOWN": 2}, "Duration": {"FOOT": 38433.258, "PASSENGER_CAR": 12133.268, "RAIL_TRIP": 18288.824, "UNKNOWN": 541.018}, "Distance": {"FOOT": 53.07357957350651, "PASSENGER_CAR": 370.21522146890453, "RAIL_TRIP": 162.6146348998108, "UNKNOWN": 22.206240321154603}, "Total_Count": 16, "Total_Duration": 69396.368, "Total_Distance": 608.1096762633764, "Total_Emission": 57.44777764606737}, "end_percents_count": {"FOOT": 1.0, "PASSENGER_CAR": 0.1875, "RAIL_TRIP": 0.6875, "UNKNOWN": 0.125}, "end_percents_duration": {"FOOT": 0.5538223268399292, "PASSENGER_CAR": 0.1748401011418926, "RAIL_TRIP": 0.26354151560208455, "UNKNOWN": 0.007796056416093707}, "end_percents_distance": {"FOOT": 0.0872763280131066, "PASSENGER_CAR": 0.608796794262096, "RAIL_TRIP": 0.2674100433642521, "UNKNOWN": 0.0365168343605454}}