{"start": {"Count": {"BIKE_TRIP": 1, "FOOT": 6, "RAIL_TRIP": 3}, "Duration": {"BIKE_TRIP": 341.861, "FOOT": 3676.652, "RAIL_TRIP": 1476.433}, "Distance": {"BIKE_TRIP": 1.4242627469858031, "FOOT": 10.155928493151631, "RAIL_TRIP": 8.9049712201346}, "Total_Count": 10, "Total_Duration": 5494.946, "Total_Distance": 20.485162460272033}, "start_percents_count": {"BIKE_TRIP": 0.1, "FOOT": 0.6, "RAIL_TRIP": 0.3}, "start_percents_duration": {"BIKE_TRIP": 0.06221371420210499, "FOOT": 0.6690970211536201, "RAIL_TRIP": 0.26868926464427495}, "start_percents_distance": {"BIKE_TRIP": 0.06952655365794398, "FOOT": 0.49576997560295477, "RAIL_TRIP": 0.4347034707391013}, "end": {"Count": {"BUS": 3, "FOOT": 7, "PASSENGER_CAR": 2, "RAIL_TRIP": 8}, "Duration": {"BUS": 2069.043, "FOOT": 4037.749, "PASSENGER_CAR": 1638.8410000000001, "RAIL_TRIP": 9478.231}, "Distance": {"BUS": 5.573998505932522, "FOOT": 16.260183064248938, "PASSENGER_CAR": 7.573162664909049, "RAIL_TRIP": 35.874747723516236}, "Total_Count": 20, "Total_Duration": 17223.864, "Total_Distance": 65.28209195860676}, "end_percents_count": {"BUS": 0.15, "FOOT": 0.35, "PASSENGER_CAR": 0.1, "RAIL_TRIP": 0.4}, "end_percents_duration": {"BUS": 0.12012652909939373, "FOOT": 0.23442759417979608, "PASSENGER_CAR": 0.09514943917346305, "RAIL_TRIP": 0.550296437547347}, "end_percents_distance": {"BUS": 0.08538327033800958, "FOOT": 0.24907570478223937, "PASSENGER_CAR": 0.11600673994502113, "RAIL_TRIP": 0.5495342849347298}}