{"start": {"Count": {"BIKE_TRIP": 3, "FOOT": 21, "PASSENGER_CAR": 16, "RAIL_TRIP": 18, "SCOOTER": 1}, "Duration": {"BIKE_TRIP": 6063.111, "FOOT": 22084.155, "PASSENGER_CAR": 61949.634, "RAIL_TRIP": 21371.928, "SCOOTER": 2583.843}, "Distance": {"BIKE_TRIP": 40.26398177400224, "FOOT": 23.55652126902533, "PASSENGER_CAR": 589.5986833897593, "RAIL_TRIP": 151.4384989307417, "SCOOTER": 11.697092851025928}, "Total_Count": 44, "Total_Duration": 114052.671, "Total_Distance": 816.5547782145546, "Total_Emission": 129.2016042692232}, "start_percents_count": {"BIKE_TRIP": 0.06818181818181818, "FOOT": 0.4772727272727273, "PASSENGER_CAR": 0.36363636363636365, "RAIL_TRIP": 0.4090909090909091, "SCOOTER": 0.022727272727272728}, "start_percents_duration": {"BIKE_TRIP": 0.05316062260391955, "FOOT": 0.19363119518700267, "PASSENGER_CAR": 0.5431668847106614, "RAIL_TRIP": 0.18738647514883716, "SCOOTER": 0.02265482234957917}, "start_percents_distance": {"BIKE_TRIP": 0.049309590548281185, "FOOT": 0.028848672370190592, "PASSENGER_CAR": 0.7220564977636305, "RAIL_TRIP": 0.18546030587423779, "SCOOTER": 0.014324933443659853}, "end": {"Count": {"BIKE_TRIP": 3, "FOOT": 25, "MOTORCYCLE": 1, "PASSENGER_CAR": 19, "RAIL_TRIP": 13, "SCOOTER": 1}, "Duration": {"BIKE_TRIP": 4208.277, "FOOT": 74619.73, "MOTORCYCLE": 180.465, "PASSENGER_CAR": 41382.291, "RAIL_TRIP": 13191.893, "SCOOTER": 2764.184}, "Distance": {"BIKE_TRIP": 28.464636540254386, "FOOT": 32.23639040500089, "MOTORCYCLE": 0.8438335278156758, "PASSENGER_CAR": 489.64510699218476, "RAIL_TRIP": 57.752409710898334, "SCOOTER": 12.063666639238503}, "Total_Count": 52, "Total_Duration": 136346.84000000003, "Total_Distance": 621.0060438153924, "Total_Emission": 107.49569476329596}, "end_percents_count": {"BIKE_TRIP": 0.057692307692307696, "FOOT": 0.4807692307692308, "MOTORCYCLE": 0.019230769230769232, "PASSENGER_CAR": 0.36538461538461536, "RAIL_TRIP": 0.25, "SCOOTER": 0.019230769230769232}, "end_percents_duration": {"BIKE_TRIP": 0.030864499683307654, "FOOT": 0.547278763482894, "MOTORCYCLE": 0.0013235730289018798, "PASSENGER_CAR": 0.3035075180326877, "RAIL_TRIP": 0.0967524659904109, "SCOOTER": 0.020273179781797653}, "end_percents_distance": {"BIKE_TRIP": 0.04583632771972847, "FOOT": 0.05190994632990055, "MOTORCYCLE": 0.001358816932974204, "PASSENGER_CAR": 0.7884707594532565, "RAIL_TRIP": 0.09299814435955231, "SCOOTER": 0.019426005204588138}}