{"start": {"Count": {"BIKE_TRIP": 2, "FOOT": 23, "MOTORCYCLE": 2, "PASSENGER_CAR": 2, "RAIL_TRIP": 5}, "Duration": {"BIKE_TRIP": 1021.03, "FOOT": 35710.267, "MOTORCYCLE": 2818.004, "PASSENGER_CAR": 1556.8049999999998, "RAIL_TRIP": 4821.2880000000005}, "Distance": {"BIKE_TRIP": 3.4219359706458663, "FOOT": 39.423925488402034, "MOTORCYCLE": 46.61282888864512, "PASSENGER_CAR": 5.812204382631375, "RAIL_TRIP": 20.096945597385254}, "Total_Count": 34, "Total_Duration": 45927.39399999999, "Total_Distance": 115.36784032770964}, "start_percents_count": {"BIKE_TRIP": 0.058823529411764705, "FOOT": 0.6764705882352942, "MOTORCYCLE": 0.058823529411764705, "PASSENGER_CAR": 0.058823529411764705, "RAIL_TRIP": 0.14705882352941177}, "start_percents_duration": {"BIKE_TRIP": 0.02223139418709453, "FOOT": 0.7775374104613906, "MOTORCYCLE": 0.06135780314467658, "PASSENGER_CAR": 0.033897089828349505, "RAIL_TRIP": 0.104976302378489}, "start_percents_distance": {"BIKE_TRIP": 0.029661090655122267, "FOOT": 0.34172370199889224, "MOTORCYCLE": 0.40403659075387416, "PASSENGER_CAR": 0.050379762385439834, "RAIL_TRIP": 0.17419885420667156}, "end": {"Count": {"BIKE_TRIP": 1, "FOOT": 23, "MOTORCYCLE": 1, "PASSENGER_CAR": 3, "RAIL_TRIP": 12}, "Duration": {"BIKE_TRIP": 535.306, "FOOT": 36581.731, "MOTORCYCLE": 944.208, "PASSENGER_CAR": 3681.2200000000003, "RAIL_TRIP": 14050.345000000001}, "Distance": {"BIKE_TRIP": 2.2449121367140803, "FOOT": 59.7802161941353, "MOTORCYCLE": 4.612521012601169, "PASSENGER_CAR": 30.146739376535322, "RAIL_TRIP": 67.09453747151166}, "Total_Count": 40, "Total_Duration": 55792.81, "Total_Distance": 163.8789261914975}, "end_percents_count": {"BIKE_TRIP": 0.025, "FOOT": 0.575, "MOTORCYCLE": 0.025, "PASSENGER_CAR": 0.075, "RAIL_TRIP": 0.3}, "end_percents_duration": {"BIKE_TRIP": 0.009594533775947116, "FOOT": 0.6556710622748702, "MOTORCYCLE": 0.01692347096337324, "PASSENGER_CAR": 0.06598018633583791, "RAIL_TRIP": 0.25183074664997157}, "end_percents_distance": {"BIKE_TRIP": 0.013698601698737227, "FOOT": 0.36478281609119345, "MOTORCYCLE": 0.028145906980201335, "PASSENGER_CAR": 0.18395738901356934, "RAIL_TRIP": 0.4094152862162988}}