{"start": {"Count": {"FOOT": 3, "PASSENGER_CAR": 4, "RAIL_TRIP": 3}, "Duration": {"FOOT": 5919.3, "PASSENGER_CAR": 3700.6800000000003, "RAIL_TRIP": 10816.992}, "Distance": {"FOOT": 8.134038514083054, "PASSENGER_CAR": 14.2940817450706, "RAIL_TRIP": 38.56228374418505}, "Total_Count": 7, "Total_Duration": 20436.972000000005, "Total_Distance": 60.990404003338696, "Total_Emission": 3.747191720524742}, "start_percents_count": {"FOOT": 0.42857142857142855, "PASSENGER_CAR": 0.5714285714285714, "RAIL_TRIP": 0.42857142857142855}, "start_percents_duration": {"FOOT": 0.2896368405260818, "PASSENGER_CAR": 0.181077705640542, "RAIL_TRIP": 0.529285453833376}, "start_percents_distance": {"FOOT": 0.13336587364854618, "PASSENGER_CAR": 0.23436607739617732, "RAIL_TRIP": 0.6322680489552767}, "end": {"Count": {"FOOT": 3, "PASSENGER_CAR": 4, "RAIL_TRIP": 4}, "Duration": {"FOOT": 4775.448, "PASSENGER_CAR": 4477.881, "RAIL_TRIP": 11417.319000000001}, "Distance": {"FOOT": 4.85952872993529, "PASSENGER_CAR": 17.555103665242356, "RAIL_TRIP": 41.2881827112141}, "Total_Count": 7, "Total_Duration": 20670.648000000005, "Total_Distance": 63.702815106391746, "Total_Emission": 4.302368087478865}, "end_percents_count": {"FOOT": 0.42857142857142855, "PASSENGER_CAR": 0.5714285714285714, "RAIL_TRIP": 0.5714285714285714}, "end_percents_duration": {"FOOT": 0.23102555856013798, "PASSENGER_CAR": 0.2166299285827904, "RAIL_TRIP": 0.5523445128570714}, "end_percents_distance": {"FOOT": 0.07628436391420479, "PASSENGER_CAR": 0.2755781457369367, "RAIL_TRIP": 0.6481374903488585}}