{"start": {"Count": {"BIKE_TRIP": 1, "BUS": 3, "FOOT": 10, "PASSENGER_CAR": 6, "RAIL_TRIP": 2, "SCOOTER": 1, "UNKNOWN": 1}, "Duration": {"BIKE_TRIP": 1798.782, "BUS": 1427.108, "FOOT": 8725.637, "PASSENGER_CAR": 10025.344000000001, "RAIL_TRIP": 513.2529999999999, "SCOOTER": 613.668, "UNKNOWN": 389.886}, "Distance": {"BIKE_TRIP": 7.257090201978205, "BUS": 6.411740481202995, "FOOT": 16.75769795933945, "PASSENGER_CAR": 120.5777374848355, "RAIL_TRIP": 1.8943884399044197, "SCOOTER": 2.9077214408673857, "UNKNOWN": 0.8055467136729911}, "Total_Count": 24, "Total_Duration": 23493.678, "Total_Distance": 156.61192272180094}, "start_percents_count": {"BIKE_TRIP": 0.041666666666666664, "BUS": 0.125, "FOOT": 0.4166666666666667, "PASSENGER_CAR": 0.25, "RAIL_TRIP": 0.08333333333333333, "SCOOTER": 0.041666666666666664, "UNKNOWN": 0.041666666666666664}, "start_percents_duration": {"BIKE_TRIP": 0.07656451237647847, "BUS": 0.06074434152030176, "FOOT": 0.37140361760299945, "PASSENGER_CAR": 0.42672518113170704, "RAIL_TRIP": 0.021846430346070117, "SCOOTER": 0.02612055890099456, "UNKNOWN": 0.016595358121448675}, "start_percents_distance": {"BIKE_TRIP": 0.04633804422968106, "BUS": 0.04094030882050117, "FOOT": 0.1070014189731081, "PASSENGER_CAR": 0.7699141635533387, "RAIL_TRIP": 0.012096067827923513, "SCOOTER": 0.01856641174141348, "UNKNOWN": 0.005143584854033953}, "end": {"Count": {"BUS": 1, "FOOT": 11, "PASSENGER_CAR": 8, "RAIL_TRIP": 2}, "Duration": {"BUS": 420.695, "FOOT": 6162.564, "PASSENGER_CAR": 10821.296, "RAIL_TRIP": 576.451}, "Distance": {"BUS": 1.547870730368618, "FOOT": 20.84195831032469, "PASSENGER_CAR": 65.42844715047302, "RAIL_TRIP": 3.1903330097409723}, "Total_Count": 22, "Total_Duration": 17981.006, "Total_Distance": 91.0086092009073}, "end_percents_count": {"BUS": 0.045454545454545456, "FOOT": 0.5, "PASSENGER_CAR": 0.36363636363636365, "RAIL_TRIP": 0.09090909090909091}, "end_percents_duration": {"BUS": 0.023396633091607888, "FOOT": 0.34272631909471585, "PASSENGER_CAR": 0.6018181630104567, "RAIL_TRIP": 0.03205888480321958}, "end_percents_distance": {"BUS": 0.01700795940031997, "FOOT": 0.22901084296667734, "PASSENGER_CAR": 0.7189259095920866, "RAIL_TRIP": 0.035055288040916094}}