{"start": {"Count": {"BIKE_TRIP": 5, "FOOT": 82, "PASSENGER_CAR": 27, "RAIL_TRIP": 39}, "Duration": {"BIKE_TRIP": 8477.097, "FOOT": 246359.963, "PASSENGER_CAR": 44734.487, "RAIL_TRIP": 54342.7}, "Distance": {"BIKE_TRIP": 10.581652570897123, "FOOT": 207.80896204844305, "PASSENGER_CAR": 326.0024473024114, "RAIL_TRIP": 199.88621628946538}, "Total_Count": 113, "Total_Duration": 353914.247, "Total_Distance": 744.2792782112169, "Total_Emission": 67.50709828757283}, "start_percents_count": {"BIKE_TRIP": 0.04424778761061947, "FOOT": 0.7256637168141593, "PASSENGER_CAR": 0.23893805309734514, "RAIL_TRIP": 0.34513274336283184}, "start_percents_duration": {"BIKE_TRIP": 0.02395240392794925, "FOOT": 0.6961007223877032, "PASSENGER_CAR": 0.1263992263074959, "RAIL_TRIP": 0.15354764737685173}, "start_percents_distance": {"BIKE_TRIP": 0.014217314495613548, "FOOT": 0.2792083135081849, "PASSENGER_CAR": 0.4380109145130547, "RAIL_TRIP": 0.26856345748314686}, "end": {"Count": {"BIKE_TRIP": 7, "BUS": 1, "FOOT": 90, "PASSENGER_CAR": 27, "RAIL_TRIP": 38, "UNKNOWN": 1}, "Duration": {"BIKE_TRIP": 6973.951999999999, "BUS": 555.695, "FOOT": 184544.719, "PASSENGER_CAR": 43194.697, "RAIL_TRIP": 47576.059, "UNKNOWN": 180.709}, "Distance": {"BIKE_TRIP": 17.516122338089403, "BUS": 2.188998572057021, "FOOT": 205.14665224382733, "PASSENGER_CAR": 397.80537432463495, "RAIL_TRIP": 268.97075350273235, "UNKNOWN": 5.271176636438908}, "Total_Count": 115, "Total_Duration": 283025.831, "Total_Distance": 896.89907761778, "Total_Emission": 72.7540947760793}, "end_percents_count": {"BIKE_TRIP": 0.06086956521739131, "BUS": 0.008695652173913044, "FOOT": 0.782608695652174, "PASSENGER_CAR": 0.23478260869565218, "RAIL_TRIP": 0.33043478260869563, "UNKNOWN": 0.008695652173913044}, "end_percents_duration": {"BIKE_TRIP": 0.024640690835035475, "BUS": 0.0019634073612171464, "FOOT": 0.6520419650318066, "PASSENGER_CAR": 0.15261750790513534, "RAIL_TRIP": 0.1680979394421423, "UNKNOWN": 0.0006384894246631502}, "end_percents_distance": {"BIKE_TRIP": 0.01952964695271325, "BUS": 0.002440629750530169, "FOOT": 0.22872880278649596, "PASSENGER_CAR": 0.443534154791675, "RAIL_TRIP": 0.29988965337899054, "UNKNOWN": 0.005877112339595089}}