{"start": {"Count": {"BIKE_TRIP": 5, "FOOT": 54, "MOTORCYCLE": 1, "PASSENGER_CAR": 21, "RAIL_TRIP": 18, "UNKNOWN": 1}, "Duration": {"BIKE_TRIP": 12565.745, "FOOT": 99307.615, "MOTORCYCLE": 1116.133, "PASSENGER_CAR": 34877.774, "RAIL_TRIP": 37681.755, "UNKNOWN": 301.057}, "Distance": {"BIKE_TRIP": 29.64675263599861, "FOOT": 122.9401027330032, "MOTORCYCLE": 2.197493874819182, "PASSENGER_CAR": 331.95804005017453, "RAIL_TRIP": 92.85123643957921, "UNKNOWN": 15.199281209217617}, "Total_Count": 73, "Total_Duration": 185850.079, "Total_Distance": 594.7929069427922, "Total_Emission": 69.05700386654175}, "start_percents_count": {"BIKE_TRIP": 0.0684931506849315, "FOOT": 0.7397260273972602, "MOTORCYCLE": 0.0136986301369863, "PASSENGER_CAR": 0.2876712328767123, "RAIL_TRIP": 0.2465753424657534, "UNKNOWN": 0.0136986301369863}, "start_percents_duration": {"BIKE_TRIP": 0.06761226612123206, "FOOT": 0.5343426031043012, "MOTORCYCLE": 0.006005555693091742, "PASSENGER_CAR": 0.1876661779627223, "RAIL_TRIP": 0.20275350542089357, "UNKNOWN": 0.0016198916977592463}, "start_percents_distance": {"BIKE_TRIP": 0.04984382343828129, "FOOT": 0.20669396238248636, "MOTORCYCLE": 0.0036945529261843387, "PASSENGER_CAR": 0.5581069245704751, "RAIL_TRIP": 0.15610683206837525, "UNKNOWN": 0.025553904614197927}, "end": {"Count": {"BIKE_TRIP": 4, "FOOT": 70, "HIGH_SPEED_TRAIN": 1, "PASSENGER_CAR": 29, "RAIL_TRIP": 31, "UNKNOWN": 1}, "Duration": {"BIKE_TRIP": 13212.735, "FOOT": 211363.856, "HIGH_SPEED_TRAIN": 3436.789, "PASSENGER_CAR": 51204.649, "RAIL_TRIP": 52154.575, "UNKNOWN": 1093.345}, "Distance": {"BIKE_TRIP": 30.125258002239764, "FOOT": 138.27241322794978, "HIGH_SPEED_TRAIN": 247.9069742918365, "PASSENGER_CAR": 595.0893989868376, "RAIL_TRIP": 376.9292711386944, "UNKNOWN": 51.997566900266605}, "Total_Count": 83, "Total_Duration": 332465.94899999996, "Total_Distance": 1440.3208825478246, "Total_Emission": 118.2819600528662}, "end_percents_count": {"BIKE_TRIP": 0.04819277108433735, "FOOT": 0.8433734939759037, "HIGH_SPEED_TRAIN": 0.012048192771084338, "PASSENGER_CAR": 0.3493975903614458, "RAIL_TRIP": 0.37349397590361444, "UNKNOWN": 0.012048192771084338}, "end_percents_duration": {"BIKE_TRIP": 0.03974161877251376, "FOOT": 0.6357458760385715, "HIGH_SPEED_TRAIN": 0.010337266148119128, "PASSENGER_CAR": 0.15401471685751494, "RAIL_TRIP": 0.15687192976264766, "UNKNOWN": 0.003288592420633128}, "end_percents_distance": {"BIKE_TRIP": 0.020915657314466162, "FOOT": 0.09600111676736629, "HIGH_SPEED_TRAIN": 0.17211926682150633, "PASSENGER_CAR": 0.41316445952943975, "RAIL_TRIP": 0.2616981227627093, "UNKNOWN": 0.03610137680451222}}