{"start": {"Count": {"BIKE_TRIP": 2, "BUS": 2, "FOOT": 17, "MOTORCYCLE": 1, "PASSENGER_CAR": 23, "RAIL_TRIP": 12}, "Duration": {"BIKE_TRIP": 2059.655, "BUS": 1296.667, "FOOT": 22605.358, "MOTORCYCLE": 203.245, "PASSENGER_CAR": 69308.977, "RAIL_TRIP": 7426.413}, "Distance": {"BIKE_TRIP": 10.630632225856758, "BUS": 6.910158851828731, "FOOT": 38.22247719649735, "MOTORCYCLE": 1.0461994517062687, "PASSENGER_CAR": 281.5632825646228, "RAIL_TRIP": 37.05915391673712}, "Total_Count": 37, "Total_Duration": 102900.315, "Total_Distance": 375.43190420724903, "Total_Emission": 63.525444151721715}, "start_percents_count": {"BIKE_TRIP": 0.05405405405405406, "BUS": 0.05405405405405406, "FOOT": 0.4594594594594595, "MOTORCYCLE": 0.02702702702702703, "PASSENGER_CAR": 0.6216216216216216, "RAIL_TRIP": 0.32432432432432434}, "start_percents_duration": {"BIKE_TRIP": 0.020016022302749997, "BUS": 0.012601195632880228, "FOOT": 0.21968210690122766, "MOTORCYCLE": 0.0019751640216067365, "PASSENGER_CAR": 0.6735545658922424, "RAIL_TRIP": 0.07217094524929296}, "start_percents_distance": {"BIKE_TRIP": 0.028315740102866558, "BUS": 0.018405891386402067, "FOOT": 0.10180934749593754, "MOTORCYCLE": 0.0027866556890400475, "PASSENGER_CAR": 0.7499716444162186, "RAIL_TRIP": 0.09871072090953521}, "end": {"Count": {"BIKE_TRIP": 1, "FOOT": 13, "PASSENGER_CAR": 22, "RAIL_TRIP": 7}, "Duration": {"BIKE_TRIP": 982.801, "FOOT": 16332.537, "PASSENGER_CAR": 27574.971, "RAIL_TRIP": 6827.634}, "Distance": {"BIKE_TRIP": 6.882165744479385, "FOOT": 31.505900794841466, "PASSENGER_CAR": 264.97768066153776, "RAIL_TRIP": 52.48922360397493}, "Total_Count": 29, "Total_Duration": 51717.943, "Total_Distance": 355.85497080483356, "Total_Emission": 51.97761145733238}, "end_percents_count": {"BIKE_TRIP": 0.034482758620689655, "FOOT": 0.4482758620689655, "PASSENGER_CAR": 0.7586206896551724, "RAIL_TRIP": 0.2413793103448276}, "end_percents_duration": {"BIKE_TRIP": 0.019003095308721, "FOOT": 0.31580020496948225, "PASSENGER_CAR": 0.5331799642534121, "RAIL_TRIP": 0.13201673546838474}, "end_percents_distance": {"BIKE_TRIP": 0.019339805002341434, "FOOT": 0.08853578952005332, "PASSENGER_CAR": 0.7446226760925678, "RAIL_TRIP": 0.14750172938503736}}