{"start": {"Count": {"BIKE_TRIP": 4, "FOOT": 19, "PASSENGER_CAR": 6, "RAIL_TRIP": 7}, "Duration": {"BIKE_TRIP": 6444.209, "FOOT": 80843.574, "PASSENGER_CAR": 15181.923999999999, "RAIL_TRIP": 13256.575}, "Distance": {"BIKE_TRIP": 14.559110080864048, "FOOT": 47.501291740833416, "PASSENGER_CAR": 132.06715736183492, "RAIL_TRIP": 40.91671303621952}, "Total_Count": 25, "Total_Duration": 115726.282, "Total_Distance": 235.0442722197519, "Total_Emission": 23.906508486978943}, "start_percents_count": {"BIKE_TRIP": 0.16, "FOOT": 0.76, "PASSENGER_CAR": 0.24, "RAIL_TRIP": 0.28}, "start_percents_duration": {"BIKE_TRIP": 0.05568492211648171, "FOOT": 0.6985757479014144, "PASSENGER_CAR": 0.1311882118532072, "RAIL_TRIP": 0.1145511181288966}, "start_percents_distance": {"BIKE_TRIP": 0.061941990516800084, "FOOT": 0.20209508316128053, "PASSENGER_CAR": 0.5618820493458367, "RAIL_TRIP": 0.17408087697608268}, "end": {"Count": {"BIKE_TRIP": 3, "BUS": 1, "FOOT": 28, "PASSENGER_CAR": 6, "RAIL_TRIP": 14}, "Duration": {"BIKE_TRIP": 5661.509, "BUS": 542.008, "FOOT": 65322.04, "PASSENGER_CAR": 10024.776, "RAIL_TRIP": 17263.446}, "Distance": {"BIKE_TRIP": 13.274069333651793, "BUS": 2.4166951569195017, "FOOT": 56.5542553083121, "PASSENGER_CAR": 73.81864850039473, "RAIL_TRIP": 78.95424869904276}, "Total_Count": 35, "Total_Duration": 98813.77899999998, "Total_Distance": 225.01791699832086, "Total_Emission": 19.20048712296561}, "end_percents_count": {"BIKE_TRIP": 0.08571428571428572, "BUS": 0.02857142857142857, "FOOT": 0.8, "PASSENGER_CAR": 0.17142857142857143, "RAIL_TRIP": 0.4}, "end_percents_duration": {"BIKE_TRIP": 0.05729473214459292, "BUS": 0.00548514595317724, "FOOT": 0.6610620569424839, "PASSENGER_CAR": 0.10145119538440081, "RAIL_TRIP": 0.1747068695753454}, "end_percents_distance": {"BIKE_TRIP": 0.05899116617345119, "BUS": 0.01074001212506796, "FOOT": 0.25133223195170773, "PASSENGER_CAR": 0.32805675870222184, "RAIL_TRIP": 0.3508798310475514}}