{"start": {"Count": {"BUS": 2, "FOOT": 9, "PASSENGER_CAR": 14, "RAIL_TRIP": 14, "UNKNOWN": 2}, "Duration": {"BUS": 581.222, "FOOT": 22417.003, "PASSENGER_CAR": 13556.462, "RAIL_TRIP": 24911.105, "UNKNOWN": 451.601}, "Distance": {"BUS": 5.052140362184861, "FOOT": 14.837524299573342, "PASSENGER_CAR": 192.13951564600237, "RAIL_TRIP": 251.5922967230445, "UNKNOWN": 12.739127177053083}, "Total_Count": 22, "Total_Duration": 61917.393, "Total_Distance": 476.3606042078581, "Total_Emission": 23.68669544535291}, "start_percents_count": {"BUS": 0.09090909090909091, "FOOT": 0.4090909090909091, "PASSENGER_CAR": 0.6363636363636364, "RAIL_TRIP": 0.6363636363636364, "UNKNOWN": 0.09090909090909091}, "start_percents_duration": {"BUS": 0.009387055427220587, "FOOT": 0.3620469453550798, "PASSENGER_CAR": 0.21894432796936397, "RAIL_TRIP": 0.40232806636416363, "UNKNOWN": 0.007293604884172046}, "start_percents_distance": {"BUS": 0.010605705672462325, "FOOT": 0.031147672936234345, "PASSENGER_CAR": 0.403348878871946, "RAIL_TRIP": 0.5281551297496953, "UNKNOWN": 0.026742612769662232}, "end": {"Count": {"FOOT": 6, "PASSENGER_CAR": 13, "RAIL_TRIP": 7}, "Duration": {"FOOT": 8327.185, "PASSENGER_CAR": 23922.08, "RAIL_TRIP": 15443.357}, "Distance": {"FOOT": 14.203998885464157, "PASSENGER_CAR": 306.72028760409876, "RAIL_TRIP": 142.19498122628386}, "Total_Count": 18, "Total_Duration": 47692.621999999996, "Total_Distance": 463.11926771584683, "Total_Emission": 68.05546479636082}, "end_percents_count": {"FOOT": 0.3333333333333333, "PASSENGER_CAR": 0.7222222222222222, "RAIL_TRIP": 0.3888888888888889}, "end_percents_duration": {"FOOT": 0.1746011154513585, "PASSENGER_CAR": 0.5015886943687013, "RAIL_TRIP": 0.3238101901799402}, "end_percents_distance": {"FOOT": 0.030670282744917482, "PASSENGER_CAR": 0.6622922192740449, "RAIL_TRIP": 0.3070374979810374}}