{"start": {"Count": {"BIKE_TRIP": 1, "FOOT": 13, "PASSENGER_CAR": 8, "RAIL_TRIP": 9}, "Duration": {"BIKE_TRIP": 389.353, "FOOT": 25014.287, "PASSENGER_CAR": 11656.551, "RAIL_TRIP": 8421.48}, "Distance": {"BIKE_TRIP": 5.815936159715917, "FOOT": 42.165625303332185, "PASSENGER_CAR": 145.94016195140594, "RAIL_TRIP": 46.51199603358222}, "Total_Count": 20, "Total_Duration": 45481.671, "Total_Distance": 240.43371944803627, "Total_Emission": 29.463540353820605}, "start_percents_count": {"BIKE_TRIP": 0.05, "FOOT": 0.65, "PASSENGER_CAR": 0.4, "RAIL_TRIP": 0.45}, "start_percents_duration": {"BIKE_TRIP": 0.00856065732501341, "FOOT": 0.5499861031930863, "PASSENGER_CAR": 0.2562911771645329, "RAIL_TRIP": 0.18516206231736734}, "start_percents_distance": {"BIKE_TRIP": 0.02418935319499928, "FOOT": 0.17537317727368615, "PASSENGER_CAR": 0.6069870827038769, "RAIL_TRIP": 0.1934503868274376}, "end": {"Count": {"BIKE_TRIP": 1, "BUS": 1, "FOOT": 13, "PASSENGER_CAR": 10, "RAIL_TRIP": 8}, "Duration": {"BIKE_TRIP": 950.606, "BUS": 125.772, "FOOT": 29448.952, "PASSENGER_CAR": 16170.604000000001, "RAIL_TRIP": 9043.007}, "Distance": {"BIKE_TRIP": 4.7931250870047295, "BUS": 0.6008230921157761, "FOOT": 33.31994824798065, "PASSENGER_CAR": 130.5368846866641, "RAIL_TRIP": 34.6319165304713}, "Total_Count": 20, "Total_Duration": 55738.941, "Total_Distance": 203.88269764423657, "Total_Emission": 24.403092543661113}, "end_percents_count": {"BIKE_TRIP": 0.05, "BUS": 0.05, "FOOT": 0.65, "PASSENGER_CAR": 0.5, "RAIL_TRIP": 0.4}, "end_percents_duration": {"BIKE_TRIP": 0.01705461178388732, "BUS": 0.0022564476063511867, "FOOT": 0.5283371278977116, "PASSENGER_CAR": 0.29011322622724395, "RAIL_TRIP": 0.16223858648480602}, "end_percents_distance": {"BIKE_TRIP": 0.023509229289130035, "BUS": 0.002946905740693001, "FOOT": 0.16342705208914793, "PASSENGER_CAR": 0.6402548435691359, "RAIL_TRIP": 0.16986196931189315}}