{"start": {"Count": {"BIKE_TRIP": 6, "FOOT": 55, "MOTORCYCLE": 1, "PASSENGER_CAR": 41, "RAIL_TRIP": 18}, "Duration": {"BIKE_TRIP": 18433.668, "FOOT": 331023.599, "MOTORCYCLE": 204.748, "PASSENGER_CAR": 69262.97, "RAIL_TRIP": 168374.58500000002}, "Distance": {"BIKE_TRIP": 80.31633549902011, "FOOT": 213.7187703854134, "MOTORCYCLE": 0.5893630929685958, "PASSENGER_CAR": 1175.917343981245, "RAIL_TRIP": 184.91086096935865}, "Total_Count": 84, "Total_Duration": 587299.5700000001, "Total_Distance": 1655.4526739280059, "Total_Emission": 230.0509120362016}, "start_percents_count": {"BIKE_TRIP": 0.07142857142857142, "FOOT": 0.6547619047619048, "MOTORCYCLE": 0.011904761904761904, "PASSENGER_CAR": 0.4880952380952381, "RAIL_TRIP": 0.21428571428571427}, "start_percents_duration": {"BIKE_TRIP": 0.03138716413499162, "FOOT": 0.5636367126916165, "MOTORCYCLE": 0.0003486261704567568, "PASSENGER_CAR": 0.11793465130580633, "RAIL_TRIP": 0.28669284569712866}, "start_percents_distance": {"BIKE_TRIP": 0.04851623774206003, "FOOT": 0.1290998974185763, "MOTORCYCLE": 0.00035601325380699264, "PASSENGER_CAR": 0.7103297862276338, "RAIL_TRIP": 0.11169806535792291}, "end": {"Count": {"BIKE_TRIP": 5, "BUS": 3, "FOOT": 77, "PASSENGER_CAR": 59, "RAIL_TRIP": 34, "SCOOTER": 1, "UNKNOWN": 1}, "Duration": {"BIKE_TRIP": 12748.525000000001, "BUS": 3817.107, "FOOT": 227369.668, "PASSENGER_CAR": 147388.003, "RAIL_TRIP": 45578.087, "SCOOTER": 1986.487, "UNKNOWN": 240.35500000000002}, "Distance": {"BIKE_TRIP": 99.76887227288361, "BUS": 16.127989543154637, "FOOT": 367.03457094367667, "PASSENGER_CAR": 2305.133121649545, "RAIL_TRIP": 230.0654577276152, "SCOOTER": 7.177562079936959, "UNKNOWN": 7.036656150513093}, "Total_Count": 107, "Total_Duration": 439128.2320000001, "Total_Distance": 3032.344230367325, "Total_Emission": 471.0937271014283}, "end_percents_count": {"BIKE_TRIP": 0.04672897196261682, "BUS": 0.028037383177570093, "FOOT": 0.719626168224299, "PASSENGER_CAR": 0.5514018691588785, "RAIL_TRIP": 0.3177570093457944, "SCOOTER": 0.009345794392523364, "UNKNOWN": 0.009345794392523364}, "end_percents_duration": {"BIKE_TRIP": 0.029031440183057963, "BUS": 0.008692465484660525, "FOOT": 0.5177751085701089, "PASSENGER_CAR": 0.33563773007425307, "RAIL_TRIP": 0.10379220391368504, "SCOOTER": 0.004523705959310764, "UNKNOWN": 0.0005473458149236007}, "end_percents_distance": {"BIKE_TRIP": 0.032901565486448105, "BUS": 0.005318653925118839, "FOOT": 0.12103987643223992, "PASSENGER_CAR": 0.7601818746581787, "RAIL_TRIP": 0.07587049498656229, "SCOOTER": 0.002367001083866887, "UNKNOWN": 0.0023205334275853977}}