{"start": {"Count": {"BIKE_TRIP": 1, "FOOT": 9, "PASSENGER_CAR": 4, "RAIL_TRIP": 6}, "Duration": {"BIKE_TRIP": 1423.334, "FOOT": 91074.84899999999, "PASSENGER_CAR": 2006.8110000000001, "RAIL_TRIP": 8177.863}, "Distance": {"BIKE_TRIP": 1.7148885186337375, "FOOT": 10.802488782775006, "PASSENGER_CAR": 19.291491997935495, "RAIL_TRIP": 57.06473096432227}, "Total_Count": 15, "Total_Duration": 102682.857, "Total_Distance": 88.87360026366649, "Total_Emission": 5.1792258903532336}, "start_percents_count": {"BIKE_TRIP": 0.06666666666666667, "FOOT": 0.6, "PASSENGER_CAR": 0.26666666666666666, "RAIL_TRIP": 0.4}, "start_percents_duration": {"BIKE_TRIP": 0.013861456932387458, "FOOT": 0.8869528143339446, "PASSENGER_CAR": 0.019543778373833132, "RAIL_TRIP": 0.07964195035983465}, "start_percents_distance": {"BIKE_TRIP": 0.019295814657514468, "FOOT": 0.12154890485731008, "PASSENGER_CAR": 0.21706661979150502, "RAIL_TRIP": 0.6420886606936707}, "end": {"Count": {"BIKE_TRIP": 1, "FOOT": 16, "PASSENGER_CAR": 5, "PLANE": 1, "RAIL_TRIP": 11, "UNKNOWN": 2}, "Duration": {"BIKE_TRIP": 769.006, "FOOT": 46948.513999999996, "PASSENGER_CAR": 3657.919, "PLANE": 961.124, "RAIL_TRIP": 15385.063, "UNKNOWN": 1564.1660000000002}, "Distance": {"BIKE_TRIP": 0.8256578872948462, "FOOT": 50.57251090678194, "PASSENGER_CAR": 24.646386538372518, "PLANE": 110.0154338455468, "RAIL_TRIP": 117.23005361027984, "UNKNOWN": 73.63663501649101}, "Total_Count": 20, "Total_Duration": 69285.792, "Total_Distance": 376.926677804767, "Total_Emission": 17.011056565762633}, "end_percents_count": {"BIKE_TRIP": 0.05, "FOOT": 0.8, "PASSENGER_CAR": 0.25, "PLANE": 0.05, "RAIL_TRIP": 0.55, "UNKNOWN": 0.1}, "end_percents_duration": {"BIKE_TRIP": 0.011099043220866984, "FOOT": 0.6776066585195417, "PASSENGER_CAR": 0.05279464799940513, "PLANE": 0.013871877224121218, "RAIL_TRIP": 0.22205220660536001, "UNKNOWN": 0.022575566430704873}, "end_percents_distance": {"BIKE_TRIP": 0.002190499998841961, "FOOT": 0.13417068593106188, "PASSENGER_CAR": 0.0653877477760764, "PLANE": 0.29187489324523325, "RAIL_TRIP": 0.31101553833501894, "UNKNOWN": 0.19536063471376747}}