{"start": {"Count": {"BIKE_TRIP": 2, "BUS": 1, "FOOT": 11, "PASSENGER_CAR": 5, "RAIL_TRIP": 6, "UNKNOWN": 1}, "Duration": {"BIKE_TRIP": 1080.275, "BUS": 1063.047, "FOOT": 38326.08, "PASSENGER_CAR": 56128.943, "RAIL_TRIP": 45029.085, "UNKNOWN": 842.487}, "Distance": {"BIKE_TRIP": 5.306410245649318, "BUS": 3.4578746438548795, "FOOT": 37.690645431133966, "PASSENGER_CAR": 50.83609902081764, "RAIL_TRIP": 55.06206704265766, "UNKNOWN": 28.48450141903691}, "Total_Count": 18, "Total_Duration": 142469.917, "Total_Distance": 180.8375978031504, "Total_Emission": 9.330537170765055}, "start_percents_count": {"BIKE_TRIP": 0.1111111111111111, "BUS": 0.05555555555555555, "FOOT": 0.6111111111111112, "PASSENGER_CAR": 0.2777777777777778, "RAIL_TRIP": 0.3333333333333333, "UNKNOWN": 0.05555555555555555}, "start_percents_duration": {"BIKE_TRIP": 0.007582477920584457, "BUS": 0.007461554146901062, "FOOT": 0.26901173810608736, "PASSENGER_CAR": 0.3939704899245502, "RAIL_TRIP": 0.3160603020495899, "UNKNOWN": 0.00591343785228709}, "start_percents_distance": {"BIKE_TRIP": 0.02934351213526723, "BUS": 0.019121436503591067, "FOOT": 0.20842261724888578, "PASSENGER_CAR": 0.28111465557154186, "RAIL_TRIP": 0.3044835128953389, "UNKNOWN": 0.15751426564537496}, "end": {"Count": {"BIKE_TRIP": 3, "FOOT": 13, "PASSENGER_CAR": 3, "RAIL_TRIP": 5}, "Duration": {"BIKE_TRIP": 2289.8289999999997, "FOOT": 40449.654, "PASSENGER_CAR": 1835.102, "RAIL_TRIP": 12193.069}, "Distance": {"BIKE_TRIP": 10.971938310152998, "FOOT": 35.59107874784026, "PASSENGER_CAR": 13.554689602738561, "RAIL_TRIP": 35.78435153717851}, "Total_Count": 14, "Total_Duration": 56767.654, "Total_Distance": 95.90205819791032, "Total_Emission": 2.4023133318031453}, "end_percents_count": {"BIKE_TRIP": 0.21428571428571427, "FOOT": 0.9285714285714286, "PASSENGER_CAR": 0.21428571428571427, "RAIL_TRIP": 0.35714285714285715}, "end_percents_duration": {"BIKE_TRIP": 0.04033686155147436, "FOOT": 0.7125475715448801, "PASSENGER_CAR": 0.032326542858367904, "RAIL_TRIP": 0.2147890240452776}, "end_percents_distance": {"BIKE_TRIP": 0.1144077459475429, "FOOT": 0.37111902931626317, "PASSENGER_CAR": 0.14133888111938261, "RAIL_TRIP": 0.37313434361681136}}