{"start": {"Count": {"BIKE_TRIP": 8, "BUS": 3, "FOOT": 109, "MOTORCYCLE": 3, "PASSENGER_CAR": 42, "RAIL_TRIP": 57, "UNKNOWN": 3}, "Duration": {"BIKE_TRIP": 8343.402, "BUS": 1525.699, "FOOT": 318693.095, "MOTORCYCLE": 6561.856, "PASSENGER_CAR": 57312.098000000005, "RAIL_TRIP": 137133.664, "UNKNOWN": 661.383}, "Distance": {"BIKE_TRIP": 56.27209303165423, "BUS": 7.170949431700232, "FOOT": 327.92217482899747, "MOTORCYCLE": 52.09812371181388, "PASSENGER_CAR": 634.1603383735537, "RAIL_TRIP": 522.2816857420237, "UNKNOWN": 17.782317772687573}, "Total_Count": 154, "Total_Duration": 530231.1969999999, "Total_Distance": 1617.6876828924308, "Total_Emission": 113.75493048764756}, "start_percents_count": {"BIKE_TRIP": 0.05194805194805195, "BUS": 0.01948051948051948, "FOOT": 0.7077922077922078, "MOTORCYCLE": 0.01948051948051948, "PASSENGER_CAR": 0.2727272727272727, "RAIL_TRIP": 0.37012987012987014, "UNKNOWN": 0.01948051948051948}, "start_percents_duration": {"BIKE_TRIP": 0.015735403814800434, "BUS": 0.002877422167221142, "FOOT": 0.6010455378769424, "MOTORCYCLE": 0.012375461944009306, "PASSENGER_CAR": 0.1080888833479936, "RAIL_TRIP": 0.2586299425154345, "UNKNOWN": 0.0012473483335987115}, "start_percents_distance": {"BIKE_TRIP": 0.03478551121254725, "BUS": 0.004432839235617194, "FOOT": 0.20271043557843724, "MOTORCYCLE": 0.03220530406627209, "PASSENGER_CAR": 0.39201654625920934, "RAIL_TRIP": 0.32285693416925965, "UNKNOWN": 0.010992429478657298}, "end": {"Count": {"BIKE_TRIP": 13, "BUS": 5, "FOOT": 147, "HIGH_SPEED_TRAIN": 2, "MOTORCYCLE": 4, "PASSENGER_CAR": 60, "PLANE": 2, "RAIL_TRIP": 85, "SCOOTER": 1, "UNKNOWN": 2}, "Duration": {"BIKE_TRIP": 16027.697, "BUS": 3439.05, "FOOT": 417028.524, "HIGH_SPEED_TRAIN": 5486.017, "MOTORCYCLE": 4733.098, "PASSENGER_CAR": 80930.005, "PLANE": 2162.117, "RAIL_TRIP": 144567.404, "SCOOTER": 468.196, "UNKNOWN": 495.41499999999996}, "Distance": {"BIKE_TRIP": 91.6904308549876, "BUS": 9.36145991589272, "FOOT": 428.07007851434497, "HIGH_SPEED_TRAIN": 204.03822441362823, "MOTORCYCLE": 58.618252181702836, "PASSENGER_CAR": 683.7028672732644, "PLANE": 1266.5977728886592, "RAIL_TRIP": 906.7105205639679, "SCOOTER": 1.2041680722710622, "UNKNOWN": 18.499816166282205}, "Total_Count": 197, "Total_Duration": 675337.523, "Total_Distance": 3668.493590845001, "Total_Emission": 269.8368179549972}, "end_percents_count": {"BIKE_TRIP": 0.06598984771573604, "BUS": 0.025380710659898477, "FOOT": 0.7461928934010152, "HIGH_SPEED_TRAIN": 0.01015228426395939, "MOTORCYCLE": 0.02030456852791878, "PASSENGER_CAR": 0.30456852791878175, "PLANE": 0.01015228426395939, "RAIL_TRIP": 0.43147208121827413, "SCOOTER": 0.005076142131979695, "UNKNOWN": 0.01015228426395939}, "end_percents_duration": {"BIKE_TRIP": 0.02373286905309421, "BUS": 0.005092342544099982, "FOOT": 0.6175112588849886, "HIGH_SPEED_TRAIN": 0.00812337063048102, "MOTORCYCLE": 0.007008492551953165, "PASSENGER_CAR": 0.11983638142967512, "PLANE": 0.0032015354194971928, "RAIL_TRIP": 0.21406689111216468, "SCOOTER": 0.0006932770415601504, "UNKNOWN": 0.0007335813324858005}, "end_percents_distance": {"BIKE_TRIP": 0.02499402781670599, "BUS": 0.002551853965141152, "FOOT": 0.1166882448922974, "HIGH_SPEED_TRAIN": 0.055619076157805154, "MOTORCYCLE": 0.015978834562499728, "PASSENGER_CAR": 0.18637155833650515, "PLANE": 0.34526372788262416, "RAIL_TRIP": 0.24716153868354343, "SCOOTER": 0.00032824592505113087, "UNKNOWN": 0.0050428917778267005}}