{"start": {"Count": {"BIKE_TRIP": 1, "BUS": 1, "FOOT": 10, "PASSENGER_CAR": 5, "RAIL_TRIP": 5}, "Duration": {"BIKE_TRIP": 961.491, "BUS": 210.935, "FOOT": 22251.054, "PASSENGER_CAR": 3312.935, "RAIL_TRIP": 6819.998}, "Distance": {"BIKE_TRIP": 2.5824047695380643, "BUS": 0.6261103872667274, "FOOT": 22.45993032130137, "PASSENGER_CAR": 12.011447874816525, "RAIL_TRIP": 54.50709513369365}, "Total_Count": 11, "Total_Duration": 33556.413, "Total_Distance": 92.18698848661633, "Total_Emission": 2.940672523304505}, "start_percents_count": {"BIKE_TRIP": 0.09090909090909091, "BUS": 0.09090909090909091, "FOOT": 0.9090909090909091, "PASSENGER_CAR": 0.45454545454545453, "RAIL_TRIP": 0.45454545454545453}, "start_percents_duration": {"BIKE_TRIP": 0.02865297312916014, "BUS": 0.006285981758538972, "FOOT": 0.6630939367685098, "PASSENGER_CAR": 0.09872732821592105, "RAIL_TRIP": 0.20323978012787003}, "start_percents_distance": {"BIKE_TRIP": 0.028012681745352565, "BUS": 0.006791743580577273, "FOOT": 0.24363449430352196, "PASSENGER_CAR": 0.1302943948164696, "RAIL_TRIP": 0.5912666855540787}, "end": {"Count": {"BIKE_TRIP": 1, "FOOT": 15, "PASSENGER_CAR": 4, "RAIL_TRIP": 9, "UNKNOWN": 1}, "Duration": {"BIKE_TRIP": 2343.876, "FOOT": 19318.904, "PASSENGER_CAR": 4377.085, "RAIL_TRIP": 18253.589, "UNKNOWN": 120.253}, "Distance": {"BIKE_TRIP": 9.553691278627298, "FOOT": 24.505663011957175, "PASSENGER_CAR": 18.084248429702747, "RAIL_TRIP": 148.71228957161372, "UNKNOWN": 3.1662995572942774}, "Total_Count": 17, "Total_Duration": 44413.707, "Total_Distance": 204.02219184919525, "Total_Emission": 5.026051803597822}, "end_percents_count": {"BIKE_TRIP": 0.058823529411764705, "FOOT": 0.8823529411764706, "PASSENGER_CAR": 0.23529411764705882, "RAIL_TRIP": 0.5294117647058824, "UNKNOWN": 0.058823529411764705}, "end_percents_duration": {"BIKE_TRIP": 0.05277370790058124, "FOOT": 0.43497616625426017, "PASSENGER_CAR": 0.09855257071876482, "RAIL_TRIP": 0.4109899900947246, "UNKNOWN": 0.0027075650316691646}, "end_percents_distance": {"BIKE_TRIP": 0.046826726014633696, "FOOT": 0.12011273278580765, "PASSENGER_CAR": 0.08863863418872528, "RAIL_TRIP": 0.728902519004088, "UNKNOWN": 0.01551938800674524}}