{"start": {"Count": {"BIKE_TRIP": 1, "FOOT": 3, "PASSENGER_CAR": 13, "RAIL_TRIP": 3}, "Duration": {"BIKE_TRIP": 1622.218, "FOOT": 3025.145, "PASSENGER_CAR": 17503.827, "RAIL_TRIP": 930.138}, "Distance": {"BIKE_TRIP": 8.240178342766182, "FOOT": 4.446015169787673, "PASSENGER_CAR": 204.47580776788192, "RAIL_TRIP": 8.841936186111901}, "Total_Count": 16, "Total_Duration": 23081.328, "Total_Distance": 226.00393746654768, "Total_Emission": 40.02792979043804}, "start_percents_count": {"BIKE_TRIP": 0.0625, "FOOT": 0.1875, "PASSENGER_CAR": 0.8125, "RAIL_TRIP": 0.1875}, "start_percents_duration": {"BIKE_TRIP": 0.07028269777198262, "FOOT": 0.13106459905599885, "PASSENGER_CAR": 0.7583544153092058, "RAIL_TRIP": 0.04029828786281275}, "start_percents_distance": {"BIKE_TRIP": 0.03646033089129637, "FOOT": 0.01967229075575622, "PASSENGER_CAR": 0.904744448526025, "RAIL_TRIP": 0.03912292982692239}, "end": {"Count": {"BIKE_TRIP": 1, "FOOT": 2, "PASSENGER_CAR": 12, "RAIL_TRIP": 2}, "Duration": {"BIKE_TRIP": 3369.09, "FOOT": 5888.707, "PASSENGER_CAR": 7920.141, "RAIL_TRIP": 3026.41}, "Distance": {"BIKE_TRIP": 45.69312737578719, "FOOT": 5.310892894939565, "PASSENGER_CAR": 98.69736305634333, "RAIL_TRIP": 34.93572593889007}, "Total_Count": 14, "Total_Duration": 20204.348, "Total_Distance": 184.63710926596016, "Total_Emission": 18.492943978633313}, "end_percents_count": {"BIKE_TRIP": 0.07142857142857142, "FOOT": 0.14285714285714285, "PASSENGER_CAR": 0.8571428571428571, "RAIL_TRIP": 0.14285714285714285}, "end_percents_duration": {"BIKE_TRIP": 0.16675074097911993, "FOOT": 0.2914574130281264, "PASSENGER_CAR": 0.3920018106993603, "RAIL_TRIP": 0.14979003529339327}, "end_percents_distance": {"BIKE_TRIP": 0.24747531824693278, "FOOT": 0.0287639517107555, "PASSENGER_CAR": 0.5345478135393407, "RAIL_TRIP": 0.18921291650297112}}