{"start": {"Count": {"BIKE_TRIP": 6, "FOOT": 107, "MOTORCYCLE": 1, "PASSENGER_CAR": 84, "RAIL_TRIP": 44, "UNKNOWN": 2}, "Duration": {"BIKE_TRIP": 35869.775, "FOOT": 255205.041, "MOTORCYCLE": 748.438, "PASSENGER_CAR": 132357.867, "RAIL_TRIP": 59446.773, "UNKNOWN": 1199.127}, "Distance": {"BIKE_TRIP": 39.22246759314306, "FOOT": 219.95652758981788, "MOTORCYCLE": 7.885908062583734, "PASSENGER_CAR": 2067.3438815290206, "RAIL_TRIP": 470.18989152035005, "UNKNOWN": 12.87659288714536}, "Total_Count": 176, "Total_Duration": 484827.02100000007, "Total_Distance": 2817.475269182061, "Total_Emission": 441.6353890366912}, "start_percents_count": {"BIKE_TRIP": 0.03409090909090909, "FOOT": 0.6079545454545454, "MOTORCYCLE": 0.005681818181818182, "PASSENGER_CAR": 0.4772727272727273, "RAIL_TRIP": 0.25, "UNKNOWN": 0.011363636363636364}, "start_percents_duration": {"BIKE_TRIP": 0.0739846861794446, "FOOT": 0.5263836996411962, "MOTORCYCLE": 0.0015437217143060183, "PASSENGER_CAR": 0.2730001861839297, "RAIL_TRIP": 0.12261439735224657, "UNKNOWN": 0.0024733089288767173}, "start_percents_distance": {"BIKE_TRIP": 0.013921139973139748, "FOOT": 0.07806866310264839, "MOTORCYCLE": 0.0027989271632091685, "PASSENGER_CAR": 0.7337575964346227, "RAIL_TRIP": 0.16688341390724984, "UNKNOWN": 0.004570259419130076}, "end": {"Count": {"BIKE_TRIP": 14, "BUS": 3, "FOOT": 140, "MOTORCYCLE": 4, "PASSENGER_CAR": 89, "RAIL_TRIP": 46, "UNKNOWN": 4}, "Duration": {"BIKE_TRIP": 40626.4, "BUS": 2102.774, "FOOT": 331001.483, "MOTORCYCLE": 7625.277, "PASSENGER_CAR": 200112.832, "RAIL_TRIP": 64348.685, "UNKNOWN": 1414.8690000000001}, "Distance": {"BIKE_TRIP": 64.92728260937596, "BUS": 19.560014530734122, "FOOT": 350.73769881081336, "MOTORCYCLE": 182.6269080772464, "PASSENGER_CAR": 3392.099497986154, "RAIL_TRIP": 400.77744048106325, "UNKNOWN": 38.24270859452261}, "Total_Count": 193, "Total_Duration": 647232.3200000001, "Total_Distance": 4448.97155108991, "Total_Emission": 683.912710489194}, "end_percents_count": {"BIKE_TRIP": 0.07253886010362694, "BUS": 0.015544041450777202, "FOOT": 0.7253886010362695, "MOTORCYCLE": 0.02072538860103627, "PASSENGER_CAR": 0.46113989637305697, "RAIL_TRIP": 0.23834196891191708, "UNKNOWN": 0.02072538860103627}, "end_percents_duration": {"BIKE_TRIP": 0.06276942412270141, "BUS": 0.003248870513759263, "FOOT": 0.5114106214596946, "MOTORCYCLE": 0.011781360053218603, "PASSENGER_CAR": 0.30918238446436047, "RAIL_TRIP": 0.09942130980109273, "UNKNOWN": 0.0021860295851727552}, "end_percents_distance": {"BIKE_TRIP": 0.014593773384203833, "BUS": 0.0043965249734946735, "FOOT": 0.0788356802877037, "MOTORCYCLE": 0.04104924160113059, "PASSENGER_CAR": 0.7624457605612598, "RAIL_TRIP": 0.09008316548638769, "UNKNOWN": 0.008595853705819698}}