{"start": {"Count": {"BIKE_TRIP": 1, "BUS": 2, "FOOT": 14, "HIGH_SPEED_TRAIN": 1, "PASSENGER_CAR": 8, "RAIL_TRIP": 3}, "Duration": {"BIKE_TRIP": 2645.174, "BUS": 2608.327, "FOOT": 47892.363, "HIGH_SPEED_TRAIN": 802.016, "PASSENGER_CAR": 23606.326, "RAIL_TRIP": 5165.405}, "Distance": {"BIKE_TRIP": 3.2510634824364453, "BUS": 9.806713068922775, "FOOT": 51.17866821278348, "HIGH_SPEED_TRAIN": 7.00482725159265, "PASSENGER_CAR": 78.35355234225642, "RAIL_TRIP": 25.32610292414012}, "Total_Count": 18, "Total_Duration": 82719.611, "Total_Distance": 174.9209272821319, "Total_Emission": 18.367685718396476}, "start_percents_count": {"BIKE_TRIP": 0.05555555555555555, "BUS": 0.1111111111111111, "FOOT": 0.7777777777777778, "HIGH_SPEED_TRAIN": 0.05555555555555555, "PASSENGER_CAR": 0.4444444444444444, "RAIL_TRIP": 0.16666666666666666}, "start_percents_duration": {"BIKE_TRIP": 0.03197759235110523, "BUS": 0.031532147799873, "FOOT": 0.5789722947318985, "HIGH_SPEED_TRAIN": 0.00969559685187591, "PASSENGER_CAR": 0.2853776234513482, "RAIL_TRIP": 0.062444744813899083}, "start_percents_distance": {"BIKE_TRIP": 0.018585903544821532, "BUS": 0.05606369244261676, "FOOT": 0.292581733975357, "HIGH_SPEED_TRAIN": 0.04004567869854981, "PASSENGER_CAR": 0.4479369824965489, "RAIL_TRIP": 0.14478600884210593}, "end": {"Count": {"BIKE_TRIP": 1, "FOOT": 11, "HIGH_SPEED_TRAIN": 2, "PASSENGER_CAR": 7, "RAIL_TRIP": 4}, "Duration": {"BIKE_TRIP": 4331.762, "FOOT": 33952.555, "HIGH_SPEED_TRAIN": 1961.3490000000002, "PASSENGER_CAR": 13940.778999999999, "RAIL_TRIP": 9174.701}, "Distance": {"BIKE_TRIP": 31.72690748267626, "FOOT": 39.18703883097751, "HIGH_SPEED_TRAIN": 17.039039147147893, "PASSENGER_CAR": 194.33247186709806, "RAIL_TRIP": 66.08155695518309}, "Total_Count": 15, "Total_Duration": 63361.146, "Total_Distance": 348.3670142830828, "Total_Emission": 39.576943442892}, "end_percents_count": {"BIKE_TRIP": 0.06666666666666667, "FOOT": 0.7333333333333333, "HIGH_SPEED_TRAIN": 0.13333333333333333, "PASSENGER_CAR": 0.4666666666666667, "RAIL_TRIP": 0.26666666666666666}, "end_percents_duration": {"BIKE_TRIP": 0.06836621925998623, "FOOT": 0.5358576532059568, "HIGH_SPEED_TRAIN": 0.030955074581510887, "PASSENGER_CAR": 0.2200209415404197, "RAIL_TRIP": 0.1448001114121263}, "end_percents_distance": {"BIKE_TRIP": 0.09107322502381066, "FOOT": 0.11248779943078693, "HIGH_SPEED_TRAIN": 0.04891117255235302, "PASSENGER_CAR": 0.5578383253851458, "RAIL_TRIP": 0.18968947760790364}}