{"start": {"Count": {"BIKE_TRIP": 1, "FOOT": 4, "PASSENGER_CAR": 1, "RAIL_TRIP": 7}, "Duration": {"BIKE_TRIP": 5050.376, "FOOT": 4346.255999999999, "PASSENGER_CAR": 2284.022, "RAIL_TRIP": 6047.917}, "Distance": {"BIKE_TRIP": 12.1174180740552, "FOOT": 9.107225455284057, "PASSENGER_CAR": 7.376165123970062, "RAIL_TRIP": 40.55415218761932}, "Total_Count": 8, "Total_Duration": 17728.571, "Total_Distance": 69.15496084092864, "Total_Emission": 1.8782524699667626}, "start_percents_count": {"BIKE_TRIP": 0.125, "FOOT": 0.5, "PASSENGER_CAR": 0.125, "RAIL_TRIP": 0.875}, "start_percents_duration": {"BIKE_TRIP": 0.28487214226121216, "FOOT": 0.24515546120440274, "PASSENGER_CAR": 0.1288328314786341, "RAIL_TRIP": 0.341139565055751}, "start_percents_distance": {"BIKE_TRIP": 0.17522124120535448, "FOOT": 0.13169301731270797, "PASSENGER_CAR": 0.10666140265680775, "RAIL_TRIP": 0.5864243388251299}, "end": {"Count": {"FOOT": 4, "PASSENGER_CAR": 1, "RAIL_TRIP": 8}, "Duration": {"FOOT": 3959.358, "PASSENGER_CAR": 4470.687, "RAIL_TRIP": 18888.008}, "Distance": {"FOOT": 7.4275506693691575, "PASSENGER_CAR": 23.768635302424812, "RAIL_TRIP": 63.027885652950474}, "Total_Count": 8, "Total_Duration": 27318.053000000004, "Total_Distance": 94.22407162474445, "Total_Emission": 5.973624226669082}, "end_percents_count": {"FOOT": 0.5, "PASSENGER_CAR": 0.125, "RAIL_TRIP": 1.0}, "end_percents_duration": {"FOOT": 0.14493558527029726, "PASSENGER_CAR": 0.16365320764257976, "RAIL_TRIP": 0.6914112070871229}, "end_percents_distance": {"FOOT": 0.0788285895662631, "PASSENGER_CAR": 0.2522565082634665, "RAIL_TRIP": 0.6689149021702703}}