{"start": {"Count": {"BIKE_TRIP": 4, "FOOT": 33, "PASSENGER_CAR": 19, "RAIL_TRIP": 13}, "Duration": {"BIKE_TRIP": 2355.698, "FOOT": 50188.689, "PASSENGER_CAR": 30584.209, "RAIL_TRIP": 21436.238}, "Distance": {"BIKE_TRIP": 10.672770563907509, "FOOT": 56.178710887657985, "PASSENGER_CAR": 411.31552165712566, "RAIL_TRIP": 203.31953037913334}, "Total_Count": 49, "Total_Duration": 104564.834, "Total_Distance": 681.4865334878245, "Total_Emission": 72.25239599777042}, "start_percents_count": {"BIKE_TRIP": 0.08163265306122448, "FOOT": 0.673469387755102, "PASSENGER_CAR": 0.3877551020408163, "RAIL_TRIP": 0.2653061224489796}, "start_percents_duration": {"BIKE_TRIP": 0.022528587383402722, "FOOT": 0.47997674820580694, "PASSENGER_CAR": 0.29249038926413823, "RAIL_TRIP": 0.2050042751466521}, "start_percents_distance": {"BIKE_TRIP": 0.015661014619444698, "FOOT": 0.08243554072908423, "PASSENGER_CAR": 0.6035563454966997, "RAIL_TRIP": 0.29834709915477126}, "end": {"Count": {"BIKE_TRIP": 4, "FOOT": 38, "PASSENGER_CAR": 20, "RAIL_TRIP": 17}, "Duration": {"BIKE_TRIP": 3055.339, "FOOT": 78137.001, "PASSENGER_CAR": 106340.243, "RAIL_TRIP": 25857.695}, "Distance": {"BIKE_TRIP": 14.163523017822014, "FOOT": 94.03281720657142, "PASSENGER_CAR": 304.06861949718876, "RAIL_TRIP": 217.11318340191042}, "Total_Count": 53, "Total_Duration": 213390.27800000005, "Total_Distance": 629.3781431234926, "Total_Emission": 61.55827110637659}, "end_percents_count": {"BIKE_TRIP": 0.07547169811320754, "FOOT": 0.7169811320754716, "PASSENGER_CAR": 0.37735849056603776, "RAIL_TRIP": 0.32075471698113206}, "end_percents_duration": {"BIKE_TRIP": 0.014318079664341593, "FOOT": 0.36616945126244216, "PASSENGER_CAR": 0.4983368689364563, "RAIL_TRIP": 0.12117560013675971}, "end_percents_distance": {"BIKE_TRIP": 0.02250399568617199, "FOOT": 0.14940591476517306, "PASSENGER_CAR": 0.4831254831763777, "RAIL_TRIP": 0.34496460637227727}}