{"start": {"Count": {"BIKE_TRIP": 2, "FOOT": 32, "MOTORCYCLE": 1, "PASSENGER_CAR": 10, "RAIL_TRIP": 25}, "Duration": {"BIKE_TRIP": 683.0, "FOOT": 55997.746999999996, "MOTORCYCLE": 398.245, "PASSENGER_CAR": 20892.261, "RAIL_TRIP": 38895.55}, "Distance": {"BIKE_TRIP": 0.7648679886128995, "FOOT": 78.45831522918566, "MOTORCYCLE": 4.85309022298775, "PASSENGER_CAR": 265.3386240012476, "RAIL_TRIP": 238.7973258310516}, "Total_Count": 50, "Total_Duration": 116866.803, "Total_Distance": 588.2122232730854, "Total_Emission": 53.227860578895246}, "start_percents_count": {"BIKE_TRIP": 0.04, "FOOT": 0.64, "MOTORCYCLE": 0.02, "PASSENGER_CAR": 0.2, "RAIL_TRIP": 0.5}, "start_percents_duration": {"BIKE_TRIP": 0.005844260153159148, "FOOT": 0.47915871370247026, "MOTORCYCLE": 0.0034076828472838433, "PASSENGER_CAR": 0.17876985134948886, "RAIL_TRIP": 0.33281949194759786}, "start_percents_distance": {"BIKE_TRIP": 0.0013003265800170208, "FOOT": 0.13338436728262332, "MOTORCYCLE": 0.008250576970303179, "PASSENGER_CAR": 0.4510933528799869, "RAIL_TRIP": 0.4059713762870697}, "end": {"Count": {"BIKE_TRIP": 2, "FOOT": 47, "PASSENGER_CAR": 18, "RAIL_TRIP": 45, "UNKNOWN": 1}, "Duration": {"BIKE_TRIP": 1777.904, "FOOT": 110370.676, "PASSENGER_CAR": 25564.325, "RAIL_TRIP": 158539.36800000002, "UNKNOWN": 122.643}, "Distance": {"BIKE_TRIP": 8.234951848297118, "FOOT": 127.82323580446933, "PASSENGER_CAR": 139.9035256618023, "RAIL_TRIP": 495.114982109588, "UNKNOWN": 5.730277308709427}, "Total_Count": 76, "Total_Duration": 296374.916, "Total_Distance": 776.8069727328661, "Total_Emission": 28.278904152191494}, "end_percents_count": {"BIKE_TRIP": 0.02631578947368421, "FOOT": 0.618421052631579, "PASSENGER_CAR": 0.23684210526315788, "RAIL_TRIP": 0.5921052631578947, "UNKNOWN": 0.013157894736842105}, "end_percents_duration": {"BIKE_TRIP": 0.005998834260319115, "FOOT": 0.3724022177369423, "PASSENGER_CAR": 0.0862567093903453, "RAIL_TRIP": 0.5349284282884453, "UNKNOWN": 0.00041381032394792813}, "end_percents_distance": {"BIKE_TRIP": 0.010601027201552956, "FOOT": 0.16454954743103997, "PASSENGER_CAR": 0.18010075935545614, "RAIL_TRIP": 0.6373719591724772, "UNKNOWN": 0.0073767068394737425}}