{"start": {"Count": {"BIKE_TRIP": 1, "FOOT": 12, "PASSENGER_CAR": 6, "RAIL_TRIP": 6}, "Duration": {"BIKE_TRIP": 481.805, "FOOT": 36944.388999999996, "PASSENGER_CAR": 7115.338, "RAIL_TRIP": 8006.531}, "Distance": {"BIKE_TRIP": 0.7192125532293809, "FOOT": 14.417231603302225, "PASSENGER_CAR": 68.08523195004616, "RAIL_TRIP": 67.75927269290555}, "Total_Count": 18, "Total_Duration": 52548.062999999995, "Total_Distance": 150.98094879948337, "Total_Emission": 15.168185633852543}, "start_percents_count": {"BIKE_TRIP": 0.05555555555555555, "FOOT": 0.6666666666666666, "PASSENGER_CAR": 0.3333333333333333, "RAIL_TRIP": 0.3333333333333333}, "start_percents_duration": {"BIKE_TRIP": 0.009168844149402807, "FOOT": 0.7030590071417094, "PASSENGER_CAR": 0.1354062850994146, "RAIL_TRIP": 0.15236586360947313}, "start_percents_distance": {"BIKE_TRIP": 0.004763598049609303, "FOOT": 0.09549040271597206, "PASSENGER_CAR": 0.45095247109931486, "RAIL_TRIP": 0.4487935281351034}, "end": {"Count": {"BIKE_TRIP": 2, "BUS": 1, "FOOT": 8, "PASSENGER_CAR": 7, "RAIL_TRIP": 7}, "Duration": {"BIKE_TRIP": 1822.4869999999999, "BUS": 124.6, "FOOT": 11602.794, "PASSENGER_CAR": 7697.562, "RAIL_TRIP": 7780.17}, "Distance": {"BIKE_TRIP": 10.585895996704412, "BUS": 3.0072991630598347, "FOOT": 13.09937501127538, "PASSENGER_CAR": 78.09959937798597, "RAIL_TRIP": 84.73658614220545}, "Total_Count": 13, "Total_Duration": 29027.612999999998, "Total_Distance": 189.52875569123105, "Total_Emission": 16.80950359733882}, "end_percents_count": {"BIKE_TRIP": 0.15384615384615385, "BUS": 0.07692307692307693, "FOOT": 0.6153846153846154, "PASSENGER_CAR": 0.5384615384615384, "RAIL_TRIP": 0.5384615384615384}, "end_percents_duration": {"BIKE_TRIP": 0.062784597548548, "BUS": 0.004292464557798811, "FOOT": 0.3997157465203908, "PASSENGER_CAR": 0.26518067469068163, "RAIL_TRIP": 0.2680265166825809}, "end_percents_distance": {"BIKE_TRIP": 0.05585377246896678, "BUS": 0.01586724479930184, "FOOT": 0.06911550156861739, "PASSENGER_CAR": 0.41207255908555207, "RAIL_TRIP": 0.4470909220775619}}