{"start": {"Count": {"FOOT": 13, "PASSENGER_CAR": 4, "RAIL_TRIP": 4}, "Duration": {"FOOT": 27013.499, "PASSENGER_CAR": 3174.322, "RAIL_TRIP": 2574.839}, "Distance": {"FOOT": 80.59484861411234, "PASSENGER_CAR": 28.716604305885348, "RAIL_TRIP": 22.12099408841805}, "Total_Count": 21, "Total_Duration": 32762.660000000003, "Total_Distance": 131.43244700841575}, "start_percents_count": {"FOOT": 0.6190476190476191, "PASSENGER_CAR": 0.19047619047619047, "RAIL_TRIP": 0.19047619047619047}, "start_percents_duration": {"FOOT": 0.824520933281974, "PASSENGER_CAR": 0.09688840893871253, "RAIL_TRIP": 0.07859065777931339}, "start_percents_distance": {"FOOT": 0.6132035920243635, "PASSENGER_CAR": 0.2184894594867171, "RAIL_TRIP": 0.16830694848891933}, "end": {"Count": {"FOOT": 10, "PASSENGER_CAR": 1}, "Duration": {"FOOT": 33945.408, "PASSENGER_CAR": 319.115}, "Distance": {"FOOT": 64.82996795821865, "PASSENGER_CAR": 1.697833694518022}, "Total_Count": 11, "Total_Duration": 34264.523, "Total_Distance": 66.52780165273668}, "end_percents_count": {"FOOT": 0.9090909090909091, "PASSENGER_CAR": 0.09090909090909091}, "end_percents_duration": {"FOOT": 0.9906867228240709, "PASSENGER_CAR": 0.009313277175929167}, "end_percents_distance": {"FOOT": 0.9744793356711164, "PASSENGER_CAR": 0.025520664328883322}}