{"start": {"Count": {"BIKE_TRIP": 2, "FOOT": 28, "PASSENGER_CAR": 7, "RAIL_TRIP": 10}, "Duration": {"BIKE_TRIP": 3164.321, "FOOT": 49806.733, "PASSENGER_CAR": 7945.78, "RAIL_TRIP": 9937.09}, "Distance": {"BIKE_TRIP": 2.781261851312194, "FOOT": 57.57519252051428, "PASSENGER_CAR": 141.75069880126614, "RAIL_TRIP": 49.68237079296516}, "Total_Count": 36, "Total_Duration": 70853.924, "Total_Distance": 251.7895239660578, "Total_Emission": 32.63345679794575}, "start_percents_count": {"BIKE_TRIP": 0.05555555555555555, "FOOT": 0.7777777777777778, "PASSENGER_CAR": 0.19444444444444445, "RAIL_TRIP": 0.2777777777777778}, "start_percents_duration": {"BIKE_TRIP": 0.04465978482716074, "FOOT": 0.7029495360059381, "PASSENGER_CAR": 0.11214311856602324, "RAIL_TRIP": 0.14024756060087795}, "start_percents_distance": {"BIKE_TRIP": 0.011045979227027406, "FOOT": 0.22866397145369574, "PASSENGER_CAR": 0.5629729806406667, "RAIL_TRIP": 0.19731706867861004}, "end": {"Count": {"BIKE_TRIP": 4, "BUS": 2, "FOOT": 35, "PASSENGER_CAR": 13, "RAIL_TRIP": 18, "UNKNOWN": 1}, "Duration": {"BIKE_TRIP": 4983.8189999999995, "BUS": 1347.778, "FOOT": 70477.015, "PASSENGER_CAR": 12774.352, "RAIL_TRIP": 24715.326, "UNKNOWN": 120.172}, "Distance": {"BIKE_TRIP": 15.175074166121016, "BUS": 7.541345929497146, "FOOT": 74.76798716715994, "PASSENGER_CAR": 109.2104176948434, "RAIL_TRIP": 188.31422938324596, "UNKNOWN": 2.697129498244633}, "Total_Count": 42, "Total_Duration": 114418.46200000003, "Total_Distance": 397.70618383911216, "Total_Emission": 26.533577625077278}, "end_percents_count": {"BIKE_TRIP": 0.09523809523809523, "BUS": 0.047619047619047616, "FOOT": 0.8333333333333334, "PASSENGER_CAR": 0.30952380952380953, "RAIL_TRIP": 0.42857142857142855, "UNKNOWN": 0.023809523809523808}, "end_percents_duration": {"BIKE_TRIP": 0.04355782198855285, "BUS": 0.011779375255017845, "FOOT": 0.6159584193676715, "PASSENGER_CAR": 0.11164589854389056, "RAIL_TRIP": 0.21600819979558888, "UNKNOWN": 0.0010502850492781486}, "end_percents_distance": {"BIKE_TRIP": 0.03815649537966433, "BUS": 0.018962103773945638, "FOOT": 0.18799805033307337, "PASSENGER_CAR": 0.27460075335168366, "RAIL_TRIP": 0.4735008834044846, "UNKNOWN": 0.006781713757148237}}