{"start": {"Count": {"FOOT": 8, "MOTORCYCLE": 1, "PASSENGER_CAR": 4, "RAIL_TRIP": 8}, "Duration": {"FOOT": 18416.157, "MOTORCYCLE": 721.106, "PASSENGER_CAR": 6226.093000000001, "RAIL_TRIP": 13096.236}, "Distance": {"FOOT": 23.219926687295796, "MOTORCYCLE": 4.9304204222460015, "PASSENGER_CAR": 27.864852408319713, "RAIL_TRIP": 68.15021087182662}, "Total_Count": 15, "Total_Duration": 38459.592, "Total_Distance": 124.16541038968812, "Total_Emission": 6.447643366994783}, "start_percents_count": {"FOOT": 0.5333333333333333, "MOTORCYCLE": 0.06666666666666667, "PASSENGER_CAR": 0.26666666666666666, "RAIL_TRIP": 0.5333333333333333}, "start_percents_duration": {"FOOT": 0.4788443153531114, "MOTORCYCLE": 0.018749704885064826, "PASSENGER_CAR": 0.16188661075759725, "RAIL_TRIP": 0.34051936900422664}, "start_percents_distance": {"FOOT": 0.18700801305630124, "MOTORCYCLE": 0.0397084856947847, "PASSENGER_CAR": 0.22441718930309978, "RAIL_TRIP": 0.5488663119458144}, "end": {"Count": {"FOOT": 9, "PASSENGER_CAR": 1, "RAIL_TRIP": 2}, "Duration": {"FOOT": 33340.909, "PASSENGER_CAR": 4872.537, "RAIL_TRIP": 5832.872}, "Distance": {"FOOT": 59.08695407861274, "PASSENGER_CAR": 8.363724628371683, "RAIL_TRIP": 25.459976114672113}, "Total_Count": 11, "Total_Duration": 44046.31800000001, "Total_Distance": 92.91065482165655, "Total_Emission": 2.5815453076377644}, "end_percents_count": {"FOOT": 0.8181818181818182, "PASSENGER_CAR": 0.09090909090909091, "RAIL_TRIP": 0.18181818181818182}, "end_percents_duration": {"FOOT": 0.7569511031546381, "PASSENGER_CAR": 0.11062302642413832, "RAIL_TRIP": 0.1324258704212234}, "end_percents_distance": {"FOOT": 0.6359545543192121, "PASSENGER_CAR": 0.09001900421890237, "RAIL_TRIP": 0.27402644146188543}}