{"start": {"Count": {"FOOT": 5, "PASSENGER_CAR": 4, "RAIL_TRIP": 5}, "Duration": {"FOOT": 12707.541, "PASSENGER_CAR": 3849.898, "RAIL_TRIP": 16831.397}, "Distance": {"FOOT": 23.880488556671274, "PASSENGER_CAR": 27.698047586442886, "RAIL_TRIP": 81.76913163254844}, "Total_Count": 10, "Total_Duration": 33388.835999999996, "Total_Distance": 133.3476677756626, "Total_Emission": 6.916644548108263}, "start_percents_count": {"FOOT": 0.5, "PASSENGER_CAR": 0.4, "RAIL_TRIP": 0.5}, "start_percents_duration": {"FOOT": 0.3805925130184233, "PASSENGER_CAR": 0.11530494803712237, "RAIL_TRIP": 0.5041025389444544}, "start_percents_distance": {"FOOT": 0.179084411111311, "PASSENGER_CAR": 0.20771302602037772, "RAIL_TRIP": 0.6132025628683114}, "end": {"Count": {"BIKE_TRIP": 1, "BUS": 1, "FOOT": 3, "PASSENGER_CAR": 3, "RAIL_TRIP": 2, "SCOOTER": 1, "UNKNOWN": 1}, "Duration": {"BIKE_TRIP": 240.314, "BUS": 420.5, "FOOT": 4445.198, "PASSENGER_CAR": 4594.012, "RAIL_TRIP": 3725.259, "SCOOTER": 2825.485, "UNKNOWN": 1081.687}, "Distance": {"BIKE_TRIP": 2.722609908768336, "BUS": 2.50557747116994, "FOOT": 5.518334776533034, "PASSENGER_CAR": 67.10235410732213, "RAIL_TRIP": 15.331554287937383, "SCOOTER": 13.159014041377832, "UNKNOWN": 27.69843436332629}, "Total_Count": 8, "Total_Duration": 17332.455, "Total_Distance": 134.03787895643492, "Total_Emission": 11.574143820681867}, "end_percents_count": {"BIKE_TRIP": 0.125, "BUS": 0.125, "FOOT": 0.375, "PASSENGER_CAR": 0.375, "RAIL_TRIP": 0.25, "SCOOTER": 0.125, "UNKNOWN": 0.125}, "end_percents_duration": {"BIKE_TRIP": 0.013864971811552372, "BUS": 0.024260844756267934, "FOOT": 0.25646672672740245, "PASSENGER_CAR": 0.2650525848761759, "RAIL_TRIP": 0.21492967960972637, "SCOOTER": 0.16301701057351656, "UNKNOWN": 0.062408181645358364}, "end_percents_distance": {"BIKE_TRIP": 0.02031224255386226, "BUS": 0.01869305520706057, "FOOT": 0.041169964934513824, "PASSENGER_CAR": 0.5006223213150947, "RAIL_TRIP": 0.11438225080330057, "SCOOTER": 0.09817384566085817, "UNKNOWN": 0.2066463195253101}}