{"start": {"Count": {"BIKE_TRIP": 2, "FOOT": 19, "PASSENGER_CAR": 7, "RAIL_TRIP": 11}, "Duration": {"BIKE_TRIP": 1381.571, "FOOT": 109620.744, "PASSENGER_CAR": 25550.155, "RAIL_TRIP": 20650.275999999998}, "Distance": {"BIKE_TRIP": 2.011312312321566, "FOOT": 103.2203071633434, "PASSENGER_CAR": 113.58368600650374, "RAIL_TRIP": 150.6228464755652}, "Total_Count": 23, "Total_Duration": 157202.746, "Total_Distance": 369.4381519577339, "Total_Emission": 20.80818488060174}, "start_percents_count": {"BIKE_TRIP": 0.08695652173913043, "FOOT": 0.8260869565217391, "PASSENGER_CAR": 0.30434782608695654, "RAIL_TRIP": 0.4782608695652174}, "start_percents_duration": {"BIKE_TRIP": 0.008788466074250382, "FOOT": 0.6973207961647184, "PASSENGER_CAR": 0.16252995351620636, "RAIL_TRIP": 0.1313607842448248}, "start_percents_distance": {"BIKE_TRIP": 0.0054442463553457604, "FOOT": 0.27939807141291806, "PASSENGER_CAR": 0.307449800202277, "RAIL_TRIP": 0.40770788202945923}, "end": {"Count": {"BIKE_TRIP": 2, "BUS": 1, "FOOT": 13, "PASSENGER_CAR": 9, "RAIL_TRIP": 25, "SCOOTER": 1}, "Duration": {"BIKE_TRIP": 1061.453, "BUS": 516.177, "FOOT": 68576.05, "PASSENGER_CAR": 10386.56, "RAIL_TRIP": 99393.31999999999, "SCOOTER": 1261.495}, "Distance": {"BIKE_TRIP": 1.9848152700058928, "BUS": 1.1940224232110117, "FOOT": 74.83269627360735, "PASSENGER_CAR": 104.19078505882916, "RAIL_TRIP": 242.78048952806824, "SCOOTER": 0.9806906182806826}, "Total_Count": 34, "Total_Duration": 181195.05499999996, "Total_Distance": 425.96349917200234, "Total_Emission": 24.13802294433076}, "end_percents_count": {"BIKE_TRIP": 0.058823529411764705, "BUS": 0.029411764705882353, "FOOT": 0.38235294117647056, "PASSENGER_CAR": 0.2647058823529412, "RAIL_TRIP": 0.7352941176470589, "SCOOTER": 0.029411764705882353}, "end_percents_duration": {"BIKE_TRIP": 0.005858068256884826, "BUS": 0.0028487366832389556, "FOOT": 0.3784653505030809, "PASSENGER_CAR": 0.057322535650876354, "RAIL_TRIP": 0.5485432259726957, "SCOOTER": 0.006962082933223537}, "end_percents_distance": {"BIKE_TRIP": 0.004659590020891514, "BUS": 0.0028031097160483936, "FOOT": 0.17567865889699205, "PASSENGER_CAR": 0.24460026565975163, "RAIL_TRIP": 0.5699560877868421, "SCOOTER": 0.0023022879194742546}}