{"start": {"Count": {"BIKE_TRIP": 1, "FOOT": 7, "MOTORCYCLE": 1, "PASSENGER_CAR": 7, "RAIL_TRIP": 4}, "Duration": {"BIKE_TRIP": 4989.292, "FOOT": 19859.83, "MOTORCYCLE": 172.523, "PASSENGER_CAR": 63914.335999999996, "RAIL_TRIP": 8146.68}, "Distance": {"BIKE_TRIP": 24.787898459621225, "FOOT": 15.892317152054954, "MOTORCYCLE": 0.9514556987313436, "PASSENGER_CAR": 78.51104016146283, "RAIL_TRIP": 66.57684199841496}, "Total_Count": 13, "Total_Duration": 97082.661, "Total_Distance": 186.71955347028532, "Total_Emission": 18.079670849807158}, "start_percents_count": {"BIKE_TRIP": 0.07692307692307693, "FOOT": 0.5384615384615384, "MOTORCYCLE": 0.07692307692307693, "PASSENGER_CAR": 0.5384615384615384, "RAIL_TRIP": 0.3076923076923077}, "start_percents_duration": {"BIKE_TRIP": 0.05139220483459967, "FOOT": 0.2045661892188967, "MOTORCYCLE": 0.0017770732510102912, "PASSENGER_CAR": 0.6583496511287428, "RAIL_TRIP": 0.08391488156675064}, "start_percents_distance": {"BIKE_TRIP": 0.1327547008276559, "FOOT": 0.08511329883071977, "MOTORCYCLE": 0.005095640392492471, "PASSENGER_CAR": 0.420475727915433, "RAIL_TRIP": 0.35656063203369887}, "end": {"Count": {"BIKE_TRIP": 3, "FOOT": 10, "MOTORCYCLE": 2, "PASSENGER_CAR": 6, "RAIL_TRIP": 4}, "Duration": {"BIKE_TRIP": 5741.05, "FOOT": 21701.162, "MOTORCYCLE": 344.051, "PASSENGER_CAR": 64357.01, "RAIL_TRIP": 5619.191}, "Distance": {"BIKE_TRIP": 45.195265598837835, "FOOT": 27.157396988475654, "MOTORCYCLE": 2.3326987871534466, "PASSENGER_CAR": 87.95191100717757, "RAIL_TRIP": 48.96447343140453}, "Total_Count": 15, "Total_Duration": 97762.464, "Total_Distance": 211.60174581304906, "Total_Emission": 21.573762645393057}, "end_percents_count": {"BIKE_TRIP": 0.2, "FOOT": 0.6666666666666666, "MOTORCYCLE": 0.13333333333333333, "PASSENGER_CAR": 0.4, "RAIL_TRIP": 0.26666666666666666}, "end_percents_duration": {"BIKE_TRIP": 0.05872448141241612, "FOOT": 0.22197846813680963, "MOTORCYCLE": 0.0035192545883458905, "PASSENGER_CAR": 0.6582997948987865, "RAIL_TRIP": 0.05747800096364183}, "end_percents_distance": {"BIKE_TRIP": 0.21358644951241576, "FOOT": 0.12834202706658818, "MOTORCYCLE": 0.011024005393671916, "PASSENGER_CAR": 0.41564832402131224, "RAIL_TRIP": 0.23139919400601178}}