{"start": {"Count": {"BIKE_TRIP": 3, "BUS": 1, "FOOT": 32, "PASSENGER_CAR": 21, "RAIL_TRIP": 17, "UNKNOWN": 1}, "Duration": {"BIKE_TRIP": 1946.933, "BUS": 601.648, "FOOT": 60736.804000000004, "PASSENGER_CAR": 49108.91, "RAIL_TRIP": 38062.803, "UNKNOWN": 963.062}, "Distance": {"BIKE_TRIP": 12.788326763927362, "BUS": 7.744092697391104, "FOOT": 76.01808423539386, "PASSENGER_CAR": 324.0071375213738, "RAIL_TRIP": 280.2388671290762, "UNKNOWN": 20.90564615141043}, "Total_Count": 42, "Total_Duration": 151420.16, "Total_Distance": 721.7021544985727, "Total_Emission": 74.5758954739222}, "start_percents_count": {"BIKE_TRIP": 0.07142857142857142, "BUS": 0.023809523809523808, "FOOT": 0.7619047619047619, "PASSENGER_CAR": 0.5, "RAIL_TRIP": 0.40476190476190477, "UNKNOWN": 0.023809523809523808}, "start_percents_duration": {"BIKE_TRIP": 0.012857818932432775, "BUS": 0.003973367879151627, "FOOT": 0.4011143826555196, "PASSENGER_CAR": 0.32432213781837244, "RAIL_TRIP": 0.25137209602737176, "UNKNOWN": 0.00636019668715183}, "start_percents_distance": {"BIKE_TRIP": 0.017719673807559146, "BUS": 0.010730316722930636, "FOOT": 0.1053316576118718, "PASSENGER_CAR": 0.44894855239345777, "RAIL_TRIP": 0.3883026611217224, "UNKNOWN": 0.028967138342458384}, "end": {"Count": {"BIKE_TRIP": 3, "FOOT": 38, "MOTORCYCLE": 1, "PASSENGER_CAR": 24, "RAIL_TRIP": 19}, "Duration": {"BIKE_TRIP": 2681.344, "FOOT": 93400.951, "MOTORCYCLE": 601.016, "PASSENGER_CAR": 74532.505, "RAIL_TRIP": 26448.126}, "Distance": {"BIKE_TRIP": 8.841108026205722, "FOOT": 138.00360465378753, "MOTORCYCLE": 2.4618517077176523, "PASSENGER_CAR": 1279.4058404214977, "RAIL_TRIP": 229.4542230948771}, "Total_Count": 51, "Total_Duration": 197663.94199999995, "Total_Distance": 1658.1666279040858, "Total_Emission": 252.30779648802107}, "end_percents_count": {"BIKE_TRIP": 0.058823529411764705, "FOOT": 0.7450980392156863, "MOTORCYCLE": 0.0196078431372549, "PASSENGER_CAR": 0.47058823529411764, "RAIL_TRIP": 0.37254901960784315}, "end_percents_duration": {"BIKE_TRIP": 0.013565165061819928, "FOOT": 0.4725239720252064, "MOTORCYCLE": 0.0030405950317433216, "PASSENGER_CAR": 0.3770667742728718, "RAIL_TRIP": 0.1338034936083588}, "end_percents_distance": {"BIKE_TRIP": 0.005331857412533286, "FOOT": 0.08322662049243108, "MOTORCYCLE": 0.0014846829421657221, "PASSENGER_CAR": 0.7715785729198158, "RAIL_TRIP": 0.13837826623305408}}