{"start": {"Count": {"FOOT": 7, "PASSENGER_CAR": 3, "RAIL_TRIP": 1}, "Duration": {"FOOT": 10263.220000000001, "PASSENGER_CAR": 6621.362999999999, "RAIL_TRIP": 480.384}, "Distance": {"FOOT": 8.833439535095637, "PASSENGER_CAR": 38.90791422869672, "RAIL_TRIP": 2.2075465734213373}, "Total_Count": 11, "Total_Duration": 17364.967, "Total_Distance": 49.94890033721369}, "start_percents_count": {"FOOT": 0.6363636363636364, "PASSENGER_CAR": 0.2727272727272727, "RAIL_TRIP": 0.09090909090909091}, "start_percents_duration": {"FOOT": 0.5910302046643683, "PASSENGER_CAR": 0.38130582108218225, "RAIL_TRIP": 0.027663974253449488}, "start_percents_distance": {"FOOT": 0.17684952972857368, "PASSENGER_CAR": 0.7789543706872952, "RAIL_TRIP": 0.04419609958413113}, "end": {"Count": {"FOOT": 17, "PASSENGER_CAR": 2, "RAIL_TRIP": 7, "UNKNOWN": 1}, "Duration": {"FOOT": 11415.004, "PASSENGER_CAR": 649.981, "RAIL_TRIP": 8449.788, "UNKNOWN": 883.08}, "Distance": {"FOOT": 33.90581088715566, "PASSENGER_CAR": 4.785915579788776, "RAIL_TRIP": 47.13528333392637, "UNKNOWN": 3.053610472231145}, "Total_Count": 27, "Total_Duration": 21397.853, "Total_Distance": 88.88062027310197}, "end_percents_count": {"FOOT": 0.6296296296296297, "PASSENGER_CAR": 0.07407407407407407, "RAIL_TRIP": 0.25925925925925924, "UNKNOWN": 0.037037037037037035}, "end_percents_duration": {"FOOT": 0.5334649228593168, "PASSENGER_CAR": 0.030375991460451664, "RAIL_TRIP": 0.3948895246639932, "UNKNOWN": 0.04126956101623841}, "end_percents_distance": {"FOOT": 0.3814758581001556, "PASSENGER_CAR": 0.05384655918335375, "RAIL_TRIP": 0.5303212690133641, "UNKNOWN": 0.03435631370312637}}