{"start": {"Count": {"BIKE_TRIP": 8, "BUS": 1, "FOOT": 72, "PASSENGER_CAR": 24, "RAIL_TRIP": 32}, "Duration": {"BIKE_TRIP": 11086.3, "BUS": 683.225, "FOOT": 369679.79, "PASSENGER_CAR": 22236.75, "RAIL_TRIP": 46014.155}, "Distance": {"BIKE_TRIP": 43.528580544654936, "BUS": 0.5205978446444072, "FOOT": 196.71092392395565, "PASSENGER_CAR": 201.5475719540225, "RAIL_TRIP": 220.74858352747577}, "Total_Count": 102, "Total_Duration": 449700.22000000003, "Total_Distance": 663.0562577947533, "Total_Emission": 45.72024985039813}, "start_percents_count": {"BIKE_TRIP": 0.0784313725490196, "BUS": 0.00980392156862745, "FOOT": 0.7058823529411765, "PASSENGER_CAR": 0.23529411764705882, "RAIL_TRIP": 0.3137254901960784}, "start_percents_duration": {"BIKE_TRIP": 0.024652645266662308, "BUS": 0.0015192898949437917, "FOOT": 0.8220582814035535, "PASSENGER_CAR": 0.04944794111953069, "RAIL_TRIP": 0.10232184231530951}, "start_percents_distance": {"BIKE_TRIP": 0.06564839715022953, "BUS": 0.0007851488294158539, "FOOT": 0.29667305241668773, "PASSENGER_CAR": 0.3039675285236669, "RAIL_TRIP": 0.33292587308}, "end": {"Count": {"BIKE_TRIP": 12, "BUS": 4, "FOOT": 97, "MOTORCYCLE": 1, "PASSENGER_CAR": 44, "RAIL_TRIP": 63, "UNKNOWN": 3}, "Duration": {"BIKE_TRIP": 21243.338, "BUS": 4521.35, "FOOT": 325352.163, "MOTORCYCLE": 120.13, "PASSENGER_CAR": 52307.263, "RAIL_TRIP": 115416.561, "UNKNOWN": 8540.823}, "Distance": {"BIKE_TRIP": 137.07866288717557, "BUS": 23.081393727018185, "FOOT": 289.245192562297, "MOTORCYCLE": 1.3209888232896587, "PASSENGER_CAR": 628.3071637994345, "RAIL_TRIP": 851.859105032286, "UNKNOWN": 290.41055936379735}, "Total_Count": 133, "Total_Duration": 527501.628, "Total_Distance": 2221.303066195298, "Total_Emission": 125.17919998215832}, "end_percents_count": {"BIKE_TRIP": 0.09022556390977443, "BUS": 0.03007518796992481, "FOOT": 0.7293233082706767, "MOTORCYCLE": 0.007518796992481203, "PASSENGER_CAR": 0.3308270676691729, "RAIL_TRIP": 0.47368421052631576, "UNKNOWN": 0.022556390977443608}, "end_percents_duration": {"BIKE_TRIP": 0.04027160651720301, "BUS": 0.008571253167772214, "FOOT": 0.6167794481195421, "MOTORCYCLE": 0.00022773389431131764, "PASSENGER_CAR": 0.099160382117342, "RAIL_TRIP": 0.21879849250436814, "UNKNOWN": 0.016191083679461173}, "end_percents_distance": {"BIKE_TRIP": 0.06171092318436639, "BUS": 0.010390925073791284, "FOOT": 0.13021419587635252, "MOTORCYCLE": 0.0005946909466758539, "PASSENGER_CAR": 0.28285521834515553, "RAIL_TRIP": 0.3834952186382073, "UNKNOWN": 0.13073882793545125}}