{"start": {"Count": {"BIKE_TRIP": 1, "BUS": 2, "FOOT": 10, "PASSENGER_CAR": 24, "RAIL_TRIP": 15, "UNKNOWN": 2}, "Duration": {"BIKE_TRIP": 1272.27, "BUS": 1751.789, "FOOT": 40792.0, "PASSENGER_CAR": 65775.02, "RAIL_TRIP": 26944.671000000002, "UNKNOWN": 656.6800000000001}, "Distance": {"BIKE_TRIP": 11.160642423084326, "BUS": 19.958651690557602, "FOOT": 64.6191557927608, "PASSENGER_CAR": 1003.3922686472831, "RAIL_TRIP": 269.7691240834966, "UNKNOWN": 17.82345056339252}, "Total_Count": 36, "Total_Duration": 137192.43000000002, "Total_Distance": 1386.723293200575, "Total_Emission": 188.81674454407195}, "start_percents_count": {"BIKE_TRIP": 0.027777777777777776, "BUS": 0.05555555555555555, "FOOT": 0.2777777777777778, "PASSENGER_CAR": 0.6666666666666666, "RAIL_TRIP": 0.4166666666666667, "UNKNOWN": 0.05555555555555555}, "start_percents_duration": {"BIKE_TRIP": 0.009273616627389717, "BUS": 0.012768845919559846, "FOOT": 0.297334189648802, "PASSENGER_CAR": 0.4794362196223217, "RAIL_TRIP": 0.19640056670765288, "UNKNOWN": 0.0047865614742737626}, "start_percents_distance": {"BIKE_TRIP": 0.00804821154862512, "BUS": 0.01439267068521852, "FOOT": 0.046598449820236996, "PASSENGER_CAR": 0.7235706456847935, "RAIL_TRIP": 0.19453709720334042, "UNKNOWN": 0.012852925057785515}, "end": {"Count": {"BIKE_TRIP": 2, "BUS": 1, "FOOT": 12, "MOTORCYCLE": 2, "PASSENGER_CAR": 22, "RAIL_TRIP": 19, "UNKNOWN": 1}, "Duration": {"BIKE_TRIP": 2670.663, "BUS": 1501.789, "FOOT": 58875.176999999996, "MOTORCYCLE": 1110.6770000000001, "PASSENGER_CAR": 61354.15, "RAIL_TRIP": 36178.639, "UNKNOWN": 389.706}, "Distance": {"BIKE_TRIP": 20.01318036084694, "BUS": 18.37330723707285, "FOOT": 61.78675941756191, "MOTORCYCLE": 5.743143678987947, "PASSENGER_CAR": 769.658687982297, "RAIL_TRIP": 320.7361508082645, "UNKNOWN": 8.325628407134166}, "Total_Count": 37, "Total_Duration": 162080.80099999998, "Total_Distance": 1204.6368578921654, "Total_Emission": 143.5426255511721}, "end_percents_count": {"BIKE_TRIP": 0.05405405405405406, "BUS": 0.02702702702702703, "FOOT": 0.32432432432432434, "MOTORCYCLE": 0.05405405405405406, "PASSENGER_CAR": 0.5945945945945946, "RAIL_TRIP": 0.5135135135135135, "UNKNOWN": 0.02702702702702703}, "end_percents_duration": {"BIKE_TRIP": 0.016477355636957892, "BUS": 0.009265681010547326, "FOOT": 0.3632458418070133, "MOTORCYCLE": 0.0068526129754257585, "PASSENGER_CAR": 0.378540515727091, "RAIL_TRIP": 0.22321359949350206, "UNKNOWN": 0.0024043933494627785}, "end_percents_distance": {"BIKE_TRIP": 0.01661345510867512, "BUS": 0.015252154304179161, "FOOT": 0.05129077614782133, "MOTORCYCLE": 0.004767531095667381, "PASSENGER_CAR": 0.6389134476003174, "RAIL_TRIP": 0.26625131773693045, "UNKNOWN": 0.00691131800640907}}