{"start": {"Count": {"BIKE_TRIP": 5, "FOOT": 21, "PASSENGER_CAR": 17, "RAIL_TRIP": 13}, "Duration": {"BIKE_TRIP": 2220.593, "FOOT": 100854.037, "PASSENGER_CAR": 16963.371, "RAIL_TRIP": 8907.082}, "Distance": {"BIKE_TRIP": 8.821486177693659, "FOOT": 34.88111969650965, "PASSENGER_CAR": 147.1611137613059, "RAIL_TRIP": 32.805924332524484}, "Total_Count": 37, "Total_Duration": 128945.083, "Total_Distance": 223.66964396803365, "Total_Emission": 28.9730114399674}, "start_percents_count": {"BIKE_TRIP": 0.13513513513513514, "FOOT": 0.5675675675675675, "PASSENGER_CAR": 0.4594594594594595, "RAIL_TRIP": 0.35135135135135137}, "start_percents_duration": {"BIKE_TRIP": 0.017221230529589095, "FOOT": 0.7821472106850325, "PASSENGER_CAR": 0.13155500469917103, "RAIL_TRIP": 0.06907655408620739}, "start_percents_distance": {"BIKE_TRIP": 0.03943980068638373, "FOOT": 0.15594927893520846, "PASSENGER_CAR": 0.6579395896134114, "RAIL_TRIP": 0.14667133076499655}, "end": {"Count": {"BIKE_TRIP": 5, "FOOT": 18, "HIGH_SPEED_TRAIN": 1, "PASSENGER_CAR": 15, "RAIL_TRIP": 15}, "Duration": {"BIKE_TRIP": 75969.456, "FOOT": 32071.434, "HIGH_SPEED_TRAIN": 1627.135, "PASSENGER_CAR": 23794.355, "RAIL_TRIP": 12831.118999999999}, "Distance": {"BIKE_TRIP": 89.98526336774815, "FOOT": 49.1021789691032, "HIGH_SPEED_TRAIN": 4.492621584491592, "PASSENGER_CAR": 208.31726543665604, "RAIL_TRIP": 50.710538538715944}, "Total_Count": 38, "Total_Duration": 146293.499, "Total_Distance": 402.607867896715, "Total_Emission": 41.053266508514476}, "end_percents_count": {"BIKE_TRIP": 0.13157894736842105, "FOOT": 0.47368421052631576, "HIGH_SPEED_TRAIN": 0.02631578947368421, "PASSENGER_CAR": 0.39473684210526316, "RAIL_TRIP": 0.39473684210526316}, "end_percents_duration": {"BIKE_TRIP": 0.5192948184252535, "FOOT": 0.21922665203325267, "HIGH_SPEED_TRAIN": 0.011122401276354733, "PASSENGER_CAR": 0.1626480681824419, "RAIL_TRIP": 0.08770806008269717}, "end_percents_distance": {"BIKE_TRIP": 0.22350597328821442, "FOOT": 0.12196030650275287, "HIGH_SPEED_TRAIN": 0.011158802255807202, "PASSENGER_CAR": 0.5174197576538612, "RAIL_TRIP": 0.1259551602993641}}