{"start": {"Count": {"BIKE_TRIP": 1, "FOOT": 8, "PASSENGER_CAR": 14, "RAIL_TRIP": 8}, "Duration": {"BIKE_TRIP": 360.933, "FOOT": 11505.912, "PASSENGER_CAR": 19500.221, "RAIL_TRIP": 18694.663}, "Distance": {"BIKE_TRIP": 2.315767007415028, "FOOT": 11.937395346705507, "PASSENGER_CAR": 301.40905400626116, "RAIL_TRIP": 175.4549475484876}, "Total_Count": 23, "Total_Duration": 50061.729, "Total_Distance": 491.1171639088692, "Total_Emission": 54.31268514182303}, "start_percents_count": {"BIKE_TRIP": 0.043478260869565216, "FOOT": 0.34782608695652173, "PASSENGER_CAR": 0.6086956521739131, "RAIL_TRIP": 0.34782608695652173}, "start_percents_duration": {"BIKE_TRIP": 0.007209758975763702, "FOOT": 0.22983449093418248, "PASSENGER_CAR": 0.38952352205014734, "RAIL_TRIP": 0.3734322280399065}, "start_percents_distance": {"BIKE_TRIP": 0.004715304570061285, "FOOT": 0.024306614030131082, "PASSENGER_CAR": 0.6137212790677177, "RAIL_TRIP": 0.3572568023320902}, "end": {"Count": {"BIKE_TRIP": 3, "BUS": 2, "FOOT": 19, "MOTORCYCLE": 1, "PASSENGER_CAR": 20, "RAIL_TRIP": 9}, "Duration": {"BIKE_TRIP": 9625.216, "BUS": 962.7439999999999, "FOOT": 59528.254, "MOTORCYCLE": 6915.764, "PASSENGER_CAR": 33570.514, "RAIL_TRIP": 23601.527}, "Distance": {"BIKE_TRIP": 64.12419095406783, "BUS": 5.587808662505491, "FOOT": 78.05031035029899, "MOTORCYCLE": 218.5438936986539, "PASSENGER_CAR": 559.0698002165458, "RAIL_TRIP": 203.9303254169793}, "Total_Count": 34, "Total_Duration": 134204.01899999997, "Total_Distance": 1129.3063292990512, "Total_Emission": 123.84555549457997}, "end_percents_count": {"BIKE_TRIP": 0.08823529411764706, "BUS": 0.058823529411764705, "FOOT": 0.5588235294117647, "MOTORCYCLE": 0.029411764705882353, "PASSENGER_CAR": 0.5882352941176471, "RAIL_TRIP": 0.2647058823529412}, "end_percents_duration": {"BIKE_TRIP": 0.07172077313124284, "BUS": 0.007173734491513254, "FOOT": 0.4435653599911938, "MOTORCYCLE": 0.05153172052172299, "PASSENGER_CAR": 0.25014537008761273, "RAIL_TRIP": 0.17586304177671463}, "end_percents_distance": {"BIKE_TRIP": 0.05678192824250711, "BUS": 0.004948000836915336, "FOOT": 0.06911349766253769, "MOTORCYCLE": 0.19352047184071114, "PASSENGER_CAR": 0.49505593452536006, "RAIL_TRIP": 0.18058016689196876}}