{"start": {"Count": {"BIKE_TRIP": 4, "BUS": 1, "FOOT": 21, "PASSENGER_CAR": 5, "RAIL_TRIP": 14}, "Duration": {"BIKE_TRIP": 1964.394, "BUS": 530.665, "FOOT": 32322.409, "PASSENGER_CAR": 5652.895, "RAIL_TRIP": 18730.238}, "Distance": {"BIKE_TRIP": 11.2235990492019, "BUS": 2.6244881221456464, "FOOT": 46.56923345877918, "PASSENGER_CAR": 35.22171878443267, "RAIL_TRIP": 106.4110294945514}, "Total_Count": 33, "Total_Duration": 59200.600999999995, "Total_Distance": 202.05006890911076, "Total_Emission": 9.07977053191021}, "start_percents_count": {"BIKE_TRIP": 0.12121212121212122, "BUS": 0.030303030303030304, "FOOT": 0.6363636363636364, "PASSENGER_CAR": 0.15151515151515152, "RAIL_TRIP": 0.42424242424242425}, "start_percents_duration": {"BIKE_TRIP": 0.03318199421657898, "BUS": 0.008963844809616038, "FOOT": 0.5459810956986738, "PASSENGER_CAR": 0.0954871218283747, "RAIL_TRIP": 0.31638594344675663}, "start_percents_distance": {"BIKE_TRIP": 0.055548602926983756, "BUS": 0.012989295852832565, "FOOT": 0.23048363066744443, "PASSENGER_CAR": 0.17432173606571072, "RAIL_TRIP": 0.5266567344870287}, "end": {"Count": {"BIKE_TRIP": 3, "FOOT": 21, "PASSENGER_CAR": 6, "RAIL_TRIP": 15}, "Duration": {"BIKE_TRIP": 2241.207, "FOOT": 33613.258, "PASSENGER_CAR": 3096.941, "RAIL_TRIP": 21050.698}, "Distance": {"BIKE_TRIP": 6.806932040057591, "FOOT": 48.78657855905274, "PASSENGER_CAR": 31.07122452333519, "RAIL_TRIP": 154.3269834054712}, "Total_Count": 34, "Total_Duration": 60002.10399999999, "Total_Distance": 240.99171852791673, "Total_Emission": 6.591144741727622}, "end_percents_count": {"BIKE_TRIP": 0.08823529411764706, "FOOT": 0.6176470588235294, "PASSENGER_CAR": 0.17647058823529413, "RAIL_TRIP": 0.4411764705882353}, "end_percents_duration": {"BIKE_TRIP": 0.03735214018495085, "FOOT": 0.5602013222736324, "PASSENGER_CAR": 0.051613873406839206, "RAIL_TRIP": 0.35083266413457775}, "end_percents_distance": {"BIKE_TRIP": 0.028245501885447853, "FOOT": 0.20244089239689478, "PASSENGER_CAR": 0.1289306732743012, "RAIL_TRIP": 0.6403829324433561}}