{"start": {"Count": {"FOOT": 4, "PASSENGER_CAR": 2, "RAIL_TRIP": 3}, "Duration": {"FOOT": 58720.95, "PASSENGER_CAR": 481.295, "RAIL_TRIP": 3013.824}, "Distance": {"FOOT": 26.789343146700652, "PASSENGER_CAR": 2.4053166556477317, "RAIL_TRIP": 26.72589719191316}, "Total_Count": 4, "Total_Duration": 62216.068999999996, "Total_Distance": 55.92055699426155}, "start_percents_count": {"FOOT": 1.0, "PASSENGER_CAR": 0.5, "RAIL_TRIP": 0.75}, "start_percents_duration": {"FOOT": 0.9438228892281831, "PASSENGER_CAR": 0.0077358632220881724, "RAIL_TRIP": 0.04844124754972868}, "start_percents_distance": {"FOOT": 0.47906073520422404, "PASSENGER_CAR": 0.0430131026036554, "RAIL_TRIP": 0.47792616219212036}, "end": {"Count": {"FOOT": 3, "PASSENGER_CAR": 1, "RAIL_TRIP": 4, "UNKNOWN": 1}, "Duration": {"FOOT": 4568.415999999999, "PASSENGER_CAR": 120.089, "RAIL_TRIP": 6747.414, "UNKNOWN": 1005.383}, "Distance": {"FOOT": 5.243255103429706, "PASSENGER_CAR": 0.3118273104697614, "RAIL_TRIP": 59.39897937708375, "UNKNOWN": 1.558021723600018}, "Total_Count": 5, "Total_Duration": 12441.301999999998, "Total_Distance": 66.51208351458322}, "end_percents_count": {"FOOT": 0.6, "PASSENGER_CAR": 0.2, "RAIL_TRIP": 0.8, "UNKNOWN": 0.2}, "end_percents_duration": {"FOOT": 0.3671975810891818, "PASSENGER_CAR": 0.009652446343638313, "RAIL_TRIP": 0.5423398612138827, "UNKNOWN": 0.08081011135329728}, "end_percents_distance": {"FOOT": 0.0788316171493874, "PASSENGER_CAR": 0.004688280594929659, "RAIL_TRIP": 0.8930554605774772, "UNKNOWN": 0.023424641678205904}}