{"start": {"Count": {"BIKE_TRIP": 1, "FOOT": 14, "PASSENGER_CAR": 5, "RAIL_TRIP": 18}, "Duration": {"BIKE_TRIP": 360.812, "FOOT": 57551.172999999995, "PASSENGER_CAR": 12504.947, "RAIL_TRIP": 29286.794}, "Distance": {"BIKE_TRIP": 0.3671937839186951, "FOOT": 55.25196144562594, "PASSENGER_CAR": 92.36426024650811, "RAIL_TRIP": 164.56010131191843}, "Total_Count": 25, "Total_Duration": 99703.72600000002, "Total_Distance": 312.5435167879711, "Total_Emission": 21.200731462700652}, "start_percents_count": {"BIKE_TRIP": 0.04, "FOOT": 0.56, "PASSENGER_CAR": 0.2, "RAIL_TRIP": 0.72}, "start_percents_duration": {"BIKE_TRIP": 0.0036188416870198002, "FOOT": 0.5772218883775716, "PASSENGER_CAR": 0.12542105999127853, "RAIL_TRIP": 0.2937382099441298}, "start_percents_distance": {"BIKE_TRIP": 0.0011748565053992103, "FOOT": 0.17678165912207597, "PASSENGER_CAR": 0.2955244799052026, "RAIL_TRIP": 0.5265190044673225}, "end": {"Count": {"BIKE_TRIP": 1, "FOOT": 15, "PASSENGER_CAR": 4, "RAIL_TRIP": 16}, "Duration": {"BIKE_TRIP": 360.812, "FOOT": 1182674.4949999999, "PASSENGER_CAR": 7170.960999999999, "RAIL_TRIP": 28730.526}, "Distance": {"BIKE_TRIP": 0.3671937839186951, "FOOT": 95.70667802153228, "PASSENGER_CAR": 15.759878074460412, "RAIL_TRIP": 159.39228199102257}, "Total_Count": 26, "Total_Duration": 1218936.7940000005, "Total_Distance": 271.226031870934, "Total_Emission": 3.9390462851813357}, "end_percents_count": {"BIKE_TRIP": 0.038461538461538464, "FOOT": 0.5769230769230769, "PASSENGER_CAR": 0.15384615384615385, "RAIL_TRIP": 0.6153846153846154}, "end_percents_duration": {"BIKE_TRIP": 0.0002960055039572461, "FOOT": 0.9702508783240482, "PASSENGER_CAR": 0.005882963772443148, "RAIL_TRIP": 0.023570152399550907}, "end_percents_distance": {"BIKE_TRIP": 0.0013538294292246569, "FOOT": 0.35286685928095357, "PASSENGER_CAR": 0.058106067348136885, "RAIL_TRIP": 0.5876732439416849}}