{"start": {"Count": {"BIKE_TRIP": 8, "BUS": 4, "FOOT": 138, "HIGH_SPEED_TRAIN": 1, "PASSENGER_CAR": 122, "RAIL_TRIP": 69, "UNKNOWN": 1}, "Duration": {"BIKE_TRIP": 12104.082, "BUS": 2288.203, "FOOT": 301913.384, "HIGH_SPEED_TRAIN": 132.792, "PASSENGER_CAR": 318645.882, "RAIL_TRIP": 71367.086, "UNKNOWN": 1303.177}, "Distance": {"BIKE_TRIP": 68.89451710858812, "BUS": 16.97952667013327, "FOOT": 232.8890763888727, "HIGH_SPEED_TRAIN": 0.5989753998542198, "PASSENGER_CAR": 4402.85297782919, "RAIL_TRIP": 336.9400542321117, "UNKNOWN": 48.60686089485921}, "Total_Count": 242, "Total_Duration": 707754.6060000001, "Total_Distance": 5107.761988523611, "Total_Emission": 871.1169076804272}, "start_percents_count": {"BIKE_TRIP": 0.03305785123966942, "BUS": 0.01652892561983471, "FOOT": 0.5702479338842975, "HIGH_SPEED_TRAIN": 0.004132231404958678, "PASSENGER_CAR": 0.5041322314049587, "RAIL_TRIP": 0.28512396694214875, "UNKNOWN": 0.004132231404958678}, "start_percents_duration": {"BIKE_TRIP": 0.017102088629854847, "BUS": 0.0032330457203693557, "FOOT": 0.4265791864023559, "HIGH_SPEED_TRAIN": 0.00018762435295263904, "PASSENGER_CAR": 0.45022085239527204, "RAIL_TRIP": 0.1008359188269274, "UNKNOWN": 0.001841283672267616}, "start_percents_distance": {"BIKE_TRIP": 0.013488200363169615, "BUS": 0.0033242595697066087, "FOOT": 0.045595130883572914, "HIGH_SPEED_TRAIN": 0.00011726768028738013, "PASSENGER_CAR": 0.8619925884803858, "RAIL_TRIP": 0.0659662793585853, "UNKNOWN": 0.009516273664292045}, "end": {"Count": {"BIKE_TRIP": 10, "BUS": 4, "FOOT": 188, "HIGH_SPEED_TRAIN": 2, "MOTORCYCLE": 2, "PASSENGER_CAR": 148, "RAIL_TRIP": 79, "UNKNOWN": 2}, "Duration": {"BIKE_TRIP": 6978.496, "BUS": 13518.662999999999, "FOOT": 377710.829, "HIGH_SPEED_TRAIN": 6414.374, "MOTORCYCLE": 3067.7380000000003, "PASSENGER_CAR": 339230.498, "RAIL_TRIP": 101402.366, "UNKNOWN": 721.35}, "Distance": {"BIKE_TRIP": 20.20631657208702, "BUS": 300.76639328105506, "FOOT": 426.76675346894007, "HIGH_SPEED_TRAIN": 265.22201616810423, "MOTORCYCLE": 39.22009844425484, "PASSENGER_CAR": 4825.801358667253, "RAIL_TRIP": 817.6953869908816, "UNKNOWN": 21.7614665130942}, "Total_Count": 276, "Total_Duration": 849044.314, "Total_Distance": 6717.43979010567, "Total_Emission": 927.2915943862799}, "end_percents_count": {"BIKE_TRIP": 0.036231884057971016, "BUS": 0.014492753623188406, "FOOT": 0.6811594202898551, "HIGH_SPEED_TRAIN": 0.007246376811594203, "MOTORCYCLE": 0.007246376811594203, "PASSENGER_CAR": 0.5362318840579711, "RAIL_TRIP": 0.286231884057971, "UNKNOWN": 0.007246376811594203}, "end_percents_duration": {"BIKE_TRIP": 0.008219236481454135, "BUS": 0.015922211334660676, "FOOT": 0.4448658600874866, "HIGH_SPEED_TRAIN": 0.007554816508670476, "MOTORCYCLE": 0.003613165943656505, "PASSENGER_CAR": 0.3995439253362693, "RAIL_TRIP": 0.11943118201013003, "UNKNOWN": 0.0008496022976722979}, "end_percents_distance": {"BIKE_TRIP": 0.0030080383603660345, "BUS": 0.04477396190793752, "FOOT": 0.06353116169311088, "HIGH_SPEED_TRAIN": 0.03948260415504701, "MOTORCYCLE": 0.005838548564592028, "PASSENGER_CAR": 0.7183989003928742, "RAIL_TRIP": 0.12172723724227362, "UNKNOWN": 0.0032395476837987222}}