{"start": {"Count": {"BIKE_TRIP": 1, "FOOT": 7, "MOTORCYCLE": 1, "PASSENGER_CAR": 7, "RAIL_TRIP": 7, "UNKNOWN": 1}, "Duration": {"BIKE_TRIP": 790.145, "FOOT": 13231.655999999999, "MOTORCYCLE": 2501.987, "PASSENGER_CAR": 13468.548999999999, "RAIL_TRIP": 13636.818, "UNKNOWN": 267.46}, "Distance": {"BIKE_TRIP": 1.3826410546009786, "FOOT": 10.44964279572206, "MOTORCYCLE": 40.83559143731869, "PASSENGER_CAR": 140.20449202800467, "RAIL_TRIP": 89.91840457540195, "UNKNOWN": 17.102209268081964}, "Total_Count": 16, "Total_Duration": 43896.615, "Total_Distance": 299.8929811591303, "Total_Emission": 38.37364880870196}, "start_percents_count": {"BIKE_TRIP": 0.0625, "FOOT": 0.4375, "MOTORCYCLE": 0.0625, "PASSENGER_CAR": 0.4375, "RAIL_TRIP": 0.4375, "UNKNOWN": 0.0625}, "start_percents_duration": {"BIKE_TRIP": 0.018000135090143057, "FOOT": 0.3014277068972175, "MOTORCYCLE": 0.05699726505107513, "PASSENGER_CAR": 0.30682431891388434, "RAIL_TRIP": 0.3106576213222819, "UNKNOWN": 0.0060929527253980745}, "start_percents_distance": {"BIKE_TRIP": 0.004610448198076756, "FOOT": 0.03484457273835707, "MOTORCYCLE": 0.13616721298205497, "PASSENGER_CAR": 0.46751508316764795, "RAIL_TRIP": 0.2998349752230084, "UNKNOWN": 0.05702770769085499}, "end": {"Count": {"FOOT": 8, "MOTORCYCLE": 1, "PASSENGER_CAR": 8, "RAIL_TRIP": 6}, "Duration": {"FOOT": 14351.567, "MOTORCYCLE": 3008.1189999999997, "PASSENGER_CAR": 18871.736, "RAIL_TRIP": 27419.311999999998}, "Distance": {"FOOT": 12.88501610444322, "MOTORCYCLE": 34.838417175953595, "PASSENGER_CAR": 136.35530289400583, "RAIL_TRIP": 157.20669857579188}, "Total_Count": 16, "Total_Duration": 63650.734, "Total_Distance": 341.28543475019444, "Total_Emission": 30.042943992471354}, "end_percents_count": {"FOOT": 0.5, "MOTORCYCLE": 0.0625, "PASSENGER_CAR": 0.5, "RAIL_TRIP": 0.375}, "end_percents_duration": {"FOOT": 0.22547370781301596, "MOTORCYCLE": 0.047259769227484476, "PASSENGER_CAR": 0.2964888983055561, "RAIL_TRIP": 0.4307776246539435}, "end_percents_distance": {"FOOT": 0.03775436860900458, "MOTORCYCLE": 0.10207999999019515, "PASSENGER_CAR": 0.3995344922756864, "RAIL_TRIP": 0.4606311391251141}}