{"start": {"Count": {"BIKE_TRIP": 1, "FOOT": 9, "MOTORCYCLE": 1, "PASSENGER_CAR": 4, "RAIL_TRIP": 8}, "Duration": {"BIKE_TRIP": 628.295, "FOOT": 15819.493999999999, "MOTORCYCLE": 319.167, "PASSENGER_CAR": 2042.554, "RAIL_TRIP": 7153.6720000000005}, "Distance": {"BIKE_TRIP": 2.17511967556312, "FOOT": 16.028228486262353, "MOTORCYCLE": 4.652891507754196, "PASSENGER_CAR": 10.048866383096982, "RAIL_TRIP": 31.765519879580182}, "Total_Count": 16, "Total_Duration": 25963.182000000004, "Total_Distance": 64.67062593225684, "Total_Emission": 3.888664878481905}, "start_percents_count": {"BIKE_TRIP": 0.0625, "FOOT": 0.5625, "MOTORCYCLE": 0.0625, "PASSENGER_CAR": 0.25, "RAIL_TRIP": 0.5}, "start_percents_duration": {"BIKE_TRIP": 0.024199460605406526, "FOOT": 0.6093048995304196, "MOTORCYCLE": 0.012293061767236386, "PASSENGER_CAR": 0.07867117366430662, "RAIL_TRIP": 0.27553140443263074}, "start_percents_distance": {"BIKE_TRIP": 0.03363381201600833, "FOOT": 0.2478440289576305, "MOTORCYCLE": 0.07194752549060139, "PASSENGER_CAR": 0.15538532739150035, "RAIL_TRIP": 0.4911893061442593}, "end": {"Count": {"FOOT": 18, "PASSENGER_CAR": 4, "RAIL_TRIP": 14}, "Duration": {"FOOT": 30173.855, "PASSENGER_CAR": 8215.983, "RAIL_TRIP": 95200.502}, "Distance": {"FOOT": 29.334922688054984, "PASSENGER_CAR": 52.79287477832165, "RAIL_TRIP": 93.74292410169157}, "Total_Count": 22, "Total_Duration": 133590.34, "Total_Distance": 175.87072156806818, "Total_Emission": 9.009874035850599}, "end_percents_count": {"FOOT": 0.8181818181818182, "PASSENGER_CAR": 0.18181818181818182, "RAIL_TRIP": 0.6363636363636364}, "end_percents_duration": {"FOOT": 0.22586853959650077, "PASSENGER_CAR": 0.06150132561980155, "RAIL_TRIP": 0.7126301347836976}, "end_percents_distance": {"FOOT": 0.1667982164768758, "PASSENGER_CAR": 0.30018000897260744, "RAIL_TRIP": 0.5330217745505169}}