{"start": {"Count": {"BIKE_TRIP": 1, "FOOT": 15, "PASSENGER_CAR": 3, "RAIL_TRIP": 4}, "Duration": {"BIKE_TRIP": 120.182, "FOOT": 77500.311, "PASSENGER_CAR": 4827.846, "RAIL_TRIP": 3249.757}, "Distance": {"BIKE_TRIP": 0.8406823837802786, "FOOT": 36.39839558405318, "PASSENGER_CAR": 52.306063896350395, "RAIL_TRIP": 16.041324620634875}, "Total_Count": 19, "Total_Duration": 85698.096, "Total_Distance": 105.58646648481871, "Total_Emission": 13.283618933717356}, "start_percents_count": {"BIKE_TRIP": 0.05263157894736842, "FOOT": 0.7894736842105263, "PASSENGER_CAR": 0.15789473684210525, "RAIL_TRIP": 0.21052631578947367}, "start_percents_duration": {"BIKE_TRIP": 0.0014023882164196507, "FOOT": 0.9043411069482804, "PASSENGER_CAR": 0.0563355106512518, "RAIL_TRIP": 0.03792099418404815}, "start_percents_distance": {"BIKE_TRIP": 0.007962027822014031, "FOOT": 0.3447259558523683, "PASSENGER_CAR": 0.49538606260558016, "RAIL_TRIP": 0.15192595372003764}, "end": {"Count": {"BIKE_TRIP": 2, "FOOT": 19, "MOTORCYCLE": 1, "PASSENGER_CAR": 8, "RAIL_TRIP": 9}, "Duration": {"BIKE_TRIP": 582.188, "FOOT": 38666.703, "MOTORCYCLE": 221.379, "PASSENGER_CAR": 12434.426, "RAIL_TRIP": 7100.302}, "Distance": {"BIKE_TRIP": 3.238761586781918, "FOOT": 37.47249836284134, "MOTORCYCLE": 1.6079911601782977, "PASSENGER_CAR": 83.54983952357537, "RAIL_TRIP": 41.093513209220845}, "Total_Count": 26, "Total_Duration": 59004.998, "Total_Distance": 166.9626038425978, "Total_Emission": 16.63631611229614}, "end_percents_count": {"BIKE_TRIP": 0.07692307692307693, "FOOT": 0.7307692307692307, "MOTORCYCLE": 0.038461538461538464, "PASSENGER_CAR": 0.3076923076923077, "RAIL_TRIP": 0.34615384615384615}, "end_percents_duration": {"BIKE_TRIP": 0.009866757388924917, "FOOT": 0.6553123347279836, "MOTORCYCLE": 0.0037518686128927585, "PASSENGER_CAR": 0.21073513128498028, "RAIL_TRIP": 0.12033390798521847}, "end_percents_distance": {"BIKE_TRIP": 0.019398125761354475, "FOOT": 0.22443647559646435, "MOTORCYCLE": 0.00963084620849717, "PASSENGER_CAR": 0.5004104967262075, "RAIL_TRIP": 0.24612405570747636}}