{"start": {"Count": {"BIKE_TRIP": 2, "FOOT": 8, "PASSENGER_CAR": 5, "RAIL_TRIP": 1}, "Duration": {"BIKE_TRIP": 929.379, "FOOT": 31586.785, "PASSENGER_CAR": 8479.758, "RAIL_TRIP": 2642.866}, "Distance": {"BIKE_TRIP": 2.9996262367984894, "FOOT": 14.982768081767093, "PASSENGER_CAR": 55.63539275549411, "RAIL_TRIP": 16.25653630704052}, "Total_Count": 13, "Total_Duration": 43638.78800000001, "Total_Distance": 89.87432338110023, "Total_Emission": 14.13829676825188}, "start_percents_count": {"BIKE_TRIP": 0.15384615384615385, "FOOT": 0.6153846153846154, "PASSENGER_CAR": 0.38461538461538464, "RAIL_TRIP": 0.07692307692307693}, "start_percents_duration": {"BIKE_TRIP": 0.02129708551942368, "FOOT": 0.7238236084833519, "PASSENGER_CAR": 0.19431699157180987, "RAIL_TRIP": 0.06056231442541437}, "start_percents_distance": {"BIKE_TRIP": 0.03337578658677595, "FOOT": 0.16670799309647805, "PASSENGER_CAR": 0.6190354559842366, "RAIL_TRIP": 0.1808807643325093}, "end": {"Count": {"BIKE_TRIP": 3, "FOOT": 11, "MOTORCYCLE": 1, "PASSENGER_CAR": 6, "RAIL_TRIP": 6}, "Duration": {"BIKE_TRIP": 2175.3089999999997, "FOOT": 31257.242, "MOTORCYCLE": 1202.427, "PASSENGER_CAR": 9242.305, "RAIL_TRIP": 8701.953}, "Distance": {"BIKE_TRIP": 5.666575712140998, "FOOT": 16.568523901402017, "MOTORCYCLE": 5.073594669741302, "PASSENGER_CAR": 46.149938447615185, "RAIL_TRIP": 62.95291717674761}, "Total_Count": 20, "Total_Duration": 52579.236, "Total_Distance": 136.4115499076471, "Total_Emission": 13.22934878913224}, "end_percents_count": {"BIKE_TRIP": 0.15, "FOOT": 0.55, "MOTORCYCLE": 0.05, "PASSENGER_CAR": 0.3, "RAIL_TRIP": 0.3}, "end_percents_duration": {"BIKE_TRIP": 0.04137201613199552, "FOOT": 0.5944788166948641, "MOTORCYCLE": 0.022868856443634896, "PASSENGER_CAR": 0.17577860963974448, "RAIL_TRIP": 0.16550170108976098}, "end_percents_distance": {"BIKE_TRIP": 0.04154029270965225, "FOOT": 0.12145983175632258, "MOTORCYCLE": 0.03719329245343382, "PASSENGER_CAR": 0.3383140099123532, "RAIL_TRIP": 0.4614925731682382}}