{"start": {"Count": {"FOOT": 3, "PASSENGER_CAR": 4, "RAIL_TRIP": 3}, "Duration": {"FOOT": 14307.07, "PASSENGER_CAR": 13374.827000000001, "RAIL_TRIP": 7403.044}, "Distance": {"FOOT": 9.384238873249265, "PASSENGER_CAR": 76.35660640208665, "RAIL_TRIP": 43.722321688133626}, "Total_Count": 8, "Total_Duration": 35084.941000000006, "Total_Distance": 129.46316696346955, "Total_Emission": 18.25274907410226}, "start_percents_count": {"FOOT": 0.375, "PASSENGER_CAR": 0.5, "RAIL_TRIP": 0.375}, "start_percents_duration": {"FOOT": 0.4077837839316873, "PASSENGER_CAR": 0.38121275449772024, "RAIL_TRIP": 0.2110034615705923}, "start_percents_distance": {"FOOT": 0.07248578181234515, "PASSENGER_CAR": 0.5897940564333027, "RAIL_TRIP": 0.3377201617543521}, "end": {"Count": {"FOOT": 5, "PASSENGER_CAR": 6, "RAIL_TRIP": 2}, "Duration": {"FOOT": 14787.913, "PASSENGER_CAR": 8657.71, "RAIL_TRIP": 1901.22}, "Distance": {"FOOT": 10.725877426373989, "PASSENGER_CAR": 42.453846794814616, "RAIL_TRIP": 8.576439492766154}, "Total_Count": 11, "Total_Duration": 25346.843, "Total_Distance": 61.756163713954756, "Total_Emission": 8.32450557418359}, "end_percents_count": {"FOOT": 0.45454545454545453, "PASSENGER_CAR": 0.5454545454545454, "RAIL_TRIP": 0.18181818181818182}, "end_percents_duration": {"FOOT": 0.5834222826093175, "PASSENGER_CAR": 0.3415695595700024, "RAIL_TRIP": 0.07500815782068007}, "end_percents_distance": {"FOOT": 0.17368108349564323, "PASSENGER_CAR": 0.6874430703217648, "RAIL_TRIP": 0.13887584618259205}}