{"start": {"Count": {"FOOT": 5, "PASSENGER_CAR": 2, "RAIL_TRIP": 2}, "Duration": {"FOOT": 12767.345, "PASSENGER_CAR": 1762.96, "RAIL_TRIP": 7988.447}, "Distance": {"FOOT": 13.931456516287442, "PASSENGER_CAR": 26.971497378215723, "RAIL_TRIP": 86.08844004611625}, "Total_Count": 7, "Total_Duration": 22518.752, "Total_Distance": 126.9913939406194, "Total_Emission": 8.047586296388095}, "start_percents_count": {"FOOT": 0.7142857142857143, "PASSENGER_CAR": 0.2857142857142857, "RAIL_TRIP": 0.2857142857142857}, "start_percents_duration": {"FOOT": 0.5669650342967496, "PASSENGER_CAR": 0.07828853037681661, "RAIL_TRIP": 0.35474643532643374}, "start_percents_distance": {"FOOT": 0.1097039420072964, "PASSENGER_CAR": 0.21238838744322683, "RAIL_TRIP": 0.6779076705494769}, "end": {"Count": {"FOOT": 12, "PASSENGER_CAR": 5, "RAIL_TRIP": 11}, "Duration": {"FOOT": 25564.284, "PASSENGER_CAR": 9057.339, "RAIL_TRIP": 20965.907}, "Distance": {"FOOT": 27.63876143596727, "PASSENGER_CAR": 184.74620132859286, "RAIL_TRIP": 165.37008501349513}, "Total_Count": 13, "Total_Duration": 55587.52999999999, "Total_Distance": 377.75504777805526, "Total_Emission": 44.42565712705675}, "end_percents_count": {"FOOT": 0.9230769230769231, "PASSENGER_CAR": 0.38461538461538464, "RAIL_TRIP": 0.8461538461538461}, "end_percents_duration": {"FOOT": 0.4598924255134201, "PASSENGER_CAR": 0.16293832447673068, "RAIL_TRIP": 0.37716925000984936}, "end_percents_distance": {"FOOT": 0.07316582954625676, "PASSENGER_CAR": 0.4890634881393774, "RAIL_TRIP": 0.4377706823143659}}