{"start": {"Count": {"FOOT": 1, "PASSENGER_CAR": 4, "RAIL_TRIP": 2}, "Duration": {"FOOT": 173.946, "PASSENGER_CAR": 1927.7740000000001, "RAIL_TRIP": 306.903}, "Distance": {"FOOT": 1.04593442241936, "PASSENGER_CAR": 16.779230651598596, "RAIL_TRIP": 1.3906200164054883}, "Total_Count": 7, "Total_Duration": 2408.6229999999996, "Total_Distance": 19.21578509042345}, "start_percents_count": {"FOOT": 0.14285714285714285, "PASSENGER_CAR": 0.5714285714285714, "RAIL_TRIP": 0.2857142857142857}, "start_percents_duration": {"FOOT": 0.07221802664842113, "PASSENGER_CAR": 0.8003635272103606, "RAIL_TRIP": 0.12741844614121847}, "start_percents_distance": {"FOOT": 0.05443100125743087, "PASSENGER_CAR": 0.873200370041651, "RAIL_TRIP": 0.07236862870091788}, "end": {"Count": {"FOOT": 3, "PASSENGER_CAR": 5, "RAIL_TRIP": 2}, "Duration": {"FOOT": 537.529, "PASSENGER_CAR": 3995.044, "RAIL_TRIP": 248.728}, "Distance": {"FOOT": 3.346270949619643, "PASSENGER_CAR": 30.395114568600036, "RAIL_TRIP": 1.3570258223487013}, "Total_Count": 10, "Total_Duration": 4781.301, "Total_Distance": 35.098411340568376}, "end_percents_count": {"FOOT": 0.3, "PASSENGER_CAR": 0.5, "RAIL_TRIP": 0.2}, "end_percents_duration": {"FOOT": 0.11242316683262567, "PASSENGER_CAR": 0.8355558455742484, "RAIL_TRIP": 0.0520209875931258}, "end_percents_distance": {"FOOT": 0.0953396698542839, "PASSENGER_CAR": 0.8659968758605308, "RAIL_TRIP": 0.038663454285185486}}