{"start": {"Count": {"BIKE_TRIP": 3, "BUS": 1, "FOOT": 38, "PASSENGER_CAR": 17, "RAIL_TRIP": 24}, "Duration": {"BIKE_TRIP": 4730.651, "BUS": 2593.643, "FOOT": 99713.852, "PASSENGER_CAR": 25630.735, "RAIL_TRIP": 50998.439}, "Distance": {"BIKE_TRIP": 10.677253583121214, "BUS": 7.699692803966404, "FOOT": 144.03317866316124, "PASSENGER_CAR": 319.01654538079384, "RAIL_TRIP": 266.3980417342669}, "Total_Count": 55, "Total_Duration": 183667.31999999998, "Total_Distance": 747.8247121653096, "Total_Emission": 71.5321221623825}, "start_percents_count": {"BIKE_TRIP": 0.05454545454545454, "BUS": 0.01818181818181818, "FOOT": 0.6909090909090909, "PASSENGER_CAR": 0.3090909090909091, "RAIL_TRIP": 0.43636363636363634}, "start_percents_duration": {"BIKE_TRIP": 0.02575662888749071, "BUS": 0.014121418007297108, "FOOT": 0.5429047040050458, "PASSENGER_CAR": 0.1395497849045764, "RAIL_TRIP": 0.2776674641955902}, "start_percents_distance": {"BIKE_TRIP": 0.014277749062618519, "BUS": 0.010296119770730921, "FOOT": 0.19260286042984112, "PASSENGER_CAR": 0.4265926763199475, "RAIL_TRIP": 0.3562305944168619}, "end": {"Count": {"BIKE_TRIP": 8, "BUS": 2, "FOOT": 45, "PASSENGER_CAR": 25, "RAIL_TRIP": 35, "UNKNOWN": 1}, "Duration": {"BIKE_TRIP": 13690.862, "BUS": 1072.283, "FOOT": 108965.436, "PASSENGER_CAR": 48331.302, "RAIL_TRIP": 68042.62299999999, "UNKNOWN": 240.226}, "Distance": {"BIKE_TRIP": 99.3060442027034, "BUS": 5.170236789366365, "FOOT": 149.64239517639876, "PASSENGER_CAR": 549.2160957928965, "RAIL_TRIP": 446.24038459058755, "UNKNOWN": 10.8636906211775}, "Total_Count": 68, "Total_Duration": 240342.732, "Total_Distance": 1260.43884717313, "Total_Emission": 120.23402878325308}, "end_percents_count": {"BIKE_TRIP": 0.11764705882352941, "BUS": 0.029411764705882353, "FOOT": 0.6617647058823529, "PASSENGER_CAR": 0.36764705882352944, "RAIL_TRIP": 0.5147058823529411, "UNKNOWN": 0.014705882352941176}, "end_percents_duration": {"BIKE_TRIP": 0.05696391102020094, "BUS": 0.004461474624495822, "FOOT": 0.45337520753487986, "PASSENGER_CAR": 0.201093253778941, "RAIL_TRIP": 0.28310663873122655, "UNKNOWN": 0.0009995143102559058}, "end_percents_distance": {"BIKE_TRIP": 0.07878688000248776, "BUS": 0.0041019338629255985, "FOOT": 0.11872245568439256, "PASSENGER_CAR": 0.4357340278940624, "RAIL_TRIP": 0.35403572778750875, "UNKNOWN": 0.008618974768623026}}