{"start": {"Count": {"BIKE_TRIP": 2, "FOOT": 25, "MOTORCYCLE": 1, "PASSENGER_CAR": 1, "RAIL_TRIP": 11, "UNKNOWN": 1}, "Duration": {"BIKE_TRIP": 852.389, "FOOT": 22558.456, "MOTORCYCLE": 703.822, "PASSENGER_CAR": 687.924, "RAIL_TRIP": 14198.943, "UNKNOWN": 1139.932}, "Distance": {"BIKE_TRIP": 3.3326538754421313, "FOOT": 30.755433708150324, "MOTORCYCLE": 9.15853426886487, "PASSENGER_CAR": 3.988672473494354, "RAIL_TRIP": 68.00176361730729, "UNKNOWN": 3.2017455427055133}, "Total_Count": 41, "Total_Duration": 40141.46600000001, "Total_Distance": 118.4388034859645}, "start_percents_count": {"BIKE_TRIP": 0.04878048780487805, "FOOT": 0.6097560975609756, "MOTORCYCLE": 0.024390243902439025, "PASSENGER_CAR": 0.024390243902439025, "RAIL_TRIP": 0.2682926829268293, "UNKNOWN": 0.024390243902439025}, "start_percents_duration": {"BIKE_TRIP": 0.02123462556150789, "FOOT": 0.5619738950241626, "MOTORCYCLE": 0.0175335400057387, "PASSENGER_CAR": 0.017137490693538694, "RAIL_TRIP": 0.3537225820302626, "UNKNOWN": 0.028397866684789237}, "start_percents_distance": {"BIKE_TRIP": 0.028138192698282914, "FOOT": 0.25967362724831117, "MOTORCYCLE": 0.07732714278855574, "PASSENGER_CAR": 0.033677075047174286, "RAIL_TRIP": 0.574151051984967, "UNKNOWN": 0.027032910232708773}, "end": {"Count": {"FOOT": 35, "PASSENGER_CAR": 3, "RAIL_TRIP": 14}, "Duration": {"FOOT": 37896.042, "PASSENGER_CAR": 3085.803, "RAIL_TRIP": 18068.398}, "Distance": {"FOOT": 45.60776615008948, "PASSENGER_CAR": 14.523924221385187, "RAIL_TRIP": 53.65879850700439}, "Total_Count": 52, "Total_Duration": 59050.243, "Total_Distance": 113.79048887847905}, "end_percents_count": {"FOOT": 0.6730769230769231, "PASSENGER_CAR": 0.057692307692307696, "RAIL_TRIP": 0.2692307692307692}, "end_percents_duration": {"FOOT": 0.6417592896273094, "PASSENGER_CAR": 0.05225724473309957, "RAIL_TRIP": 0.305983465639591}, "end_percents_distance": {"FOOT": 0.4008047298117829, "PASSENGER_CAR": 0.1276374182458765, "RAIL_TRIP": 0.4715578519423407}}