{"start": {"Count": {"FOOT": 11, "PASSENGER_CAR": 18, "RAIL_TRIP": 8}, "Duration": {"FOOT": 22621.424, "PASSENGER_CAR": 69299.562, "RAIL_TRIP": 3602.234}, "Distance": {"FOOT": 28.858685621578918, "PASSENGER_CAR": 313.14423997656047, "RAIL_TRIP": 19.65134493397118}, "Total_Count": 27, "Total_Duration": 95523.22, "Total_Distance": 361.65427053211056, "Total_Emission": 58.01678222789164}, "start_percents_count": {"FOOT": 0.4074074074074074, "PASSENGER_CAR": 0.6666666666666666, "RAIL_TRIP": 0.2962962962962963}, "start_percents_duration": {"FOOT": 0.23681596998091142, "PASSENGER_CAR": 0.7254734712669862, "RAIL_TRIP": 0.037710558752102365}, "start_percents_distance": {"FOOT": 0.07979633581851099, "PASSENGER_CAR": 0.8658662858199458, "RAIL_TRIP": 0.05433737836154316}, "end": {"Count": {"BIKE_TRIP": 1, "FOOT": 8, "MOTORCYCLE": 1, "PASSENGER_CAR": 14, "RAIL_TRIP": 14}, "Duration": {"BIKE_TRIP": 8476.415, "FOOT": 21495.277, "MOTORCYCLE": 668.983, "PASSENGER_CAR": 25939.947, "RAIL_TRIP": 10267.645}, "Distance": {"BIKE_TRIP": 46.34619574875656, "FOOT": 26.77344070001191, "MOTORCYCLE": 7.277499534962641, "PASSENGER_CAR": 262.08495385683904, "RAIL_TRIP": 60.676855887664104}, "Total_Count": 25, "Total_Duration": 66848.267, "Total_Distance": 403.15894572823424, "Total_Emission": 40.2644626039976}, "end_percents_count": {"BIKE_TRIP": 0.04, "FOOT": 0.32, "MOTORCYCLE": 0.04, "PASSENGER_CAR": 0.56, "RAIL_TRIP": 0.56}, "end_percents_duration": {"BIKE_TRIP": 0.1268008189352164, "FOOT": 0.32155324236004496, "MOTORCYCLE": 0.010007484562015645, "PASSENGER_CAR": 0.38804217617189685, "RAIL_TRIP": 0.15359627797082606}, "end_percents_distance": {"BIKE_TRIP": 0.11495762710918017, "FOOT": 0.06640914454136816, "MOTORCYCLE": 0.0180511919977793, "PASSENGER_CAR": 0.6500784780638555, "RAIL_TRIP": 0.1505035582878169}}