{"start": {"Count": {"BIKE_TRIP": 1, "FOOT": 31, "PASSENGER_CAR": 7, "RAIL_TRIP": 18}, "Duration": {"BIKE_TRIP": 1562.311, "FOOT": 60215.136, "PASSENGER_CAR": 6725.12, "RAIL_TRIP": 19962.567}, "Distance": {"BIKE_TRIP": 5.53692393295166, "FOOT": 56.120261524180485, "PASSENGER_CAR": 51.6822728369822, "RAIL_TRIP": 104.39362602017889}, "Total_Count": 39, "Total_Duration": 88465.13399999999, "Total_Distance": 217.73308431429322, "Total_Emission": 13.400804079100363}, "start_percents_count": {"BIKE_TRIP": 0.02564102564102564, "FOOT": 0.7948717948717948, "PASSENGER_CAR": 0.1794871794871795, "RAIL_TRIP": 0.46153846153846156}, "start_percents_duration": {"BIKE_TRIP": 0.017660189154294393, "FOOT": 0.6806651759550831, "PASSENGER_CAR": 0.07602000580251199, "RAIL_TRIP": 0.2256546290881106}, "start_percents_distance": {"BIKE_TRIP": 0.025429869559736838, "FOOT": 0.25774797477801786, "PASSENGER_CAR": 0.2373652722540774, "RAIL_TRIP": 0.47945688340816794}, "end": {"Count": {"BIKE_TRIP": 4, "FOOT": 37, "PASSENGER_CAR": 11, "RAIL_TRIP": 23}, "Duration": {"BIKE_TRIP": 3209.362, "FOOT": 80887.616, "PASSENGER_CAR": 35849.199, "RAIL_TRIP": 38218.247}, "Distance": {"BIKE_TRIP": 18.27741896400461, "FOOT": 47.67886769407471, "PASSENGER_CAR": 137.94939958093744, "RAIL_TRIP": 220.49536560229504}, "Total_Count": 49, "Total_Duration": 158164.42399999994, "Total_Distance": 424.4010518413118, "Total_Emission": 26.367981513720526}, "end_percents_count": {"BIKE_TRIP": 0.08163265306122448, "FOOT": 0.7551020408163265, "PASSENGER_CAR": 0.22448979591836735, "RAIL_TRIP": 0.46938775510204084}, "end_percents_duration": {"BIKE_TRIP": 0.02029130141175111, "FOOT": 0.5114147287635304, "PASSENGER_CAR": 0.22665779126157987, "RAIL_TRIP": 0.24163617856313893}, "end_percents_distance": {"BIKE_TRIP": 0.04306638469604627, "FOOT": 0.11234389615014988, "PASSENGER_CAR": 0.3250449050077242, "RAIL_TRIP": 0.5195448141460796}}