{"start": {"Count": {"BIKE_TRIP": 2, "FOOT": 14, "PASSENGER_CAR": 4, "RAIL_TRIP": 11}, "Duration": {"BIKE_TRIP": 1633.554, "FOOT": 33360.025, "PASSENGER_CAR": 5872.492, "RAIL_TRIP": 11360.067000000001}, "Distance": {"BIKE_TRIP": 8.475533605590016, "FOOT": 19.78239554768269, "PASSENGER_CAR": 21.859742347561006, "RAIL_TRIP": 16.526526063573897}, "Total_Count": 23, "Total_Duration": 52226.138, "Total_Distance": 66.6441975644076, "Total_Emission": 4.607092198087058}, "start_percents_count": {"BIKE_TRIP": 0.08695652173913043, "FOOT": 0.6086956521739131, "PASSENGER_CAR": 0.17391304347826086, "RAIL_TRIP": 0.4782608695652174}, "start_percents_duration": {"BIKE_TRIP": 0.03127847592330109, "FOOT": 0.6387610931522449, "PASSENGER_CAR": 0.11244354311628404, "RAIL_TRIP": 0.21751688780816994}, "start_percents_distance": {"BIKE_TRIP": 0.12717586699725694, "FOOT": 0.2968359777843254, "PASSENGER_CAR": 0.3280066854497705, "RAIL_TRIP": 0.2479814697686472}, "end": {"Count": {"FOOT": 15, "PASSENGER_CAR": 6, "RAIL_TRIP": 9}, "Duration": {"FOOT": 78628.456, "PASSENGER_CAR": 18479.236, "RAIL_TRIP": 8739.353}, "Distance": {"FOOT": 23.0680729981257, "PASSENGER_CAR": 199.69755992027032, "RAIL_TRIP": 6.003010593292177}, "Total_Count": 23, "Total_Duration": 105847.04500000001, "Total_Distance": 228.76864351168823, "Total_Emission": 44.524453544206985}, "end_percents_count": {"FOOT": 0.6521739130434783, "PASSENGER_CAR": 0.2608695652173913, "RAIL_TRIP": 0.391304347826087}, "end_percents_duration": {"FOOT": 0.7428497980269548, "PASSENGER_CAR": 0.17458433534918238, "RAIL_TRIP": 0.08256586662386274}, "end_percents_distance": {"FOOT": 0.10083581667496799, "PASSENGER_CAR": 0.8729236527123412, "RAIL_TRIP": 0.026240530612690684}}