{"start": {"Count": {"BIKE_TRIP": 4, "FOOT": 21, "PASSENGER_CAR": 20, "RAIL_TRIP": 9}, "Duration": {"BIKE_TRIP": 1608.924, "FOOT": 57064.659999999996, "PASSENGER_CAR": 25181.133, "RAIL_TRIP": 16979.398}, "Distance": {"BIKE_TRIP": 8.009226461940013, "FOOT": 68.55873983421688, "PASSENGER_CAR": 217.5457544635532, "RAIL_TRIP": 124.32736665978197}, "Total_Count": 40, "Total_Duration": 100834.115, "Total_Distance": 418.441087419492, "Total_Emission": 45.380990519321834}, "start_percents_count": {"BIKE_TRIP": 0.1, "FOOT": 0.525, "PASSENGER_CAR": 0.5, "RAIL_TRIP": 0.225}, "start_percents_duration": {"BIKE_TRIP": 0.015956147381270713, "FOOT": 0.5659261252999542, "PASSENGER_CAR": 0.24972830871773904, "RAIL_TRIP": 0.16838941860103598}, "start_percents_distance": {"BIKE_TRIP": 0.01914063102964521, "FOOT": 0.16384323121091107, "PASSENGER_CAR": 0.519895777456149, "RAIL_TRIP": 0.29712036030329486}, "end": {"Count": {"BIKE_TRIP": 4, "FOOT": 28, "PASSENGER_CAR": 30, "RAIL_TRIP": 21}, "Duration": {"BIKE_TRIP": 3062.166, "FOOT": 112602.086, "PASSENGER_CAR": 79191.303, "RAIL_TRIP": 40918.646}, "Distance": {"BIKE_TRIP": 24.26461040445419, "FOOT": 162.3212901006633, "PASSENGER_CAR": 642.5904974197811, "RAIL_TRIP": 336.68519282669325}, "Total_Count": 56, "Total_Duration": 235774.20099999997, "Total_Distance": 1165.8615907515918, "Total_Emission": 134.4971604573572}, "end_percents_count": {"BIKE_TRIP": 0.07142857142857142, "FOOT": 0.5, "PASSENGER_CAR": 0.5357142857142857, "RAIL_TRIP": 0.375}, "end_percents_duration": {"BIKE_TRIP": 0.012987705978908186, "FOOT": 0.47758442409057306, "PASSENGER_CAR": 0.3358777281997873, "RAIL_TRIP": 0.17355014173073163}, "end_percents_distance": {"BIKE_TRIP": 0.020812599537490217, "FOOT": 0.13922861117332136, "PASSENGER_CAR": 0.5511721996137848, "RAIL_TRIP": 0.2887865896754036}}