{"start": {"Count": {"BIKE_TRIP": 1, "FOOT": 10, "PASSENGER_CAR": 2, "RAIL_TRIP": 1}, "Duration": {"BIKE_TRIP": 128.122, "FOOT": 9785.544, "PASSENGER_CAR": 2057.482, "RAIL_TRIP": 1502.496}, "Distance": {"BIKE_TRIP": 0.6876175285669387, "FOOT": 14.572968743548902, "PASSENGER_CAR": 24.94098978916884, "RAIL_TRIP": 6.443457574200184}, "Total_Count": 12, "Total_Duration": 13473.644, "Total_Distance": 46.645033635484864, "Total_Emission": 6.135662990893842}, "start_percents_count": {"BIKE_TRIP": 0.08333333333333333, "FOOT": 0.8333333333333334, "PASSENGER_CAR": 0.16666666666666666, "RAIL_TRIP": 0.08333333333333333}, "start_percents_duration": {"BIKE_TRIP": 0.009509083066169776, "FOOT": 0.7262730112210178, "PASSENGER_CAR": 0.15270419791409065, "RAIL_TRIP": 0.11151370779872172}, "start_percents_distance": {"BIKE_TRIP": 0.014741494966869072, "FOOT": 0.31242272987584735, "PASSENGER_CAR": 0.5346976482871515, "RAIL_TRIP": 0.13813812687013202}, "end": {"Count": {"BIKE_TRIP": 1, "FOOT": 8, "PASSENGER_CAR": 4, "RAIL_TRIP": 2}, "Duration": {"BIKE_TRIP": 120.319, "FOOT": 8096.594, "PASSENGER_CAR": 5365.7880000000005, "RAIL_TRIP": 3759.9889999999996}, "Distance": {"BIKE_TRIP": 0.5083224333411532, "FOOT": 13.43659888183172, "PASSENGER_CAR": 54.333088854843595, "RAIL_TRIP": 43.89450857437039}, "Total_Count": 11, "Total_Duration": 17342.69, "Total_Distance": 112.17251874438684, "Total_Emission": 14.277074049750667}, "end_percents_count": {"BIKE_TRIP": 0.09090909090909091, "FOOT": 0.7272727272727273, "PASSENGER_CAR": 0.36363636363636365, "RAIL_TRIP": 0.18181818181818182}, "end_percents_duration": {"BIKE_TRIP": 0.006937735726118614, "FOOT": 0.4668591781321122, "PASSENGER_CAR": 0.30939767706163235, "RAIL_TRIP": 0.21680540908013693}, "end_percents_distance": {"BIKE_TRIP": 0.0045316129033305666, "FOOT": 0.11978512234757227, "PASSENGER_CAR": 0.4843707662360256, "RAIL_TRIP": 0.3913124985130718}}