{"start": {"Count": {"FOOT": 12, "PASSENGER_CAR": 10, "RAIL_TRIP": 7}, "Duration": {"FOOT": 23983.555, "PASSENGER_CAR": 13588.244, "RAIL_TRIP": 28781.055}, "Distance": {"FOOT": 15.841640728171802, "PASSENGER_CAR": 97.47463331125748, "RAIL_TRIP": 27.83776174394553}, "Total_Count": 20, "Total_Duration": 66352.85399999999, "Total_Distance": 141.15403578337484, "Total_Emission": 19.321357841904454}, "start_percents_count": {"FOOT": 0.6, "PASSENGER_CAR": 0.5, "RAIL_TRIP": 0.35}, "start_percents_duration": {"FOOT": 0.3614547612375498, "PASSENGER_CAR": 0.20478763430432098, "RAIL_TRIP": 0.43375760445812933}, "start_percents_distance": {"FOOT": 0.11222945656675043, "PASSENGER_CAR": 0.6905550576028098, "RAIL_TRIP": 0.19721548583043966}, "end": {"Count": {"BIKE_TRIP": 1, "FOOT": 7, "PASSENGER_CAR": 9, "RAIL_TRIP": 8}, "Duration": {"BIKE_TRIP": 9080.638, "FOOT": 8506.713, "PASSENGER_CAR": 8729.869, "RAIL_TRIP": 3994.424}, "Distance": {"BIKE_TRIP": 15.18770771192041, "FOOT": 10.604656859293039, "PASSENGER_CAR": 64.81819780469009, "RAIL_TRIP": 18.897844849777613}, "Total_Count": 17, "Total_Duration": 30311.644, "Total_Distance": 109.50840722568114, "Total_Emission": 12.67552797075001}, "end_percents_count": {"BIKE_TRIP": 0.058823529411764705, "FOOT": 0.4117647058823529, "PASSENGER_CAR": 0.5294117647058824, "RAIL_TRIP": 0.47058823529411764}, "end_percents_duration": {"BIKE_TRIP": 0.2995758989515712, "FOOT": 0.2806417560195679, "PASSENGER_CAR": 0.2880038113406188, "RAIL_TRIP": 0.13177853368824205}, "end_percents_distance": {"BIKE_TRIP": 0.1386898786740704, "FOOT": 0.09683874624747632, "PASSENGER_CAR": 0.5919015667090205, "RAIL_TRIP": 0.17256980836943286}}