{"start": {"Count": {"BIKE_TRIP": 3, "BUS": 2, "FOOT": 29, "PASSENGER_CAR": 17, "RAIL_TRIP": 9}, "Duration": {"BIKE_TRIP": 2054.9660000000003, "BUS": 635.412, "FOOT": 349631.159, "PASSENGER_CAR": 36261.792, "RAIL_TRIP": 30020.364}, "Distance": {"BIKE_TRIP": 10.639247669710505, "BUS": 1.524383759245472, "FOOT": 81.52843513112578, "PASSENGER_CAR": 444.14866214834103, "RAIL_TRIP": 45.99346974818632}, "Total_Count": 43, "Total_Duration": 418603.69299999997, "Total_Distance": 583.8341984566091, "Total_Emission": 88.06708888245504}, "start_percents_count": {"BIKE_TRIP": 0.06976744186046512, "BUS": 0.046511627906976744, "FOOT": 0.6744186046511628, "PASSENGER_CAR": 0.3953488372093023, "RAIL_TRIP": 0.20930232558139536}, "start_percents_duration": {"BIKE_TRIP": 0.004909096681094021, "BUS": 0.0015179321411290083, "FOOT": 0.835231902743868, "PASSENGER_CAR": 0.08662559028116364, "RAIL_TRIP": 0.0717154781527453}, "start_percents_distance": {"BIKE_TRIP": 0.018223063496170342, "BUS": 0.0026109874400561776, "FOOT": 0.1396431304412275, "PASSENGER_CAR": 0.7607445115796012, "RAIL_TRIP": 0.0787783070429448}, "end": {"Count": {"BIKE_TRIP": 2, "FOOT": 39, "PASSENGER_CAR": 16, "RAIL_TRIP": 11}, "Duration": {"BIKE_TRIP": 7252.937999999999, "FOOT": 94695.95999999999, "PASSENGER_CAR": 62202.831, "RAIL_TRIP": 11756.119}, "Distance": {"BIKE_TRIP": 13.178953990907672, "FOOT": 124.05856662173557, "PASSENGER_CAR": 931.7161343156606, "RAIL_TRIP": 44.82797288477911}, "Total_Count": 53, "Total_Duration": 175907.84800000003, "Total_Distance": 1113.781627813083, "Total_Emission": 220.15830088152256}, "end_percents_count": {"BIKE_TRIP": 0.03773584905660377, "FOOT": 0.7358490566037735, "PASSENGER_CAR": 0.3018867924528302, "RAIL_TRIP": 0.20754716981132076}, "end_percents_duration": {"BIKE_TRIP": 0.04123146341941491, "FOOT": 0.5383270904434007, "PASSENGER_CAR": 0.3536103232869973, "RAIL_TRIP": 0.06683112285018687}, "end_percents_distance": {"BIKE_TRIP": 0.011832619305082835, "FOOT": 0.111385000006981, "PASSENGER_CAR": 0.8365339408094662, "RAIL_TRIP": 0.04024843987846981}}