{"start": {"Count": {"BIKE_TRIP": 1, "FOOT": 12, "PASSENGER_CAR": 6, "RAIL_TRIP": 12}, "Duration": {"BIKE_TRIP": 1464.969, "FOOT": 28898.878, "PASSENGER_CAR": 6372.894, "RAIL_TRIP": 41811.735}, "Distance": {"BIKE_TRIP": 8.199406451578373, "FOOT": 48.041984591630836, "PASSENGER_CAR": 56.19612695622414, "RAIL_TRIP": 174.66020491856509}, "Total_Count": 23, "Total_Duration": 78548.476, "Total_Distance": 287.0977229179984, "Total_Emission": 14.974092668343772}, "start_percents_count": {"BIKE_TRIP": 0.043478260869565216, "FOOT": 0.5217391304347826, "PASSENGER_CAR": 0.2608695652173913, "RAIL_TRIP": 0.5217391304347826}, "start_percents_duration": {"BIKE_TRIP": 0.018650508254291275, "FOOT": 0.36791137742761554, "PASSENGER_CAR": 0.08113326094321678, "RAIL_TRIP": 0.5323048533748764}, "start_percents_distance": {"BIKE_TRIP": 0.028559635960332255, "FOOT": 0.1673366967294015, "PASSENGER_CAR": 0.19573867178415422, "RAIL_TRIP": 0.6083649955261121}, "end": {"Count": {"BIKE_TRIP": 2, "FOOT": 15, "PASSENGER_CAR": 5, "RAIL_TRIP": 13}, "Duration": {"BIKE_TRIP": 704.611, "FOOT": 21154.208, "PASSENGER_CAR": 6340.12, "RAIL_TRIP": 18799.968}, "Distance": {"BIKE_TRIP": 5.49100504523279, "FOOT": 35.164366805799155, "PASSENGER_CAR": 51.02176571897242, "RAIL_TRIP": 85.0284301040699}, "Total_Count": 28, "Total_Duration": 46998.90700000001, "Total_Distance": 176.70556767407433, "Total_Emission": 12.519524928838518}, "end_percents_count": {"BIKE_TRIP": 0.07142857142857142, "FOOT": 0.5357142857142857, "PASSENGER_CAR": 0.17857142857142858, "RAIL_TRIP": 0.4642857142857143}, "end_percents_duration": {"BIKE_TRIP": 0.014992072049675537, "FOOT": 0.4500999991340223, "PASSENGER_CAR": 0.13489930733921107, "RAIL_TRIP": 0.40000862147709093}, "end_percents_distance": {"BIKE_TRIP": 0.031074318243105435, "FOOT": 0.19899976706256528, "PASSENGER_CAR": 0.2887388687892383, "RAIL_TRIP": 0.4811870459050906}}