{"start": {"Count": {"BIKE_TRIP": 4, "BUS": 2, "FOOT": 31, "HIGH_SPEED_TRAIN": 1, "PASSENGER_CAR": 14, "RAIL_TRIP": 31}, "Duration": {"BIKE_TRIP": 7991.954, "BUS": 1352.7810000000002, "FOOT": 53933.134, "HIGH_SPEED_TRAIN": 6849.651, "PASSENGER_CAR": 17173.894, "RAIL_TRIP": 36088.265}, "Distance": {"BIKE_TRIP": 24.062937290073624, "BUS": 3.373259089076825, "FOOT": 59.005034117886595, "HIGH_SPEED_TRAIN": 264.67176417469534, "PASSENGER_CAR": 74.81944988145617, "RAIL_TRIP": 189.24770428811405}, "Total_Count": 54, "Total_Duration": 123389.67899999999, "Total_Distance": 615.1801488413026, "Total_Emission": 18.36503879880341}, "start_percents_count": {"BIKE_TRIP": 0.07407407407407407, "BUS": 0.037037037037037035, "FOOT": 0.5740740740740741, "HIGH_SPEED_TRAIN": 0.018518518518518517, "PASSENGER_CAR": 0.25925925925925924, "RAIL_TRIP": 0.5740740740740741}, "start_percents_duration": {"BIKE_TRIP": 0.0647700363982631, "BUS": 0.010963485852005501, "FOOT": 0.4370959908243217, "HIGH_SPEED_TRAIN": 0.05551234961880402, "PASSENGER_CAR": 0.13918420194609632, "RAIL_TRIP": 0.29247393536050936}, "start_percents_distance": {"BIKE_TRIP": 0.03911526946276856, "BUS": 0.005483367913334637, "FOOT": 0.09591504899666074, "HIGH_SPEED_TRAIN": 0.430234565717387, "PASSENGER_CAR": 0.12162201596130706, "RAIL_TRIP": 0.30762973194854193}, "end": {"Count": {"BIKE_TRIP": 2, "FOOT": 18, "HIGH_SPEED_TRAIN": 1, "PASSENGER_CAR": 5, "RAIL_TRIP": 6}, "Duration": {"BIKE_TRIP": 1797.054, "FOOT": 25028.916999999998, "HIGH_SPEED_TRAIN": 6849.651, "PASSENGER_CAR": 3373.086, "RAIL_TRIP": 4563.438}, "Distance": {"BIKE_TRIP": 6.118693451535337, "FOOT": 56.41440620295452, "HIGH_SPEED_TRAIN": 264.67176417469534, "PASSENGER_CAR": 6.080752580200502, "RAIL_TRIP": 31.383176971980625}, "Total_Count": 26, "Total_Duration": 41612.14599999999, "Total_Distance": 364.66879338136636, "Total_Emission": 2.405053871447148}, "end_percents_count": {"BIKE_TRIP": 0.07692307692307693, "FOOT": 0.6923076923076923, "HIGH_SPEED_TRAIN": 0.038461538461538464, "PASSENGER_CAR": 0.19230769230769232, "RAIL_TRIP": 0.23076923076923078}, "end_percents_duration": {"BIKE_TRIP": 0.04318580445238274, "FOOT": 0.6014810435395473, "HIGH_SPEED_TRAIN": 0.16460701161627186, "PASSENGER_CAR": 0.08106013085698585, "RAIL_TRIP": 0.10966600953481229}, "end_percents_distance": {"BIKE_TRIP": 0.016778769016126033, "FOOT": 0.15470039451376086, "HIGH_SPEED_TRAIN": 0.7257867110605889, "PASSENGER_CAR": 0.01667472701411366, "RAIL_TRIP": 0.08605939839541045}}