{"start": {"Count": {"BIKE_TRIP": 1, "FOOT": 35, "MOTORCYCLE": 1, "PASSENGER_CAR": 18, "RAIL_TRIP": 13}, "Duration": {"BIKE_TRIP": 561.9929999999999, "FOOT": 51760.299, "MOTORCYCLE": 1178.323, "PASSENGER_CAR": 28204.279, "RAIL_TRIP": 10121.732}, "Distance": {"BIKE_TRIP": 3.7506842740369324, "FOOT": 50.80896293091823, "MOTORCYCLE": 7.794516199388952, "PASSENGER_CAR": 320.5694058991866, "RAIL_TRIP": 56.66972352941128}, "Total_Count": 56, "Total_Duration": 91826.626, "Total_Distance": 439.59329283294204, "Total_Emission": 64.12501503294834}, "start_percents_count": {"BIKE_TRIP": 0.017857142857142856, "FOOT": 0.625, "MOTORCYCLE": 0.017857142857142856, "PASSENGER_CAR": 0.32142857142857145, "RAIL_TRIP": 0.23214285714285715}, "start_percents_duration": {"BIKE_TRIP": 0.006120152993533704, "FOOT": 0.5636741896625931, "MOTORCYCLE": 0.012832040676306675, "PASSENGER_CAR": 0.30714706865087255, "RAIL_TRIP": 0.11022654801669397}, "start_percents_distance": {"BIKE_TRIP": 0.008532169018926089, "FOOT": 0.11558175194958463, "MOTORCYCLE": 0.017731199102601163, "PASSENGER_CAR": 0.7292408940848243, "RAIL_TRIP": 0.1289139858440638}, "end": {"Count": {"BIKE_TRIP": 5, "FOOT": 52, "MOTORCYCLE": 3, "PASSENGER_CAR": 23, "PLANE": 1, "RAIL_TRIP": 24, "UNKNOWN": 2}, "Duration": {"BIKE_TRIP": 2907.564, "FOOT": 347654.457, "MOTORCYCLE": 2134.975, "PASSENGER_CAR": 71589.005, "PLANE": 2462.811, "RAIL_TRIP": 38612.46, "UNKNOWN": 2583.784}, "Distance": {"BIKE_TRIP": 12.9581834816072, "FOOT": 271.95043856262805, "MOTORCYCLE": 9.925200792259519, "PASSENGER_CAR": 641.260664501648, "PLANE": 492.7873959778773, "RAIL_TRIP": 211.01453165471224, "UNKNOWN": 87.4127328504947}, "Total_Count": 74, "Total_Duration": 467945.05600000004, "Total_Distance": 1727.3091478212268, "Total_Emission": 192.36442995065403}, "end_percents_count": {"BIKE_TRIP": 0.06756756756756757, "FOOT": 0.7027027027027027, "MOTORCYCLE": 0.04054054054054054, "PASSENGER_CAR": 0.3108108108108108, "PLANE": 0.013513513513513514, "RAIL_TRIP": 0.32432432432432434, "UNKNOWN": 0.02702702702702703}, "end_percents_duration": {"BIKE_TRIP": 0.006213473062102401, "FOOT": 0.7429386261108397, "MOTORCYCLE": 0.004562448032360448, "PASSENGER_CAR": 0.15298592021025648, "PLANE": 0.005263034555920172, "RAIL_TRIP": 0.08251494380571038, "UNKNOWN": 0.005521554222810295}, "end_percents_distance": {"BIKE_TRIP": 0.007501948043262692, "FOOT": 0.1574416709977237, "MOTORCYCLE": 0.005746047720976209, "PASSENGER_CAR": 0.3712483461981973, "PLANE": 0.28529195054600603, "RAIL_TRIP": 0.12216373190686758, "UNKNOWN": 0.05060630458696659}}