{"start": {"Count": {"BIKE_TRIP": 1, "BUS": 1, "FOOT": 18, "PASSENGER_CAR": 21, "RAIL_TRIP": 24}, "Duration": {"BIKE_TRIP": 360.569, "BUS": 322.915, "FOOT": 20157.178, "PASSENGER_CAR": 31306.21, "RAIL_TRIP": 53820.629}, "Distance": {"BIKE_TRIP": 2.8496400755529336, "BUS": 4.255563329664611, "FOOT": 35.066285934151956, "PASSENGER_CAR": 327.8400638655319, "RAIL_TRIP": 510.66996302808786}, "Total_Count": 37, "Total_Duration": 105967.501, "Total_Distance": 880.6815162329891, "Total_Emission": 71.2598073927669}, "start_percents_count": {"BIKE_TRIP": 0.02702702702702703, "BUS": 0.02702702702702703, "FOOT": 0.4864864864864865, "PASSENGER_CAR": 0.5675675675675675, "RAIL_TRIP": 0.6486486486486487}, "start_percents_duration": {"BIKE_TRIP": 0.003402637569041097, "BUS": 0.0030473022101370497, "FOOT": 0.19022037709467168, "PASSENGER_CAR": 0.29543218160820833, "RAIL_TRIP": 0.5078975015179418}, "start_percents_distance": {"BIKE_TRIP": 0.0032357214532467214, "BUS": 0.004832125179448842, "FOOT": 0.039817215744624504, "PASSENGER_CAR": 0.37225723240772546, "RAIL_TRIP": 0.5798577052149546}, "end": {"Count": {"BIKE_TRIP": 1, "BUS": 1, "FOOT": 17, "PASSENGER_CAR": 29, "RAIL_TRIP": 24, "UNKNOWN": 1}, "Duration": {"BIKE_TRIP": 147.41, "BUS": 1442.561, "FOOT": 38098.436, "PASSENGER_CAR": 65786.837, "RAIL_TRIP": 60917.045, "UNKNOWN": 2163.68}, "Distance": {"BIKE_TRIP": 1.1854144529407045, "BUS": 17.209259060275038, "FOOT": 50.30407799814547, "PASSENGER_CAR": 317.1374504141504, "RAIL_TRIP": 561.9570341573377, "UNKNOWN": 71.85131394627231}, "Total_Count": 43, "Total_Duration": 168555.96899999998, "Total_Distance": 1019.6445500291215, "Total_Emission": 70.01893286107403}, "end_percents_count": {"BIKE_TRIP": 0.023255813953488372, "BUS": 0.023255813953488372, "FOOT": 0.3953488372093023, "PASSENGER_CAR": 0.6744186046511628, "RAIL_TRIP": 0.5581395348837209, "UNKNOWN": 0.023255813953488372}, "end_percents_duration": {"BIKE_TRIP": 0.0008745463057437023, "BUS": 0.008558350134725874, "FOOT": 0.22602840009777408, "PASSENGER_CAR": 0.3902966913025786, "RAIL_TRIP": 0.36140544509580674, "UNKNOWN": 0.0128365670633711}, "end_percents_distance": {"BIKE_TRIP": 0.0011625761672602953, "BUS": 0.016877704156594113, "FOOT": 0.04933491577698205, "PASSENGER_CAR": 0.31102745599443726, "RAIL_TRIP": 0.5511303268784087, "UNKNOWN": 0.07046702102631766}}