{"start": {"Count": {"BUS": 1, "FOOT": 1, "PASSENGER_CAR": 7, "RAIL_TRIP": 1}, "Duration": {"BUS": 483.408, "FOOT": 1681.504, "PASSENGER_CAR": 13942.452, "RAIL_TRIP": 156.578}, "Distance": {"BUS": 3.476975025320098, "FOOT": 0.790571447346725, "PASSENGER_CAR": 307.3159069217335, "RAIL_TRIP": 1.7998359186408592}, "Total_Count": 8, "Total_Duration": 16263.942, "Total_Distance": 313.38328931304113, "Total_Emission": 77.51110491915459}, "start_percents_count": {"BUS": 0.125, "FOOT": 0.125, "PASSENGER_CAR": 0.875, "RAIL_TRIP": 0.125}, "start_percents_duration": {"BUS": 0.029722683467513597, "FOOT": 0.10338846510888934, "PASSENGER_CAR": 0.8572615421279786, "RAIL_TRIP": 0.009627309295618492}, "start_percents_distance": {"BUS": 0.011094959890624286, "FOOT": 0.002522698160070101, "PASSENGER_CAR": 0.9806391004299948, "RAIL_TRIP": 0.005743241519310841}, "end": {"Count": {"FOOT": 2, "PASSENGER_CAR": 12, "RAIL_TRIP": 2}, "Duration": {"FOOT": 2763.7439999999997, "PASSENGER_CAR": 8993.94, "RAIL_TRIP": 1502.577}, "Distance": {"FOOT": 1.6148554495279512, "PASSENGER_CAR": 112.35341321214469, "RAIL_TRIP": 5.257606846416356}, "Total_Count": 12, "Total_Duration": 13260.261, "Total_Distance": 119.22587550808899, "Total_Emission": 26.54460430776608}, "end_percents_count": {"FOOT": 0.16666666666666666, "PASSENGER_CAR": 1.0, "RAIL_TRIP": 0.16666666666666666}, "end_percents_duration": {"FOOT": 0.2084230468766791, "PASSENGER_CAR": 0.678262667680523, "RAIL_TRIP": 0.11331428544279784}, "end_percents_distance": {"FOOT": 0.01354450485388459, "PASSENGER_CAR": 0.9423576277661468, "RAIL_TRIP": 0.04409786737996861}}