{"start": {"Count": {"BIKE_TRIP": 1, "FOOT": 16, "PASSENGER_CAR": 13, "RAIL_TRIP": 12, "UNKNOWN": 1}, "Duration": {"BIKE_TRIP": 907.79, "FOOT": 27267.350000000002, "PASSENGER_CAR": 8188.277, "RAIL_TRIP": 10313.246, "UNKNOWN": 360.404}, "Distance": {"BIKE_TRIP": 4.229237576566715, "FOOT": 41.404398168720434, "PASSENGER_CAR": 59.136115576266384, "RAIL_TRIP": 58.598699869727554, "UNKNOWN": 9.002042188601866}, "Total_Count": 34, "Total_Duration": 47037.067, "Total_Distance": 172.37049337988293, "Total_Emission": 13.195148119894702}, "start_percents_count": {"BIKE_TRIP": 0.029411764705882353, "FOOT": 0.47058823529411764, "PASSENGER_CAR": 0.38235294117647056, "RAIL_TRIP": 0.35294117647058826, "UNKNOWN": 0.029411764705882353}, "start_percents_duration": {"BIKE_TRIP": 0.019299460147036804, "FOOT": 0.5796991976561804, "PASSENGER_CAR": 0.1740813686363565, "RAIL_TRIP": 0.21925784615779717, "UNKNOWN": 0.007662127402629079}, "start_percents_distance": {"BIKE_TRIP": 0.024535739810444275, "FOOT": 0.24020583428667422, "PASSENGER_CAR": 0.34307562980595413, "RAIL_TRIP": 0.33995783571021854, "UNKNOWN": 0.052224960386708964}, "end": {"Count": {"BIKE_TRIP": 2, "BUS": 1, "FOOT": 10, "PASSENGER_CAR": 9, "RAIL_TRIP": 3}, "Duration": {"BIKE_TRIP": 6694.127, "BUS": 708.19, "FOOT": 15801.91, "PASSENGER_CAR": 12089.901, "RAIL_TRIP": 1504.8200000000002}, "Distance": {"BIKE_TRIP": 67.27556988326131, "BUS": 2.542518277260184, "FOOT": 20.350048951264036, "PASSENGER_CAR": 57.13558093516373, "RAIL_TRIP": 13.063361250362032}, "Total_Count": 20, "Total_Duration": 36798.948, "Total_Distance": 160.36707929731128, "Total_Emission": 14.400246834049607}, "end_percents_count": {"BIKE_TRIP": 0.1, "BUS": 0.05, "FOOT": 0.5, "PASSENGER_CAR": 0.45, "RAIL_TRIP": 0.15}, "end_percents_duration": {"BIKE_TRIP": 0.18191082527685304, "BUS": 0.019244843629768985, "FOOT": 0.42941200384315337, "PASSENGER_CAR": 0.3285393104172435, "RAIL_TRIP": 0.04089301683298121}, "end_percents_distance": {"BIKE_TRIP": 0.4195098531322398, "BUS": 0.015854365424629965, "FOOT": 0.12689667380881972, "PASSENGER_CAR": 0.3562799870491977, "RAIL_TRIP": 0.08145912058511284}}