{"start": {"Count": {"BIKE_TRIP": 2, "BUS": 1, "FOOT": 27, "PASSENGER_CAR": 9, "RAIL_TRIP": 7, "UNKNOWN": 1}, "Duration": {"BIKE_TRIP": 1622.2930000000001, "BUS": 529.854, "FOOT": 56125.667, "PASSENGER_CAR": 26451.712, "RAIL_TRIP": 10341.794, "UNKNOWN": 3905.334}, "Distance": {"BIKE_TRIP": 5.847834782457298, "BUS": 0.5159590661853359, "FOOT": 64.80921762839736, "PASSENGER_CAR": 242.64811046444993, "RAIL_TRIP": 110.12393617353486, "UNKNOWN": 90.14098074634953}, "Total_Count": 27, "Total_Duration": 98976.654, "Total_Distance": 514.0860388613743, "Total_Emission": 55.66151614060278}, "start_percents_count": {"BIKE_TRIP": 0.07407407407407407, "BUS": 0.037037037037037035, "FOOT": 1.0, "PASSENGER_CAR": 0.3333333333333333, "RAIL_TRIP": 0.25925925925925924, "UNKNOWN": 0.037037037037037035}, "start_percents_duration": {"BIKE_TRIP": 0.0163906631961917, "BUS": 0.005353323016961152, "FOOT": 0.5670596522691099, "PASSENGER_CAR": 0.2672520329895169, "RAIL_TRIP": 0.1044872056394228, "UNKNOWN": 0.039457122888797595}, "start_percents_distance": {"BIKE_TRIP": 0.011375206367030313, "BUS": 0.0010036434121574477, "FOOT": 0.12606686960793634, "PASSENGER_CAR": 0.4719990276372417, "RAIL_TRIP": 0.21421304577234454, "UNKNOWN": 0.1753422072032897}, "end": {"Count": {"BIKE_TRIP": 3, "FOOT": 25, "HIGH_SPEED_TRAIN": 2, "PASSENGER_CAR": 14, "PLANE": 2, "RAIL_TRIP": 16, "UNKNOWN": 3}, "Duration": {"BIKE_TRIP": 10994.385, "FOOT": 74169.523, "HIGH_SPEED_TRAIN": 4329.76, "PASSENGER_CAR": 21682.273, "PLANE": 7759.460999999999, "RAIL_TRIP": 19660.831, "UNKNOWN": 3605.432}, "Distance": {"BIKE_TRIP": 91.12466758741303, "FOOT": 94.14392084131144, "HIGH_SPEED_TRAIN": 409.6879938128982, "PASSENGER_CAR": 247.25948326313696, "PLANE": 932.6786583327457, "RAIL_TRIP": 163.24066005519992, "UNKNOWN": 92.26928342664924}, "Total_Count": 29, "Total_Duration": 142201.665, "Total_Distance": 2030.404667319355, "Total_Emission": 156.8327139391853}, "end_percents_count": {"BIKE_TRIP": 0.10344827586206896, "FOOT": 0.8620689655172413, "HIGH_SPEED_TRAIN": 0.06896551724137931, "PASSENGER_CAR": 0.4827586206896552, "PLANE": 0.06896551724137931, "RAIL_TRIP": 0.5517241379310345, "UNKNOWN": 0.10344827586206896}, "end_percents_duration": {"BIKE_TRIP": 0.07731544493519116, "FOOT": 0.521579849293607, "HIGH_SPEED_TRAIN": 0.030448026048077566, "PASSENGER_CAR": 0.15247552129575978, "PLANE": 0.05456659737422905, "RAIL_TRIP": 0.1382602025088806, "UNKNOWN": 0.025354358544254735}, "end_percents_distance": {"BIKE_TRIP": 0.04488005226451756, "FOOT": 0.04636707271048835, "HIGH_SPEED_TRAIN": 0.20177652288092374, "PASSENGER_CAR": 0.12177842537644562, "PLANE": 0.4593560452971753, "RAIL_TRIP": 0.0803980914162883, "UNKNOWN": 0.04544379005416093}}