{"start": {"Count": {"BIKE_TRIP": 2, "FOOT": 5, "HIGH_SPEED_TRAIN": 1, "PASSENGER_CAR": 3, "RAIL_TRIP": 2}, "Duration": {"BIKE_TRIP": 1750.9470000000001, "FOOT": 14120.971, "HIGH_SPEED_TRAIN": 6667.601, "PASSENGER_CAR": 9897.297, "RAIL_TRIP": 3484.405}, "Distance": {"BIKE_TRIP": 29.341347916112632, "FOOT": 24.744703530069803, "HIGH_SPEED_TRAIN": 238.6031819885007, "PASSENGER_CAR": 158.94592470955777, "RAIL_TRIP": 24.198023302148613}, "Total_Count": 8, "Total_Duration": 35921.221, "Total_Distance": 475.83318144638963, "Total_Emission": 33.35796087360283}, "start_percents_count": {"BIKE_TRIP": 0.25, "FOOT": 0.625, "HIGH_SPEED_TRAIN": 0.125, "PASSENGER_CAR": 0.375, "RAIL_TRIP": 0.25}, "start_percents_duration": {"BIKE_TRIP": 0.04874408361564325, "FOOT": 0.39310943801158654, "HIGH_SPEED_TRAIN": 0.18561732631527197, "PASSENGER_CAR": 0.2755278558042334, "RAIL_TRIP": 0.0970012962532649}, "start_percents_distance": {"BIKE_TRIP": 0.061663097615268794, "FOOT": 0.0520028961722538, "HIGH_SPEED_TRAIN": 0.5014429243106142, "PASSENGER_CAR": 0.3340370762425815, "RAIL_TRIP": 0.050854005659281484}, "end": {"Count": {"BIKE_TRIP": 1, "FOOT": 1, "PASSENGER_CAR": 3, "RAIL_TRIP": 1}, "Duration": {"BIKE_TRIP": 600.948, "FOOT": 2702.538, "PASSENGER_CAR": 8145.9490000000005, "RAIL_TRIP": 2442.23}, "Distance": {"BIKE_TRIP": 0.9126452149661516, "FOOT": 1.7160136375247217, "PASSENGER_CAR": 142.7450659322746, "RAIL_TRIP": 24.231119526640313}, "Total_Count": 5, "Total_Duration": 13891.665, "Total_Distance": 169.6048443114058, "Total_Emission": 29.333206369738175}, "end_percents_count": {"BIKE_TRIP": 0.2, "FOOT": 0.2, "PASSENGER_CAR": 0.6, "RAIL_TRIP": 0.2}, "end_percents_duration": {"BIKE_TRIP": 0.04325960926929925, "FOOT": 0.19454385057514703, "PASSENGER_CAR": 0.5863911201429058, "RAIL_TRIP": 0.17580542001264787}, "end_percents_distance": {"BIKE_TRIP": 0.005381009125485084, "FOOT": 0.010117715944327664, "PASSENGER_CAR": 0.8416331886734624, "RAIL_TRIP": 0.14286808625672484}}