{"start": {"Count": {"BIKE_TRIP": 1, "FOOT": 17, "PASSENGER_CAR": 4, "RAIL_TRIP": 6}, "Duration": {"BIKE_TRIP": 1410.816, "FOOT": 28886.652, "PASSENGER_CAR": 4014.582, "RAIL_TRIP": 11791.023000000001}, "Distance": {"BIKE_TRIP": 7.703556830207212, "FOOT": 31.129513188973085, "PASSENGER_CAR": 19.421100535324378, "RAIL_TRIP": 58.40472679031902}, "Total_Count": 21, "Total_Duration": 46103.073, "Total_Distance": 116.6588973448237, "Total_Emission": 5.218916580732128}, "start_percents_count": {"BIKE_TRIP": 0.047619047619047616, "FOOT": 0.8095238095238095, "PASSENGER_CAR": 0.19047619047619047, "RAIL_TRIP": 0.2857142857142857}, "start_percents_duration": {"BIKE_TRIP": 0.03060134407960181, "FOOT": 0.6265667366685079, "PASSENGER_CAR": 0.08707840364567455, "RAIL_TRIP": 0.25575351560621573}, "start_percents_distance": {"BIKE_TRIP": 0.06603488465553398, "FOOT": 0.2668421688999818, "PASSENGER_CAR": 0.1664776624616889, "RAIL_TRIP": 0.5006452839827952}, "end": {"Count": {"BIKE_TRIP": 3, "BUS": 1, "FOOT": 39, "PASSENGER_CAR": 9, "RAIL_TRIP": 23, "UNKNOWN": 1}, "Duration": {"BIKE_TRIP": 3274.178, "BUS": 2947.004, "FOOT": 84666.369, "PASSENGER_CAR": 15871.633, "RAIL_TRIP": 42490.172, "UNKNOWN": 120.346}, "Distance": {"BIKE_TRIP": 19.72620561564811, "BUS": 65.9663957731153, "FOOT": 102.15807652376245, "PASSENGER_CAR": 129.45738107959758, "RAIL_TRIP": 364.12050256291525, "UNKNOWN": 3.047924515877407}, "Total_Count": 44, "Total_Duration": 149369.702, "Total_Distance": 684.476486070916, "Total_Emission": 33.26315283881739}, "end_percents_count": {"BIKE_TRIP": 0.06818181818181818, "BUS": 0.022727272727272728, "FOOT": 0.8863636363636364, "PASSENGER_CAR": 0.20454545454545456, "RAIL_TRIP": 0.5227272727272727, "UNKNOWN": 0.022727272727272728}, "end_percents_duration": {"BIKE_TRIP": 0.021919960715995807, "BUS": 0.01972959683617766, "FOOT": 0.5668242479321544, "PASSENGER_CAR": 0.10625737875543195, "RAIL_TRIP": 0.2844631235857992, "UNKNOWN": 0.000805692174441106}, "end_percents_distance": {"BIKE_TRIP": 0.028819405804400927, "BUS": 0.0963749626401056, "FOOT": 0.14924994298953642, "PASSENGER_CAR": 0.18913342344704737, "RAIL_TRIP": 0.5319693371105667, "UNKNOWN": 0.004452928008343041}}