{"start": {"Count": {"FOOT": 4, "PASSENGER_CAR": 6}, "Duration": {"FOOT": 910.5830000000001, "PASSENGER_CAR": 4221.691}, "Distance": {"FOOT": 6.940379370384079, "PASSENGER_CAR": 63.93915774598124}, "Total_Count": 10, "Total_Duration": 5132.273999999999, "Total_Distance": 70.87953711636531}, "start_percents_count": {"FOOT": 0.4, "PASSENGER_CAR": 0.6}, "start_percents_duration": {"FOOT": 0.17742291233866317, "PASSENGER_CAR": 0.822577087661337}, "start_percents_distance": {"FOOT": 0.09791795562927881, "PASSENGER_CAR": 0.9020820443707213}, "end": {"Count": {"BUS": 1, "FOOT": 3, "PASSENGER_CAR": 11, "RAIL_TRIP": 1}, "Duration": {"BUS": 349.063, "FOOT": 5661.014999999999, "PASSENGER_CAR": 4537.857, "RAIL_TRIP": 2764.428}, "Distance": {"BUS": 4.996048572191982, "FOOT": 11.960916842210342, "PASSENGER_CAR": 44.6714993091317, "RAIL_TRIP": 37.43755203049723}, "Total_Count": 16, "Total_Duration": 13312.363000000001, "Total_Distance": 99.06601675403125}, "end_percents_count": {"BUS": 0.0625, "FOOT": 0.1875, "PASSENGER_CAR": 0.6875, "RAIL_TRIP": 0.0625}, "end_percents_duration": {"BUS": 0.026220964677721, "FOOT": 0.42524493960989485, "PASSENGER_CAR": 0.3408753952998427, "RAIL_TRIP": 0.2076587004125413}, "end_percents_distance": {"BUS": 0.05043150755315576, "FOOT": 0.12073683018777093, "PASSENGER_CAR": 0.45092657172282946, "RAIL_TRIP": 0.3779050905362438}}