{"start": {"Count": {"FOOT": 1, "PASSENGER_CAR": 9, "RAIL_TRIP": 2}, "Duration": {"FOOT": 4388.396, "PASSENGER_CAR": 6887.939, "RAIL_TRIP": 562.013}, "Distance": {"FOOT": 5.055292284285999, "PASSENGER_CAR": 52.122908972935335, "RAIL_TRIP": 4.756980456234824}, "Total_Count": 10, "Total_Duration": 11838.348, "Total_Distance": 61.93518171345615, "Total_Emission": 11.37239979950951}, "start_percents_count": {"FOOT": 0.1, "PASSENGER_CAR": 0.9, "RAIL_TRIP": 0.2}, "start_percents_duration": {"FOOT": 0.3706932757847632, "PASSENGER_CAR": 0.5818327861286051, "RAIL_TRIP": 0.04747393808663169}, "start_percents_distance": {"FOOT": 0.08162230487470543, "PASSENGER_CAR": 0.84157190680545, "RAIL_TRIP": 0.07680578831984461}, "end": {"Count": {"PASSENGER_CAR": 9, "RAIL_TRIP": 2}, "Duration": {"PASSENGER_CAR": 16593.402, "RAIL_TRIP": 381.841}, "Distance": {"PASSENGER_CAR": 272.25691682480306, "RAIL_TRIP": 4.7120758646146985}, "Total_Count": 10, "Total_Duration": 16975.243, "Total_Distance": 276.96899268941775, "Total_Emission": 44.348570289240406}, "end_percents_count": {"PASSENGER_CAR": 0.9, "RAIL_TRIP": 0.2}, "end_percents_duration": {"PASSENGER_CAR": 0.9775060068359551, "RAIL_TRIP": 0.02249399316404484}, "end_percents_distance": {"PASSENGER_CAR": 0.9829869913636916, "RAIL_TRIP": 0.017013008636308388}}