{"start": {"Count": {"BIKE_TRIP": 1, "FOOT": 2, "HIGH_SPEED_TRAIN": 1, "PASSENGER_CAR": 9, "RAIL_TRIP": 2}, "Duration": {"BIKE_TRIP": 361.078, "FOOT": 5711.8330000000005, "HIGH_SPEED_TRAIN": 6046.527, "PASSENGER_CAR": 7575.7699999999995, "RAIL_TRIP": 684.712}, "Distance": {"BIKE_TRIP": 3.6702881773207774, "FOOT": 3.776248404225944, "HIGH_SPEED_TRAIN": 189.9388950540646, "PASSENGER_CAR": 122.93538512455247, "RAIL_TRIP": 8.27433212431751}, "Total_Count": 11, "Total_Duration": 20379.92, "Total_Distance": 328.5951488844813, "Total_Emission": 30.65320724906298}, "start_percents_count": {"BIKE_TRIP": 0.09090909090909091, "FOOT": 0.18181818181818182, "HIGH_SPEED_TRAIN": 0.09090909090909091, "PASSENGER_CAR": 0.8181818181818182, "RAIL_TRIP": 0.18181818181818182}, "start_percents_duration": {"BIKE_TRIP": 0.017717341383086883, "FOOT": 0.28026768505470095, "HIGH_SPEED_TRAIN": 0.2966904188043918, "PASSENGER_CAR": 0.3717271706660281, "RAIL_TRIP": 0.03359738409179232}, "start_percents_distance": {"BIKE_TRIP": 0.0111696359175743, "FOOT": 0.01149210028524644, "HIGH_SPEED_TRAIN": 0.5780331684715109, "PASSENGER_CAR": 0.3741241632504161, "RAIL_TRIP": 0.025180932075252207}, "end": {"Count": {"BUS": 1, "PASSENGER_CAR": 9, "RAIL_TRIP": 1}, "Duration": {"BUS": 499.8, "PASSENGER_CAR": 76911.43000000001, "RAIL_TRIP": 2005.322}, "Distance": {"BUS": 0.6824878822340307, "PASSENGER_CAR": 200.06126081279393, "RAIL_TRIP": 14.620890076684667}, "Total_Count": 10, "Total_Duration": 79416.55200000001, "Total_Distance": 215.36463877171263, "Total_Emission": 52.40082001732257}, "end_percents_count": {"BUS": 0.1, "PASSENGER_CAR": 0.9, "RAIL_TRIP": 0.1}, "end_percents_duration": {"BUS": 0.006293398383752545, "PASSENGER_CAR": 0.9684559208765446, "RAIL_TRIP": 0.02525068073970272}, "end_percents_distance": {"BUS": 0.0031689876579853505, "PASSENGER_CAR": 0.9289420118075171, "RAIL_TRIP": 0.06788900053449753}}