{"start": {"Count": {"BIKE_TRIP": 2, "FOOT": 32, "PASSENGER_CAR": 9, "RAIL_TRIP": 21}, "Duration": {"BIKE_TRIP": 1551.962, "FOOT": 98270.09599999999, "PASSENGER_CAR": 13507.364000000001, "RAIL_TRIP": 29583.573}, "Distance": {"BIKE_TRIP": 7.9983155919544835, "FOOT": 75.63355160109083, "PASSENGER_CAR": 93.50285525379992, "RAIL_TRIP": 166.3741068195461}, "Total_Count": 45, "Total_Duration": 142912.995, "Total_Distance": 343.5088292663914, "Total_Emission": 21.527331417515985}, "start_percents_count": {"BIKE_TRIP": 0.044444444444444446, "FOOT": 0.7111111111111111, "PASSENGER_CAR": 0.2, "RAIL_TRIP": 0.4666666666666667}, "start_percents_duration": {"BIKE_TRIP": 0.010859488320148913, "FOOT": 0.687621835928916, "PASSENGER_CAR": 0.0945145961009354, "RAIL_TRIP": 0.20700407964999964}, "start_percents_distance": {"BIKE_TRIP": 0.023284163056408028, "FOOT": 0.22017935248597917, "PASSENGER_CAR": 0.2721992778278441, "RAIL_TRIP": 0.4843372066297686}, "end": {"Count": {"BIKE_TRIP": 7, "BUS": 1, "FOOT": 29, "PASSENGER_CAR": 15, "RAIL_TRIP": 25}, "Duration": {"BIKE_TRIP": 4361.968, "BUS": 8075.389, "FOOT": 98391.681, "PASSENGER_CAR": 72580.714, "RAIL_TRIP": 43752.942}, "Distance": {"BIKE_TRIP": 19.153681860925296, "BUS": 101.43416134973344, "FOOT": 75.177692097733, "PASSENGER_CAR": 971.1545608206894, "RAIL_TRIP": 210.54584912565429}, "Total_Count": 49, "Total_Duration": 227162.69400000005, "Total_Distance": 1377.4659452547353, "Total_Emission": 224.4468899561349}, "end_percents_count": {"BIKE_TRIP": 0.14285714285714285, "BUS": 0.02040816326530612, "FOOT": 0.5918367346938775, "PASSENGER_CAR": 0.30612244897959184, "RAIL_TRIP": 0.5102040816326531}, "end_percents_duration": {"BIKE_TRIP": 0.019201955757753072, "BUS": 0.03554892248284394, "FOOT": 0.43313309622926016, "PASSENGER_CAR": 0.31950983113450837, "RAIL_TRIP": 0.1926061943956343}, "end_percents_distance": {"BIKE_TRIP": 0.013905012989183698, "BUS": 0.07363823526756967, "FOOT": 0.05457680631358938, "PASSENGER_CAR": 0.705029815195245, "RAIL_TRIP": 0.1528501302344124}}