{"start": {"Count": {"FOOT": 5, "RAIL_TRIP": 3}, "Duration": {"FOOT": 3943.168, "RAIL_TRIP": 11980.893999999998}, "Distance": {"FOOT": 5.995511720655292, "RAIL_TRIP": 53.66233547851763}, "Total_Count": 8, "Total_Duration": 15924.062, "Total_Distance": 59.65784719917293}, "start_percents_count": {"FOOT": 0.625, "RAIL_TRIP": 0.375}, "start_percents_duration": {"FOOT": 0.24762325090168577, "RAIL_TRIP": 0.7523767490983141}, "start_percents_distance": {"FOOT": 0.10049829154308491, "RAIL_TRIP": 0.899501708456915}, "end": {"Count": {"BIKE_TRIP": 1, "FOOT": 5, "PASSENGER_CAR": 2, "RAIL_TRIP": 2}, "Duration": {"BIKE_TRIP": 290.247, "FOOT": 3627.82, "PASSENGER_CAR": 8561.373, "RAIL_TRIP": 1486.493}, "Distance": {"BIKE_TRIP": 1.128259997706289, "FOOT": 5.037348007096718, "PASSENGER_CAR": 30.663315998862643, "RAIL_TRIP": 14.335768393161661}, "Total_Count": 10, "Total_Duration": 13965.932999999997, "Total_Distance": 51.164692396827306}, "end_percents_count": {"BIKE_TRIP": 0.1, "FOOT": 0.5, "PASSENGER_CAR": 0.2, "RAIL_TRIP": 0.2}, "end_percents_duration": {"BIKE_TRIP": 0.020782499815801787, "FOOT": 0.25976209394674893, "PASSENGER_CAR": 0.6130183354022966, "RAIL_TRIP": 0.10643707083515296}, "end_percents_distance": {"BIKE_TRIP": 0.022051534854458578, "FOOT": 0.09845359702405014, "PASSENGER_CAR": 0.5993061731133179, "RAIL_TRIP": 0.28018869500817356}}