{"start": {"Count": {"FOOT": 12, "PASSENGER_CAR": 6, "RAIL_TRIP": 7, "UNKNOWN": 1}, "Duration": {"FOOT": 29698.697999999997, "PASSENGER_CAR": 6016.138, "RAIL_TRIP": 7993.637, "UNKNOWN": 240.449}, "Distance": {"FOOT": 26.02869659076632, "PASSENGER_CAR": 48.75545552029874, "RAIL_TRIP": 46.80404527201365, "UNKNOWN": 8.921312585816226}, "Total_Count": 16, "Total_Duration": 43948.922, "Total_Distance": 130.50950996889492, "Total_Emission": 10.875129777967562}, "start_percents_count": {"FOOT": 0.75, "PASSENGER_CAR": 0.375, "RAIL_TRIP": 0.4375, "UNKNOWN": 0.0625}, "start_percents_duration": {"FOOT": 0.675754868344666, "PASSENGER_CAR": 0.1368893189234539, "RAIL_TRIP": 0.1818847115294432, "UNKNOWN": 0.005471101202436775}, "start_percents_distance": {"FOOT": 0.19943907993348445, "PASSENGER_CAR": 0.37357779928772167, "RAIL_TRIP": 0.35862555367167287, "UNKNOWN": 0.06835756710712111}, "end": {"Count": {"BUS": 2, "FOOT": 16, "PASSENGER_CAR": 8, "RAIL_TRIP": 14, "UNKNOWN": 1}, "Duration": {"BUS": 4091.344, "FOOT": 51668.616, "PASSENGER_CAR": 9469.086, "RAIL_TRIP": 19604.897, "UNKNOWN": 240.449}, "Distance": {"BUS": 10.605319377670513, "FOOT": 41.86413360288512, "PASSENGER_CAR": 119.56612509242989, "RAIL_TRIP": 127.28880213781268, "UNKNOWN": 8.921312585816226}, "Total_Count": 21, "Total_Duration": 85074.39199999999, "Total_Distance": 308.2456927966143, "Total_Emission": 27.839975555459628}, "end_percents_count": {"BUS": 0.09523809523809523, "FOOT": 0.7619047619047619, "PASSENGER_CAR": 0.38095238095238093, "RAIL_TRIP": 0.6666666666666666, "UNKNOWN": 0.047619047619047616}, "end_percents_duration": {"BUS": 0.048091369257155556, "FOOT": 0.6073345314063485, "PASSENGER_CAR": 0.111303598854988, "RAIL_TRIP": 0.23044416232795414, "UNKNOWN": 0.0028263381535538925}, "end_percents_distance": {"BUS": 0.03440540979324594, "FOOT": 0.13581417220485795, "PASSENGER_CAR": 0.3878922816654623, "RAIL_TRIP": 0.4129459230491177, "UNKNOWN": 0.02894221328731642}}