{"start": {"Count": {"BIKE_TRIP": 1, "BUS": 1, "FOOT": 32, "PASSENGER_CAR": 15, "RAIL_TRIP": 15, "UNKNOWN": 1}, "Duration": {"BIKE_TRIP": 540.627, "BUS": 661.154, "FOOT": 44954.96, "PASSENGER_CAR": 15196.379, "RAIL_TRIP": 22816.051, "UNKNOWN": 817.354}, "Distance": {"BIKE_TRIP": 1.150973497302277, "BUS": 10.269342141597114, "FOOT": 57.546714462355105, "PASSENGER_CAR": 128.17208671802138, "RAIL_TRIP": 128.66137615001207, "UNKNOWN": 24.43632277393062}, "Total_Count": 42, "Total_Duration": 84986.525, "Total_Distance": 350.2368157432186, "Total_Emission": 30.03830188040188}, "start_percents_count": {"BIKE_TRIP": 0.023809523809523808, "BUS": 0.023809523809523808, "FOOT": 0.7619047619047619, "PASSENGER_CAR": 0.35714285714285715, "RAIL_TRIP": 0.35714285714285715, "UNKNOWN": 0.023809523809523808}, "start_percents_duration": {"BIKE_TRIP": 0.006361326104344188, "BUS": 0.007779515634978604, "FOOT": 0.5289657389803855, "PASSENGER_CAR": 0.17880927594109775, "RAIL_TRIP": 0.2684666892780944, "UNKNOWN": 0.009617454061099687}, "start_percents_distance": {"BIKE_TRIP": 0.003286272160908779, "BUS": 0.029321138384053372, "FOOT": 0.16430801068196768, "PASSENGER_CAR": 0.36595834862772586, "RAIL_TRIP": 0.36735537318367495, "UNKNOWN": 0.06977085696166926}, "end": {"Count": {"BUS": 2, "FOOT": 35, "MOTORCYCLE": 1, "PASSENGER_CAR": 17, "RAIL_TRIP": 18, "UNKNOWN": 1}, "Duration": {"BUS": 1442.395, "FOOT": 65195.894, "MOTORCYCLE": 1141.373, "PASSENGER_CAR": 62799.56, "RAIL_TRIP": 34624.541, "UNKNOWN": 180.566}, "Distance": {"BUS": 15.54759882465562, "FOOT": 65.29181757523641, "MOTORCYCLE": 5.913737222618599, "PASSENGER_CAR": 327.1725206651721, "RAIL_TRIP": 197.34271629060223, "UNKNOWN": 5.018878499496319}, "Total_Count": 53, "Total_Duration": 165384.329, "Total_Distance": 616.2872690777813, "Total_Emission": 82.86066118527901}, "end_percents_count": {"BUS": 0.03773584905660377, "FOOT": 0.660377358490566, "MOTORCYCLE": 0.018867924528301886, "PASSENGER_CAR": 0.32075471698113206, "RAIL_TRIP": 0.33962264150943394, "UNKNOWN": 0.018867924528301886}, "end_percents_duration": {"BUS": 0.00872147324188134, "FOOT": 0.3942084137850812, "MOTORCYCLE": 0.006901337066826931, "PASSENGER_CAR": 0.37971892729933315, "RAIL_TRIP": 0.20935805229768775, "UNKNOWN": 0.001091796309189609}, "end_percents_distance": {"BUS": 0.025227843580025933, "FOOT": 0.1059438038902536, "MOTORCYCLE": 0.00959574782628234, "PASSENGER_CAR": 0.5308766497071349, "RAIL_TRIP": 0.3202122227608367, "UNKNOWN": 0.00814373223546646}}