{"start": {"Count": {"BIKE_TRIP": 2, "FOOT": 52, "MOTORCYCLE": 1, "PASSENGER_CAR": 21, "RAIL_TRIP": 12}, "Duration": {"BIKE_TRIP": 2395.316, "FOOT": 87036.891, "MOTORCYCLE": 1504.076, "PASSENGER_CAR": 32811.498, "RAIL_TRIP": 48865.386}, "Distance": {"BIKE_TRIP": 1.8537754285238226, "FOOT": 83.50294166605676, "MOTORCYCLE": 8.136665949379445, "PASSENGER_CAR": 405.10675393146187, "RAIL_TRIP": 151.6789261227074}, "Total_Count": 66, "Total_Duration": 172613.16700000002, "Total_Distance": 650.2790630981293, "Total_Emission": 93.96452631672155}, "start_percents_count": {"BIKE_TRIP": 0.030303030303030304, "FOOT": 0.7878787878787878, "MOTORCYCLE": 0.015151515151515152, "PASSENGER_CAR": 0.3181818181818182, "RAIL_TRIP": 0.18181818181818182}, "start_percents_duration": {"BIKE_TRIP": 0.013876786120261612, "FOOT": 0.5042308910304624, "MOTORCYCLE": 0.00871356470737832, "PASSENGER_CAR": 0.1900868779031208, "RAIL_TRIP": 0.2830918802387769}, "start_percents_distance": {"BIKE_TRIP": 0.0028507382964044186, "FOOT": 0.128410933712402, "MOTORCYCLE": 0.012512575617326303, "PASSENGER_CAR": 0.6229736999395441, "RAIL_TRIP": 0.23325205243432315}, "end": {"Count": {"BIKE_TRIP": 6, "BUS": 1, "FOOT": 53, "MOTORCYCLE": 1, "PASSENGER_CAR": 20, "RAIL_TRIP": 20}, "Duration": {"BIKE_TRIP": 6091.168000000001, "BUS": 140.26, "FOOT": 274622.6, "MOTORCYCLE": 782.045, "PASSENGER_CAR": 48153.008, "RAIL_TRIP": 64236.533}, "Distance": {"BIKE_TRIP": 21.999291219867754, "BUS": 1.457356989805197, "FOOT": 121.18116873984773, "MOTORCYCLE": 8.80498979872527, "PASSENGER_CAR": 830.0733368033356, "RAIL_TRIP": 223.42914400704026}, "Total_Count": 67, "Total_Duration": 394025.614, "Total_Distance": 1206.9452875586217, "Total_Emission": 186.09053662342603}, "end_percents_count": {"BIKE_TRIP": 0.08955223880597014, "BUS": 0.014925373134328358, "FOOT": 0.7910447761194029, "MOTORCYCLE": 0.014925373134328358, "PASSENGER_CAR": 0.29850746268656714, "RAIL_TRIP": 0.29850746268656714}, "end_percents_duration": {"BIKE_TRIP": 0.01545881227914285, "BUS": 0.00035596670626595353, "FOOT": 0.6969663652373624, "MOTORCYCLE": 0.0019847567574629806, "PASSENGER_CAR": 0.12220781159673544, "RAIL_TRIP": 0.16302628742303032}, "end_percents_distance": {"BIKE_TRIP": 0.01822724811691122, "BUS": 0.0012074756037641953, "FOOT": 0.10040319970507522, "MOTORCYCLE": 0.00729526838497856, "PASSENGER_CAR": 0.6877472784888095, "RAIL_TRIP": 0.18511952970046147}}