{"start": {"Count": {"BIKE_TRIP": 1, "FOOT": 3, "PASSENGER_CAR": 11, "RAIL_TRIP": 4, "UNKNOWN": 1}, "Duration": {"BIKE_TRIP": 180.238, "FOOT": 2717.987, "PASSENGER_CAR": 18250.805, "RAIL_TRIP": 7097.347, "UNKNOWN": 722.011}, "Distance": {"BIKE_TRIP": 1.5147035186453794, "FOOT": 1.4274038782561251, "PASSENGER_CAR": 345.55038329855597, "RAIL_TRIP": 107.23739152949986, "UNKNOWN": 43.65801241188902}, "Total_Count": 14, "Total_Duration": 28968.388, "Total_Distance": 499.3878946368462, "Total_Emission": 52.29451119803532}, "start_percents_count": {"BIKE_TRIP": 0.07142857142857142, "FOOT": 0.21428571428571427, "PASSENGER_CAR": 0.7857142857142857, "RAIL_TRIP": 0.2857142857142857, "UNKNOWN": 0.07142857142857142}, "start_percents_duration": {"BIKE_TRIP": 0.006221885732820204, "FOOT": 0.0938259664293367, "PASSENGER_CAR": 0.6300248740109391, "RAIL_TRIP": 0.24500317380449338, "UNKNOWN": 0.024924100022410637}, "start_percents_distance": {"BIKE_TRIP": 0.003033120215592868, "FOOT": 0.002858306926510764, "PASSENGER_CAR": 0.6919478565851891, "RAIL_TRIP": 0.21473766721454604, "UNKNOWN": 0.08742304905816155}, "end": {"Count": {"BIKE_TRIP": 2, "FOOT": 4, "MOTORCYCLE": 1, "PASSENGER_CAR": 13, "RAIL_TRIP": 3, "UNKNOWN": 1}, "Duration": {"BIKE_TRIP": 1742.522, "FOOT": 3668.888, "MOTORCYCLE": 418.95, "PASSENGER_CAR": 24231.892, "RAIL_TRIP": 1804.127, "UNKNOWN": 722.011}, "Distance": {"BIKE_TRIP": 10.091683684300023, "FOOT": 3.287903100391778, "MOTORCYCLE": 5.250727640800121, "PASSENGER_CAR": 506.0071411428642, "RAIL_TRIP": 24.895152014144365, "UNKNOWN": 43.65801241188902}, "Total_Count": 15, "Total_Duration": 32588.39, "Total_Distance": 593.1906199943896, "Total_Emission": 82.67214160817564}, "end_percents_count": {"BIKE_TRIP": 0.13333333333333333, "FOOT": 0.26666666666666666, "MOTORCYCLE": 0.06666666666666667, "PASSENGER_CAR": 0.8666666666666667, "RAIL_TRIP": 0.2, "UNKNOWN": 0.06666666666666667}, "end_percents_duration": {"BIKE_TRIP": 0.05347063785599718, "FOOT": 0.11258267131331127, "MOTORCYCLE": 0.012855805395725287, "PASSENGER_CAR": 0.7435743833923677, "RAIL_TRIP": 0.05536103501891318, "UNKNOWN": 0.022155467023685427}, "end_percents_distance": {"BIKE_TRIP": 0.017012547643446334, "FOOT": 0.005542742905177554, "MOTORCYCLE": 0.008851670043012114, "PASSENGER_CAR": 0.853026201168943, "RAIL_TRIP": 0.04196821590735845, "UNKNOWN": 0.0735986223320624}}