{"start": {"Count": {"BUS": 1, "FOOT": 14, "PASSENGER_CAR": 5, "RAIL_TRIP": 3}, "Duration": {"BUS": 425.037, "FOOT": 158066.995, "PASSENGER_CAR": 6176.158, "RAIL_TRIP": 1937.1930000000002}, "Distance": {"BUS": 2.165681336442183, "FOOT": 38.175603118677934, "PASSENGER_CAR": 28.528879078942918, "RAIL_TRIP": 7.479449816188719}, "Total_Count": 23, "Total_Duration": 166605.383, "Total_Distance": 76.34961335025174}, "start_percents_count": {"BUS": 0.043478260869565216, "FOOT": 0.6086956521739131, "PASSENGER_CAR": 0.21739130434782608, "RAIL_TRIP": 0.13043478260869565}, "start_percents_duration": {"BUS": 0.0025511600666588306, "FOOT": 0.9487508275768016, "PASSENGER_CAR": 0.03707057892601225, "RAIL_TRIP": 0.011627433430527273}, "start_percents_distance": {"BUS": 0.028365321596419614, "FOOT": 0.5000104315335352, "PASSENGER_CAR": 0.3736610812692328, "RAIL_TRIP": 0.09796316560081253}, "end": {"Count": {"BIKE_TRIP": 1, "BUS": 1, "FOOT": 11, "MOTORCYCLE": 1, "PASSENGER_CAR": 4, "RAIL_TRIP": 2}, "Duration": {"BIKE_TRIP": 764.407, "BUS": 693.001, "FOOT": 10292.314, "MOTORCYCLE": 1426.443, "PASSENGER_CAR": 6178.678, "RAIL_TRIP": 1119.523}, "Distance": {"BIKE_TRIP": 4.05261493299737, "BUS": 5.928960985973942, "FOOT": 18.171824025154326, "MOTORCYCLE": 20.61138420336003, "PASSENGER_CAR": 42.732064731749475, "RAIL_TRIP": 8.61302342596664}, "Total_Count": 20, "Total_Duration": 20474.366, "Total_Distance": 100.10987230520179}, "end_percents_count": {"BIKE_TRIP": 0.05, "BUS": 0.05, "FOOT": 0.55, "MOTORCYCLE": 0.05, "PASSENGER_CAR": 0.2, "RAIL_TRIP": 0.1}, "end_percents_duration": {"BIKE_TRIP": 0.03733483127145427, "BUS": 0.033847250752477506, "FOOT": 0.5026926841104628, "MOTORCYCLE": 0.06966970308140433, "PASSENGER_CAR": 0.3017762796659979, "RAIL_TRIP": 0.05467925111820311}, "end_percents_distance": {"BIKE_TRIP": 0.04048167118465891, "BUS": 0.059224538494050884, "FOOT": 0.18151880136011425, "MOTORCYCLE": 0.20588762854998713, "PASSENGER_CAR": 0.4268516555637349, "RAIL_TRIP": 0.08603570484745389}}