{"start": {"Count": {"BIKE_TRIP": 2, "FOOT": 9, "PASSENGER_CAR": 3, "RAIL_TRIP": 6}, "Duration": {"BIKE_TRIP": 3452.612, "FOOT": 9763.806, "PASSENGER_CAR": 2088.23, "RAIL_TRIP": 8892.533}, "Distance": {"BIKE_TRIP": 15.436392775735078, "FOOT": 13.113357949528043, "PASSENGER_CAR": 12.698571848066186, "RAIL_TRIP": 54.06794020229654}, "Total_Count": 14, "Total_Duration": 24197.181000000004, "Total_Distance": 95.31626277562586, "Total_Emission": 2.8051879884552164}, "start_percents_count": {"BIKE_TRIP": 0.14285714285714285, "FOOT": 0.6428571428571429, "PASSENGER_CAR": 0.21428571428571427, "RAIL_TRIP": 0.42857142857142855}, "start_percents_duration": {"BIKE_TRIP": 0.1426865385682737, "FOOT": 0.4035100617712451, "PASSENGER_CAR": 0.08630054881186365, "RAIL_TRIP": 0.36750285084861734}, "start_percents_distance": {"BIKE_TRIP": 0.16194920285609907, "FOOT": 0.137577340609722, "PASSENGER_CAR": 0.1332256582274798, "RAIL_TRIP": 0.567247798306699}, "end": {"Count": {"BIKE_TRIP": 3, "FOOT": 16, "PASSENGER_CAR": 5, "RAIL_TRIP": 3, "UNKNOWN": 1}, "Duration": {"BIKE_TRIP": 3508.627, "FOOT": 21084.565, "PASSENGER_CAR": 7530.015, "RAIL_TRIP": 1326.862, "UNKNOWN": 180.245}, "Distance": {"BIKE_TRIP": 17.949288186363123, "FOOT": 22.222997931982142, "PASSENGER_CAR": 121.23149616716172, "RAIL_TRIP": 1.5970665621875937, "UNKNOWN": 4.284925237175082}, "Total_Count": 19, "Total_Duration": 33630.314, "Total_Distance": 167.28577408486964, "Total_Emission": 16.676446631228437}, "end_percents_count": {"BIKE_TRIP": 0.15789473684210525, "FOOT": 0.8421052631578947, "PASSENGER_CAR": 0.2631578947368421, "RAIL_TRIP": 0.15789473684210525, "UNKNOWN": 0.05263157894736842}, "end_percents_duration": {"BIKE_TRIP": 0.10432929647936086, "FOOT": 0.6269511786300895, "PASSENGER_CAR": 0.22390558113730372, "RAIL_TRIP": 0.03945434467248805, "UNKNOWN": 0.005359599080757914}, "end_percents_distance": {"BIKE_TRIP": 0.10729715831817745, "FOOT": 0.13284451743462464, "PASSENGER_CAR": 0.7246969853255839, "RAIL_TRIP": 0.009546935900104385, "UNKNOWN": 0.025614403021509746}}