{"start": {"Count": {"BIKE_TRIP": 3, "BUS": 2, "FOOT": 18, "PASSENGER_CAR": 14, "RAIL_TRIP": 8}, "Duration": {"BIKE_TRIP": 5366.193, "BUS": 3395.993, "FOOT": 180428.377, "PASSENGER_CAR": 31195.972, "RAIL_TRIP": 4778.701999999999}, "Distance": {"BIKE_TRIP": 22.663695027348883, "BUS": 13.364043432095219, "FOOT": 29.023298531664928, "PASSENGER_CAR": 516.8933192257848, "RAIL_TRIP": 40.0588956026304}, "Total_Count": 29, "Total_Duration": 225165.23699999996, "Total_Distance": 622.0032518195244, "Total_Emission": 101.15607487472079}, "start_percents_count": {"BIKE_TRIP": 0.10344827586206896, "BUS": 0.06896551724137931, "FOOT": 0.6206896551724138, "PASSENGER_CAR": 0.4827586206896552, "RAIL_TRIP": 0.27586206896551724}, "start_percents_duration": {"BIKE_TRIP": 0.02383224458400744, "BUS": 0.015082226036517352, "FOOT": 0.8013154224157615, "PASSENGER_CAR": 0.13854701736218725, "RAIL_TRIP": 0.02122308960152672}, "start_percents_distance": {"BIKE_TRIP": 0.0364366182347947, "BUS": 0.021485488046890187, "FOOT": 0.04666100771461256, "PASSENGER_CAR": 0.831013853567059, "RAIL_TRIP": 0.06440303243664323}, "end": {"Count": {"BIKE_TRIP": 3, "BUS": 1, "FOOT": 17, "PASSENGER_CAR": 14, "RAIL_TRIP": 9}, "Duration": {"BIKE_TRIP": 3228.041, "BUS": 961.753, "FOOT": 34302.309, "PASSENGER_CAR": 60288.425, "RAIL_TRIP": 11448.757}, "Distance": {"BIKE_TRIP": 42.0106963736648, "BUS": 7.0253990463992855, "FOOT": 29.098602710860277, "PASSENGER_CAR": 282.2226123493397, "RAIL_TRIP": 73.02655354377661}, "Total_Count": 32, "Total_Duration": 110229.28499999999, "Total_Distance": 433.38386402404075, "Total_Emission": 60.72217287879155}, "end_percents_count": {"BIKE_TRIP": 0.09375, "BUS": 0.03125, "FOOT": 0.53125, "PASSENGER_CAR": 0.4375, "RAIL_TRIP": 0.28125}, "end_percents_duration": {"BIKE_TRIP": 0.02928478579898255, "BUS": 0.008725022574536341, "FOOT": 0.3111905243692727, "PASSENGER_CAR": 0.5469365513892248, "RAIL_TRIP": 0.10386311586798373}, "end_percents_distance": {"BIKE_TRIP": 0.09693645717122125, "BUS": 0.016210569034959665, "FOOT": 0.06714279216737547, "PASSENGER_CAR": 0.651207014790205, "RAIL_TRIP": 0.16850316683623845}}