{"start": {"Count": {"BIKE_TRIP": 5, "BUS": 1, "FOOT": 35, "HIGH_SPEED_TRAIN": 1, "MOTORCYCLE": 1, "PASSENGER_CAR": 10, "RAIL_TRIP": 22, "UNKNOWN": 1}, "Duration": {"BIKE_TRIP": 15566.001, "BUS": 948.185, "FOOT": 200410.552, "HIGH_SPEED_TRAIN": 12374.125, "MOTORCYCLE": 569.73, "PASSENGER_CAR": 8231.56, "RAIL_TRIP": 32040.975, "UNKNOWN": 120.592}, "Distance": {"BIKE_TRIP": 41.32038319162805, "BUS": 2.9846208380957613, "FOOT": 92.93383376272456, "HIGH_SPEED_TRAIN": 352.2475030386157, "MOTORCYCLE": 2.6027952928043203, "PASSENGER_CAR": 47.8071442205109, "RAIL_TRIP": 135.9728555999921, "UNKNOWN": 3.646259804428332}, "Total_Count": 56, "Total_Duration": 270261.72, "Total_Distance": 679.5153957487996, "Total_Emission": 12.106831600608317}, "start_percents_count": {"BIKE_TRIP": 0.08928571428571429, "BUS": 0.017857142857142856, "FOOT": 0.625, "HIGH_SPEED_TRAIN": 0.017857142857142856, "MOTORCYCLE": 0.017857142857142856, "PASSENGER_CAR": 0.17857142857142858, "RAIL_TRIP": 0.39285714285714285, "UNKNOWN": 0.017857142857142856}, "start_percents_duration": {"BIKE_TRIP": 0.057596025807872465, "BUS": 0.0035083954915997723, "FOOT": 0.7415425018385883, "HIGH_SPEED_TRAIN": 0.045785710976752464, "MOTORCYCLE": 0.0021080676908294673, "PASSENGER_CAR": 0.030457735560922208, "RAIL_TRIP": 0.11855535811730941, "UNKNOWN": 0.00044620451612607223}, "start_percents_distance": {"BIKE_TRIP": 0.06080860485301381, "BUS": 0.0043922784631050555, "FOOT": 0.13676486852857112, "HIGH_SPEED_TRAIN": 0.5183804594308752, "MOTORCYCLE": 0.0038303698622400464, "PASSENGER_CAR": 0.07035476240803827, "RAIL_TRIP": 0.20010268560604913, "UNKNOWN": 0.005365970848107562}, "end": {"Count": {"BIKE_TRIP": 3, "BUS": 2, "FOOT": 34, "MOTORCYCLE": 2, "PASSENGER_CAR": 11, "RAIL_TRIP": 31, "UNKNOWN": 1}, "Duration": {"BIKE_TRIP": 14348.171, "BUS": 614.528, "FOOT": 76945.609, "MOTORCYCLE": 1735.887, "PASSENGER_CAR": 29805.01, "RAIL_TRIP": 36817.059, "UNKNOWN": 660.645}, "Distance": {"BIKE_TRIP": 60.34140360420107, "BUS": 1.6254241624841725, "FOOT": 62.00593699119735, "MOTORCYCLE": 24.780522063789714, "PASSENGER_CAR": 181.49939119636596, "RAIL_TRIP": 157.53588964500483, "UNKNOWN": 19.77338398527874}, "Total_Count": 59, "Total_Duration": 160926.909, "Total_Distance": 507.5619516483217, "Total_Emission": 47.65614926659098}, "end_percents_count": {"BIKE_TRIP": 0.05084745762711865, "BUS": 0.03389830508474576, "FOOT": 0.576271186440678, "MOTORCYCLE": 0.03389830508474576, "PASSENGER_CAR": 0.1864406779661017, "RAIL_TRIP": 0.5254237288135594, "UNKNOWN": 0.01694915254237288}, "end_percents_duration": {"BIKE_TRIP": 0.08915955130909771, "BUS": 0.0038186777079027845, "FOOT": 0.4781401039648378, "MOTORCYCLE": 0.010786803840245262, "PASSENGER_CAR": 0.18520836686175335, "RAIL_TRIP": 0.22878124751653559, "UNKNOWN": 0.004105248799627413}, "end_percents_distance": {"BIKE_TRIP": 0.11888480491542099, "BUS": 0.0032024153055711956, "FOOT": 0.12216427332630297, "MOTORCYCLE": 0.04882265501445542, "PASSENGER_CAR": 0.35759061648916274, "RAIL_TRIP": 0.3103776576108642, "UNKNOWN": 0.03895757733822269}}