{"start": {"Count": {"BIKE_TRIP": 4, "BUS": 1, "FOOT": 39, "PASSENGER_CAR": 43, "RAIL_TRIP": 19}, "Duration": {"BIKE_TRIP": 7120.1230000000005, "BUS": 333.561, "FOOT": 59181.76, "PASSENGER_CAR": 132104.311, "RAIL_TRIP": 29365.971}, "Distance": {"BIKE_TRIP": 45.33408705513997, "BUS": 3.5796296268004557, "FOOT": 83.53914813449994, "PASSENGER_CAR": 1880.61667804992, "RAIL_TRIP": 220.1864989111602}, "Total_Count": 72, "Total_Duration": 228105.72600000002, "Total_Distance": 2233.2560417775207, "Total_Emission": 328.3347904878142}, "start_percents_count": {"BIKE_TRIP": 0.05555555555555555, "BUS": 0.013888888888888888, "FOOT": 0.5416666666666666, "PASSENGER_CAR": 0.5972222222222222, "RAIL_TRIP": 0.2638888888888889}, "start_percents_duration": {"BIKE_TRIP": 0.03121413532600229, "BUS": 0.001462308754143243, "FOOT": 0.25944881366108274, "PASSENGER_CAR": 0.5791363211987057, "RAIL_TRIP": 0.1287384210600658}, "start_percents_distance": {"BIKE_TRIP": 0.020299547480035967, "BUS": 0.0016028747084240787, "FOOT": 0.037406883300317155, "PASSENGER_CAR": 0.8420963126794347, "RAIL_TRIP": 0.09859438183178791}, "end": {"Count": {"BIKE_TRIP": 4, "FOOT": 62, "HIGH_SPEED_TRAIN": 1, "MOTORCYCLE": 1, "PASSENGER_CAR": 62, "RAIL_TRIP": 29, "UNKNOWN": 3}, "Duration": {"BIKE_TRIP": 10650.633000000002, "FOOT": 162737.005, "HIGH_SPEED_TRAIN": 1743.833, "MOTORCYCLE": 538.315, "PASSENGER_CAR": 222929.313, "RAIL_TRIP": 36525.867, "UNKNOWN": 3428.465}, "Distance": {"BIKE_TRIP": 69.91407633548593, "FOOT": 159.60362124487494, "HIGH_SPEED_TRAIN": 113.43153881760352, "MOTORCYCLE": 7.488053908593432, "PASSENGER_CAR": 3171.148705689557, "RAIL_TRIP": 265.25828308872286, "UNKNOWN": 85.5345918992562}, "Total_Count": 98, "Total_Duration": 438553.431, "Total_Distance": 3872.378870984094, "Total_Emission": 565.7017933563711}, "end_percents_count": {"BIKE_TRIP": 0.04081632653061224, "FOOT": 0.6326530612244898, "HIGH_SPEED_TRAIN": 0.01020408163265306, "MOTORCYCLE": 0.01020408163265306, "PASSENGER_CAR": 0.6326530612244898, "RAIL_TRIP": 0.29591836734693877, "UNKNOWN": 0.030612244897959183}, "end_percents_duration": {"BIKE_TRIP": 0.024285827557463578, "FOOT": 0.37107680272600585, "HIGH_SPEED_TRAIN": 0.003976329625386057, "MOTORCYCLE": 0.001227478710570161, "PASSENGER_CAR": 0.5083287399933716, "RAIL_TRIP": 0.0832871536695377, "UNKNOWN": 0.00781766771766517}, "end_percents_distance": {"BIKE_TRIP": 0.018054554749111766, "FOOT": 0.041215910571352384, "HIGH_SPEED_TRAIN": 0.02929246920221341, "MOTORCYCLE": 0.001933709008873525, "PASSENGER_CAR": 0.8189148870352316, "RAIL_TRIP": 0.06850008532902473, "UNKNOWN": 0.02208838410419256}}