{"start": {"Count": {"BIKE_TRIP": 2, "FOOT": 18, "HIGH_SPEED_TRAIN": 1, "MOTORCYCLE": 1, "PASSENGER_CAR": 10, "RAIL_TRIP": 5}, "Duration": {"BIKE_TRIP": 1407.489, "FOOT": 20607.011, "HIGH_SPEED_TRAIN": 1645.112, "MOTORCYCLE": 193.235, "PASSENGER_CAR": 15842.298, "RAIL_TRIP": 2320.695}, "Distance": {"BIKE_TRIP": 5.651933528882088, "FOOT": 32.69735315030105, "HIGH_SPEED_TRAIN": 38.517036067744414, "MOTORCYCLE": 0.2145769386707656, "PASSENGER_CAR": 350.53875761098135, "RAIL_TRIP": 10.498148794511959}, "Total_Count": 29, "Total_Duration": 42015.84, "Total_Distance": 438.1178060910916, "Total_Emission": 75.33730559430347}, "start_percents_count": {"BIKE_TRIP": 0.06896551724137931, "FOOT": 0.6206896551724138, "HIGH_SPEED_TRAIN": 0.034482758620689655, "MOTORCYCLE": 0.034482758620689655, "PASSENGER_CAR": 0.3448275862068966, "RAIL_TRIP": 0.1724137931034483}, "start_percents_duration": {"BIKE_TRIP": 0.03349900894519781, "FOOT": 0.4904581462610292, "HIGH_SPEED_TRAIN": 0.03915456646826531, "MOTORCYCLE": 0.004599098816065561, "PASSENGER_CAR": 0.37705536768989983, "RAIL_TRIP": 0.05523381181954235}, "start_percents_distance": {"BIKE_TRIP": 0.012900488065775994, "FOOT": 0.07463141807001278, "HIGH_SPEED_TRAIN": 0.0879147926248314, "MOTORCYCLE": 0.0004897699561340167, "PASSENGER_CAR": 0.8001015999292638, "RAIL_TRIP": 0.023961931353982058}, "end": {"Count": {"BIKE_TRIP": 4, "BUS": 1, "FOOT": 20, "PASSENGER_CAR": 13, "RAIL_TRIP": 13, "UNKNOWN": 1}, "Duration": {"BIKE_TRIP": 8385.758, "BUS": 922.934, "FOOT": 42500.031, "PASSENGER_CAR": 28944.752, "RAIL_TRIP": 11488.112, "UNKNOWN": 8593.025}, "Distance": {"BIKE_TRIP": 83.15029465151564, "BUS": 10.11439792476134, "FOOT": 38.28721058622301, "PASSENGER_CAR": 414.74999516959826, "RAIL_TRIP": 72.03963387870229, "UNKNOWN": 179.85358496003144}, "Total_Count": 37, "Total_Duration": 100834.61200000001, "Total_Distance": 798.195117170832, "Total_Emission": 85.42836875432927}, "end_percents_count": {"BIKE_TRIP": 0.10810810810810811, "BUS": 0.02702702702702703, "FOOT": 0.5405405405405406, "PASSENGER_CAR": 0.35135135135135137, "RAIL_TRIP": 0.35135135135135137, "UNKNOWN": 0.02702702702702703}, "end_percents_duration": {"BIKE_TRIP": 0.08316348755326196, "BUS": 0.009152948394346971, "FOOT": 0.42148256592686645, "PASSENGER_CAR": 0.287051751634647, "RAIL_TRIP": 0.1139302445077093, "UNKNOWN": 0.08521900198316823}, "end_percents_distance": {"BIKE_TRIP": 0.10417289314702682, "BUS": 0.012671585815522633, "FOOT": 0.04796723227514893, "PASSENGER_CAR": 0.5196097874410228, "RAIL_TRIP": 0.09025316282821129, "UNKNOWN": 0.22532533849306757}}