{"start": {"Count": {"BIKE_TRIP": 1, "BUS": 2, "FOOT": 10, "PASSENGER_CAR": 9, "RAIL_TRIP": 9}, "Duration": {"BIKE_TRIP": 180.185, "BUS": 592.59, "FOOT": 23271.652, "PASSENGER_CAR": 20865.761, "RAIL_TRIP": 8412.598}, "Distance": {"BIKE_TRIP": 4.024146998533783, "BUS": 5.049235977745661, "FOOT": 120.42444129497186, "PASSENGER_CAR": 242.76038223702653, "RAIL_TRIP": 71.11266837254526}, "Total_Count": 16, "Total_Duration": 53322.78600000001, "Total_Distance": 443.37087488082307, "Total_Emission": 59.41511574309544}, "start_percents_count": {"BIKE_TRIP": 0.0625, "BUS": 0.125, "FOOT": 0.625, "PASSENGER_CAR": 0.5625, "RAIL_TRIP": 0.5625}, "start_percents_duration": {"BIKE_TRIP": 0.0033791370165842417, "BUS": 0.011113260286137336, "FOOT": 0.43642978444524627, "PASSENGER_CAR": 0.39131040527402294, "RAIL_TRIP": 0.15776741297800903}, "start_percents_distance": {"BIKE_TRIP": 0.009076254726058545, "BUS": 0.011388289722690698, "FOOT": 0.27161107803335444, "PASSENGER_CAR": 0.5475334443253177, "RAIL_TRIP": 0.1603909331925787}, "end": {"Count": {"BIKE_TRIP": 1, "BUS": 1, "FOOT": 7, "PASSENGER_CAR": 4, "RAIL_TRIP": 7}, "Duration": {"BIKE_TRIP": 180.185, "BUS": 144.13, "FOOT": 29925.45, "PASSENGER_CAR": 3217.026, "RAIL_TRIP": 8007.666}, "Distance": {"BIKE_TRIP": 4.024146998533783, "BUS": 0.7290009616653746, "FOOT": 139.06209317770856, "PASSENGER_CAR": 48.86969949411528, "RAIL_TRIP": 52.43726724795953}, "Total_Count": 13, "Total_Duration": 41474.457, "Total_Distance": 245.12220787998254, "Total_Emission": 14.803565714519703}, "end_percents_count": {"BIKE_TRIP": 0.07692307692307693, "BUS": 0.07692307692307693, "FOOT": 0.5384615384615384, "PASSENGER_CAR": 0.3076923076923077, "RAIL_TRIP": 0.5384615384615384}, "end_percents_duration": {"BIKE_TRIP": 0.0043444812309417335, "BUS": 0.0034751509826879707, "FOOT": 0.7215392838054516, "PASSENGER_CAR": 0.07756644047202353, "RAIL_TRIP": 0.1930746435088951}, "end_percents_distance": {"BIKE_TRIP": 0.016416900913784595, "BUS": 0.0029740306599323318, "FOOT": 0.5673173980457803, "PASSENGER_CAR": 0.19936871455581456, "RAIL_TRIP": 0.21392295582468815}}