{"start": {"Count": {"FOOT": 7, "RAIL_TRIP": 2}, "Duration": {"FOOT": 31379.073, "RAIL_TRIP": 5592.105}, "Distance": {"FOOT": 27.483407657546316, "RAIL_TRIP": 55.23540644876296}, "Total_Count": 7, "Total_Duration": 36971.178, "Total_Distance": 82.71881410630928, "Total_Emission": 0.27617703224381457}, "start_percents_count": {"FOOT": 1.0, "RAIL_TRIP": 0.2857142857142857}, "start_percents_duration": {"FOOT": 0.848744202849041, "RAIL_TRIP": 0.15125579715095905}, "start_percents_distance": {"FOOT": 0.3322509873294962, "RAIL_TRIP": 0.6677490126705037}, "end": {"Count": {"BIKE_TRIP": 1, "FOOT": 9, "PASSENGER_CAR": 1, "RAIL_TRIP": 7}, "Duration": {"BIKE_TRIP": 1563.997, "FOOT": 22413.798, "PASSENGER_CAR": 746.014, "RAIL_TRIP": 9987.696}, "Distance": {"BIKE_TRIP": 12.383041869694202, "FOOT": 25.69008689914185, "PASSENGER_CAR": 15.59581722077304, "RAIL_TRIP": 102.44011419598539}, "Total_Count": 10, "Total_Duration": 34711.505000000005, "Total_Distance": 156.10906018559447, "Total_Emission": 3.909400620052725}, "end_percents_count": {"BIKE_TRIP": 0.1, "FOOT": 0.9, "PASSENGER_CAR": 0.1, "RAIL_TRIP": 0.7}, "end_percents_duration": {"BIKE_TRIP": 0.04505702071978728, "FOOT": 0.6457166867296591, "PASSENGER_CAR": 0.021491836784374517, "RAIL_TRIP": 0.2877344557661789}, "end_percents_distance": {"BIKE_TRIP": 0.07932301850368126, "FOOT": 0.16456499621866597, "PASSENGER_CAR": 0.09990334450948286, "RAIL_TRIP": 0.65620864076817}}