{"start": {"Count": {"BUS": 1, "FOOT": 4, "PASSENGER_CAR": 10, "RAIL_TRIP": 2}, "Duration": {"BUS": 5597.718, "FOOT": 2909.628, "PASSENGER_CAR": 11579.908, "RAIL_TRIP": 814.6270000000001}, "Distance": {"BUS": 132.0127690946906, "FOOT": 3.9708584362744554, "PASSENGER_CAR": 184.22021191755206, "RAIL_TRIP": 9.384895568359022}, "Total_Count": 12, "Total_Duration": 20901.881, "Total_Distance": 329.58873501687617, "Total_Emission": 46.02430549796235}, "start_percents_count": {"BUS": 0.08333333333333333, "FOOT": 0.3333333333333333, "PASSENGER_CAR": 0.8333333333333334, "RAIL_TRIP": 0.16666666666666666}, "start_percents_duration": {"BUS": 0.26780929429270023, "FOOT": 0.13920412234669213, "PASSENGER_CAR": 0.5540127225870245, "RAIL_TRIP": 0.03897386077358301}, "start_percents_distance": {"BUS": 0.40053786755767323, "FOOT": 0.012047919162258785, "PASSENGER_CAR": 0.5589396491603977, "RAIL_TRIP": 0.02847456411967017}, "end": {"Count": {"BUS": 2, "FOOT": 5, "PASSENGER_CAR": 6, "RAIL_TRIP": 2}, "Duration": {"BUS": 6546.727, "FOOT": 5040.1140000000005, "PASSENGER_CAR": 6187.023, "RAIL_TRIP": 2115.889}, "Distance": {"BUS": 137.01316375596232, "FOOT": 5.692043017683211, "PASSENGER_CAR": 107.40681867945912, "RAIL_TRIP": 25.160020867770246}, "Total_Count": 12, "Total_Duration": 19889.753000000004, "Total_Distance": 275.2720463208749, "Total_Emission": 32.31687619645095}, "end_percents_count": {"BUS": 0.16666666666666666, "FOOT": 0.4166666666666667, "PASSENGER_CAR": 0.5, "RAIL_TRIP": 0.16666666666666666}, "end_percents_duration": {"BUS": 0.32915074410426304, "FOOT": 0.2534025435107213, "PASSENGER_CAR": 0.31106585385952246, "RAIL_TRIP": 0.10638085852549299}, "end_percents_distance": {"BUS": 0.4977372951129623, "FOOT": 0.020677882457589603, "PASSENGER_CAR": 0.39018425632023235, "RAIL_TRIP": 0.09140056610921582}}