{"start": {"Count": {"BIKE_TRIP": 4, "FOOT": 17, "PASSENGER_CAR": 6, "RAIL_TRIP": 10}, "Duration": {"BIKE_TRIP": 5409.168, "FOOT": 26830.872, "PASSENGER_CAR": 12347.793000000001, "RAIL_TRIP": 9329.976999999999}, "Distance": {"BIKE_TRIP": 13.144402828212275, "FOOT": 32.19874225387312, "PASSENGER_CAR": 81.17254787602481, "RAIL_TRIP": 61.780865878357666}, "Total_Count": 27, "Total_Duration": 53917.810000000005, "Total_Distance": 188.29655883646785, "Total_Emission": 14.701260629917419}, "start_percents_count": {"BIKE_TRIP": 0.14814814814814814, "FOOT": 0.6296296296296297, "PASSENGER_CAR": 0.2222222222222222, "RAIL_TRIP": 0.37037037037037035}, "start_percents_duration": {"BIKE_TRIP": 0.10032247229625979, "FOOT": 0.49762540429590885, "PASSENGER_CAR": 0.22901139716171706, "RAIL_TRIP": 0.1730407262461142}, "start_percents_distance": {"BIKE_TRIP": 0.06980692004906978, "FOOT": 0.17100016300264492, "PASSENGER_CAR": 0.43108885461110147, "RAIL_TRIP": 0.3281040623371839}, "end": {"Count": {"BIKE_TRIP": 2, "BUS": 1, "FOOT": 24, "PASSENGER_CAR": 9, "RAIL_TRIP": 17}, "Duration": {"BIKE_TRIP": 4855.913, "BUS": 240.337, "FOOT": 36596.088, "PASSENGER_CAR": 11613.2, "RAIL_TRIP": 23007.37}, "Distance": {"BIKE_TRIP": 24.6085476110791, "BUS": 0.9365218560215904, "FOOT": 41.80119524208998, "PASSENGER_CAR": 80.6932749216125, "RAIL_TRIP": 186.10345311044944}, "Total_Count": 34, "Total_Duration": 76312.90800000001, "Total_Distance": 334.1429927412526, "Total_Emission": 17.587101093495857}, "end_percents_count": {"BIKE_TRIP": 0.058823529411764705, "BUS": 0.029411764705882353, "FOOT": 0.7058823529411765, "PASSENGER_CAR": 0.2647058823529412, "RAIL_TRIP": 0.5}, "end_percents_duration": {"BIKE_TRIP": 0.06363160738154545, "BUS": 0.0031493623595106606, "FOOT": 0.47955305280726557, "PASSENGER_CAR": 0.1521787113655792, "RAIL_TRIP": 0.30148726608609905}, "end_percents_distance": {"BIKE_TRIP": 0.07364675646553212, "BUS": 0.002802757730570746, "FOOT": 0.1250997212276099, "PASSENGER_CAR": 0.24149324293655994, "RAIL_TRIP": 0.5569575216397272}}