{"start": {"Count": {"BIKE_TRIP": 2, "BUS": 1, "FOOT": 20, "PASSENGER_CAR": 11, "RAIL_TRIP": 23}, "Duration": {"BIKE_TRIP": 3151.329, "BUS": 300.961, "FOOT": 38843.096, "PASSENGER_CAR": 9061.285, "RAIL_TRIP": 35124.29}, "Distance": {"BIKE_TRIP": 16.221349702157852, "BUS": 2.252852476672434, "FOOT": 62.86535569248447, "PASSENGER_CAR": 84.68722393829724, "RAIL_TRIP": 194.14875285795503}, "Total_Count": 41, "Total_Duration": 86480.961, "Total_Distance": 360.17553466756704, "Total_Emission": 19.715772757210022}, "start_percents_count": {"BIKE_TRIP": 0.04878048780487805, "BUS": 0.024390243902439025, "FOOT": 0.4878048780487805, "PASSENGER_CAR": 0.2682926829268293, "RAIL_TRIP": 0.5609756097560976}, "start_percents_duration": {"BIKE_TRIP": 0.03643956962966682, "BUS": 0.0034800838996227163, "FOOT": 0.44915199311904036, "PASSENGER_CAR": 0.10477780190254825, "RAIL_TRIP": 0.4061505514491219}, "start_percents_distance": {"BIKE_TRIP": 0.04503734468563988, "BUS": 0.00625487369305014, "FOOT": 0.17454088254636066, "PASSENGER_CAR": 0.2351276413498252, "RAIL_TRIP": 0.5390392577251241}, "end": {"Count": {"BIKE_TRIP": 3, "BUS": 2, "FOOT": 15, "MOTORCYCLE": 1, "PASSENGER_CAR": 11, "RAIL_TRIP": 14, "SCOOTER": 1}, "Duration": {"BIKE_TRIP": 1203.774, "BUS": 2307.9610000000002, "FOOT": 55089.572, "MOTORCYCLE": 789.019, "PASSENGER_CAR": 18882.12, "RAIL_TRIP": 39475.154, "SCOOTER": 1201.278}, "Distance": {"BIKE_TRIP": 7.854645769378596, "BUS": 12.857614571737841, "FOOT": 44.161001351499074, "MOTORCYCLE": 16.836963617777087, "PASSENGER_CAR": 208.6960558734141, "RAIL_TRIP": 250.42766443890366, "SCOOTER": 2.9863095669827597}, "Total_Count": 32, "Total_Duration": 118948.878, "Total_Distance": 543.8202551896932, "Total_Emission": 45.83512135334338}, "end_percents_count": {"BIKE_TRIP": 0.09375, "BUS": 0.0625, "FOOT": 0.46875, "MOTORCYCLE": 0.03125, "PASSENGER_CAR": 0.34375, "RAIL_TRIP": 0.4375, "SCOOTER": 0.03125}, "end_percents_duration": {"BIKE_TRIP": 0.010120095458151358, "BUS": 0.019402965700945917, "FOOT": 0.4631365417335, "MOTORCYCLE": 0.0066332613915029955, "PASSENGER_CAR": 0.15874147211375966, "RAIL_TRIP": 0.3318665519484766, "SCOOTER": 0.010099111653663518}, "end_percents_distance": {"BIKE_TRIP": 0.014443459386481974, "BUS": 0.023643132908414563, "FOOT": 0.08120514256331812, "MOTORCYCLE": 0.030960530537620535, "PASSENGER_CAR": 0.3837592547938796, "RAIL_TRIP": 0.4604971257489306, "SCOOTER": 0.005491354061354496}}