{"start": {"Count": {"BUS": 1, "FOOT": 24, "MOTORCYCLE": 1, "PASSENGER_CAR": 10, "PLANE": 1, "RAIL_TRIP": 11}, "Duration": {"BUS": 582.558, "FOOT": 55675.691, "MOTORCYCLE": 1621.848, "PASSENGER_CAR": 14320.141, "PLANE": 732.895, "RAIL_TRIP": 28414.004}, "Distance": {"BUS": 0.5672728542253981, "FOOT": 69.66849355900469, "MOTORCYCLE": 2.1533291596477766, "PASSENGER_CAR": 112.578113545449, "PLANE": 14012.533262176305, "RAIL_TRIP": 176.7328283395502}, "Total_Count": 29, "Total_Duration": 101347.13699999999, "Total_Distance": 14374.233299634181, "Total_Emission": 1550.5034149037529}, "start_percents_count": {"BUS": 0.034482758620689655, "FOOT": 0.8275862068965517, "MOTORCYCLE": 0.034482758620689655, "PASSENGER_CAR": 0.3448275862068966, "PLANE": 0.034482758620689655, "RAIL_TRIP": 0.3793103448275862}, "start_percents_duration": {"BUS": 0.005748144617050209, "FOOT": 0.5493563276484071, "MOTORCYCLE": 0.01600289902614615, "PASSENGER_CAR": 0.14129793326080836, "PLANE": 0.0072315313653112875, "RAIL_TRIP": 0.28036316408227696}, "start_percents_distance": {"BUS": 3.946456429365418e-05, "FOOT": 0.004846762405113998, "MOTORCYCLE": 0.00014980480104650717, "PASSENGER_CAR": 0.007831938664047846, "PLANE": 0.974836916173673, "RAIL_TRIP": 0.012295113391825077}, "end": {"Count": {"BIKE_TRIP": 1, "FOOT": 18, "PASSENGER_CAR": 5, "RAIL_TRIP": 7}, "Duration": {"BIKE_TRIP": 300.629, "FOOT": 46189.099, "PASSENGER_CAR": 8526.563, "RAIL_TRIP": 18536.418}, "Distance": {"BIKE_TRIP": 0.2416204146769769, "FOOT": 47.02299270386199, "PASSENGER_CAR": 95.98055567429824, "RAIL_TRIP": 61.664348619017005}, "Total_Count": 20, "Total_Duration": 73552.709, "Total_Distance": 204.90951741185418, "Total_Emission": 16.05968314972631}, "end_percents_count": {"BIKE_TRIP": 0.05, "FOOT": 0.9, "PASSENGER_CAR": 0.25, "RAIL_TRIP": 0.35}, "end_percents_duration": {"BIKE_TRIP": 0.004087259382927691, "FOOT": 0.6279727779978845, "PASSENGER_CAR": 0.11592452699464814, "RAIL_TRIP": 0.2520154356245397}, "end_percents_distance": {"BIKE_TRIP": 0.0011791566235126907, "FOOT": 0.22948174051549286, "PASSENGER_CAR": 0.46840457625686494, "RAIL_TRIP": 0.30093452660412967}}