{"start": {"Count": {"BIKE_TRIP": 3, "FOOT": 31, "PASSENGER_CAR": 8, "RAIL_TRIP": 21, "SCOOTER": 1}, "Duration": {"BIKE_TRIP": 5047.745, "FOOT": 55678.791, "PASSENGER_CAR": 9007.627, "RAIL_TRIP": 38420.218, "SCOOTER": 900.691}, "Distance": {"BIKE_TRIP": 24.7905520503997, "FOOT": 66.18332011358328, "PASSENGER_CAR": 83.31003902440875, "RAIL_TRIP": 193.92253972055212, "SCOOTER": 0.6792665541667688}, "Total_Count": 38, "Total_Duration": 109055.072, "Total_Distance": 368.8857174631106, "Total_Emission": 18.881742716849594}, "start_percents_count": {"BIKE_TRIP": 0.07894736842105263, "FOOT": 0.8157894736842105, "PASSENGER_CAR": 0.21052631578947367, "RAIL_TRIP": 0.5526315789473685, "SCOOTER": 0.02631578947368421}, "start_percents_duration": {"BIKE_TRIP": 0.04628620115898874, "FOOT": 0.5105566387595434, "PASSENGER_CAR": 0.08259704784753157, "RAIL_TRIP": 0.35230106491516505, "SCOOTER": 0.008259047318771199}, "start_percents_distance": {"BIKE_TRIP": 0.0672038815188848, "FOOT": 0.17941415723204776, "PASSENGER_CAR": 0.2258424088559079, "RAIL_TRIP": 0.5256981513249962, "SCOOTER": 0.0018414010681633316}, "end": {"Count": {"BIKE_TRIP": 1, "FOOT": 31, "PASSENGER_CAR": 8, "RAIL_TRIP": 13, "SCOOTER": 1, "UNKNOWN": 1}, "Duration": {"BIKE_TRIP": 2164.851, "FOOT": 63408.267, "PASSENGER_CAR": 9883.223, "RAIL_TRIP": 27652.385, "SCOOTER": 900.691, "UNKNOWN": 609.656}, "Distance": {"BIKE_TRIP": 12.47987885946859, "FOOT": 66.61378618268651, "PASSENGER_CAR": 111.02151832908433, "RAIL_TRIP": 152.59859669702095, "SCOOTER": 0.6792665541667688, "UNKNOWN": 32.18286928754263}, "Total_Count": 37, "Total_Duration": 104619.07299999999, "Total_Distance": 375.57591590996975, "Total_Emission": 25.210047942179614}, "end_percents_count": {"BIKE_TRIP": 0.02702702702702703, "FOOT": 0.8378378378378378, "PASSENGER_CAR": 0.21621621621621623, "RAIL_TRIP": 0.35135135135135137, "SCOOTER": 0.02702702702702703, "UNKNOWN": 0.02702702702702703}, "end_percents_duration": {"BIKE_TRIP": 0.020692699121889566, "FOOT": 0.6060870659788775, "PASSENGER_CAR": 0.09446865391361288, "RAIL_TRIP": 0.2643149495312389, "SCOOTER": 0.008609242790748109, "UNKNOWN": 0.0058273886636330645}, "end_percents_distance": {"BIKE_TRIP": 0.0332286452107333, "FOOT": 0.17736437125178886, "PASSENGER_CAR": 0.2956034016720539, "RAIL_TRIP": 0.4063055969052093, "SCOOTER": 0.001808599873932272, "UNKNOWN": 0.08568938508628245}}