{"start": {"Count": {"BUS": 1, "FOOT": 6, "PASSENGER_CAR": 1, "RAIL_TRIP": 4}, "Duration": {"BUS": 3108.154, "FOOT": 4772.06, "PASSENGER_CAR": 3355.001, "RAIL_TRIP": 1585.109}, "Distance": {"BUS": 11.232630881318894, "FOOT": 11.809402346303763, "PASSENGER_CAR": 44.8303179221772, "RAIL_TRIP": 10.029465319968097}, "Total_Count": 10, "Total_Duration": 12820.324, "Total_Distance": 77.90181646976797, "Total_Emission": 13.133849582692921}, "start_percents_count": {"BUS": 0.1, "FOOT": 0.6, "PASSENGER_CAR": 0.1, "RAIL_TRIP": 0.4}, "start_percents_duration": {"BUS": 0.24243958265017326, "FOOT": 0.3722261621469161, "PASSENGER_CAR": 0.26169393222823384, "RAIL_TRIP": 0.12364032297467677}, "start_percents_distance": {"BUS": 0.144189588771374, "FOOT": 0.15159341439601398, "PASSENGER_CAR": 0.5754720487111478, "RAIL_TRIP": 0.12874494812146414}, "end": {"Count": {"BUS": 1, "FOOT": 6, "PASSENGER_CAR": 3, "RAIL_TRIP": 5}, "Duration": {"BUS": 2418.263, "FOOT": 5981.083, "PASSENGER_CAR": 1401.271, "RAIL_TRIP": 3138.436}, "Distance": {"BUS": 2.317964270437196, "FOOT": 8.877534666011917, "PASSENGER_CAR": 12.486601906556672, "RAIL_TRIP": 14.198762009805677}, "Total_Count": 12, "Total_Duration": 12939.052999999996, "Total_Distance": 37.88086285281146, "Total_Emission": 3.448226876425707}, "end_percents_count": {"BUS": 0.08333333333333333, "FOOT": 0.5, "PASSENGER_CAR": 0.25, "RAIL_TRIP": 0.4166666666666667}, "end_percents_duration": {"BUS": 0.18689644443067052, "FOOT": 0.4622504444490645, "PASSENGER_CAR": 0.10829780201070359, "RAIL_TRIP": 0.24255530910956166}, "end_percents_distance": {"BUS": 0.06119090474374345, "FOOT": 0.23435407742706788, "PASSENGER_CAR": 0.32962823352451526, "RAIL_TRIP": 0.3748267843046734}}