{"start": {"Count": {"FOOT": 1, "PASSENGER_CAR": 4, "RAIL_TRIP": 6}, "Duration": {"FOOT": 360.193, "PASSENGER_CAR": 10915.103, "RAIL_TRIP": 5888.459}, "Distance": {"FOOT": 4.920535746488787, "PASSENGER_CAR": 148.75838756680594, "RAIL_TRIP": 34.154014694994125}, "Total_Count": 11, "Total_Duration": 17163.754999999997, "Total_Distance": 187.83293800828886}, "start_percents_count": {"FOOT": 0.09090909090909091, "PASSENGER_CAR": 0.36363636363636365, "RAIL_TRIP": 0.5454545454545454}, "start_percents_duration": {"FOOT": 0.020985675919983713, "PASSENGER_CAR": 0.6359391053997218, "RAIL_TRIP": 0.34307521868029467}, "start_percents_distance": {"FOOT": 0.026196341273603724, "PASSENGER_CAR": 0.791971786972961, "RAIL_TRIP": 0.1818318717534352}, "end": {"Count": {"BIKE_TRIP": 1, "BUS": 1, "FOOT": 11, "PASSENGER_CAR": 4, "RAIL_TRIP": 7}, "Duration": {"BIKE_TRIP": 1923.06, "BUS": 558.235, "FOOT": 10667.873, "PASSENGER_CAR": 7673.992, "RAIL_TRIP": 8912.833}, "Distance": {"BIKE_TRIP": 13.418928764969849, "BUS": 2.723278850470875, "FOOT": 20.89535268794078, "PASSENGER_CAR": 62.398868843523395, "RAIL_TRIP": 44.71687840531283}, "Total_Count": 24, "Total_Duration": 29735.993000000002, "Total_Distance": 144.15330755221774}, "end_percents_count": {"BIKE_TRIP": 0.041666666666666664, "BUS": 0.041666666666666664, "FOOT": 0.4583333333333333, "PASSENGER_CAR": 0.16666666666666666, "RAIL_TRIP": 0.2916666666666667}, "end_percents_duration": {"BIKE_TRIP": 0.06467112095432628, "BUS": 0.01877304046984407, "FOOT": 0.35875287568166964, "PASSENGER_CAR": 0.2580708167371441, "RAIL_TRIP": 0.2997321461570158}, "end_percents_distance": {"BIKE_TRIP": 0.09308790060269001, "BUS": 0.018891546067955473, "FOOT": 0.14495229448947397, "PASSENGER_CAR": 0.4328646349021175, "RAIL_TRIP": 0.31020362393776296}}