{"start": {"Count": {"FOOT": 6, "MOTORCYCLE": 2, "PASSENGER_CAR": 2, "RAIL_TRIP": 1}, "Duration": {"FOOT": 3589.083, "MOTORCYCLE": 3164.722, "PASSENGER_CAR": 2084.4680000000003, "RAIL_TRIP": 120.181}, "Distance": {"FOOT": 3.3382850667804096, "MOTORCYCLE": 67.91491061624433, "PASSENGER_CAR": 20.328832418651142, "RAIL_TRIP": 3.709087202370976}, "Total_Count": 10, "Total_Duration": 8958.454, "Total_Distance": 95.29111530404684, "Total_Emission": 12.447130230042744}, "start_percents_count": {"FOOT": 0.6, "MOTORCYCLE": 0.2, "PASSENGER_CAR": 0.2, "RAIL_TRIP": 0.1}, "start_percents_duration": {"FOOT": 0.40063642677631656, "MOTORCYCLE": 0.3532665346051897, "PASSENGER_CAR": 0.2326816658320733, "RAIL_TRIP": 0.013415372786420514}, "start_percents_distance": {"FOOT": 0.03503249023929347, "MOTORCYCLE": 0.7127097883107693, "PASSENGER_CAR": 0.21333397509083216, "RAIL_TRIP": 0.038923746359105296}, "end": {"Count": {"BUS": 1, "FOOT": 5, "PASSENGER_CAR": 5, "RAIL_TRIP": 2}, "Duration": {"BUS": 422.988, "FOOT": 7728.392, "PASSENGER_CAR": 8476.688, "RAIL_TRIP": 841.004}, "Distance": {"BUS": 1.6953637851005998, "FOOT": 9.632614524853013, "PASSENGER_CAR": 134.01788028770622, "RAIL_TRIP": 3.0995155607537086}, "Total_Count": 10, "Total_Duration": 17469.072, "Total_Distance": 148.44537415841356, "Total_Emission": 29.827310803471107}, "end_percents_count": {"BUS": 0.1, "FOOT": 0.5, "PASSENGER_CAR": 0.5, "RAIL_TRIP": 0.2}, "end_percents_duration": {"BUS": 0.024213535784843063, "FOOT": 0.4424042673818048, "PASSENGER_CAR": 0.4852397425575898, "RAIL_TRIP": 0.04814245427576233}, "end_percents_distance": {"BUS": 0.011420792292869911, "FOOT": 0.06488996089951286, "PASSENGER_CAR": 0.9028094074840551, "RAIL_TRIP": 0.02087983932356194}}