{"start": {"Count": {"BUS": 1, "FOOT": 9, "PASSENGER_CAR": 2, "RAIL_TRIP": 4}, "Duration": {"BUS": 240.382, "FOOT": 18359.293999999998, "PASSENGER_CAR": 1500.626, "RAIL_TRIP": 1983.1100000000001}, "Distance": {"BUS": 0.6437445948674948, "FOOT": 16.11570786877136, "PASSENGER_CAR": 1.253374802063442, "RAIL_TRIP": 7.040573992493645}, "Total_Count": 11, "Total_Duration": 22083.412, "Total_Distance": 25.053401258195937, "Total_Emission": 0.3609900521894462}, "start_percents_count": {"BUS": 0.09090909090909091, "FOOT": 0.8181818181818182, "PASSENGER_CAR": 0.18181818181818182, "RAIL_TRIP": 0.36363636363636365}, "start_percents_duration": {"BUS": 0.010885183865609173, "FOOT": 0.8313612950752356, "PASSENGER_CAR": 0.06795263340646816, "RAIL_TRIP": 0.08980088765268701}, "start_percents_distance": {"BUS": 0.025694898198978116, "FOOT": 0.6432542912112298, "PASSENGER_CAR": 0.05002812948016049, "RAIL_TRIP": 0.2810226811096318}, "end": {"Count": {"BIKE_TRIP": 1, "BUS": 1, "FOOT": 7, "PASSENGER_CAR": 3, "RAIL_TRIP": 11}, "Duration": {"BIKE_TRIP": 456.999, "BUS": 240.382, "FOOT": 11487.481, "PASSENGER_CAR": 4484.168, "RAIL_TRIP": 9944.822}, "Distance": {"BIKE_TRIP": 2.6670215626975646, "BUS": 0.6437445948674948, "FOOT": 12.337425175617184, "PASSENGER_CAR": 51.04043125139196, "RAIL_TRIP": 79.22035317021746}, "Total_Count": 14, "Total_Duration": 26613.852, "Total_Distance": 145.90897575479167, "Total_Emission": 12.586716045534121}, "end_percents_count": {"BIKE_TRIP": 0.07142857142857142, "BUS": 0.07142857142857142, "FOOT": 0.5, "PASSENGER_CAR": 0.21428571428571427, "RAIL_TRIP": 0.7857142857142857}, "end_percents_duration": {"BIKE_TRIP": 0.01717147145779574, "BUS": 0.009032213750944434, "FOOT": 0.43163541301725133, "PASSENGER_CAR": 0.16849000287519447, "RAIL_TRIP": 0.37367089889881405}, "end_percents_distance": {"BIKE_TRIP": 0.018278666880505324, "BUS": 0.004411960206953575, "FOOT": 0.0845556286842211, "PASSENGER_CAR": 0.34981008527651036, "RAIL_TRIP": 0.5429436589518096}}