{"start": {"Count": {"FOOT": 7, "PASSENGER_CAR": 3, "RAIL_TRIP": 4}, "Duration": {"FOOT": 6625.2119999999995, "PASSENGER_CAR": 2738.953, "RAIL_TRIP": 5531.796}, "Distance": {"FOOT": 8.060653829470816, "PASSENGER_CAR": 13.972649952698367, "RAIL_TRIP": 55.40913766034158}, "Total_Count": 8, "Total_Duration": 14895.961, "Total_Distance": 77.44244144251076, "Total_Emission": 2.364690733284916}, "start_percents_count": {"FOOT": 0.875, "PASSENGER_CAR": 0.375, "RAIL_TRIP": 0.5}, "start_percents_duration": {"FOOT": 0.4447656650014054, "PASSENGER_CAR": 0.18387219193175922, "RAIL_TRIP": 0.3713621430668354}, "start_percents_distance": {"FOOT": 0.1040857400583713, "PASSENGER_CAR": 0.18042625842408308, "RAIL_TRIP": 0.7154880015175457}, "end": {"Count": {"FOOT": 11, "PASSENGER_CAR": 4, "RAIL_TRIP": 6}, "Duration": {"FOOT": 23421.759000000002, "PASSENGER_CAR": 3169.0009999999997, "RAIL_TRIP": 17232.761}, "Distance": {"FOOT": 35.11626099796161, "PASSENGER_CAR": 54.25024802067114, "RAIL_TRIP": 143.14271346056546}, "Total_Count": 12, "Total_Duration": 43823.521, "Total_Distance": 232.5092224791982, "Total_Emission": 12.708835108823273}, "end_percents_count": {"FOOT": 0.9166666666666666, "PASSENGER_CAR": 0.3333333333333333, "RAIL_TRIP": 0.5}, "end_percents_duration": {"FOOT": 0.5344563482245072, "PASSENGER_CAR": 0.0723127883768171, "RAIL_TRIP": 0.39323086339867575}, "end_percents_distance": {"FOOT": 0.15103169080144055, "PASSENGER_CAR": 0.23332514487903688, "RAIL_TRIP": 0.6156431643195226}}