{"start": {"Count": {"FOOT": 3, "PASSENGER_CAR": 2}, "Duration": {"FOOT": 14094.029, "PASSENGER_CAR": 1292.5970000000002}, "Distance": {"FOOT": 6.005778535240906, "PASSENGER_CAR": 11.171830193533857}, "Total_Count": 5, "Total_Duration": 15386.626, "Total_Distance": 17.177608728774764, "Total_Emission": 2.68286129276518}, "start_percents_count": {"FOOT": 0.6, "PASSENGER_CAR": 0.4}, "start_percents_duration": {"FOOT": 0.9159921739827822, "PASSENGER_CAR": 0.08400782601721782}, "start_percents_distance": {"FOOT": 0.3496283231309393, "PASSENGER_CAR": 0.6503716768690607}, "end": {"Count": {"FOOT": 2, "PASSENGER_CAR": 3, "RAIL_TRIP": 2}, "Duration": {"FOOT": 9457.45, "PASSENGER_CAR": 3198.226, "RAIL_TRIP": 2646.2889999999998}, "Distance": {"FOOT": 7.121413729208142, "PASSENGER_CAR": 25.90600643257931, "RAIL_TRIP": 1.3982577371475169}, "Total_Count": 5, "Total_Duration": 15301.964999999998, "Total_Distance": 34.425677898934964, "Total_Emission": 6.193837315270832}, "end_percents_count": {"FOOT": 0.4, "PASSENGER_CAR": 0.6, "RAIL_TRIP": 0.4}, "end_percents_duration": {"FOOT": 0.6180546093263186, "PASSENGER_CAR": 0.20900753596025087, "RAIL_TRIP": 0.1729378547134306}, "end_percents_distance": {"FOOT": 0.2068634276459218, "PASSENGER_CAR": 0.7525198634761168, "RAIL_TRIP": 0.04061670887796156}}