{"start": {"Count": {"BUS": 1, "FOOT": 13, "PASSENGER_CAR": 4, "RAIL_TRIP": 7}, "Duration": {"BUS": 187.982, "FOOT": 49269.725, "PASSENGER_CAR": 6123.909, "RAIL_TRIP": 9420.726}, "Distance": {"BUS": 0.8091617049562406, "FOOT": 39.513922435725746, "PASSENGER_CAR": 40.36842704617385, "RAIL_TRIP": 72.9607626804351}, "Total_Count": 15, "Total_Duration": 65002.342, "Total_Distance": 153.6522738672909, "Total_Emission": 9.724803158886207}, "start_percents_count": {"BUS": 0.06666666666666667, "FOOT": 0.8666666666666667, "PASSENGER_CAR": 0.26666666666666666, "RAIL_TRIP": 0.4666666666666667}, "start_percents_duration": {"BUS": 0.002891926570891861, "FOOT": 0.7579684590441372, "PASSENGER_CAR": 0.09421059013535235, "RAIL_TRIP": 0.1449290242496186}, "start_percents_distance": {"BUS": 0.005266187636475277, "FOOT": 0.25716457974356977, "PASSENGER_CAR": 0.26272586815760346, "RAIL_TRIP": 0.47484336446235176}, "end": {"Count": {"BIKE_TRIP": 1, "FOOT": 9, "PASSENGER_CAR": 2, "RAIL_TRIP": 4}, "Duration": {"BIKE_TRIP": 1307.925, "FOOT": 11226.738, "PASSENGER_CAR": 2165.706, "RAIL_TRIP": 5152.335}, "Distance": {"BIKE_TRIP": 6.4411063929092975, "FOOT": 18.443213337244416, "PASSENGER_CAR": 18.947374132059867, "RAIL_TRIP": 77.22370361530497}, "Total_Count": 11, "Total_Duration": 19852.704, "Total_Distance": 121.05539747751857, "Total_Emission": 3.3732467166766913}, "end_percents_count": {"BIKE_TRIP": 0.09090909090909091, "FOOT": 0.8181818181818182, "PASSENGER_CAR": 0.18181818181818182, "RAIL_TRIP": 0.36363636363636365}, "end_percents_duration": {"BIKE_TRIP": 0.06588145373043389, "FOOT": 0.5655017069715037, "PASSENGER_CAR": 0.1090887165798674, "RAIL_TRIP": 0.2595281227181949}, "end_percents_distance": {"BIKE_TRIP": 0.05320792403416368, "FOOT": 0.15235349865890566, "PASSENGER_CAR": 0.15651821006641709, "RAIL_TRIP": 0.6379203672405135}}