{"start": {"Count": {"BIKE_TRIP": 1, "FOOT": 4, "PASSENGER_CAR": 6, "RAIL_TRIP": 1}, "Duration": {"BIKE_TRIP": 616.192, "FOOT": 52418.524000000005, "PASSENGER_CAR": 11320.247, "RAIL_TRIP": 2524.6490000000003}, "Distance": {"BIKE_TRIP": 4.327581521981301, "FOOT": 10.949368080207588, "PASSENGER_CAR": 43.76217843208518, "RAIL_TRIP": 29.529878788086243}, "Total_Count": 7, "Total_Duration": 66879.61200000001, "Total_Distance": 88.56900682236031, "Total_Emission": 6.738324491826358}, "start_percents_count": {"BIKE_TRIP": 0.14285714285714285, "FOOT": 0.5714285714285714, "PASSENGER_CAR": 0.8571428571428571, "RAIL_TRIP": 0.14285714285714285}, "start_percents_duration": {"BIKE_TRIP": 0.009213450580425017, "FOOT": 0.7837743436669459, "PASSENGER_CAR": 0.16926304835620157, "RAIL_TRIP": 0.03774915739642748}, "start_percents_distance": {"BIKE_TRIP": 0.04886112735418809, "FOOT": 0.12362527788268354, "PASSENGER_CAR": 0.49410262124602367, "RAIL_TRIP": 0.33341097351710475}, "end": {"Count": {"FOOT": 4, "PASSENGER_CAR": 4, "RAIL_TRIP": 1}, "Duration": {"FOOT": 8637.122, "PASSENGER_CAR": 1937.056, "RAIL_TRIP": 1321.788}, "Distance": {"FOOT": 6.559435167029044, "PASSENGER_CAR": 10.71588697283567, "RAIL_TRIP": 11.025723381346104}, "Total_Count": 6, "Total_Duration": 11895.965999999999, "Total_Distance": 28.30104552121082, "Total_Emission": 2.634305746164276}, "end_percents_count": {"FOOT": 0.6666666666666666, "PASSENGER_CAR": 0.6666666666666666, "RAIL_TRIP": 0.16666666666666666}, "end_percents_duration": {"FOOT": 0.7260546978698493, "PASSENGER_CAR": 0.16283301414950246, "RAIL_TRIP": 0.11111228798064825}, "end_percents_distance": {"FOOT": 0.2317735986860604, "PASSENGER_CAR": 0.37863926139422727, "RAIL_TRIP": 0.3895871399197122}}