{"start": {"Count": {"BIKE_TRIP": 1, "FOOT": 11, "PASSENGER_CAR": 8, "RAIL_TRIP": 17}, "Duration": {"BIKE_TRIP": 360.597, "FOOT": 71337.274, "PASSENGER_CAR": 17240.366, "RAIL_TRIP": 27667.696}, "Distance": {"BIKE_TRIP": 0.5218641901990436, "FOOT": 42.390209648728074, "PASSENGER_CAR": 106.94620999657884, "RAIL_TRIP": 202.5489493450912}, "Total_Count": 28, "Total_Duration": 116605.933, "Total_Distance": 352.4072331805972, "Total_Emission": 25.3795695547294}, "start_percents_count": {"BIKE_TRIP": 0.03571428571428571, "FOOT": 0.39285714285714285, "PASSENGER_CAR": 0.2857142857142857, "RAIL_TRIP": 0.6071428571428571}, "start_percents_duration": {"BIKE_TRIP": 0.003092441273978743, "FOOT": 0.611780825937905, "PASSENGER_CAR": 0.14785153342068796, "RAIL_TRIP": 0.2372751993674284}, "start_percents_distance": {"BIKE_TRIP": 0.001480855501997047, "FOOT": 0.12028756977018255, "PASSENGER_CAR": 0.303473368101308, "RAIL_TRIP": 0.5747582066265123}, "end": {"Count": {"BIKE_TRIP": 1, "FOOT": 14, "HIGH_SPEED_TRAIN": 1, "PASSENGER_CAR": 5, "RAIL_TRIP": 15, "UNKNOWN": 1}, "Duration": {"BIKE_TRIP": 600.788, "FOOT": 90063.657, "HIGH_SPEED_TRAIN": 5609.72, "PASSENGER_CAR": 7701.304, "RAIL_TRIP": 16642.379, "UNKNOWN": 346.745}, "Distance": {"BIKE_TRIP": 0.4409785295780923, "FOOT": 73.69702044688263, "HIGH_SPEED_TRAIN": 406.3666822393425, "PASSENGER_CAR": 61.75647064153207, "RAIL_TRIP": 110.84389963493302, "UNKNOWN": 11.519338879886549}, "Total_Count": 26, "Total_Duration": 120964.59300000001, "Total_Distance": 664.6243903721548, "Total_Emission": 12.182864188887434}, "end_percents_count": {"BIKE_TRIP": 0.038461538461538464, "FOOT": 0.5384615384615384, "HIGH_SPEED_TRAIN": 0.038461538461538464, "PASSENGER_CAR": 0.19230769230769232, "RAIL_TRIP": 0.5769230769230769, "UNKNOWN": 0.038461538461538464}, "end_percents_duration": {"BIKE_TRIP": 0.004966643421021554, "FOOT": 0.7445456126157511, "HIGH_SPEED_TRAIN": 0.04637489252743569, "PASSENGER_CAR": 0.06366577036306814, "RAIL_TRIP": 0.1375805811209566, "UNKNOWN": 0.0028664999517668778}, "end_percents_distance": {"BIKE_TRIP": 0.0006635003709857345, "FOOT": 0.11088521804867282, "HIGH_SPEED_TRAIN": 0.6114230656082279, "PASSENGER_CAR": 0.09291935646079988, "RAIL_TRIP": 0.16677675577459058, "UNKNOWN": 0.017332103736723118}}