{"start": {"Count": {"BIKE_TRIP": 2, "FOOT": 23, "PASSENGER_CAR": 18, "RAIL_TRIP": 8}, "Duration": {"BIKE_TRIP": 4330.263, "FOOT": 27784.769, "PASSENGER_CAR": 69385.77, "RAIL_TRIP": 14974.005000000001}, "Distance": {"BIKE_TRIP": 10.381495363488051, "FOOT": 37.347706675742465, "PASSENGER_CAR": 640.1203392762461, "RAIL_TRIP": 94.11791355946538}, "Total_Count": 34, "Total_Duration": 116474.807, "Total_Distance": 781.967454874942, "Total_Emission": 119.87898312269331}, "start_percents_count": {"BIKE_TRIP": 0.058823529411764705, "FOOT": 0.6764705882352942, "PASSENGER_CAR": 0.5294117647058824, "RAIL_TRIP": 0.23529411764705882}, "start_percents_duration": {"BIKE_TRIP": 0.03717767911819764, "FOOT": 0.23854745687623247, "PASSENGER_CAR": 0.5957148312767756, "RAIL_TRIP": 0.12856003272879432}, "start_percents_distance": {"BIKE_TRIP": 0.013276122041611485, "FOOT": 0.047761203414425205, "PASSENGER_CAR": 0.8186022772247202, "RAIL_TRIP": 0.12036039731924318}, "end": {"Count": {"BIKE_TRIP": 2, "FOOT": 22, "PASSENGER_CAR": 14, "RAIL_TRIP": 7}, "Duration": {"BIKE_TRIP": 8818.148000000001, "FOOT": 467422.87700000004, "PASSENGER_CAR": 51352.542, "RAIL_TRIP": 14485.94}, "Distance": {"BIKE_TRIP": 27.779489499473822, "FOOT": 80.77120136239103, "PASSENGER_CAR": 250.87536322332429, "RAIL_TRIP": 49.94554542943422}, "Total_Count": 30, "Total_Duration": 542079.5070000001, "Total_Distance": 409.37159951462337, "Total_Emission": 40.58868480384872}, "end_percents_count": {"BIKE_TRIP": 0.06666666666666667, "FOOT": 0.7333333333333333, "PASSENGER_CAR": 0.4666666666666667, "RAIL_TRIP": 0.23333333333333334}, "end_percents_duration": {"BIKE_TRIP": 0.016267259481550552, "FOOT": 0.8622773430171378, "PASSENGER_CAR": 0.09473249096649579, "RAIL_TRIP": 0.026722906534815745}, "end_percents_distance": {"BIKE_TRIP": 0.06785885863213502, "FOOT": 0.19730533690700192, "PASSENGER_CAR": 0.6128304052376321, "RAIL_TRIP": 0.12200539922323089}}