{"start": {"Count": {"FOOT": 11, "PASSENGER_CAR": 6, "RAIL_TRIP": 9}, "Duration": {"FOOT": 20099.86, "PASSENGER_CAR": 9470.505, "RAIL_TRIP": 17995.491}, "Distance": {"FOOT": 21.423027233090973, "PASSENGER_CAR": 169.51976684325948, "RAIL_TRIP": 117.73630265240033}, "Total_Count": 19, "Total_Duration": 47565.856, "Total_Distance": 308.6790967287507, "Total_Emission": 41.49504670457046}, "start_percents_count": {"FOOT": 0.5789473684210527, "PASSENGER_CAR": 0.3157894736842105, "RAIL_TRIP": 0.47368421052631576}, "start_percents_duration": {"FOOT": 0.42256907980379876, "PASSENGER_CAR": 0.19910300783822749, "RAIL_TRIP": 0.3783279123579738}, "start_percents_distance": {"FOOT": 0.06940226098923792, "PASSENGER_CAR": 0.5491779930670965, "RAIL_TRIP": 0.38141974594366573}, "end": {"Count": {"FOOT": 10, "PASSENGER_CAR": 5, "RAIL_TRIP": 12, "UNKNOWN": 1}, "Duration": {"FOOT": 16733.614, "PASSENGER_CAR": 12072.719, "RAIL_TRIP": 26436.124, "UNKNOWN": 2763.622}, "Distance": {"FOOT": 9.66221516115208, "PASSENGER_CAR": 24.457316757796814, "RAIL_TRIP": 125.53868693456626, "UNKNOWN": 145.1529958117048}, "Total_Count": 19, "Total_Duration": 58006.079000000005, "Total_Distance": 304.81121466521995, "Total_Emission": 6.728451449524123}, "end_percents_count": {"FOOT": 0.5263157894736842, "PASSENGER_CAR": 0.2631578947368421, "RAIL_TRIP": 0.631578947368421, "UNKNOWN": 0.05263157894736842}, "end_percents_duration": {"FOOT": 0.2884803504818866, "PASSENGER_CAR": 0.20812851356493167, "RAIL_TRIP": 0.4557474743293715, "UNKNOWN": 0.047643661623810146}, "end_percents_distance": {"FOOT": 0.03169901465654496, "PASSENGER_CAR": 0.0802375883205569, "RAIL_TRIP": 0.41185717878670514, "UNKNOWN": 0.476206218236193}}