{"start": {"Count": {"FOOT": 17, "HIGH_SPEED_TRAIN": 1, "PASSENGER_CAR": 10, "RAIL_TRIP": 26, "UNKNOWN": 1}, "Duration": {"FOOT": 44041.184, "HIGH_SPEED_TRAIN": 3904.5, "PASSENGER_CAR": 14954.439999999999, "RAIL_TRIP": 30049.347999999998, "UNKNOWN": 208.719}, "Distance": {"FOOT": 41.60249968636086, "HIGH_SPEED_TRAIN": 263.5337003813744, "PASSENGER_CAR": 206.93349705529272, "RAIL_TRIP": 260.27634837827947, "UNKNOWN": 30.532132348428885}, "Total_Count": 37, "Total_Duration": 93158.19099999998, "Total_Distance": 802.8781778497363, "Total_Emission": 52.51439179272079}, "start_percents_count": {"FOOT": 0.4594594594594595, "HIGH_SPEED_TRAIN": 0.02702702702702703, "PASSENGER_CAR": 0.2702702702702703, "RAIL_TRIP": 0.7027027027027027, "UNKNOWN": 0.02702702702702703}, "start_percents_duration": {"FOOT": 0.47275696884238566, "HIGH_SPEED_TRAIN": 0.04191257857293516, "PASSENGER_CAR": 0.16052737649231513, "RAIL_TRIP": 0.32256259677691684, "UNKNOWN": 0.0022404793154474204}, "start_percents_distance": {"FOOT": 0.05181670250121934, "HIGH_SPEED_TRAIN": 0.32823622269466685, "PASSENGER_CAR": 0.25773959582448835, "RAIL_TRIP": 0.3241791289873516, "UNKNOWN": 0.03802834999227388}, "end": {"Count": {"BIKE_TRIP": 1, "BUS": 1, "FOOT": 22, "HIGH_SPEED_TRAIN": 1, "PASSENGER_CAR": 9, "PLANE": 2, "RAIL_TRIP": 28, "UNKNOWN": 2}, "Duration": {"BIKE_TRIP": 531.8140000000001, "BUS": 180.196, "FOOT": 40981.269, "HIGH_SPEED_TRAIN": 2744.645, "PASSENGER_CAR": 16923.639, "PLANE": 2835.723, "RAIL_TRIP": 30025.96, "UNKNOWN": 901.785}, "Distance": {"BIKE_TRIP": 3.5248576939144365, "BUS": 0.9980843404739578, "FOOT": 52.838102826519375, "HIGH_SPEED_TRAIN": 70.39510253758178, "PASSENGER_CAR": 262.8494154599015, "PLANE": 549.6856194689647, "RAIL_TRIP": 216.29766412317022, "UNKNOWN": 43.9762436497107}, "Total_Count": 43, "Total_Duration": 95125.031, "Total_Distance": 1200.5650901002366, "Total_Emission": 109.55443493173206}, "end_percents_count": {"BIKE_TRIP": 0.023255813953488372, "BUS": 0.023255813953488372, "FOOT": 0.5116279069767442, "HIGH_SPEED_TRAIN": 0.023255813953488372, "PASSENGER_CAR": 0.20930232558139536, "PLANE": 0.046511627906976744, "RAIL_TRIP": 0.6511627906976745, "UNKNOWN": 0.046511627906976744}, "end_percents_duration": {"BIKE_TRIP": 0.005590684117621997, "BUS": 0.00189430687281458, "FOOT": 0.43081477681726066, "HIGH_SPEED_TRAIN": 0.028853026076806218, "PASSENGER_CAR": 0.17790941902557697, "PLANE": 0.029810481743758905, "RAIL_TRIP": 0.3156473084355683, "UNKNOWN": 0.009479996910592333}, "end_percents_distance": {"BIKE_TRIP": 0.0029359988250367516, "BUS": 0.0008313454628192017, "FOOT": 0.04401102719229314, "HIGH_SPEED_TRAIN": 0.05863497374532555, "PASSENGER_CAR": 0.21893807976538437, "PLANE": 0.4578557414351193, "RAIL_TRIP": 0.1801632130625348, "UNKNOWN": 0.03662962051148687}}