{"start": {"Count": {"BIKE_TRIP": 2, "BUS": 2, "FOOT": 7, "PASSENGER_CAR": 6, "RAIL_TRIP": 3, "SCOOTER": 1}, "Duration": {"BIKE_TRIP": 686.527, "BUS": 932.123, "FOOT": 11679.172, "PASSENGER_CAR": 37047.051, "RAIL_TRIP": 3550.3280000000004, "SCOOTER": 120.161}, "Distance": {"BIKE_TRIP": 1.151920754203818, "BUS": 9.749941895812261, "FOOT": 8.200657171676554, "PASSENGER_CAR": 63.424287404487245, "RAIL_TRIP": 10.238111248579713, "SCOOTER": 0.6995084541927814}, "Total_Count": 12, "Total_Duration": 54015.362, "Total_Distance": 93.46442692895238, "Total_Emission": 11.455865128152578}, "start_percents_count": {"BIKE_TRIP": 0.16666666666666666, "BUS": 0.16666666666666666, "FOOT": 0.5833333333333334, "PASSENGER_CAR": 0.5, "RAIL_TRIP": 0.25, "SCOOTER": 0.08333333333333333}, "start_percents_duration": {"BIKE_TRIP": 0.012709847246788794, "BUS": 0.017256627845982038, "FOOT": 0.21621945253278133, "PASSENGER_CAR": 0.6858613851370653, "RAIL_TRIP": 0.06572811638289124, "SCOOTER": 0.0022245708544913574}, "start_percents_distance": {"BIKE_TRIP": 0.012324697128667555, "BUS": 0.10431714199910247, "FOOT": 0.08774094531077946, "PASSENGER_CAR": 0.6785928025076284, "RAIL_TRIP": 0.10954019176046823, "SCOOTER": 0.007484221293353861}, "end": {"Count": {"BIKE_TRIP": 6, "BUS": 1, "FOOT": 11, "PASSENGER_CAR": 12, "RAIL_TRIP": 7, "SCOOTER": 1}, "Duration": {"BIKE_TRIP": 4926.432, "BUS": 1890.577, "FOOT": 162853.889, "PASSENGER_CAR": 187660.202, "RAIL_TRIP": 3902.7870000000003, "SCOOTER": 120.161}, "Distance": {"BIKE_TRIP": 17.424431834573056, "BUS": 13.536093346207382, "FOOT": 22.102675475043174, "PASSENGER_CAR": 294.5020916811969, "RAIL_TRIP": 21.87672609421558, "SCOOTER": 0.6995084541927814}, "Total_Count": 19, "Total_Duration": 361354.04799999995, "Total_Distance": 370.14152688542885, "Total_Emission": 62.567572413429794}, "end_percents_count": {"BIKE_TRIP": 0.3157894736842105, "BUS": 0.05263157894736842, "FOOT": 0.5789473684210527, "PASSENGER_CAR": 0.631578947368421, "RAIL_TRIP": 0.3684210526315789, "SCOOTER": 0.05263157894736842}, "end_percents_duration": {"BIKE_TRIP": 0.013633255327473183, "BUS": 0.005231924231827064, "FOOT": 0.45067680824762757, "PASSENGER_CAR": 0.5193250305030483, "RAIL_TRIP": 0.010800451860442423, "SCOOTER": 0.0003325298295814304}, "end_percents_distance": {"BIKE_TRIP": 0.04707505256487068, "BUS": 0.03657004784117956, "FOOT": 0.05971411978825248, "PASSENGER_CAR": 0.7956472600069948, "RAIL_TRIP": 0.0591036792826198, "SCOOTER": 0.0018898405160826567}}