{"start": {"Count": {"FOOT": 3, "PASSENGER_CAR": 7, "RAIL_TRIP": 6}, "Duration": {"FOOT": 3447.792, "PASSENGER_CAR": 7106.2970000000005, "RAIL_TRIP": 13045.561}, "Distance": {"FOOT": 2.0283261646287323, "PASSENGER_CAR": 97.17598788597746, "RAIL_TRIP": 137.42085385814485}, "Total_Count": 11, "Total_Duration": 23599.65, "Total_Distance": 236.62516790875102, "Total_Emission": 24.07932015970614}, "start_percents_count": {"FOOT": 0.2727272727272727, "PASSENGER_CAR": 0.6363636363636364, "RAIL_TRIP": 0.5454545454545454}, "start_percents_duration": {"FOOT": 0.14609504801977993, "PASSENGER_CAR": 0.3011187454051225, "RAIL_TRIP": 0.5527862065750975}, "start_percents_distance": {"FOOT": 0.00857189529987321, "PASSENGER_CAR": 0.41067477624971455, "RAIL_TRIP": 0.5807533284504124}, "end": {"Count": {"FOOT": 3, "PASSENGER_CAR": 10, "RAIL_TRIP": 7}, "Duration": {"FOOT": 2291.435, "PASSENGER_CAR": 16902.308, "RAIL_TRIP": 9623.719000000001}, "Distance": {"FOOT": 4.129783261125004, "PASSENGER_CAR": 286.1782319437026, "RAIL_TRIP": 104.3671423868569}, "Total_Count": 15, "Total_Duration": 28817.462, "Total_Distance": 394.6751575916845, "Total_Emission": 48.6497920370247}, "end_percents_count": {"FOOT": 0.2, "PASSENGER_CAR": 0.6666666666666666, "RAIL_TRIP": 0.4666666666666667}, "end_percents_duration": {"FOOT": 0.07951550348188192, "PASSENGER_CAR": 0.586530069858338, "RAIL_TRIP": 0.33395442665978015}, "end_percents_distance": {"FOOT": 0.010463752738644666, "PASSENGER_CAR": 0.7250981634870756, "RAIL_TRIP": 0.26443808377427963}}