{"start": {"Count": {"BIKE_TRIP": 3, "FOOT": 45, "MOTORCYCLE": 1, "PASSENGER_CAR": 26, "RAIL_TRIP": 19}, "Duration": {"BIKE_TRIP": 9327.654999999999, "FOOT": 80698.967, "MOTORCYCLE": 16132.863000000001, "PASSENGER_CAR": 62163.088, "RAIL_TRIP": 28173.31}, "Distance": {"BIKE_TRIP": 101.83776384331844, "FOOT": 77.1980405898038, "MOTORCYCLE": 65.03279655451368, "PASSENGER_CAR": 666.1231924924892, "RAIL_TRIP": 124.92541459030446}, "Total_Count": 65, "Total_Duration": 196495.88299999997, "Total_Distance": 1035.1172080704296, "Total_Emission": 149.34150291876782}, "start_percents_count": {"BIKE_TRIP": 0.046153846153846156, "FOOT": 0.6923076923076923, "MOTORCYCLE": 0.015384615384615385, "PASSENGER_CAR": 0.4, "RAIL_TRIP": 0.2923076923076923}, "start_percents_duration": {"BIKE_TRIP": 0.04746997676282103, "FOOT": 0.4106903705458298, "MOTORCYCLE": 0.08210280415900624, "PASSENGER_CAR": 0.31635822110328904, "RAIL_TRIP": 0.1433786274290541}, "start_percents_distance": {"BIKE_TRIP": 0.09838283341183657, "FOOT": 0.07457903316447545, "MOTORCYCLE": 0.06282650510249158, "PASSENGER_CAR": 0.6435244118240628, "RAIL_TRIP": 0.12068721649713364}, "end": {"Count": {"BIKE_TRIP": 3, "BUS": 3, "FOOT": 58, "HIGH_SPEED_TRAIN": 2, "MOTORCYCLE": 2, "PASSENGER_CAR": 38, "RAIL_TRIP": 29, "SCOOTER": 1, "UNKNOWN": 2}, "Duration": {"BIKE_TRIP": 1261.689, "BUS": 1442.7910000000002, "FOOT": 172153.142, "HIGH_SPEED_TRAIN": 7728.85, "MOTORCYCLE": 3414.304, "PASSENGER_CAR": 152070.838, "RAIL_TRIP": 54945.234000000004, "SCOOTER": 4988.84, "UNKNOWN": 2405.901}, "Distance": {"BIKE_TRIP": 5.0916333055907215, "BUS": 4.23226970977369, "FOOT": 121.00139534653124, "HIGH_SPEED_TRAIN": 269.2629553803796, "MOTORCYCLE": 8.95445096049701, "PASSENGER_CAR": 2301.5721652059037, "RAIL_TRIP": 291.2598543449266, "SCOOTER": 20.021309477228147, "UNKNOWN": 63.35478896174595}, "Total_Count": 83, "Total_Duration": 400411.58900000004, "Total_Distance": 3084.7508226925765, "Total_Emission": 363.90668249258647}, "end_percents_count": {"BIKE_TRIP": 0.03614457831325301, "BUS": 0.03614457831325301, "FOOT": 0.6987951807228916, "HIGH_SPEED_TRAIN": 0.024096385542168676, "MOTORCYCLE": 0.024096385542168676, "PASSENGER_CAR": 0.4578313253012048, "RAIL_TRIP": 0.3493975903614458, "SCOOTER": 0.012048192771084338, "UNKNOWN": 0.024096385542168676}, "end_percents_duration": {"BIKE_TRIP": 0.003150980227997347, "BUS": 0.003603269834430292, "FOOT": 0.4299404580919859, "HIGH_SPEED_TRAIN": 0.01930226350166903, "MOTORCYCLE": 0.008526985965933168, "PASSENGER_CAR": 0.37978630533593266, "RAIL_TRIP": 0.1372218874514144, "SCOOTER": 0.012459279743773848, "UNKNOWN": 0.006008569846863248}, "end_percents_distance": {"BIKE_TRIP": 0.001650581715753107, "BUS": 0.0013719972707810098, "FOOT": 0.039225662720113366, "HIGH_SPEED_TRAIN": 0.08728839729925054, "MOTORCYCLE": 0.002902811758611014, "PASSENGER_CAR": 0.7461128296894133, "RAIL_TRIP": 0.09441924845349277, "SCOOTER": 0.006490413854481838, "UNKNOWN": 0.02053805723810316}}