{"start": {"Count": {"BIKE_TRIP": 2, "FOOT": 7, "MOTORCYCLE": 1, "PASSENGER_CAR": 13, "RAIL_TRIP": 10}, "Duration": {"BIKE_TRIP": 361.395, "FOOT": 9038.481, "MOTORCYCLE": 2479.75, "PASSENGER_CAR": 7508.684, "RAIL_TRIP": 8046.043}, "Distance": {"BIKE_TRIP": 2.9527776490004927, "FOOT": 10.853205653165668, "MOTORCYCLE": 11.642217156513254, "PASSENGER_CAR": 53.6144777864464, "RAIL_TRIP": 32.597970289006525}, "Total_Count": 24, "Total_Duration": 27434.353, "Total_Distance": 111.66064853413235, "Total_Emission": 13.516133783712501}, "start_percents_count": {"BIKE_TRIP": 0.08333333333333333, "FOOT": 0.2916666666666667, "MOTORCYCLE": 0.041666666666666664, "PASSENGER_CAR": 0.5416666666666666, "RAIL_TRIP": 0.4166666666666667}, "start_percents_duration": {"BIKE_TRIP": 0.013173082667559172, "FOOT": 0.3294585077329872, "MOTORCYCLE": 0.09038849941166828, "PASSENGER_CAR": 0.2736964126691816, "RAIL_TRIP": 0.2932834975186038}, "start_percents_distance": {"BIKE_TRIP": 0.026444210093387464, "FOOT": 0.09719812481519009, "MOTORCYCLE": 0.10426428029346856, "PASSENGER_CAR": 0.4801555291885804, "RAIL_TRIP": 0.29193785560937346}, "end": {"Count": {"FOOT": 8, "MOTORCYCLE": 1, "PASSENGER_CAR": 12, "RAIL_TRIP": 8}, "Duration": {"FOOT": 16246.581999999999, "MOTORCYCLE": 547.003, "PASSENGER_CAR": 67060.765, "RAIL_TRIP": 7449.527}, "Distance": {"FOOT": 19.34896430449079, "MOTORCYCLE": 6.336346508460007, "PASSENGER_CAR": 95.42134864032366, "RAIL_TRIP": 32.66725384959521}, "Total_Count": 21, "Total_Duration": 91303.87700000001, "Total_Distance": 153.77391330286966, "Total_Emission": 17.828213033592437}, "end_percents_count": {"FOOT": 0.38095238095238093, "MOTORCYCLE": 0.047619047619047616, "PASSENGER_CAR": 0.5714285714285714, "RAIL_TRIP": 0.38095238095238093}, "end_percents_duration": {"FOOT": 0.17793967281367468, "MOTORCYCLE": 0.005991016131768424, "PASSENGER_CAR": 0.7344788327006091, "RAIL_TRIP": 0.08159047835394766}, "end_percents_distance": {"FOOT": 0.12582735191489536, "MOTORCYCLE": 0.04120560095248458, "PASSENGER_CAR": 0.620530144488057, "RAIL_TRIP": 0.21243690264456314}}