{"start": {"Count": {"FOOT": 5, "PASSENGER_CAR": 5, "RAIL_TRIP": 3}, "Duration": {"FOOT": 5159.932000000001, "PASSENGER_CAR": 5144.776, "RAIL_TRIP": 5490.9400000000005}, "Distance": {"FOOT": 14.128387483843824, "PASSENGER_CAR": 71.67921972765566, "RAIL_TRIP": 22.75723784409323}, "Total_Count": 12, "Total_Duration": 15795.648, "Total_Distance": 108.5648450555927, "Total_Emission": 15.815226923021646}, "start_percents_count": {"FOOT": 0.4166666666666667, "PASSENGER_CAR": 0.4166666666666667, "RAIL_TRIP": 0.25}, "start_percents_duration": {"FOOT": 0.32666795309695434, "PASSENGER_CAR": 0.3257084483017094, "RAIL_TRIP": 0.3476235986013363}, "start_percents_distance": {"FOOT": 0.1301377759679859, "PASSENGER_CAR": 0.6602433752007931, "RAIL_TRIP": 0.20961884883122112}, "end": {"Count": {"FOOT": 3, "PASSENGER_CAR": 4}, "Duration": {"FOOT": 74518.32800000001, "PASSENGER_CAR": 4508.882}, "Distance": {"FOOT": 27.064070193673093, "PASSENGER_CAR": 30.67935202488194}, "Total_Count": 6, "Total_Duration": 79027.20999999999, "Total_Distance": 57.74342221855503, "Total_Emission": 6.8454229165409695}, "end_percents_count": {"FOOT": 0.5, "PASSENGER_CAR": 0.6666666666666666}, "end_percents_duration": {"FOOT": 0.9429451957117051, "PASSENGER_CAR": 0.05705480428829513}, "end_percents_distance": {"FOOT": 0.4686952929675241, "PASSENGER_CAR": 0.5313047070324759}}