{"start": {"Count": {"BIKE_TRIP": 3, "FOOT": 24, "PASSENGER_CAR": 8, "RAIL_TRIP": 16, "UNKNOWN": 1}, "Duration": {"BIKE_TRIP": 3364.957, "FOOT": 32072.847, "PASSENGER_CAR": 11753.036, "RAIL_TRIP": 32547.325, "UNKNOWN": 152.085}, "Distance": {"BIKE_TRIP": 17.237991893233694, "FOOT": 47.28791894687651, "PASSENGER_CAR": 48.54402093470002, "RAIL_TRIP": 249.12949452618025, "UNKNOWN": 3.22234177893177}, "Total_Count": 34, "Total_Duration": 79890.25, "Total_Distance": 365.42176807992234, "Total_Emission": 10.540753595973378}, "start_percents_count": {"BIKE_TRIP": 0.08823529411764706, "FOOT": 0.7058823529411765, "PASSENGER_CAR": 0.23529411764705882, "RAIL_TRIP": 0.47058823529411764, "UNKNOWN": 0.029411764705882353}, "start_percents_duration": {"BIKE_TRIP": 0.042119745525893336, "FOOT": 0.4014613422789389, "PASSENGER_CAR": 0.1471147730793182, "RAIL_TRIP": 0.40740046501293964, "UNKNOWN": 0.0019036741029099297}, "start_percents_distance": {"BIKE_TRIP": 0.04717286543658649, "FOOT": 0.12940640946308937, "PASSENGER_CAR": 0.13284381275305646, "RAIL_TRIP": 0.6817587683273769, "UNKNOWN": 0.008818144019890471}, "end": {"Count": {"BIKE_TRIP": 2, "FOOT": 26, "PASSENGER_CAR": 6, "RAIL_TRIP": 21}, "Duration": {"BIKE_TRIP": 3184.564, "FOOT": 116456.102, "PASSENGER_CAR": 4632.684, "RAIL_TRIP": 45911.762}, "Distance": {"BIKE_TRIP": 15.765236266220324, "FOOT": 106.88856739708284, "PASSENGER_CAR": 20.659155053658584, "RAIL_TRIP": 145.54896420396534}, "Total_Count": 42, "Total_Duration": 170185.11200000002, "Total_Distance": 288.86192292092704, "Total_Emission": 5.247252347508985}, "end_percents_count": {"BIKE_TRIP": 0.047619047619047616, "FOOT": 0.6190476190476191, "PASSENGER_CAR": 0.14285714285714285, "RAIL_TRIP": 0.5}, "end_percents_duration": {"BIKE_TRIP": 0.01871235363995882, "FOOT": 0.6842907739191663, "PASSENGER_CAR": 0.027221441085868894, "RAIL_TRIP": 0.2697754313550059}, "end_percents_distance": {"BIKE_TRIP": 0.054577066117973236, "FOOT": 0.3700334274460344, "PASSENGER_CAR": 0.07151913566439082, "RAIL_TRIP": 0.5038703707716017}}