{"start": {"Count": {"BIKE_TRIP": 8, "BUS": 1, "FOOT": 29, "MOTORCYCLE": 1, "PASSENGER_CAR": 12, "RAIL_TRIP": 22, "UNKNOWN": 1}, "Duration": {"BIKE_TRIP": 14332.963, "BUS": 271.272, "FOOT": 26476.216, "MOTORCYCLE": 408.892, "PASSENGER_CAR": 62606.227999999996, "RAIL_TRIP": 27566.454999999998, "UNKNOWN": 155.11}, "Distance": {"BIKE_TRIP": 55.956848569102384, "BUS": 5.998679442214379, "FOOT": 41.46708602821687, "MOTORCYCLE": 6.823311773813218, "PASSENGER_CAR": 330.30807227745044, "RAIL_TRIP": 173.97191557694816, "UNKNOWN": 8.723096908252204}, "Total_Count": 52, "Total_Duration": 131817.13599999997, "Total_Distance": 623.2490105759977, "Total_Emission": 78.35305742787591}, "start_percents_count": {"BIKE_TRIP": 0.15384615384615385, "BUS": 0.019230769230769232, "FOOT": 0.5576923076923077, "MOTORCYCLE": 0.019230769230769232, "PASSENGER_CAR": 0.23076923076923078, "RAIL_TRIP": 0.4230769230769231, "UNKNOWN": 0.019230769230769232}, "start_percents_duration": {"BIKE_TRIP": 0.10873368542918428, "BUS": 0.002057941844526193, "FOOT": 0.20085564596093186, "MOTORCYCLE": 0.0031019639206847894, "PASSENGER_CAR": 0.47494756675641936, "RAIL_TRIP": 0.2091264902007885, "UNKNOWN": 0.001176705887465193}, "start_percents_distance": {"BIKE_TRIP": 0.08978249081757528, "BUS": 0.009624851929841792, "FOOT": 0.06653373743809651, "MOTORCYCLE": 0.01094797048696028, "PASSENGER_CAR": 0.5299776921782587, "RAIL_TRIP": 0.2791370906729011, "UNKNOWN": 0.013996166476366236}, "end": {"Count": {"BIKE_TRIP": 2, "FOOT": 22, "MOTORCYCLE": 1, "PASSENGER_CAR": 5, "RAIL_TRIP": 15}, "Duration": {"BIKE_TRIP": 2570.718, "FOOT": 34864.332, "MOTORCYCLE": 876.0, "PASSENGER_CAR": 9595.891, "RAIL_TRIP": 25868.914}, "Distance": {"BIKE_TRIP": 12.759423671463512, "FOOT": 40.07724244259441, "MOTORCYCLE": 1.9833441561333471, "PASSENGER_CAR": 93.55552788391556, "RAIL_TRIP": 149.43683479651216}, "Total_Count": 34, "Total_Duration": 73775.855, "Total_Distance": 297.812372950619, "Total_Emission": 21.42921367587497}, "end_percents_count": {"BIKE_TRIP": 0.058823529411764705, "FOOT": 0.6470588235294118, "MOTORCYCLE": 0.029411764705882353, "PASSENGER_CAR": 0.14705882352941177, "RAIL_TRIP": 0.4411764705882353}, "end_percents_duration": {"BIKE_TRIP": 0.03484497739809318, "FOOT": 0.4725710328941631, "MOTORCYCLE": 0.01187380342796434, "PASSENGER_CAR": 0.13006817745453442, "RAIL_TRIP": 0.3506420088252451}, "end_percents_distance": {"BIKE_TRIP": 0.042843833333879595, "FOOT": 0.1345721201759462, "MOTORCYCLE": 0.006659710395787385, "PASSENGER_CAR": 0.31414251515812014, "RAIL_TRIP": 0.5017818209362666}}