{"start": {"Count": {"BIKE_TRIP": 1, "BUS": 1, "FOOT": 4, "PASSENGER_CAR": 6, "RAIL_TRIP": 3}, "Duration": {"BIKE_TRIP": 2042.297, "BUS": 120.22, "FOOT": 15439.649, "PASSENGER_CAR": 13491.618, "RAIL_TRIP": 3277.1229999999996}, "Distance": {"BIKE_TRIP": 2.3626241861156276, "BUS": 0.8041313242381914, "FOOT": 18.197595768992212, "PASSENGER_CAR": 162.96908062830929, "RAIL_TRIP": 28.446645078386418}, "Total_Count": 7, "Total_Duration": 34370.907, "Total_Distance": 212.78007698604176}, "start_percents_count": {"BIKE_TRIP": 0.14285714285714285, "BUS": 0.14285714285714285, "FOOT": 0.5714285714285714, "PASSENGER_CAR": 0.8571428571428571, "RAIL_TRIP": 0.42857142857142855}, "start_percents_duration": {"BIKE_TRIP": 0.05941935137178661, "BUS": 0.003497725561911997, "FOOT": 0.44920691211320085, "PASSENGER_CAR": 0.39253017093788073, "RAIL_TRIP": 0.09534584001521984}, "start_percents_distance": {"BIKE_TRIP": 0.011103596819690099, "BUS": 0.0037791664315026162, "FOOT": 0.08552302464946454, "PASSENGER_CAR": 0.7659038521684526, "RAIL_TRIP": 0.13369035993089004}, "end": {"Count": {"FOOT": 3, "PASSENGER_CAR": 4, "RAIL_TRIP": 3}, "Duration": {"FOOT": 3282.699, "PASSENGER_CAR": 5638.8009999999995, "RAIL_TRIP": 1679.467}, "Distance": {"FOOT": 6.755977395202492, "PASSENGER_CAR": 54.53984369694201, "RAIL_TRIP": 6.752479852951042}, "Total_Count": 6, "Total_Duration": 10600.967, "Total_Distance": 68.04830094509553}, "end_percents_count": {"FOOT": 0.5, "PASSENGER_CAR": 0.6666666666666666, "RAIL_TRIP": 0.5}, "end_percents_duration": {"FOOT": 0.30966033570333723, "PASSENGER_CAR": 0.5319138338983603, "RAIL_TRIP": 0.15842583039830235}, "end_percents_distance": {"FOOT": 0.09928208789009327, "PASSENGER_CAR": 0.8014872221563215, "RAIL_TRIP": 0.09923068995358533}}