{"start": {"Count": {"BIKE_TRIP": 1, "PASSENGER_CAR": 6, "RAIL_TRIP": 1}, "Duration": {"BIKE_TRIP": 2095.057, "PASSENGER_CAR": 4732.306, "RAIL_TRIP": 540.206}, "Distance": {"BIKE_TRIP": 11.72475355227972, "PASSENGER_CAR": 45.30552250579501, "RAIL_TRIP": 0.7233833056829133}, "Total_Count": 8, "Total_Duration": 7367.5689999999995, "Total_Distance": 57.753659363757656, "Total_Emission": 10.534261118066166}, "start_percents_count": {"BIKE_TRIP": 0.125, "PASSENGER_CAR": 0.75, "RAIL_TRIP": 0.125}, "start_percents_duration": {"BIKE_TRIP": 0.2843620466940995, "PASSENGER_CAR": 0.6423158032181306, "RAIL_TRIP": 0.0733221500877698}, "start_percents_distance": {"BIKE_TRIP": 0.20301317148463485, "PASSENGER_CAR": 0.7844615043428007, "RAIL_TRIP": 0.012525324172564214}, "end": {"Count": {"BIKE_TRIP": 2, "FOOT": 3, "MOTORCYCLE": 1, "PASSENGER_CAR": 5, "RAIL_TRIP": 2}, "Duration": {"BIKE_TRIP": 7724.369, "FOOT": 25865.828999999998, "MOTORCYCLE": 1444.0339999999999, "PASSENGER_CAR": 7082.644, "RAIL_TRIP": 1261.98}, "Distance": {"BIKE_TRIP": 31.24810154450997, "FOOT": 13.901873328362326, "MOTORCYCLE": 0.9729900762175384, "PASSENGER_CAR": 61.16116692536737, "RAIL_TRIP": 3.743078955850687}, "Total_Count": 8, "Total_Duration": 43378.85600000001, "Total_Distance": 111.0272108303079, "Total_Emission": 14.718227601405678}, "end_percents_count": {"BIKE_TRIP": 0.25, "FOOT": 0.375, "MOTORCYCLE": 0.125, "PASSENGER_CAR": 0.625, "RAIL_TRIP": 0.25}, "end_percents_duration": {"BIKE_TRIP": 0.17806760510235675, "FOOT": 0.5962773430447311, "MOTORCYCLE": 0.03328889079048096, "PASSENGER_CAR": 0.163274107551384, "RAIL_TRIP": 0.029092053511046944}, "end_percents_distance": {"BIKE_TRIP": 0.28144543405912487, "FOOT": 0.12521140740543066, "MOTORCYCLE": 0.008763528048134434, "PASSENGER_CAR": 0.5508664629866732, "RAIL_TRIP": 0.033713167500636805}}