{"start": {"Count": {"FOOT": 12, "PASSENGER_CAR": 2, "RAIL_TRIP": 10}, "Duration": {"FOOT": 9279.119, "PASSENGER_CAR": 272.538, "RAIL_TRIP": 10770.914}, "Distance": {"FOOT": 17.67386345272827, "PASSENGER_CAR": 3.143376561864997, "RAIL_TRIP": 81.07209877666384}, "Total_Count": 22, "Total_Duration": 20322.570999999996, "Total_Distance": 101.8893387912571, "Total_Emission": 1.0840218162712112}, "start_percents_count": {"FOOT": 0.5454545454545454, "PASSENGER_CAR": 0.09090909090909091, "RAIL_TRIP": 0.45454545454545453}, "start_percents_duration": {"FOOT": 0.4565917865411813, "PASSENGER_CAR": 0.013410606364716356, "RAIL_TRIP": 0.5299976070941026}, "start_percents_distance": {"FOOT": 0.1734613617322328, "PASSENGER_CAR": 0.03085088782747821, "RAIL_TRIP": 0.7956877504402889}, "end": {"Count": {"BIKE_TRIP": 1, "FOOT": 9, "PASSENGER_CAR": 3, "RAIL_TRIP": 15}, "Duration": {"BIKE_TRIP": 360.342, "FOOT": 8127.5599999999995, "PASSENGER_CAR": 2659.8559999999998, "RAIL_TRIP": 20706.986}, "Distance": {"BIKE_TRIP": 3.344950958469964, "FOOT": 18.726700188870332, "PASSENGER_CAR": 6.500436361116856, "RAIL_TRIP": 96.5964289572036}, "Total_Count": 21, "Total_Duration": 31854.744000000002, "Total_Distance": 125.16851646566077, "Total_Emission": 1.9737749490919279}, "end_percents_count": {"BIKE_TRIP": 0.047619047619047616, "FOOT": 0.42857142857142855, "PASSENGER_CAR": 0.14285714285714285, "RAIL_TRIP": 0.7142857142857143}, "end_percents_duration": {"BIKE_TRIP": 0.01131203565785994, "FOOT": 0.25514441428253193, "PASSENGER_CAR": 0.08349952521985421, "RAIL_TRIP": 0.6500440248397539}, "end_percents_distance": {"BIKE_TRIP": 0.026723580760722936, "FOOT": 0.14961190495541177, "PASSENGER_CAR": 0.05193347772001605, "RAIL_TRIP": 0.7717310365638491}}