{"start": {"Count": {"PASSENGER_CAR": 2, "RAIL_TRIP": 3}, "Duration": {"PASSENGER_CAR": 694.817, "RAIL_TRIP": 830.056}, "Distance": {"PASSENGER_CAR": 8.754194540058233, "RAIL_TRIP": 8.67042424698517}, "Total_Count": 5, "Total_Duration": 1524.873, "Total_Distance": 17.424618787043407, "Total_Emission": 1.8333140805467987}, "start_percents_count": {"PASSENGER_CAR": 0.4, "RAIL_TRIP": 0.6}, "start_percents_duration": {"PASSENGER_CAR": 0.45565565132309377, "RAIL_TRIP": 0.5443443486769062}, "start_percents_distance": {"PASSENGER_CAR": 0.5024037912707551, "RAIL_TRIP": 0.49759620872924476}, "end": {"Count": {"FOOT": 4, "PASSENGER_CAR": 4, "RAIL_TRIP": 3}, "Duration": {"FOOT": 3706.097, "PASSENGER_CAR": 2076.101, "RAIL_TRIP": 3292.0699999999997}, "Distance": {"FOOT": 4.8223218608485565, "PASSENGER_CAR": 18.5489001091578, "RAIL_TRIP": 5.691791192889896}, "Total_Count": 8, "Total_Duration": 9074.268, "Total_Distance": 29.06301316289625, "Total_Emission": 3.627779176517291}, "end_percents_count": {"FOOT": 0.5, "PASSENGER_CAR": 0.5, "RAIL_TRIP": 0.375}, "end_percents_duration": {"FOOT": 0.4084182878442647, "PASSENGER_CAR": 0.22878991451431677, "RAIL_TRIP": 0.36279179764141856}, "end_percents_distance": {"FOOT": 0.1659264245527387, "PASSENGER_CAR": 0.6382304548118412, "RAIL_TRIP": 0.19584312063542023}}