{"start": {"Count": {"BIKE_TRIP": 1, "FOOT": 6, "PASSENGER_CAR": 23, "RAIL_TRIP": 10, "UNKNOWN": 4}, "Duration": {"BIKE_TRIP": 5640.132, "FOOT": 27916.375, "PASSENGER_CAR": 37037.028, "RAIL_TRIP": 16701.405, "UNKNOWN": 686.076}, "Distance": {"BIKE_TRIP": 29.284575211770104, "FOOT": 45.03581188706407, "PASSENGER_CAR": 460.94181970378776, "RAIL_TRIP": 152.40361090672883, "UNKNOWN": 122.0655858162274}, "Total_Count": 37, "Total_Duration": 87981.016, "Total_Distance": 809.731403525578, "Total_Emission": 71.89474120569695}, "start_percents_count": {"BIKE_TRIP": 0.02702702702702703, "FOOT": 0.16216216216216217, "PASSENGER_CAR": 0.6216216216216216, "RAIL_TRIP": 0.2702702702702703, "UNKNOWN": 0.10810810810810811}, "start_percents_duration": {"BIKE_TRIP": 0.06410623855491734, "FOOT": 0.3172999843511696, "PASSENGER_CAR": 0.4209661320573974, "RAIL_TRIP": 0.18982964461333338, "UNKNOWN": 0.007798000423182201}, "start_percents_distance": {"BIKE_TRIP": 0.03616578915460706, "FOOT": 0.055618210793082414, "PASSENGER_CAR": 0.5692527394847758, "RAIL_TRIP": 0.18821501826798628, "UNKNOWN": 0.1507482422995486}, "end": {"Count": {"FOOT": 8, "HIGH_SPEED_TRAIN": 1, "PASSENGER_CAR": 21, "RAIL_TRIP": 14, "UNKNOWN": 5}, "Duration": {"FOOT": 7393.641, "HIGH_SPEED_TRAIN": 3308.298, "PASSENGER_CAR": 38607.512, "RAIL_TRIP": 20158.839, "UNKNOWN": 819.507}, "Distance": {"FOOT": 8.796256021336657, "HIGH_SPEED_TRAIN": 93.58750287851116, "PASSENGER_CAR": 331.51557335700323, "RAIL_TRIP": 205.89195468414573, "UNKNOWN": 126.50351772293232}, "Total_Count": 36, "Total_Duration": 70287.797, "Total_Distance": 766.2948046639291, "Total_Emission": 69.95593938548521}, "end_percents_count": {"FOOT": 0.2222222222222222, "HIGH_SPEED_TRAIN": 0.027777777777777776, "PASSENGER_CAR": 0.5833333333333334, "RAIL_TRIP": 0.3888888888888889, "UNKNOWN": 0.1388888888888889}, "end_percents_duration": {"FOOT": 0.10519096223772668, "HIGH_SPEED_TRAIN": 0.047067885766856506, "PASSENGER_CAR": 0.5492775936625244, "RAIL_TRIP": 0.2868042513837786, "UNKNOWN": 0.011659306949113797}, "end_percents_distance": {"FOOT": 0.011478945136779828, "HIGH_SPEED_TRAIN": 0.12212989349386946, "PASSENGER_CAR": 0.43262145500568117, "RAIL_TRIP": 0.2686850457957143, "UNKNOWN": 0.16508466056795526}}