{"start": {"Count": {"FOOT": 9, "PASSENGER_CAR": 5, "RAIL_TRIP": 5}, "Duration": {"FOOT": 13712.664999999999, "PASSENGER_CAR": 7761.852999999999, "RAIL_TRIP": 11406.086000000001}, "Distance": {"FOOT": 25.286891920305433, "PASSENGER_CAR": 55.43129229555379, "RAIL_TRIP": 51.71602391949193}, "Total_Count": 13, "Total_Duration": 32880.604, "Total_Distance": 132.43420813535116, "Total_Emission": 12.434656485311194}, "start_percents_count": {"FOOT": 0.6923076923076923, "PASSENGER_CAR": 0.38461538461538464, "RAIL_TRIP": 0.38461538461538464}, "start_percents_duration": {"FOOT": 0.4170441942003255, "PASSENGER_CAR": 0.23606175239359956, "RAIL_TRIP": 0.34689405340607493}, "start_percents_distance": {"FOOT": 0.19093927676496983, "PASSENGER_CAR": 0.4185572072051172, "RAIL_TRIP": 0.39050351602991296}, "end": {"Count": {"BIKE_TRIP": 1, "BUS": 1, "FOOT": 10, "PASSENGER_CAR": 8, "RAIL_TRIP": 5}, "Duration": {"BIKE_TRIP": 573.135, "BUS": 384.354, "FOOT": 11803.4, "PASSENGER_CAR": 14819.342, "RAIL_TRIP": 4944.971}, "Distance": {"BIKE_TRIP": 0.5794816931928856, "BUS": 9.830891503872568, "FOOT": 23.154300522413227, "PASSENGER_CAR": 103.41487408589006, "RAIL_TRIP": 49.562648742427854}, "Total_Count": 15, "Total_Duration": 32525.201999999997, "Total_Distance": 186.54219654779658, "Total_Emission": 24.25145771569305}, "end_percents_count": {"BIKE_TRIP": 0.06666666666666667, "BUS": 0.06666666666666667, "FOOT": 0.6666666666666666, "PASSENGER_CAR": 0.5333333333333333, "RAIL_TRIP": 0.3333333333333333}, "end_percents_duration": {"BIKE_TRIP": 0.017621258739607522, "BUS": 0.011817113387950674, "FOOT": 0.36290012895231216, "PASSENGER_CAR": 0.45562644007560665, "RAIL_TRIP": 0.1520350588445231}, "end_percents_distance": {"BIKE_TRIP": 0.0031064375991970723, "BUS": 0.05270063120197932, "FOOT": 0.12412366183583852, "PASSENGER_CAR": 0.5543779155585996, "RAIL_TRIP": 0.2656913538043856}}