{"start": {"Count": {"BUS": 1, "FOOT": 4, "PASSENGER_CAR": 5, "RAIL_TRIP": 3}, "Duration": {"BUS": 933.585, "FOOT": 7682.411, "PASSENGER_CAR": 5166.401, "RAIL_TRIP": 1014.184}, "Distance": {"BUS": 2.365189369807792, "FOOT": 5.431149866280794, "PASSENGER_CAR": 34.056999754279346, "RAIL_TRIP": 3.2099130111025995}, "Total_Count": 13, "Total_Duration": 14796.581, "Total_Distance": 45.06325200147053}, "start_percents_count": {"BUS": 0.07692307692307693, "FOOT": 0.3076923076923077, "PASSENGER_CAR": 0.38461538461538464, "RAIL_TRIP": 0.23076923076923078}, "start_percents_duration": {"BUS": 0.06309464328279621, "FOOT": 0.5192017669487295, "PASSENGER_CAR": 0.3491618097451026, "RAIL_TRIP": 0.0685417800233716}, "start_percents_distance": {"BUS": 0.05248598946499932, "FOOT": 0.12052281238166215, "PASSENGER_CAR": 0.755759920592681, "RAIL_TRIP": 0.07123127756065745}, "end": {"Count": {"BUS": 2, "FOOT": 3, "PASSENGER_CAR": 4, "RAIL_TRIP": 3}, "Duration": {"BUS": 1298.553, "FOOT": 1749.539, "PASSENGER_CAR": 3297.344, "RAIL_TRIP": 3916.2839999999997}, "Distance": {"BUS": 3.77102189489434, "FOOT": 3.689114726248455, "PASSENGER_CAR": 13.030639253144358, "RAIL_TRIP": 54.31492590308718}, "Total_Count": 12, "Total_Duration": 10261.720000000001, "Total_Distance": 74.80570177737435}, "end_percents_count": {"BUS": 0.16666666666666666, "FOOT": 0.25, "PASSENGER_CAR": 0.3333333333333333, "RAIL_TRIP": 0.25}, "end_percents_duration": {"BUS": 0.12654340597872482, "FOOT": 0.17049178890088598, "PASSENGER_CAR": 0.32132469020787935, "RAIL_TRIP": 0.3816401149125097}, "end_percents_distance": {"BUS": 0.05041088854586375, "FOOT": 0.04931595638561686, "PASSENGER_CAR": 0.17419312891314376, "RAIL_TRIP": 0.7260800261553754}}