{"start": {"Count": {"BIKE_TRIP": 6, "BUS": 1, "FOOT": 66, "PASSENGER_CAR": 36, "RAIL_TRIP": 32, "UNKNOWN": 1}, "Duration": {"BIKE_TRIP": 8361.721, "BUS": 1141.429, "FOOT": 180655.676, "PASSENGER_CAR": 44197.697, "RAIL_TRIP": 48147.244, "UNKNOWN": 540.905}, "Distance": {"BIKE_TRIP": 13.150706140252318, "BUS": 25.12601260343139, "FOOT": 207.91005393643323, "PASSENGER_CAR": 330.5926238999292, "RAIL_TRIP": 234.19104205728817, "UNKNOWN": 11.530997858318706}, "Total_Count": 96, "Total_Duration": 283044.672, "Total_Distance": 822.501436495653, "Total_Emission": 75.4676584150795}, "start_percents_count": {"BIKE_TRIP": 0.0625, "BUS": 0.010416666666666666, "FOOT": 0.6875, "PASSENGER_CAR": 0.375, "RAIL_TRIP": 0.3333333333333333, "UNKNOWN": 0.010416666666666666}, "start_percents_duration": {"BIKE_TRIP": 0.029542054054280162, "BUS": 0.004032681456021189, "FOOT": 0.6382585290282377, "PASSENGER_CAR": 0.1561509590966616, "RAIL_TRIP": 0.17010475293454735, "UNKNOWN": 0.0019110234302520273}, "start_percents_distance": {"BIKE_TRIP": 0.015988672550265898, "BUS": 0.030548290238231315, "FOOT": 0.2527777396015916, "PASSENGER_CAR": 0.4019356188707111, "RAIL_TRIP": 0.28473025294044685, "UNKNOWN": 0.014019425798753177}, "end": {"Count": {"BIKE_TRIP": 11, "FOOT": 91, "MOTORCYCLE": 2, "PASSENGER_CAR": 39, "RAIL_TRIP": 55, "UNKNOWN": 1}, "Duration": {"BIKE_TRIP": 15953.787, "FOOT": 313039.667, "MOTORCYCLE": 4099.888, "PASSENGER_CAR": 60128.543, "RAIL_TRIP": 86463.115, "UNKNOWN": 3992.129}, "Distance": {"BIKE_TRIP": 33.938318111860056, "FOOT": 312.6175459180668, "MOTORCYCLE": 105.63762428274842, "PASSENGER_CAR": 593.5443205192154, "RAIL_TRIP": 688.0348203252412, "UNKNOWN": 104.74281062154459}, "Total_Count": 129, "Total_Duration": 483677.12899999996, "Total_Distance": 1838.5154397786764, "Total_Emission": 142.34919267091593}, "end_percents_count": {"BIKE_TRIP": 0.08527131782945736, "FOOT": 0.7054263565891473, "MOTORCYCLE": 0.015503875968992248, "PASSENGER_CAR": 0.3023255813953488, "RAIL_TRIP": 0.4263565891472868, "UNKNOWN": 0.007751937984496124}, "end_percents_duration": {"BIKE_TRIP": 0.03298437334215983, "FOOT": 0.6472079166678978, "MOTORCYCLE": 0.00847649755215116, "PASSENGER_CAR": 0.1243154563134202, "RAIL_TRIP": 0.1787620497557163, "UNKNOWN": 0.008253706368654865}, "end_percents_distance": {"BIKE_TRIP": 0.01845963181899936, "FOOT": 0.17003803131275322, "MOTORCYCLE": 0.05745811103738419, "PASSENGER_CAR": 0.32283890995806225, "RAIL_TRIP": 0.3742339092937223, "UNKNOWN": 0.05697140657907867}}