{"start": {"Count": {"BIKE_TRIP": 3, "BUS": 2, "FOOT": 34, "MOTORCYCLE": 2, "PASSENGER_CAR": 22, "RAIL_TRIP": 7}, "Duration": {"BIKE_TRIP": 1530.219, "BUS": 987.183, "FOOT": 45440.961, "MOTORCYCLE": 1824.724, "PASSENGER_CAR": 49511.623, "RAIL_TRIP": 10336.119}, "Distance": {"BIKE_TRIP": 8.900453020076192, "BUS": 15.16910982992879, "FOOT": 45.14770787089688, "MOTORCYCLE": 22.920296730436075, "PASSENGER_CAR": 587.8139363247394, "RAIL_TRIP": 79.18940005024194}, "Total_Count": 47, "Total_Duration": 109630.829, "Total_Distance": 759.1409038263193, "Total_Emission": 132.6277850706543}, "start_percents_count": {"BIKE_TRIP": 0.06382978723404255, "BUS": 0.0425531914893617, "FOOT": 0.723404255319149, "MOTORCYCLE": 0.0425531914893617, "PASSENGER_CAR": 0.46808510638297873, "RAIL_TRIP": 0.14893617021276595}, "start_percents_duration": {"BIKE_TRIP": 0.013957926013676318, "BUS": 0.00900461128502458, "FOOT": 0.4144907177523943, "MOTORCYCLE": 0.01664425980031584, "PASSENGER_CAR": 0.45162135004926396, "RAIL_TRIP": 0.09428113509932504}, "start_percents_distance": {"BIKE_TRIP": 0.011724375508176397, "BUS": 0.019981942421323232, "FOOT": 0.05947210543304624, "MOTORCYCLE": 0.03019241436591054, "PASSENGER_CAR": 0.7743146672270776, "RAIL_TRIP": 0.10431449504446588}, "end": {"Count": {"BIKE_TRIP": 7, "BUS": 1, "FOOT": 40, "MOTORCYCLE": 1, "PASSENGER_CAR": 30, "RAIL_TRIP": 20, "UNKNOWN": 1}, "Duration": {"BIKE_TRIP": 19838.183, "BUS": 709.622, "FOOT": 77887.265, "MOTORCYCLE": 360.596, "PASSENGER_CAR": 40965.335, "RAIL_TRIP": 31771.83, "UNKNOWN": 8294.287}, "Distance": {"BIKE_TRIP": 31.142590261825625, "BUS": 10.071793406774116, "FOOT": 86.40315364504383, "MOTORCYCLE": 2.2269059024865965, "PASSENGER_CAR": 427.20800549576853, "RAIL_TRIP": 300.24882681323345, "UNKNOWN": 383.1283479280635}, "Total_Count": 60, "Total_Duration": 179827.118, "Total_Distance": 1240.4296234531957, "Total_Emission": 89.45530825762874}, "end_percents_count": {"BIKE_TRIP": 0.11666666666666667, "BUS": 0.016666666666666666, "FOOT": 0.6666666666666666, "MOTORCYCLE": 0.016666666666666666, "PASSENGER_CAR": 0.5, "RAIL_TRIP": 0.3333333333333333, "UNKNOWN": 0.016666666666666666}, "end_percents_duration": {"BIKE_TRIP": 0.11031808339385166, "BUS": 0.00394613453127798, "FOOT": 0.43312302319164125, "MOTORCYCLE": 0.0020052370521780817, "PASSENGER_CAR": 0.22780399005226787, "RAIL_TRIP": 0.17667985981958517, "UNKNOWN": 0.04612367195919806}, "end_percents_distance": {"BIKE_TRIP": 0.02510629355588, "BUS": 0.008119600835342472, "FOOT": 0.06965582892523045, "MOTORCYCLE": 0.001795269848753836, "PASSENGER_CAR": 0.34440325949849265, "RAIL_TRIP": 0.24205228667256393, "UNKNOWN": 0.30886746066373655}}