{"start": {"Count": {"FOOT": 11, "PASSENGER_CAR": 4, "RAIL_TRIP": 3}, "Duration": {"FOOT": 9254.702000000001, "PASSENGER_CAR": 5069.87, "RAIL_TRIP": 1037.003}, "Distance": {"FOOT": 29.253987856666946, "PASSENGER_CAR": 52.33452961630732, "RAIL_TRIP": 11.639897177023611}, "Total_Count": 18, "Total_Duration": 15361.575000000003, "Total_Distance": 93.22841464999789}, "start_percents_count": {"FOOT": 0.6111111111111112, "PASSENGER_CAR": 0.2222222222222222, "RAIL_TRIP": 0.16666666666666666}, "start_percents_duration": {"FOOT": 0.602457885991508, "PASSENGER_CAR": 0.3300358198947698, "RAIL_TRIP": 0.06750629411372205}, "start_percents_distance": {"FOOT": 0.3137883226534906, "PASSENGER_CAR": 0.5613581418581862, "RAIL_TRIP": 0.12485353548832309}, "end": {"Count": {"BIKE_TRIP": 1, "FOOT": 7, "PASSENGER_CAR": 7, "RAIL_TRIP": 1}, "Duration": {"BIKE_TRIP": 629.203, "FOOT": 7982.089, "PASSENGER_CAR": 6161.061, "RAIL_TRIP": 320.151}, "Distance": {"BIKE_TRIP": 2.532782784059323, "FOOT": 11.02762789631434, "PASSENGER_CAR": 63.59480359905159, "RAIL_TRIP": 3.6013495448620136}, "Total_Count": 16, "Total_Duration": 15092.504, "Total_Distance": 80.75656382428727}, "end_percents_count": {"BIKE_TRIP": 0.0625, "FOOT": 0.4375, "PASSENGER_CAR": 0.4375, "RAIL_TRIP": 0.0625}, "end_percents_duration": {"BIKE_TRIP": 0.04168976864276464, "FOOT": 0.5288777130686863, "PASSENGER_CAR": 0.4082199348762803, "RAIL_TRIP": 0.021212583412268764}, "end_percents_distance": {"BIKE_TRIP": 0.031363181692205644, "FOOT": 0.136553951457229, "PASSENGER_CAR": 0.7874877358256996, "RAIL_TRIP": 0.04459513102486562}}