{"start": {"Count": {"FOOT": 4, "PASSENGER_CAR": 7, "RAIL_TRIP": 2}, "Duration": {"FOOT": 5690.758, "PASSENGER_CAR": 5534.7919999999995, "RAIL_TRIP": 1448.11}, "Distance": {"FOOT": 9.90962168332461, "PASSENGER_CAR": 63.81113234352962, "RAIL_TRIP": 6.907721413344875}, "Total_Count": 9, "Total_Duration": 12673.66, "Total_Distance": 80.62847544019911, "Total_Emission": 15.203287883989159}, "start_percents_count": {"FOOT": 0.4444444444444444, "PASSENGER_CAR": 0.7777777777777778, "RAIL_TRIP": 0.2222222222222222}, "start_percents_duration": {"FOOT": 0.4490224607571925, "PASSENGER_CAR": 0.43671614987304375, "RAIL_TRIP": 0.11426138936976374}, "start_percents_distance": {"FOOT": 0.12290473842178032, "PASSENGER_CAR": 0.7914217898223481, "RAIL_TRIP": 0.08567347175587148}, "end": {"Count": {"FOOT": 3, "PASSENGER_CAR": 6, "RAIL_TRIP": 2}, "Duration": {"FOOT": 5473.282999999999, "PASSENGER_CAR": 6448.242, "RAIL_TRIP": 536.121}, "Distance": {"FOOT": 9.173106945490854, "PASSENGER_CAR": 98.58798805667305, "RAIL_TRIP": 3.856195265433568}, "Total_Count": 9, "Total_Duration": 12457.646, "Total_Distance": 111.6172902675975, "Total_Emission": 24.461368159590645}, "end_percents_count": {"FOOT": 0.3333333333333333, "PASSENGER_CAR": 0.6666666666666666, "RAIL_TRIP": 0.2222222222222222}, "end_percents_duration": {"FOOT": 0.4393513028063247, "PASSENGER_CAR": 0.5176131991549607, "RAIL_TRIP": 0.04303549803871454}, "end_percents_distance": {"FOOT": 0.08218356603621839, "PASSENGER_CAR": 0.8832680655507111, "RAIL_TRIP": 0.03454836841307033}}