{"start": {"Count": {"FOOT": 10, "PASSENGER_CAR": 20, "RAIL_TRIP": 10}, "Duration": {"FOOT": 55005.812, "PASSENGER_CAR": 67901.553, "RAIL_TRIP": 18576.372}, "Distance": {"FOOT": 43.202781633214, "PASSENGER_CAR": 1111.0079619213427, "RAIL_TRIP": 169.39813534096984}, "Total_Count": 31, "Total_Duration": 141483.73700000002, "Total_Distance": 1323.6088788955267, "Total_Emission": 261.4683511019237}, "start_percents_count": {"FOOT": 0.3225806451612903, "PASSENGER_CAR": 0.6451612903225806, "RAIL_TRIP": 0.3225806451612903}, "start_percents_duration": {"FOOT": 0.38877833711728993, "PASSENGER_CAR": 0.4799247916387732, "RAIL_TRIP": 0.13129687124393666}, "start_percents_distance": {"FOOT": 0.03264014190450593, "PASSENGER_CAR": 0.8393778401127175, "RAIL_TRIP": 0.12798201798277642}, "end": {"Count": {"BUS": 1, "FOOT": 10, "PASSENGER_CAR": 21, "RAIL_TRIP": 11}, "Duration": {"BUS": 2346.377, "FOOT": 105604.475, "PASSENGER_CAR": 23470.341, "RAIL_TRIP": 19477.058}, "Distance": {"BUS": 15.037202541324364, "FOOT": 71.8973446712754, "PASSENGER_CAR": 235.8651794282188, "RAIL_TRIP": 167.8036598677748}, "Total_Count": 32, "Total_Duration": 150898.25100000002, "Total_Distance": 490.6033865085933, "Total_Emission": 53.59158935883052}, "end_percents_count": {"BUS": 0.03125, "FOOT": 0.3125, "PASSENGER_CAR": 0.65625, "RAIL_TRIP": 0.34375}, "end_percents_duration": {"BUS": 0.015549398249818016, "FOOT": 0.6998389596974188, "PASSENGER_CAR": 0.1555375283971979, "RAIL_TRIP": 0.12907411365556515}, "end_percents_distance": {"BUS": 0.030650425485925534, "FOOT": 0.1465488144770808, "PASSENGER_CAR": 0.48076549390897333, "RAIL_TRIP": 0.3420352661280205}}