{"start": {"Count": {"BIKE_TRIP": 4, "FOOT": 32, "PASSENGER_CAR": 8, "RAIL_TRIP": 26, "UNKNOWN": 1}, "Duration": {"BIKE_TRIP": 5827.464, "FOOT": 55188.918, "PASSENGER_CAR": 15437.115, "RAIL_TRIP": 57399.733, "UNKNOWN": 158.968}, "Distance": {"BIKE_TRIP": 27.138101011703398, "FOOT": 44.79093392877183, "PASSENGER_CAR": 240.67484371593028, "RAIL_TRIP": 273.71759782602516, "UNKNOWN": 3.4928935549017965}, "Total_Count": 48, "Total_Duration": 134012.198, "Total_Distance": 589.8143700373323, "Total_Emission": 57.29629373119978}, "start_percents_count": {"BIKE_TRIP": 0.08333333333333333, "FOOT": 0.6666666666666666, "PASSENGER_CAR": 0.16666666666666666, "RAIL_TRIP": 0.5416666666666666, "UNKNOWN": 0.020833333333333332}, "start_percents_duration": {"BIKE_TRIP": 0.0434845789187041, "FOOT": 0.4118201090918604, "PASSENGER_CAR": 0.11519186484800435, "RAIL_TRIP": 0.428317226764686, "UNKNOWN": 0.0011862203767451077}, "start_percents_distance": {"BIKE_TRIP": 0.04601125776231205, "FOOT": 0.07594073017572764, "PASSENGER_CAR": 0.4080518480767038, "RAIL_TRIP": 0.4640741421893471, "UNKNOWN": 0.0059220217959096415}, "end": {"Count": {"BIKE_TRIP": 2, "BUS": 1, "FOOT": 32, "PASSENGER_CAR": 8, "RAIL_TRIP": 28}, "Duration": {"BIKE_TRIP": 3844.75, "BUS": 905.742, "FOOT": 86686.423, "PASSENGER_CAR": 6774.508, "RAIL_TRIP": 56297.245}, "Distance": {"BIKE_TRIP": 17.548633206509354, "BUS": 7.174696927034821, "FOOT": 74.80326887767173, "PASSENGER_CAR": 72.97455600904729, "RAIL_TRIP": 299.9461326093732}, "Total_Count": 45, "Total_Duration": 154508.66799999998, "Total_Distance": 472.4472876296364, "Total_Emission": 20.34564015857421}, "end_percents_count": {"BIKE_TRIP": 0.044444444444444446, "BUS": 0.022222222222222223, "FOOT": 0.7111111111111111, "PASSENGER_CAR": 0.17777777777777778, "RAIL_TRIP": 0.6222222222222222}, "end_percents_duration": {"BIKE_TRIP": 0.02488371720349049, "BUS": 0.005862078883496686, "FOOT": 0.561045694860304, "PASSENGER_CAR": 0.043845488332085035, "RAIL_TRIP": 0.364363020720624}, "end_percents_distance": {"BIKE_TRIP": 0.03714410827619394, "BUS": 0.015186237946315085, "FOOT": 0.15833146011478838, "PASSENGER_CAR": 0.1544607365091996, "RAIL_TRIP": 0.6348774571535031}}