{"start": {"Count": {"BIKE_TRIP": 1, "FOOT": 2, "PASSENGER_CAR": 4, "RAIL_TRIP": 5, "SCOOTER": 1}, "Duration": {"BIKE_TRIP": 151.589, "FOOT": 8957.76, "PASSENGER_CAR": 7933.517, "RAIL_TRIP": 5052.939, "SCOOTER": 274.458}, "Distance": {"BIKE_TRIP": 0.4737088115538675, "FOOT": 11.991409967533698, "PASSENGER_CAR": 112.91148480271094, "RAIL_TRIP": 60.06749843913697, "SCOOTER": 1.49917423239876}, "Total_Count": 9, "Total_Duration": 22370.263000000006, "Total_Distance": 186.94327625333423, "Total_Emission": 17.983387240284298}, "start_percents_count": {"BIKE_TRIP": 0.1111111111111111, "FOOT": 0.2222222222222222, "PASSENGER_CAR": 0.4444444444444444, "RAIL_TRIP": 0.5555555555555556, "SCOOTER": 0.1111111111111111}, "start_percents_duration": {"BIKE_TRIP": 0.006776361994492419, "FOOT": 0.4004315908132147, "PASSENGER_CAR": 0.3546456740361076, "RAIL_TRIP": 0.22587749638884438, "SCOOTER": 0.01226887676734064}, "start_percents_distance": {"BIKE_TRIP": 0.0025339708442464973, "FOOT": 0.06414464434272385, "PASSENGER_CAR": 0.603987942576229, "RAIL_TRIP": 0.3213140351607892, "SCOOTER": 0.008019407076011493}, "end": {"Count": {"BIKE_TRIP": 1, "FOOT": 6, "PASSENGER_CAR": 4, "RAIL_TRIP": 6, "SCOOTER": 1}, "Duration": {"BIKE_TRIP": 901.122, "FOOT": 11298.94, "PASSENGER_CAR": 8436.282, "RAIL_TRIP": 5801.809, "SCOOTER": 3065.757}, "Distance": {"BIKE_TRIP": 2.292758051270099, "FOOT": 15.760496142174143, "PASSENGER_CAR": 122.58093977467105, "RAIL_TRIP": 64.10114576897753, "SCOOTER": 13.241992828199844}, "Total_Count": 12, "Total_Duration": 29503.91, "Total_Distance": 217.97733256529264, "Total_Emission": 20.024484765089955}, "end_percents_count": {"BIKE_TRIP": 0.08333333333333333, "FOOT": 0.5, "PASSENGER_CAR": 0.3333333333333333, "RAIL_TRIP": 0.5, "SCOOTER": 0.08333333333333333}, "end_percents_duration": {"BIKE_TRIP": 0.030542460304413887, "FOOT": 0.3829641562762359, "PASSENGER_CAR": 0.2859377621474577, "RAIL_TRIP": 0.1966454276738236, "SCOOTER": 0.10391019359806887}, "end_percents_distance": {"BIKE_TRIP": 0.010518332453597344, "FOOT": 0.07230337189970551, "PASSENGER_CAR": 0.5623563621595989, "RAIL_TRIP": 0.29407253045348997, "SCOOTER": 0.060749403033608346}}