{"start": {"Count": {"BIKE_TRIP": 4, "BUS": 2, "FOOT": 20, "PASSENGER_CAR": 9, "RAIL_TRIP": 27, "UNKNOWN": 2}, "Duration": {"BIKE_TRIP": 3879.424, "BUS": 651.769, "FOOT": 16091.362, "PASSENGER_CAR": 21487.697, "RAIL_TRIP": 38946.311, "UNKNOWN": 4026.972}, "Distance": {"BIKE_TRIP": 10.116777418019922, "BUS": 5.138616885164743, "FOOT": 28.655950618624903, "PASSENGER_CAR": 473.12532192333924, "RAIL_TRIP": 343.38303126557986, "UNKNOWN": 141.40974999968776}, "Total_Count": 48, "Total_Duration": 85083.535, "Total_Distance": 1001.8294481104164, "Total_Emission": 103.28174566221485}, "start_percents_count": {"BIKE_TRIP": 0.08333333333333333, "BUS": 0.041666666666666664, "FOOT": 0.4166666666666667, "PASSENGER_CAR": 0.1875, "RAIL_TRIP": 0.5625, "UNKNOWN": 0.041666666666666664}, "start_percents_duration": {"BIKE_TRIP": 0.04559547273159254, "BUS": 0.007660342274213219, "FOOT": 0.18912427651248856, "PASSENGER_CAR": 0.25254823979751195, "RAIL_TRIP": 0.45774204139496555, "UNKNOWN": 0.04732962728922817}, "start_percents_distance": {"BIKE_TRIP": 0.010098303096501615, "BUS": 0.005129233219144095, "FOOT": 0.028603621776814248, "PASSENGER_CAR": 0.47226134429938804, "RAIL_TRIP": 0.3427559769911395, "UNKNOWN": 0.14115152061701258}, "end": {"Count": {"BIKE_TRIP": 1, "BUS": 5, "FOOT": 34, "HIGH_SPEED_TRAIN": 1, "PASSENGER_CAR": 20, "RAIL_TRIP": 35, "UNKNOWN": 2}, "Duration": {"BIKE_TRIP": 3738.816, "BUS": 1859.748, "FOOT": 79594.327, "HIGH_SPEED_TRAIN": 1862.2, "PASSENGER_CAR": 18353.809, "RAIL_TRIP": 45466.556, "UNKNOWN": 6968.663}, "Distance": {"BIKE_TRIP": 33.619423111393004, "BUS": 13.44853729635268, "FOOT": 73.45394505984397, "HIGH_SPEED_TRAIN": 170.4520044618533, "PASSENGER_CAR": 194.22545823936272, "RAIL_TRIP": 373.8121091283717, "UNKNOWN": 240.41321162722667}, "Total_Count": 62, "Total_Duration": 157844.119, "Total_Distance": 1099.4246889244039, "Total_Emission": 48.902843802452395}, "end_percents_count": {"BIKE_TRIP": 0.016129032258064516, "BUS": 0.08064516129032258, "FOOT": 0.5483870967741935, "HIGH_SPEED_TRAIN": 0.016129032258064516, "PASSENGER_CAR": 0.3225806451612903, "RAIL_TRIP": 0.5645161290322581, "UNKNOWN": 0.03225806451612903}, "end_percents_duration": {"BIKE_TRIP": 0.023686761494104192, "BUS": 0.011782181127698525, "FOOT": 0.5042590595345525, "HIGH_SPEED_TRAIN": 0.011797715441016843, "PASSENGER_CAR": 0.11627806671720219, "RAIL_TRIP": 0.2880471967409821, "UNKNOWN": 0.044149018944443535}, "end_percents_distance": {"BIKE_TRIP": 0.030579105099307686, "BUS": 0.012232340633999894, "FOOT": 0.06681125665069965, "HIGH_SPEED_TRAIN": 0.15503745384198256, "PASSENGER_CAR": 0.17666099387796957, "RAIL_TRIP": 0.34000701721013915, "UNKNOWN": 0.21867183268590162}}