{"start": {"Count": {"BIKE_TRIP": 1, "FOOT": 3, "PASSENGER_CAR": 16}, "Duration": {"BIKE_TRIP": 961.37, "FOOT": 3507.4300000000003, "PASSENGER_CAR": 15781.588}, "Distance": {"BIKE_TRIP": 5.255409505943975, "FOOT": 3.3639739849681076, "PASSENGER_CAR": 173.30037979664854}, "Total_Count": 17, "Total_Duration": 20250.388000000003, "Total_Distance": 181.9197632875606, "Total_Emission": 40.98519850175761}, "start_percents_count": {"BIKE_TRIP": 0.058823529411764705, "FOOT": 0.17647058823529413, "PASSENGER_CAR": 0.9411764705882353}, "start_percents_duration": {"BIKE_TRIP": 0.04747415210019679, "FOOT": 0.173203101096137, "PASSENGER_CAR": 0.7793227468036661}, "start_percents_distance": {"BIKE_TRIP": 0.028888612270436764, "FOOT": 0.018491525737369573, "PASSENGER_CAR": 0.9526198619921937}, "end": {"Count": {"BIKE_TRIP": 2, "FOOT": 8, "MOTORCYCLE": 1, "PASSENGER_CAR": 14, "RAIL_TRIP": 5}, "Duration": {"BIKE_TRIP": 5107.595, "FOOT": 17345.681, "MOTORCYCLE": 667.701, "PASSENGER_CAR": 21779.239999999998, "RAIL_TRIP": 4165.128}, "Distance": {"BIKE_TRIP": 40.31836428692824, "FOOT": 25.31178208643964, "MOTORCYCLE": 8.648561679040428, "PASSENGER_CAR": 232.1831387646402, "RAIL_TRIP": 25.689069455710396}, "Total_Count": 20, "Total_Duration": 49065.345, "Total_Distance": 332.1509162727589, "Total_Emission": 52.53309898842689}, "end_percents_count": {"BIKE_TRIP": 0.1, "FOOT": 0.4, "MOTORCYCLE": 0.05, "PASSENGER_CAR": 0.7, "RAIL_TRIP": 0.25}, "end_percents_duration": {"BIKE_TRIP": 0.1040978107868191, "FOOT": 0.35352204290013656, "MOTORCYCLE": 0.01360840324265528, "PASSENGER_CAR": 0.44388233691213214, "RAIL_TRIP": 0.08488940615825691}, "end_percents_distance": {"BIKE_TRIP": 0.1213856783517623, "FOOT": 0.07620566690128854, "MOTORCYCLE": 0.026038048535558817, "PASSENGER_CAR": 0.699029047910179, "RAIL_TRIP": 0.07734155830121149}}