{"start": {"Count": {"BIKE_TRIP": 3, "BUS": 1, "FOOT": 17, "PASSENGER_CAR": 12, "RAIL_TRIP": 7, "UNKNOWN": 1}, "Duration": {"BIKE_TRIP": 2761.811, "BUS": 2766.181, "FOOT": 48344.074, "PASSENGER_CAR": 18453.569, "RAIL_TRIP": 4541.111, "UNKNOWN": 358.001}, "Distance": {"BIKE_TRIP": 6.537558498397801, "BUS": 18.80527775782263, "FOOT": 44.2811579591892, "PASSENGER_CAR": 117.51285396893607, "RAIL_TRIP": 17.702093449449162, "UNKNOWN": 2.864957471205921}, "Total_Count": 28, "Total_Duration": 77224.74699999997, "Total_Distance": 207.7038991050008, "Total_Emission": 29.769913259932142}, "start_percents_count": {"BIKE_TRIP": 0.10714285714285714, "BUS": 0.03571428571428571, "FOOT": 0.6071428571428571, "PASSENGER_CAR": 0.42857142857142855, "RAIL_TRIP": 0.25, "UNKNOWN": 0.03571428571428571}, "start_percents_duration": {"BIKE_TRIP": 0.03576328971333504, "BUS": 0.03581987779124742, "FOOT": 0.6260179007125788, "PASSENGER_CAR": 0.23895926781087423, "RAIL_TRIP": 0.05880383136768323, "UNKNOWN": 0.004635832604281631}, "start_percents_distance": {"BIKE_TRIP": 0.031475376854109324, "BUS": 0.09053887692457797, "FOOT": 0.2131936769121686, "PASSENGER_CAR": 0.5657710542522346, "RAIL_TRIP": 0.08522754520125884, "UNKNOWN": 0.013793469855650595}, "end": {"Count": {"BIKE_TRIP": 2, "FOOT": 18, "PASSENGER_CAR": 13, "RAIL_TRIP": 5}, "Duration": {"BIKE_TRIP": 898.4770000000001, "FOOT": 28636.396, "PASSENGER_CAR": 13253.939, "RAIL_TRIP": 2034.216}, "Distance": {"BIKE_TRIP": 6.069434021238908, "FOOT": 22.538834219423432, "PASSENGER_CAR": 84.81819649769976, "RAIL_TRIP": 4.364449264260467}, "Total_Count": 26, "Total_Duration": 44823.028, "Total_Distance": 117.79091400262257, "Total_Emission": 20.719048861018006}, "end_percents_count": {"BIKE_TRIP": 0.07692307692307693, "FOOT": 0.6923076923076923, "PASSENGER_CAR": 0.5, "RAIL_TRIP": 0.19230769230769232}, "end_percents_duration": {"BIKE_TRIP": 0.020044986697462745, "FOOT": 0.6388768737355273, "PASSENGER_CAR": 0.29569486024014263, "RAIL_TRIP": 0.04538327932686743}, "end_percents_distance": {"BIKE_TRIP": 0.051527183336940355, "FOOT": 0.19134611875854543, "PASSENGER_CAR": 0.7200741858222725, "RAIL_TRIP": 0.03705251208224171}}