{"start": {"Count": {"BUS": 1, "FOOT": 8, "PASSENGER_CAR": 7, "RAIL_TRIP": 5}, "Duration": {"BUS": 136.53, "FOOT": 23437.758, "PASSENGER_CAR": 12985.822, "RAIL_TRIP": 5260.298}, "Distance": {"BUS": 1.154820454611033, "FOOT": 15.141805218684476, "PASSENGER_CAR": 115.412812553362, "RAIL_TRIP": 45.98562541634883}, "Total_Count": 14, "Total_Duration": 41820.407999999996, "Total_Distance": 177.6950636430063, "Total_Emission": 26.26262902178028}, "start_percents_count": {"BUS": 0.07142857142857142, "FOOT": 0.5714285714285714, "PASSENGER_CAR": 0.5, "RAIL_TRIP": 0.35714285714285715}, "start_percents_duration": {"BUS": 0.003264674031874582, "FOOT": 0.5604382912763549, "PASSENGER_CAR": 0.3105139959418856, "RAIL_TRIP": 0.125783038749885}, "start_percents_distance": {"BUS": 0.006498888775723648, "FOOT": 0.08521230082735855, "PASSENGER_CAR": 0.6494992611906718, "RAIL_TRIP": 0.2587895492062462}, "end": {"Count": {"BIKE_TRIP": 2, "FOOT": 5, "MOTORCYCLE": 1, "PASSENGER_CAR": 6, "RAIL_TRIP": 2}, "Duration": {"BIKE_TRIP": 3070.608, "FOOT": 5228.11, "MOTORCYCLE": 1407.001, "PASSENGER_CAR": 6160.471, "RAIL_TRIP": 748.3910000000001}, "Distance": {"BIKE_TRIP": 13.775289559289487, "FOOT": 11.048474606567598, "MOTORCYCLE": 15.017520125751464, "PASSENGER_CAR": 36.26102175042402, "RAIL_TRIP": 12.204738566838637}, "Total_Count": 10, "Total_Duration": 16614.581, "Total_Distance": 88.30704460887121, "Total_Emission": 9.355405294687351}, "end_percents_count": {"BIKE_TRIP": 0.2, "FOOT": 0.5, "MOTORCYCLE": 0.1, "PASSENGER_CAR": 0.6, "RAIL_TRIP": 0.2}, "end_percents_duration": {"BIKE_TRIP": 0.18481404977952803, "FOOT": 0.3146699877655657, "MOTORCYCLE": 0.08468471157954571, "PASSENGER_CAR": 0.3707870213519077, "RAIL_TRIP": 0.04504422952345293}, "end_percents_distance": {"BIKE_TRIP": 0.15599309908176498, "FOOT": 0.12511430606135, "MOTORCYCLE": 0.17006027313298652, "PASSENGER_CAR": 0.4106243381944331, "RAIL_TRIP": 0.1382079835294654}}