{"start": {"Count": {"BIKE_TRIP": 1, "BUS": 2, "FOOT": 18, "PASSENGER_CAR": 8, "RAIL_TRIP": 6}, "Duration": {"BIKE_TRIP": 429.957, "BUS": 2162.6620000000003, "FOOT": 44514.079, "PASSENGER_CAR": 8889.519, "RAIL_TRIP": 16703.347999999998}, "Distance": {"BIKE_TRIP": 0.6021202660164079, "BUS": 9.437229786306053, "FOOT": 25.376895124261583, "PASSENGER_CAR": 60.11806222027177, "RAIL_TRIP": 26.176714576486912}, "Total_Count": 25, "Total_Duration": 72699.56499999999, "Total_Distance": 121.71102197334275, "Total_Emission": 10.679720594446868}, "start_percents_count": {"BIKE_TRIP": 0.04, "BUS": 0.08, "FOOT": 0.72, "PASSENGER_CAR": 0.32, "RAIL_TRIP": 0.24}, "start_percents_duration": {"BIKE_TRIP": 0.005914161934806626, "BUS": 0.029747935905806322, "FOOT": 0.6123018617786778, "PASSENGER_CAR": 0.12227747167400523, "RAIL_TRIP": 0.2297585687067041}, "start_percents_distance": {"BIKE_TRIP": 0.004947130146917054, "BUS": 0.0775380046383392, "FOOT": 0.20850120813067902, "PASSENGER_CAR": 0.49394098616178633, "RAIL_TRIP": 0.21507267092227816}, "end": {"Count": {"BIKE_TRIP": 3, "BUS": 1, "FOOT": 16, "PASSENGER_CAR": 8, "RAIL_TRIP": 7}, "Duration": {"BIKE_TRIP": 1409.882, "BUS": 545.335, "FOOT": 34874.983, "PASSENGER_CAR": 5753.424, "RAIL_TRIP": 5154.553}, "Distance": {"BIKE_TRIP": 4.0037244833568115, "BUS": 2.295979929405673, "FOOT": 19.532801486905853, "PASSENGER_CAR": 45.273625157959444, "RAIL_TRIP": 15.416631785384359}, "Total_Count": 26, "Total_Duration": 47738.177, "Total_Distance": 86.52276284301215, "Total_Emission": 10.216692486081403}, "end_percents_count": {"BIKE_TRIP": 0.11538461538461539, "BUS": 0.038461538461538464, "FOOT": 0.6153846153846154, "PASSENGER_CAR": 0.3076923076923077, "RAIL_TRIP": 0.2692307692307692}, "end_percents_duration": {"BIKE_TRIP": 0.029533637197750554, "BUS": 0.011423456744064609, "FOOT": 0.7305470210980197, "PASSENGER_CAR": 0.1205203960762892, "RAIL_TRIP": 0.10797548888387588}, "end_percents_distance": {"BIKE_TRIP": 0.04627365506833402, "BUS": 0.026536137473690297, "FOOT": 0.2257533260044687, "PASSENGER_CAR": 0.5232568132400535, "RAIL_TRIP": 0.17818006821345345}}