{"start": {"Count": {"BIKE_TRIP": 1, "FOOT": 11, "PASSENGER_CAR": 8, "RAIL_TRIP": 5, "UNKNOWN": 1}, "Duration": {"BIKE_TRIP": 986.997, "FOOT": 14448.688, "PASSENGER_CAR": 8800.495, "RAIL_TRIP": 5833.428, "UNKNOWN": 180.255}, "Distance": {"BIKE_TRIP": 25.57676149130641, "FOOT": 22.849448453817864, "PASSENGER_CAR": 143.9553976034265, "RAIL_TRIP": 74.59588337419721, "UNKNOWN": 9.54489175526649}, "Total_Count": 19, "Total_Duration": 30249.863, "Total_Distance": 276.5223826780144, "Total_Emission": 31.33298670419206}, "start_percents_count": {"BIKE_TRIP": 0.05263157894736842, "FOOT": 0.5789473684210527, "PASSENGER_CAR": 0.42105263157894735, "RAIL_TRIP": 0.2631578947368421, "UNKNOWN": 0.05263157894736842}, "start_percents_duration": {"BIKE_TRIP": 0.03262814777045436, "FOOT": 0.4776447417299047, "PASSENGER_CAR": 0.29092677213116636, "RAIL_TRIP": 0.19284146840598912, "UNKNOWN": 0.005958869962485449}, "start_percents_distance": {"BIKE_TRIP": 0.09249436245849314, "FOOT": 0.08263146090573074, "PASSENGER_CAR": 0.5205922074346137, "RAIL_TRIP": 0.26976435922388764, "UNKNOWN": 0.03451760997727501}, "end": {"Count": {"BIKE_TRIP": 2, "BUS": 1, "FOOT": 13, "PASSENGER_CAR": 9, "RAIL_TRIP": 4}, "Duration": {"BIKE_TRIP": 4331.296, "BUS": 7929.865, "FOOT": 12402.004, "PASSENGER_CAR": 38299.56, "RAIL_TRIP": 3485.2210000000005}, "Distance": {"BIKE_TRIP": 20.196463025702492, "BUS": 36.15926642256257, "FOOT": 14.750511741827726, "PASSENGER_CAR": 365.4026837633845, "RAIL_TRIP": 33.45438142948423}, "Total_Count": 21, "Total_Duration": 66447.94600000001, "Total_Distance": 469.9633063829615, "Total_Emission": 83.08680556447354}, "end_percents_count": {"BIKE_TRIP": 0.09523809523809523, "BUS": 0.047619047619047616, "FOOT": 0.6190476190476191, "PASSENGER_CAR": 0.42857142857142855, "RAIL_TRIP": 0.19047619047619047}, "end_percents_duration": {"BIKE_TRIP": 0.0651832940027973, "BUS": 0.11933950524219362, "FOOT": 0.18664239824659137, "PASSENGER_CAR": 0.5763844077287203, "RAIL_TRIP": 0.05245039477969718}, "end_percents_distance": {"BIKE_TRIP": 0.04297455301594311, "BUS": 0.07694061628100232, "FOOT": 0.031386517929142106, "PASSENGER_CAR": 0.7775132202887919, "RAIL_TRIP": 0.0711850924851207}}