{"start": {"Count": {"BIKE_TRIP": 2, "BUS": 2, "FOOT": 38, "PASSENGER_CAR": 30, "RAIL_TRIP": 24, "UNKNOWN": 1}, "Duration": {"BIKE_TRIP": 3003.879, "BUS": 2957.567, "FOOT": 84171.315, "PASSENGER_CAR": 59169.244, "RAIL_TRIP": 29025.836, "UNKNOWN": 813.128}, "Distance": {"BIKE_TRIP": 6.50677673970843, "BUS": 9.731717363419602, "FOOT": 77.31021892199013, "PASSENGER_CAR": 529.1301896031359, "RAIL_TRIP": 265.06978501451505, "UNKNOWN": 41.8438699612101}, "Total_Count": 63, "Total_Duration": 179140.96899999998, "Total_Distance": 929.5925576039793, "Total_Emission": 98.80331136697961}, "start_percents_count": {"BIKE_TRIP": 0.031746031746031744, "BUS": 0.031746031746031744, "FOOT": 0.6031746031746031, "PASSENGER_CAR": 0.47619047619047616, "RAIL_TRIP": 0.38095238095238093, "UNKNOWN": 0.015873015873015872}, "start_percents_duration": {"BIKE_TRIP": 0.01676824132842555, "BUS": 0.01650971866742554, "FOOT": 0.46986077763149764, "PASSENGER_CAR": 0.33029431698563605, "RAIL_TRIP": 0.16202790552059593, "UNKNOWN": 0.00453903986641939}, "start_percents_distance": {"BIKE_TRIP": 0.006999600724514854, "BUS": 0.010468798705212378, "FOOT": 0.08316570339295408, "PASSENGER_CAR": 0.5692065682700458, "RAIL_TRIP": 0.28514619964012106, "UNKNOWN": 0.045013129267151716}, "end": {"Count": {"BIKE_TRIP": 2, "BUS": 1, "FOOT": 48, "MOTORCYCLE": 1, "PASSENGER_CAR": 31, "RAIL_TRIP": 28, "UNKNOWN": 1}, "Duration": {"BIKE_TRIP": 1241.394, "BUS": 193.008, "FOOT": 108987.348, "MOTORCYCLE": 540.95, "PASSENGER_CAR": 64562.501000000004, "RAIL_TRIP": 42851.390999999996, "UNKNOWN": 813.128}, "Distance": {"BIKE_TRIP": 2.507714547058988, "BUS": 2.2780792706542705, "FOOT": 93.91015066180843, "MOTORCYCLE": 3.9969814139428745, "PASSENGER_CAR": 687.4708291624024, "RAIL_TRIP": 271.46529880928813, "UNKNOWN": 41.8438699612101}, "Total_Count": 72, "Total_Duration": 219189.72, "Total_Distance": 1103.4729238263653, "Total_Emission": 128.29204625923694}, "end_percents_count": {"BIKE_TRIP": 0.027777777777777776, "BUS": 0.013888888888888888, "FOOT": 0.6666666666666666, "MOTORCYCLE": 0.013888888888888888, "PASSENGER_CAR": 0.4305555555555556, "RAIL_TRIP": 0.3888888888888889, "UNKNOWN": 0.013888888888888888}, "end_percents_duration": {"BIKE_TRIP": 0.005663559404154538, "BUS": 0.0008805522448771777, "FOOT": 0.49722837366642925, "MOTORCYCLE": 0.002467953332847909, "PASSENGER_CAR": 0.294550770902942, "RAIL_TRIP": 0.19549909092451961, "UNKNOWN": 0.0037096995242295126}, "end_percents_distance": {"BIKE_TRIP": 0.002272565545481009, "BUS": 0.002064463224666066, "FOOT": 0.08510417304682817, "MOTORCYCLE": 0.0036221834968846152, "PASSENGER_CAR": 0.6230065226961363, "RAIL_TRIP": 0.24600993186852674, "UNKNOWN": 0.03792016012147694}}