{"start": {"Count": {"BIKE_TRIP": 5, "FOOT": 43, "MOTORCYCLE": 2, "PASSENGER_CAR": 10, "RAIL_TRIP": 35}, "Duration": {"BIKE_TRIP": 9359.469000000001, "FOOT": 73732.64, "MOTORCYCLE": 1291.819, "PASSENGER_CAR": 21482.521, "RAIL_TRIP": 38703.013}, "Distance": {"BIKE_TRIP": 30.322941834624466, "FOOT": 132.55720950765874, "MOTORCYCLE": 14.336725218095907, "PASSENGER_CAR": 424.1444727316373, "RAIL_TRIP": 197.61883235323535}, "Total_Count": 69, "Total_Duration": 144569.462, "Total_Distance": 798.9801816452517, "Total_Emission": 102.24375943256254}, "start_percents_count": {"BIKE_TRIP": 0.07246376811594203, "FOOT": 0.6231884057971014, "MOTORCYCLE": 0.028985507246376812, "PASSENGER_CAR": 0.14492753623188406, "RAIL_TRIP": 0.5072463768115942}, "start_percents_duration": {"BIKE_TRIP": 0.0647402907261286, "FOOT": 0.510015317066062, "MOTORCYCLE": 0.008935628466266271, "PASSENGER_CAR": 0.14859653416985116, "RAIL_TRIP": 0.267712229571692}, "start_percents_distance": {"BIKE_TRIP": 0.03795205754939225, "FOOT": 0.16590800692289803, "MOTORCYCLE": 0.017943780768846944, "PASSENGER_CAR": 0.5308573134545632, "RAIL_TRIP": 0.24733884130429956}, "end": {"Count": {"BIKE_TRIP": 4, "BUS": 1, "FOOT": 44, "MOTORCYCLE": 1, "PASSENGER_CAR": 11, "RAIL_TRIP": 38, "UNKNOWN": 1}, "Duration": {"BIKE_TRIP": 4385.279, "BUS": 600.822, "FOOT": 68582.826, "MOTORCYCLE": 1159.758, "PASSENGER_CAR": 14840.302, "RAIL_TRIP": 51255.941, "UNKNOWN": 180.221}, "Distance": {"BIKE_TRIP": 17.28601944045388, "BUS": 1.4143378505599575, "FOOT": 84.17255965667071, "MOTORCYCLE": 14.569408699282638, "PASSENGER_CAR": 104.78906551617315, "RAIL_TRIP": 306.75580238224865, "UNKNOWN": 5.614832559518433}, "Total_Count": 73, "Total_Duration": 141005.149, "Total_Distance": 534.6020261049075, "Total_Emission": 25.875136556995827}, "end_percents_count": {"BIKE_TRIP": 0.0547945205479452, "BUS": 0.0136986301369863, "FOOT": 0.6027397260273972, "MOTORCYCLE": 0.0136986301369863, "PASSENGER_CAR": 0.1506849315068493, "RAIL_TRIP": 0.5205479452054794, "UNKNOWN": 0.0136986301369863}, "end_percents_duration": {"BIKE_TRIP": 0.03110013379724169, "BUS": 0.004260993334363981, "FOOT": 0.48638525959076856, "MOTORCYCLE": 0.008224933686641471, "PASSENGER_CAR": 0.10524652543007489, "RAIL_TRIP": 0.36350403771425394, "UNKNOWN": 0.001278116446655434}, "end_percents_distance": {"BIKE_TRIP": 0.03233436948677363, "BUS": 0.002645590142754931, "FOOT": 0.1574490098175444, "MOTORCYCLE": 0.027252812349842486, "PASSENGER_CAR": 0.19601322179727373, "RAIL_TRIP": 0.573802169470365, "UNKNOWN": 0.010502826935445636}}