{"start": {"Count": {"FOOT": 1, "PASSENGER_CAR": 6, "RAIL_TRIP": 1}, "Duration": {"FOOT": 747.601, "PASSENGER_CAR": 19510.481, "RAIL_TRIP": 1513.8}, "Distance": {"FOOT": 1.596600691909054, "PASSENGER_CAR": 302.2968628994688, "RAIL_TRIP": 6.6754939116354715}, "Total_Count": 6, "Total_Duration": 21771.882, "Total_Distance": 310.5689575030133, "Total_Emission": 73.9454638236984}, "start_percents_count": {"FOOT": 0.16666666666666666, "PASSENGER_CAR": 1.0, "RAIL_TRIP": 0.16666666666666666}, "start_percents_duration": {"FOOT": 0.03433791346104117, "PASSENGER_CAR": 0.8961320385623989, "RAIL_TRIP": 0.06953004797655986}, "start_percents_distance": {"FOOT": 0.0051408894976039685, "PASSENGER_CAR": 0.9733647088554747, "RAIL_TRIP": 0.02149440164692153}, "end": {"Count": {"BIKE_TRIP": 1, "FOOT": 4, "PASSENGER_CAR": 9, "RAIL_TRIP": 2}, "Duration": {"BIKE_TRIP": 2176.488, "FOOT": 3909.288, "PASSENGER_CAR": 13378.395, "RAIL_TRIP": 271944.035}, "Distance": {"BIKE_TRIP": 15.396080093230928, "FOOT": 4.783802579303791, "PASSENGER_CAR": 172.91360645829909, "RAIL_TRIP": 12.42500911554803}, "Total_Count": 12, "Total_Duration": 291408.2059999999, "Total_Distance": 205.51849824638185, "Total_Emission": 37.117336153032}, "end_percents_count": {"BIKE_TRIP": 0.08333333333333333, "FOOT": 0.3333333333333333, "PASSENGER_CAR": 0.75, "RAIL_TRIP": 0.16666666666666666}, "end_percents_duration": {"BIKE_TRIP": 0.007468863110876159, "FOOT": 0.013415160999275364, "PASSENGER_CAR": 0.04590946556940818, "RAIL_TRIP": 0.9332065103204406}, "end_percents_distance": {"BIKE_TRIP": 0.07491335439194206, "FOOT": 0.02327674939298565, "PASSENGER_CAR": 0.8413530068276627, "RAIL_TRIP": 0.06045688938740954}}