{"start": {"Count": {"BIKE_TRIP": 1, "BUS": 1, "FOOT": 9, "PASSENGER_CAR": 3, "RAIL_TRIP": 7}, "Duration": {"BIKE_TRIP": 43935.801, "BUS": 1514.445, "FOOT": 5662.093, "PASSENGER_CAR": 4216.901, "RAIL_TRIP": 9864.002}, "Distance": {"BIKE_TRIP": 11.856454724549996, "BUS": 4.038534055238567, "FOOT": 15.524196118570712, "PASSENGER_CAR": 53.42755113403774, "RAIL_TRIP": 144.5562114972704}, "Total_Count": 13, "Total_Duration": 65193.242, "Total_Distance": 229.40294752966741, "Total_Emission": 12.684613674202776}, "start_percents_count": {"BIKE_TRIP": 0.07692307692307693, "BUS": 0.07692307692307693, "FOOT": 0.6923076923076923, "PASSENGER_CAR": 0.23076923076923078, "RAIL_TRIP": 0.5384615384615384}, "start_percents_duration": {"BIKE_TRIP": 0.6739318317686978, "BUS": 0.023230091855226342, "FOOT": 0.08685091930234118, "PASSENGER_CAR": 0.06468310012869125, "RAIL_TRIP": 0.15130405694504348}, "start_percents_distance": {"BIKE_TRIP": 0.05168396854629196, "BUS": 0.01760454300490749, "FOOT": 0.06767217372637749, "PASSENGER_CAR": 0.232898276632336, "RAIL_TRIP": 0.630141038090087}, "end": {"Count": {"BIKE_TRIP": 1, "FOOT": 11, "HIGH_SPEED_TRAIN": 2, "PASSENGER_CAR": 4, "RAIL_TRIP": 10}, "Duration": {"BIKE_TRIP": 714.258, "FOOT": 14491.452, "HIGH_SPEED_TRAIN": 1297.766, "PASSENGER_CAR": 3932.0679999999998, "RAIL_TRIP": 14174.577}, "Distance": {"BIKE_TRIP": 4.739899039431237, "FOOT": 42.653863442632876, "HIGH_SPEED_TRAIN": 58.838314504193015, "PASSENGER_CAR": 25.252206649806062, "RAIL_TRIP": 206.31440566435364}, "Total_Count": 17, "Total_Duration": 34610.121, "Total_Distance": 337.7986893004168, "Total_Emission": 7.3014863644362675}, "end_percents_count": {"BIKE_TRIP": 0.058823529411764705, "FOOT": 0.6470588235294118, "HIGH_SPEED_TRAIN": 0.11764705882352941, "PASSENGER_CAR": 0.23529411764705882, "RAIL_TRIP": 0.5882352941176471}, "end_percents_duration": {"BIKE_TRIP": 0.02063725810146691, "FOOT": 0.41870561504249004, "HIGH_SPEED_TRAIN": 0.037496719528949354, "PASSENGER_CAR": 0.11361035114555075, "RAIL_TRIP": 0.40955005618154294}, "end_percents_distance": {"BIKE_TRIP": 0.014031727148638729, "FOOT": 0.12627006792409198, "HIGH_SPEED_TRAIN": 0.1741815950382979, "PASSENGER_CAR": 0.07475519429072842, "RAIL_TRIP": 0.610761415598243}}