{"start": {"Count": {"BIKE_TRIP": 1, "BUS": 1, "FOOT": 11, "PASSENGER_CAR": 16, "RAIL_TRIP": 18, "UNKNOWN": 1}, "Duration": {"BIKE_TRIP": 423.81, "BUS": 209.508, "FOOT": 25454.063000000002, "PASSENGER_CAR": 24720.741, "RAIL_TRIP": 15606.835, "UNKNOWN": 1621.869}, "Distance": {"BIKE_TRIP": 1.6967215379143192, "BUS": 1.2277401951987446, "FOOT": 29.85814694927473, "PASSENGER_CAR": 479.19724199157594, "RAIL_TRIP": 97.6976715511778, "UNKNOWN": 58.78681232485551}, "Total_Count": 32, "Total_Duration": 68036.826, "Total_Distance": 668.464334549997, "Total_Emission": 85.48128471257428}, "start_percents_count": {"BIKE_TRIP": 0.03125, "BUS": 0.03125, "FOOT": 0.34375, "PASSENGER_CAR": 0.5, "RAIL_TRIP": 0.5625, "UNKNOWN": 0.03125}, "start_percents_duration": {"BIKE_TRIP": 0.006229126561547713, "BUS": 0.0030793323603896514, "FOOT": 0.3741218468950918, "PASSENGER_CAR": 0.36334353692513527, "RAIL_TRIP": 0.22938805228803588, "UNKNOWN": 0.023838104969799736}, "start_percents_distance": {"BIKE_TRIP": 0.002538237943624223, "BUS": 0.0018366577418453386, "FOOT": 0.04466677637988706, "PASSENGER_CAR": 0.7168628410282597, "RAIL_TRIP": 0.1461524070943094, "UNKNOWN": 0.08794307981207428}, "end": {"Count": {"BIKE_TRIP": 1, "FOOT": 13, "PASSENGER_CAR": 14, "RAIL_TRIP": 15}, "Duration": {"BIKE_TRIP": 209.941, "FOOT": 13614.54, "PASSENGER_CAR": 35065.544, "RAIL_TRIP": 14015.333}, "Distance": {"BIKE_TRIP": 1.4302384245905442, "FOOT": 17.062108705621498, "PASSENGER_CAR": 698.7998779243268, "RAIL_TRIP": 89.91539506981592}, "Total_Count": 31, "Total_Duration": 62905.35800000001, "Total_Distance": 807.2076201243547, "Total_Emission": 146.59841637143126}, "end_percents_count": {"BIKE_TRIP": 0.03225806451612903, "FOOT": 0.41935483870967744, "PASSENGER_CAR": 0.45161290322580644, "RAIL_TRIP": 0.4838709677419355}, "end_percents_duration": {"BIKE_TRIP": 0.003337410463509324, "FOOT": 0.2164289407589096, "PASSENGER_CAR": 0.5574333429594344, "RAIL_TRIP": 0.22280030581814667}, "end_percents_distance": {"BIKE_TRIP": 0.0017718346419601542, "FOOT": 0.021137199749171085, "PASSENGER_CAR": 0.8657002987864174, "RAIL_TRIP": 0.11139066682245141}}