{"start": {"Count": {"BIKE_TRIP": 1, "FOOT": 5, "PASSENGER_CAR": 3, "RAIL_TRIP": 5}, "Duration": {"BIKE_TRIP": 841.329, "FOOT": 18362.243, "PASSENGER_CAR": 9776.473, "RAIL_TRIP": 9329.554}, "Distance": {"BIKE_TRIP": 2.611333884279843, "FOOT": 18.659467599599413, "PASSENGER_CAR": 22.15401394879279, "RAIL_TRIP": 49.93259550240893}, "Total_Count": 7, "Total_Duration": 38309.598999999995, "Total_Distance": 93.35741093508098, "Total_Emission": 3.377119018159814}, "start_percents_count": {"BIKE_TRIP": 0.14285714285714285, "FOOT": 0.7142857142857143, "PASSENGER_CAR": 0.42857142857142855, "RAIL_TRIP": 0.7142857142857143}, "start_percents_duration": {"BIKE_TRIP": 0.02196131053212016, "FOOT": 0.4793118038118854, "PASSENGER_CAR": 0.2551964326225394, "RAIL_TRIP": 0.24353045303345516}, "start_percents_distance": {"BIKE_TRIP": 0.02797136143905829, "FOOT": 0.19987130547755724, "PASSENGER_CAR": 0.23730321703328175, "RAIL_TRIP": 0.5348541160501027}, "end": {"Count": {"BIKE_TRIP": 2, "FOOT": 5, "PASSENGER_CAR": 4, "RAIL_TRIP": 6}, "Duration": {"BIKE_TRIP": 2142.944, "FOOT": 9557.276, "PASSENGER_CAR": 12513.368, "RAIL_TRIP": 10623.313}, "Distance": {"BIKE_TRIP": 12.992897340207161, "FOOT": 6.668638410414422, "PASSENGER_CAR": 54.33649019556613, "RAIL_TRIP": 101.67575799443958}, "Total_Count": 11, "Total_Duration": 34836.901, "Total_Distance": 175.6737839406273, "Total_Emission": 9.545324105741972}, "end_percents_count": {"BIKE_TRIP": 0.18181818181818182, "FOOT": 0.45454545454545453, "PASSENGER_CAR": 0.36363636363636365, "RAIL_TRIP": 0.5454545454545454}, "end_percents_duration": {"BIKE_TRIP": 0.06151362315494137, "FOOT": 0.27434346126252734, "PASSENGER_CAR": 0.35919865547167934, "RAIL_TRIP": 0.304944260110852}, "end_percents_distance": {"BIKE_TRIP": 0.07396036590524166, "FOOT": 0.037960350490704016, "PASSENGER_CAR": 0.3093033517962493, "RAIL_TRIP": 0.5787759318078051}}