{"start": {"Count": {"BIKE_TRIP": 1, "BUS": 1, "FOOT": 22, "PASSENGER_CAR": 32, "RAIL_TRIP": 5, "UNKNOWN": 9}, "Duration": {"BIKE_TRIP": 1502.711, "BUS": 721.613, "FOOT": 40701.823000000004, "PASSENGER_CAR": 50197.488, "RAIL_TRIP": 2159.62, "UNKNOWN": 2837.233}, "Distance": {"BIKE_TRIP": 11.263432172030528, "BUS": 11.239512335048246, "FOOT": 23.674914764743107, "PASSENGER_CAR": 618.2535738048521, "RAIL_TRIP": 13.740003137458814, "UNKNOWN": 259.99408125015}, "Total_Count": 58, "Total_Duration": 98120.488, "Total_Distance": 938.1655174642829, "Total_Emission": 105.05611148230625}, "start_percents_count": {"BIKE_TRIP": 0.017241379310344827, "BUS": 0.017241379310344827, "FOOT": 0.3793103448275862, "PASSENGER_CAR": 0.5517241379310345, "RAIL_TRIP": 0.08620689655172414, "UNKNOWN": 0.15517241379310345}, "start_percents_duration": {"BIKE_TRIP": 0.015314956444162814, "BUS": 0.007354356003610582, "FOOT": 0.4148147224869082, "PASSENGER_CAR": 0.5115902807169079, "RAIL_TRIP": 0.022009878303907333, "UNKNOWN": 0.028915806044503164}, "start_percents_distance": {"BIKE_TRIP": 0.012005804905805804, "BUS": 0.011980308512539365, "FOOT": 0.02523532822729699, "PASSENGER_CAR": 0.6590026624255989, "RAIL_TRIP": 0.014645606645825067, "UNKNOWN": 0.27713028928293376}, "end": {"Count": {"BIKE_TRIP": 5, "BUS": 1, "FOOT": 29, "PASSENGER_CAR": 36, "RAIL_TRIP": 9, "UNKNOWN": 6}, "Duration": {"BIKE_TRIP": 13781.57, "BUS": 268.002, "FOOT": 75916.603, "PASSENGER_CAR": 64980.513, "RAIL_TRIP": 6786.753, "UNKNOWN": 2347.5080000000003}, "Distance": {"BIKE_TRIP": 50.419138826617, "BUS": 1.8632281355324047, "FOOT": 55.110564010886335, "PASSENGER_CAR": 764.4447838885162, "RAIL_TRIP": 65.6586146650533, "UNKNOWN": 208.13487934389187}, "Total_Count": 65, "Total_Duration": 164080.949, "Total_Distance": 1145.6312088704972, "Total_Emission": 163.38701379984136}, "end_percents_count": {"BIKE_TRIP": 0.07692307692307693, "BUS": 0.015384615384615385, "FOOT": 0.4461538461538462, "PASSENGER_CAR": 0.5538461538461539, "RAIL_TRIP": 0.13846153846153847, "UNKNOWN": 0.09230769230769231}, "end_percents_duration": {"BIKE_TRIP": 0.08399250543096262, "BUS": 0.001633352327819606, "FOOT": 0.46267774206986095, "PASSENGER_CAR": 0.3960271646161676, "RAIL_TRIP": 0.041362224203127934, "UNKNOWN": 0.014307011352061355}, "end_percents_distance": {"BIKE_TRIP": 0.04400992085081754, "BUS": 0.0016263769013148673, "FOOT": 0.048104977923236786, "PASSENGER_CAR": 0.6672695174236734, "RAIL_TRIP": 0.05731217354822899, "UNKNOWN": 0.1816770333527284}}