{"start": {"Count": {"BIKE_TRIP": 6, "BUS": 1, "FOOT": 74, "PASSENGER_CAR": 26, "RAIL_TRIP": 36}, "Duration": {"BIKE_TRIP": 6183.369000000001, "BUS": 463.682, "FOOT": 145633.841, "PASSENGER_CAR": 31999.863999999998, "RAIL_TRIP": 63064.266}, "Distance": {"BIKE_TRIP": 21.32270563661941, "BUS": 2.135287578852583, "FOOT": 168.24542658913, "PASSENGER_CAR": 430.5702631233141, "RAIL_TRIP": 333.07764414320087}, "Total_Count": 93, "Total_Duration": 247345.022, "Total_Distance": 955.351327071117, "Total_Emission": 80.64331952915799}, "start_percents_count": {"BIKE_TRIP": 0.06451612903225806, "BUS": 0.010752688172043012, "FOOT": 0.7956989247311828, "PASSENGER_CAR": 0.27956989247311825, "RAIL_TRIP": 0.3870967741935484}, "start_percents_duration": {"BIKE_TRIP": 0.02499896278486656, "BUS": 0.0018746364743900124, "FOOT": 0.5887882433308077, "PASSENGER_CAR": 0.12937339001712353, "RAIL_TRIP": 0.25496476739281215}, "start_percents_distance": {"BIKE_TRIP": 0.02231922961994497, "BUS": 0.002235080978427982, "FOOT": 0.1761084344802566, "PASSENGER_CAR": 0.4506931124943757, "RAIL_TRIP": 0.34864414242699465}, "end": {"Count": {"BIKE_TRIP": 9, "FOOT": 105, "MOTORCYCLE": 1, "PASSENGER_CAR": 38, "RAIL_TRIP": 69, "UNKNOWN": 2}, "Duration": {"BIKE_TRIP": 13490.237000000001, "FOOT": 342386.724, "MOTORCYCLE": 340.548, "PASSENGER_CAR": 49654.063, "RAIL_TRIP": 119144.614, "UNKNOWN": 4114.326}, "Distance": {"BIKE_TRIP": 79.45450981801204, "FOOT": 317.10439561264843, "MOTORCYCLE": 1.8844588469464727, "PASSENGER_CAR": 531.9003585305333, "RAIL_TRIP": 854.4088951540775, "UNKNOWN": 113.1306578889139}, "Total_Count": 132, "Total_Duration": 529130.512, "Total_Distance": 1897.8832758511317, "Total_Emission": 110.31919898195255}, "end_percents_count": {"BIKE_TRIP": 0.06818181818181818, "FOOT": 0.7954545454545454, "MOTORCYCLE": 0.007575757575757576, "PASSENGER_CAR": 0.2878787878787879, "RAIL_TRIP": 0.5227272727272727, "UNKNOWN": 0.015151515151515152}, "end_percents_duration": {"BIKE_TRIP": 0.025495103181651338, "FOOT": 0.6470742401640222, "MOTORCYCLE": 0.0006435992487237251, "PASSENGER_CAR": 0.09384086132609945, "RAIL_TRIP": 0.22517056056672838, "UNKNOWN": 0.007775635512774966}, "end_percents_distance": {"BIKE_TRIP": 0.04186480318837289, "FOOT": 0.16708319191570864, "MOTORCYCLE": 0.0009929266309074574, "PASSENGER_CAR": 0.2802597848342361, "RAIL_TRIP": 0.45019043374567186, "UNKNOWN": 0.059608859685103086}}