{"start": {"Count": {"FOOT": 16, "PASSENGER_CAR": 5, "RAIL_TRIP": 3}, "Duration": {"FOOT": 26573.162, "PASSENGER_CAR": 9656.771, "RAIL_TRIP": 697.274}, "Distance": {"FOOT": 27.934625290342005, "PASSENGER_CAR": 25.155635477773867, "RAIL_TRIP": 3.3548762208534475}, "Total_Count": 19, "Total_Duration": 36927.207, "Total_Distance": 56.44513698896932, "Total_Emission": 3.6513922591640657}, "start_percents_count": {"FOOT": 0.8421052631578947, "PASSENGER_CAR": 0.2631578947368421, "RAIL_TRIP": 0.15789473684210525}, "start_percents_duration": {"FOOT": 0.719609311367632, "PASSENGER_CAR": 0.26150829657926744, "RAIL_TRIP": 0.018882392053100577}, "start_percents_distance": {"FOOT": 0.494898706611361, "PASSENGER_CAR": 0.44566523919837164, "RAIL_TRIP": 0.05943605419026741}, "end": {"Count": {"BUS": 2, "FOOT": 20, "PASSENGER_CAR": 7, "RAIL_TRIP": 5}, "Duration": {"BUS": 706.821, "FOOT": 47389.584, "PASSENGER_CAR": 11909.086, "RAIL_TRIP": 11731.741}, "Distance": {"BUS": 6.022522887935951, "FOOT": 56.11771488095267, "PASSENGER_CAR": 88.78909531452362, "RAIL_TRIP": 101.63104231548753}, "Total_Count": 20, "Total_Duration": 71737.23199999999, "Total_Distance": 252.5603753988998, "Total_Emission": 16.013089938326278}, "end_percents_count": {"BUS": 0.1, "FOOT": 1.0, "PASSENGER_CAR": 0.35, "RAIL_TRIP": 0.25}, "end_percents_duration": {"BUS": 0.0098529171016802, "FOOT": 0.6605995614662133, "PASSENGER_CAR": 0.16600983433539784, "RAIL_TRIP": 0.16353768709670874}, "end_percents_distance": {"BUS": 0.023845873995173773, "FOOT": 0.2221952465517167, "PASSENGER_CAR": 0.3515559207349452, "RAIL_TRIP": 0.4024029587181642}}