{"start": {"Count": {"FOOT": 5, "PASSENGER_CAR": 5, "RAIL_TRIP": 8}, "Duration": {"FOOT": 77171.13699999999, "PASSENGER_CAR": 5288.1410000000005, "RAIL_TRIP": 6039.648}, "Distance": {"FOOT": 7.501942803970822, "PASSENGER_CAR": 29.394594326056247, "RAIL_TRIP": 51.043189763104635}, "Total_Count": 14, "Total_Duration": 88498.926, "Total_Distance": 87.9397268931317, "Total_Emission": 5.378986648529046}, "start_percents_count": {"FOOT": 0.35714285714285715, "PASSENGER_CAR": 0.35714285714285715, "RAIL_TRIP": 0.5714285714285714}, "start_percents_duration": {"FOOT": 0.8720008308349412, "PASSENGER_CAR": 0.05975373079668786, "RAIL_TRIP": 0.0682454383683707}, "start_percents_distance": {"FOOT": 0.085307779191622, "PASSENGER_CAR": 0.33425842181404397, "RAIL_TRIP": 0.580433798994334}, "end": {"Count": {"FOOT": 3, "PASSENGER_CAR": 5, "RAIL_TRIP": 4, "SCOOTER": 1}, "Duration": {"FOOT": 1097.881, "PASSENGER_CAR": 4756.21, "RAIL_TRIP": 2012.878, "SCOOTER": 3905.768}, "Distance": {"FOOT": 2.743257213356273, "PASSENGER_CAR": 27.86908679180081, "RAIL_TRIP": 14.953306334129755, "SCOOTER": 17.640303104215732}, "Total_Count": 10, "Total_Duration": 11772.737000000001, "Total_Distance": 63.20595344350258, "Total_Emission": 6.165503208605322}, "end_percents_count": {"FOOT": 0.3, "PASSENGER_CAR": 0.5, "RAIL_TRIP": 0.4, "SCOOTER": 0.1}, "end_percents_duration": {"FOOT": 0.09325622410489591, "PASSENGER_CAR": 0.4040020600137419, "RAIL_TRIP": 0.17097791278272842, "SCOOTER": 0.3317638030986337}, "end_percents_distance": {"FOOT": 0.04340188010625245, "PASSENGER_CAR": 0.44092502799933136, "RAIL_TRIP": 0.23658066241332712, "SCOOTER": 0.2790924294810889}}