{"start": {"Count": {"FOOT": 8, "PASSENGER_CAR": 6, "RAIL_TRIP": 5}, "Duration": {"FOOT": 17078.053, "PASSENGER_CAR": 16011.955, "RAIL_TRIP": 6781.945}, "Distance": {"FOOT": 16.88644642882709, "PASSENGER_CAR": 175.64068271977956, "RAIL_TRIP": 81.49149900755316}, "Total_Count": 14, "Total_Duration": 39871.953, "Total_Distance": 274.0186281561598, "Total_Emission": 34.89365978391296}, "start_percents_count": {"FOOT": 0.5714285714285714, "PASSENGER_CAR": 0.42857142857142855, "RAIL_TRIP": 0.35714285714285715}, "start_percents_duration": {"FOOT": 0.42832246015137504, "PASSENGER_CAR": 0.4015844169960774, "RAIL_TRIP": 0.1700931228525475}, "start_percents_distance": {"FOOT": 0.061625176881053914, "PASSENGER_CAR": 0.6409808117851175, "RAIL_TRIP": 0.2973940113338286}, "end": {"Count": {"BIKE_TRIP": 1, "FOOT": 10, "MOTORCYCLE": 1, "PASSENGER_CAR": 10, "RAIL_TRIP": 2}, "Duration": {"BIKE_TRIP": 420.628, "FOOT": 40136.616, "MOTORCYCLE": 754.0, "PASSENGER_CAR": 17908.182, "RAIL_TRIP": 3828.573}, "Distance": {"BIKE_TRIP": 5.054191198402087, "FOOT": 47.710115215056526, "MOTORCYCLE": 1.209549199168637, "PASSENGER_CAR": 192.2055069038518, "RAIL_TRIP": 72.08153508854653}, "Total_Count": 19, "Total_Duration": 63047.999, "Total_Distance": 318.26089760502555, "Total_Emission": 40.53432061173312}, "end_percents_count": {"BIKE_TRIP": 0.05263157894736842, "FOOT": 0.5263157894736842, "MOTORCYCLE": 0.05263157894736842, "PASSENGER_CAR": 0.5263157894736842, "RAIL_TRIP": 0.10526315789473684}, "end_percents_duration": {"BIKE_TRIP": 0.0066715519393406916, "FOOT": 0.6366041212505412, "MOTORCYCLE": 0.011959142430515518, "PASSENGER_CAR": 0.28404044988009847, "RAIL_TRIP": 0.06072473449950409}, "end_percents_distance": {"BIKE_TRIP": 0.01588065400567851, "FOOT": 0.14990881875242706, "MOTORCYCLE": 0.003800495782770448, "PASSENGER_CAR": 0.6039243537306506, "RAIL_TRIP": 0.22648567772847353}}