{"start": {"Count": {"BIKE_TRIP": 1, "FOOT": 8, "RAIL_TRIP": 4}, "Duration": {"BIKE_TRIP": 420.368, "FOOT": 14411.309000000001, "RAIL_TRIP": 6806.593}, "Distance": {"BIKE_TRIP": 0.5197558795280198, "FOOT": 17.80701214087361, "RAIL_TRIP": 44.77969790143506}, "Total_Count": 11, "Total_Duration": 21638.270000000004, "Total_Distance": 63.106465921836694, "Total_Emission": 0.22389848950717484}, "start_percents_count": {"BIKE_TRIP": 0.09090909090909091, "FOOT": 0.7272727272727273, "RAIL_TRIP": 0.36363636363636365}, "start_percents_duration": {"BIKE_TRIP": 0.019427061405555987, "FOOT": 0.6660102217044153, "RAIL_TRIP": 0.31456271689002857}, "start_percents_distance": {"BIKE_TRIP": 0.008236174723708764, "FOOT": 0.2821741303486916, "RAIL_TRIP": 0.7095896949275996}, "end": {"Count": {"BUS": 2, "FOOT": 6, "PASSENGER_CAR": 5, "RAIL_TRIP": 4}, "Duration": {"BUS": 834.904, "FOOT": 8465.22, "PASSENGER_CAR": 16723.141, "RAIL_TRIP": 7391.735000000001}, "Distance": {"BUS": 2.487673593351351, "FOOT": 15.328267983586006, "PASSENGER_CAR": 355.5287215794262, "RAIL_TRIP": 55.12511404712867}, "Total_Count": 11, "Total_Duration": 33415.0, "Total_Distance": 428.4697772034922, "Total_Emission": 132.18584620937963}, "end_percents_count": {"BUS": 0.18181818181818182, "FOOT": 0.5454545454545454, "PASSENGER_CAR": 0.45454545454545453, "RAIL_TRIP": 0.36363636363636365}, "end_percents_duration": {"BUS": 0.024985904533891965, "FOOT": 0.25333592697890167, "PASSENGER_CAR": 0.5004680831961694, "RAIL_TRIP": 0.22121008529103697}, "end_percents_distance": {"BUS": 0.005805948810643617, "FOOT": 0.03577444384439322, "PASSENGER_CAR": 0.8297638258172308, "RAIL_TRIP": 0.1286557815277324}}