{"start": {"Count": {"BIKE_TRIP": 2, "FOOT": 3, "PASSENGER_CAR": 2}, "Duration": {"BIKE_TRIP": 10864.298999999999, "FOOT": 33868.401, "PASSENGER_CAR": 8325.333}, "Distance": {"BIKE_TRIP": 29.96478239268464, "FOOT": 29.010529168437728, "PASSENGER_CAR": 22.262612044804353}, "Total_Count": 5, "Total_Duration": 53058.033, "Total_Distance": 81.23792360592671, "Total_Emission": 7.413498996633692}, "start_percents_count": {"BIKE_TRIP": 0.4, "FOOT": 0.6, "PASSENGER_CAR": 0.4}, "start_percents_duration": {"BIKE_TRIP": 0.20476256630169457, "FOOT": 0.6383274894491471, "PASSENGER_CAR": 0.15690994424915827}, "start_percents_distance": {"BIKE_TRIP": 0.3688521451882426, "FOOT": 0.35710574422314834, "PASSENGER_CAR": 0.2740421105886092}, "end": {"Count": {"BIKE_TRIP": 3, "FOOT": 2, "PASSENGER_CAR": 4, "RAIL_TRIP": 2}, "Duration": {"BIKE_TRIP": 5569.514, "FOOT": 15137.634999999998, "PASSENGER_CAR": 4665.726, "RAIL_TRIP": 3364.1459999999997}, "Distance": {"BIKE_TRIP": 12.447229935127854, "FOOT": 8.232318330133173, "PASSENGER_CAR": 35.86708256450073, "RAIL_TRIP": 20.348677778651748}, "Total_Count": 5, "Total_Duration": 28737.021, "Total_Distance": 76.89530860841349, "Total_Emission": 8.03386555733566}, "end_percents_count": {"BIKE_TRIP": 0.6, "FOOT": 0.4, "PASSENGER_CAR": 0.8, "RAIL_TRIP": 0.4}, "end_percents_duration": {"BIKE_TRIP": 0.19380972022117393, "FOOT": 0.5267642390629146, "PASSENGER_CAR": 0.16235941783944827, "RAIL_TRIP": 0.11706662287646306}, "end_percents_distance": {"BIKE_TRIP": 0.16187242317362835, "FOOT": 0.10705878523819899, "PASSENGER_CAR": 0.4664404527869511, "RAIL_TRIP": 0.2646283388012218}}