{"start": {"Count": {"BIKE_TRIP": 8, "BUS": 2, "FOOT": 76, "MOTORCYCLE": 1, "PASSENGER_CAR": 59, "RAIL_TRIP": 31, "UNKNOWN": 1}, "Duration": {"BIKE_TRIP": 9539.034, "BUS": 1302.23, "FOOT": 174695.131, "MOTORCYCLE": 1572.931, "PASSENGER_CAR": 96225.254, "RAIL_TRIP": 31980.086, "UNKNOWN": 541.473}, "Distance": {"BIKE_TRIP": 43.10652080611408, "BUS": 8.889914056003397, "FOOT": 155.82229261561562, "MOTORCYCLE": 8.748218810199644, "PASSENGER_CAR": 1729.8515490972834, "RAIL_TRIP": 199.93399794246852, "UNKNOWN": 13.087977405380503}, "Total_Count": 124, "Total_Duration": 315856.13899999997, "Total_Distance": 2159.4404707330655, "Total_Emission": 274.5360957097245}, "start_percents_count": {"BIKE_TRIP": 0.06451612903225806, "BUS": 0.016129032258064516, "FOOT": 0.6129032258064516, "MOTORCYCLE": 0.008064516129032258, "PASSENGER_CAR": 0.47580645161290325, "RAIL_TRIP": 0.25, "UNKNOWN": 0.008064516129032258}, "start_percents_duration": {"BIKE_TRIP": 0.030200565454262078, "BUS": 0.004122857969843037, "FOOT": 0.5530844882517861, "MOTORCYCLE": 0.004979896876406762, "PASSENGER_CAR": 0.3046489908495969, "RAIL_TRIP": 0.10124889799909827, "UNKNOWN": 0.0017143025990069487}, "start_percents_distance": {"BIKE_TRIP": 0.0199618935508237, "BUS": 0.004116767364735707, "FOOT": 0.07215864235549804, "MOTORCYCLE": 0.004051150716476979, "PASSENGER_CAR": 0.8010647075212268, "RAIL_TRIP": 0.09258601968990463, "UNKNOWN": 0.006060818801333998}, "end": {"Count": {"BIKE_TRIP": 7, "BUS": 2, "FOOT": 96, "HIGH_SPEED_TRAIN": 2, "MOTORCYCLE": 2, "PASSENGER_CAR": 77, "RAIL_TRIP": 48, "UNKNOWN": 6}, "Duration": {"BIKE_TRIP": 15901.355, "BUS": 1800.1309999999999, "FOOT": 202914.131, "HIGH_SPEED_TRAIN": 5117.282, "MOTORCYCLE": 1194.4969999999998, "PASSENGER_CAR": 127641.115, "RAIL_TRIP": 50422.922, "UNKNOWN": 13219.162}, "Distance": {"BIKE_TRIP": 69.06002917863277, "BUS": 9.936049800582449, "FOOT": 173.41294637726642, "HIGH_SPEED_TRAIN": 354.0709410998047, "MOTORCYCLE": 27.510190639852144, "PASSENGER_CAR": 2257.7120194951376, "RAIL_TRIP": 364.075773963841, "UNKNOWN": 598.7994347023548}, "Total_Count": 141, "Total_Duration": 418210.595, "Total_Distance": 3854.5773852574716, "Total_Emission": 472.34567523112963}, "end_percents_count": {"BIKE_TRIP": 0.04964539007092199, "BUS": 0.014184397163120567, "FOOT": 0.6808510638297872, "HIGH_SPEED_TRAIN": 0.014184397163120567, "MOTORCYCLE": 0.014184397163120567, "PASSENGER_CAR": 0.5460992907801419, "RAIL_TRIP": 0.3404255319148936, "UNKNOWN": 0.0425531914893617}, "end_percents_duration": {"BIKE_TRIP": 0.03802236287198798, "BUS": 0.004304364885829829, "FOOT": 0.48519605535101284, "HIGH_SPEED_TRAIN": 0.012236136676546897, "MOTORCYCLE": 0.002856209322004384, "PASSENGER_CAR": 0.30520775065490635, "RAIL_TRIP": 0.12056825580901412, "UNKNOWN": 0.0316088644286977}, "end_percents_distance": {"BIKE_TRIP": 0.01791636858628532, "BUS": 0.0025777274153541887, "FOOT": 0.044988835103042836, "HIGH_SPEED_TRAIN": 0.09185726623468841, "MOTORCYCLE": 0.007137018637910823, "PASSENGER_CAR": 0.5857223227973488, "RAIL_TRIP": 0.09445283816490872, "UNKNOWN": 0.15534762306046093}}