{"start": {"Count": {"BUS": 1, "FOOT": 15, "MOTORCYCLE": 1, "PASSENGER_CAR": 6, "RAIL_TRIP": 10}, "Duration": {"BUS": 120.161, "FOOT": 35436.364, "MOTORCYCLE": 546.348, "PASSENGER_CAR": 4735.43, "RAIL_TRIP": 24163.981}, "Distance": {"BUS": 0.7541275431570539, "FOOT": 38.296085796166324, "MOTORCYCLE": 5.43569282647988, "PASSENGER_CAR": 63.86724130478758, "RAIL_TRIP": 340.9895601433518}, "Total_Count": 21, "Total_Duration": 65002.284, "Total_Distance": 449.34270761394265, "Total_Emission": 15.339050367161496}, "start_percents_count": {"BUS": 0.047619047619047616, "FOOT": 0.7142857142857143, "MOTORCYCLE": 0.047619047619047616, "PASSENGER_CAR": 0.2857142857142857, "RAIL_TRIP": 0.47619047619047616}, "start_percents_duration": {"BUS": 0.0018485658134720312, "FOOT": 0.545155674837518, "MOTORCYCLE": 0.008405058505328827, "PASSENGER_CAR": 0.07285020938648865, "RAIL_TRIP": 0.3717404914571925}, "start_percents_distance": {"BUS": 0.0016782903792108945, "FOOT": 0.08522689952958755, "MOTORCYCLE": 0.01209698685296126, "PASSENGER_CAR": 0.14213481207679857, "RAIL_TRIP": 0.7588630111614417}, "end": {"Count": {"BIKE_TRIP": 2, "BUS": 1, "FOOT": 15, "MOTORCYCLE": 2, "PASSENGER_CAR": 8, "RAIL_TRIP": 14, "UNKNOWN": 2}, "Duration": {"BIKE_TRIP": 8596.403, "BUS": 120.075, "FOOT": 34503.437, "MOTORCYCLE": 1438.421, "PASSENGER_CAR": 11760.465, "RAIL_TRIP": 19291.579999999998, "UNKNOWN": 5952.882}, "Distance": {"BIKE_TRIP": 29.9640845019861, "BUS": 1.5697411564644348, "FOOT": 40.71785196514677, "MOTORCYCLE": 9.761144440610774, "PASSENGER_CAR": 228.2492050972653, "RAIL_TRIP": 158.03831100382547, "UNKNOWN": 296.6900406193352}, "Total_Count": 25, "Total_Duration": 81663.263, "Total_Distance": 764.9903787846341, "Total_Emission": 31.345336974798304}, "end_percents_count": {"BIKE_TRIP": 0.08, "BUS": 0.04, "FOOT": 0.6, "MOTORCYCLE": 0.08, "PASSENGER_CAR": 0.32, "RAIL_TRIP": 0.56, "UNKNOWN": 0.08}, "end_percents_duration": {"BIKE_TRIP": 0.10526646479947782, "BUS": 0.0014703674037614685, "FOOT": 0.42250867443295764, "MOTORCYCLE": 0.017614052477917762, "PASSENGER_CAR": 0.14401169593235577, "RAIL_TRIP": 0.23623327419576653, "UNKNOWN": 0.07289547075776288}, "end_percents_distance": {"BIKE_TRIP": 0.03916923053279578, "BUS": 0.0020519750313178257, "FOOT": 0.05322661969923934, "MOTORCYCLE": 0.012759826412612708, "PASSENGER_CAR": 0.2983687264928645, "RAIL_TRIP": 0.20658862566991526, "UNKNOWN": 0.3878349961612545}}