{"start": {"Count": {"BIKE_TRIP": 5, "FOOT": 28, "PASSENGER_CAR": 12, "RAIL_TRIP": 18}, "Duration": {"BIKE_TRIP": 8347.685, "FOOT": 84656.64700000001, "PASSENGER_CAR": 26579.895, "RAIL_TRIP": 29097.48}, "Distance": {"BIKE_TRIP": 35.17266425207585, "FOOT": 39.0030837488626, "PASSENGER_CAR": 149.2607199279582, "RAIL_TRIP": 94.2271182889808}, "Total_Count": 46, "Total_Duration": 148681.70700000002, "Total_Distance": 317.6635862178775, "Total_Emission": 32.4421082076209}, "start_percents_count": {"BIKE_TRIP": 0.10869565217391304, "FOOT": 0.6086956521739131, "PASSENGER_CAR": 0.2608695652173913, "RAIL_TRIP": 0.391304347826087}, "start_percents_duration": {"BIKE_TRIP": 0.056144667480848856, "FOOT": 0.5693817262940087, "PASSENGER_CAR": 0.17877044551284305, "RAIL_TRIP": 0.1957031607122993}, "start_percents_distance": {"BIKE_TRIP": 0.11072299683713764, "FOOT": 0.1227810974913296, "PASSENGER_CAR": 0.46987041135266927, "RAIL_TRIP": 0.2966254943188634}, "end": {"Count": {"BIKE_TRIP": 5, "BUS": 1, "FOOT": 30, "PASSENGER_CAR": 11, "RAIL_TRIP": 21}, "Duration": {"BIKE_TRIP": 4693.289, "BUS": 414.031, "FOOT": 26917.853, "PASSENGER_CAR": 9532.766, "RAIL_TRIP": 19325.948}, "Distance": {"BIKE_TRIP": 20.4065966492105, "BUS": 1.902796254949419, "FOOT": 46.91557661293626, "PASSENGER_CAR": 94.19379123619345, "RAIL_TRIP": 92.09675107328938}, "Total_Count": 54, "Total_Duration": 60883.88700000001, "Total_Distance": 255.51551182657897, "Total_Emission": 20.47829198706215}, "end_percents_count": {"BIKE_TRIP": 0.09259259259259259, "BUS": 0.018518518518518517, "FOOT": 0.5555555555555556, "PASSENGER_CAR": 0.2037037037037037, "RAIL_TRIP": 0.3888888888888889}, "end_percents_duration": {"BIKE_TRIP": 0.07708589630619345, "BUS": 0.00680033782994177, "FOOT": 0.44211784638520196, "PASSENGER_CAR": 0.15657288766730676, "RAIL_TRIP": 0.3174230318113559}, "end_percents_distance": {"BIKE_TRIP": 0.07986441411455547, "BUS": 0.007446891350537131, "FOOT": 0.18361146169778667, "PASSENGER_CAR": 0.36864216408170064, "RAIL_TRIP": 0.36043506875542025}}