{"start": {"Count": {"BIKE_TRIP": 3, "BUS": 1, "FOOT": 21, "PASSENGER_CAR": 9, "RAIL_TRIP": 6, "UNKNOWN": 1}, "Duration": {"BIKE_TRIP": 1507.41, "BUS": 151.814, "FOOT": 26236.548, "PASSENGER_CAR": 13112.989, "RAIL_TRIP": 6085.301, "UNKNOWN": 300.336}, "Distance": {"BIKE_TRIP": 5.94486506786278, "BUS": 0.6985756541239327, "FOOT": 23.65928115621181, "PASSENGER_CAR": 113.26355058613323, "RAIL_TRIP": 53.53712817071037, "UNKNOWN": 8.716575235233364}, "Total_Count": 27, "Total_Duration": 47394.397999999994, "Total_Distance": 205.8199758702755, "Total_Emission": 24.054403196557498}, "start_percents_count": {"BIKE_TRIP": 0.1111111111111111, "BUS": 0.037037037037037035, "FOOT": 0.7777777777777778, "PASSENGER_CAR": 0.3333333333333333, "RAIL_TRIP": 0.2222222222222222, "UNKNOWN": 0.037037037037037035}, "start_percents_duration": {"BIKE_TRIP": 0.031805657706634446, "BUS": 0.00320320557716547, "FOOT": 0.5535790959935813, "PASSENGER_CAR": 0.2766780369274867, "RAIL_TRIP": 0.12839705232673282, "UNKNOWN": 0.006336951468399283}, "start_percents_distance": {"BIKE_TRIP": 0.028883809954431818, "BUS": 0.003394110076877241, "FOOT": 0.11495133577862149, "PASSENGER_CAR": 0.550303973689712, "RAIL_TRIP": 0.26011628824820104, "UNKNOWN": 0.042350482252156416}, "end": {"Count": {"BIKE_TRIP": 1, "FOOT": 16, "PASSENGER_CAR": 8, "RAIL_TRIP": 6, "UNKNOWN": 1}, "Duration": {"BIKE_TRIP": 425.594, "FOOT": 231573.56, "PASSENGER_CAR": 13541.631, "RAIL_TRIP": 8336.033, "UNKNOWN": 300.415}, "Distance": {"BIKE_TRIP": 2.22428547159246, "FOOT": 67.67247904063267, "PASSENGER_CAR": 132.0107051985305, "RAIL_TRIP": 54.160208090572134, "UNKNOWN": 9.867635303844136}, "Total_Count": 22, "Total_Duration": 254177.233, "Total_Distance": 265.93531310517193, "Total_Emission": 30.812115075743826}, "end_percents_count": {"BIKE_TRIP": 0.045454545454545456, "FOOT": 0.7272727272727273, "PASSENGER_CAR": 0.36363636363636365, "RAIL_TRIP": 0.2727272727272727, "UNKNOWN": 0.045454545454545456}, "end_percents_duration": {"BIKE_TRIP": 0.0016743985878546407, "FOOT": 0.9110712130539245, "PASSENGER_CAR": 0.0532763333685358, "RAIL_TRIP": 0.03279614346891564, "UNKNOWN": 0.0011819115207694468}, "end_percents_distance": {"BIKE_TRIP": 0.008364009448842174, "FOOT": 0.2544696988544338, "PASSENGER_CAR": 0.49640156343705655, "RAIL_TRIP": 0.20365933150499982, "UNKNOWN": 0.037105396754667515}}