{"start": {"Count": {"BIKE_TRIP": 2, "FOOT": 8, "PASSENGER_CAR": 13, "RAIL_TRIP": 8}, "Duration": {"BIKE_TRIP": 1321.971, "FOOT": 13918.182, "PASSENGER_CAR": 39900.836, "RAIL_TRIP": 7830.972000000001}, "Distance": {"BIKE_TRIP": 3.7076665932341033, "FOOT": 11.661673956068201, "PASSENGER_CAR": 552.8686056783044, "RAIL_TRIP": 75.42907365230096}, "Total_Count": 18, "Total_Duration": 62971.960999999996, "Total_Distance": 643.6670198799078, "Total_Emission": 121.54627294864571}, "start_percents_count": {"BIKE_TRIP": 0.1111111111111111, "FOOT": 0.4444444444444444, "PASSENGER_CAR": 0.7222222222222222, "RAIL_TRIP": 0.4444444444444444}, "start_percents_duration": {"BIKE_TRIP": 0.02099300988895677, "FOOT": 0.22102189258486013, "PASSENGER_CAR": 0.6336286081356114, "RAIL_TRIP": 0.1243564893905718}, "start_percents_distance": {"BIKE_TRIP": 0.0057602245861934345, "FOOT": 0.01811755705340314, "PASSENGER_CAR": 0.8589357363399727, "RAIL_TRIP": 0.1171864820204306}, "end": {"Count": {"BIKE_TRIP": 2, "FOOT": 6, "PASSENGER_CAR": 8, "RAIL_TRIP": 5, "SCOOTER": 1}, "Duration": {"BIKE_TRIP": 1321.971, "FOOT": 6673.308, "PASSENGER_CAR": 6846.581, "RAIL_TRIP": 2306.6549999999997, "SCOOTER": 2343.681}, "Distance": {"BIKE_TRIP": 3.7076665932341033, "FOOT": 8.133688692622355, "PASSENGER_CAR": 102.75212522861185, "RAIL_TRIP": 13.27862286745331, "SCOOTER": 12.748313940358974}, "Total_Count": 15, "Total_Duration": 19492.195999999996, "Total_Distance": 140.6204173222806, "Total_Emission": 23.19723926948941}, "end_percents_count": {"BIKE_TRIP": 0.13333333333333333, "FOOT": 0.4, "PASSENGER_CAR": 0.5333333333333333, "RAIL_TRIP": 0.3333333333333333, "SCOOTER": 0.06666666666666667}, "end_percents_duration": {"BIKE_TRIP": 0.06782052673798274, "FOOT": 0.34235793647878365, "PASSENGER_CAR": 0.35124728891500995, "RAIL_TRIP": 0.11833735921801732, "SCOOTER": 0.1202368886502065}, "end_percents_distance": {"BIKE_TRIP": 0.02636648833673062, "FOOT": 0.057841448969541735, "PASSENGER_CAR": 0.7307055915864594, "RAIL_TRIP": 0.09442883985346685, "SCOOTER": 0.09065763125380136}}