{"start": {"Count": {"BIKE_TRIP": 1, "FOOT": 5, "PASSENGER_CAR": 3, "RAIL_TRIP": 4}, "Duration": {"BIKE_TRIP": 498.001, "FOOT": 8169.317, "PASSENGER_CAR": 3423.18, "RAIL_TRIP": 3573.9260000000004}, "Distance": {"BIKE_TRIP": 6.610520651040217, "FOOT": 10.037045093355243, "PASSENGER_CAR": 7.106114348759313, "RAIL_TRIP": 4.944013785444983}, "Total_Count": 9, "Total_Duration": 15664.423999999999, "Total_Distance": 28.697693878599758, "Total_Emission": 1.0796877035864696}, "start_percents_count": {"BIKE_TRIP": 0.1111111111111111, "FOOT": 0.5555555555555556, "PASSENGER_CAR": 0.3333333333333333, "RAIL_TRIP": 0.4444444444444444}, "start_percents_duration": {"BIKE_TRIP": 0.031791848841681, "FOOT": 0.5215204210509113, "PASSENGER_CAR": 0.21853213370628885, "RAIL_TRIP": 0.2281555964011189}, "start_percents_distance": {"BIKE_TRIP": 0.2303502392563246, "FOOT": 0.34975092897063753, "PASSENGER_CAR": 0.24761969999472447, "RAIL_TRIP": 0.1722791317783133}, "end": {"Count": {"BIKE_TRIP": 1, "FOOT": 11, "PASSENGER_CAR": 7, "RAIL_TRIP": 4}, "Duration": {"BIKE_TRIP": 602.997, "FOOT": 18056.783, "PASSENGER_CAR": 15630.94, "RAIL_TRIP": 14794.929}, "Distance": {"BIKE_TRIP": 4.811295570464496, "FOOT": 31.10900429788786, "PASSENGER_CAR": 100.06106144670656, "RAIL_TRIP": 145.23836944193644}, "Total_Count": 15, "Total_Duration": 49085.649000000005, "Total_Distance": 281.2197307569954, "Total_Emission": 16.248069602526698}, "end_percents_count": {"BIKE_TRIP": 0.06666666666666667, "FOOT": 0.7333333333333333, "PASSENGER_CAR": 0.4666666666666667, "RAIL_TRIP": 0.26666666666666666}, "end_percents_duration": {"BIKE_TRIP": 0.012284588515881698, "FOOT": 0.36786277390363115, "PASSENGER_CAR": 0.31844215811427895, "RAIL_TRIP": 0.30141047946620814}, "end_percents_distance": {"BIKE_TRIP": 0.01710866999805921, "FOOT": 0.11062169860609619, "PASSENGER_CAR": 0.3558109567111785, "RAIL_TRIP": 0.516458674684666}}