{"start": {"Count": {"BIKE_TRIP": 1, "FOOT": 15, "PASSENGER_CAR": 4, "RAIL_TRIP": 3}, "Duration": {"BIKE_TRIP": 751.488, "FOOT": 43238.547, "PASSENGER_CAR": 5350.562, "RAIL_TRIP": 7759.343}, "Distance": {"BIKE_TRIP": 3.6284045378162784, "FOOT": 37.4118938830344, "PASSENGER_CAR": 41.84060528940357, "RAIL_TRIP": 47.83756032713126}, "Total_Count": 16, "Total_Duration": 57099.94, "Total_Distance": 130.7184640373855, "Total_Emission": 7.637572344649083}, "start_percents_count": {"BIKE_TRIP": 0.0625, "FOOT": 0.9375, "PASSENGER_CAR": 0.25, "RAIL_TRIP": 0.1875}, "start_percents_duration": {"BIKE_TRIP": 0.013160924512355005, "FOOT": 0.7572433000805254, "PASSENGER_CAR": 0.09370521229969768, "RAIL_TRIP": 0.1358905631074218}, "start_percents_distance": {"BIKE_TRIP": 0.027757398807704427, "FOOT": 0.2862020614955711, "PASSENGER_CAR": 0.32008183080729247, "RAIL_TRIP": 0.3659587088894321}, "end": {"Count": {"BIKE_TRIP": 2, "FOOT": 16, "PASSENGER_CAR": 5, "RAIL_TRIP": 7, "UNKNOWN": 1}, "Duration": {"BIKE_TRIP": 2074.187, "FOOT": 54818.267, "PASSENGER_CAR": 4177.451, "RAIL_TRIP": 12594.567000000001, "UNKNOWN": 447.155}, "Distance": {"BIKE_TRIP": 8.991378177351015, "FOOT": 49.50723857478873, "PASSENGER_CAR": 35.1331547860578, "RAIL_TRIP": 111.51199527617881, "UNKNOWN": 9.4711207256036}, "Total_Count": 17, "Total_Duration": 74111.62700000001, "Total_Distance": 214.61488753997995, "Total_Emission": 7.697273037286999}, "end_percents_count": {"BIKE_TRIP": 0.11764705882352941, "FOOT": 0.9411764705882353, "PASSENGER_CAR": 0.29411764705882354, "RAIL_TRIP": 0.4117647058823529, "UNKNOWN": 0.058823529411764705}, "end_percents_duration": {"BIKE_TRIP": 0.0279873359142419, "FOOT": 0.7396716172483974, "PASSENGER_CAR": 0.05636701242572909, "RAIL_TRIP": 0.16994050069903335, "UNKNOWN": 0.006033533712598158}, "end_percents_distance": {"BIKE_TRIP": 0.0418954075386594, "FOOT": 0.2306794236982566, "PASSENGER_CAR": 0.16370325091968727, "RAIL_TRIP": 0.5195911455835308, "UNKNOWN": 0.04413077225986596}}