{"start": {"Count": {"BIKE_TRIP": 2, "FOOT": 37, "PASSENGER_CAR": 10, "RAIL_TRIP": 11, "UNKNOWN": 1}, "Duration": {"BIKE_TRIP": 1757.0320000000002, "FOOT": 74396.138, "PASSENGER_CAR": 9981.525, "RAIL_TRIP": 19754.877, "UNKNOWN": 382.686}, "Distance": {"BIKE_TRIP": 4.2378219398045, "FOOT": 57.77296071921671, "PASSENGER_CAR": 60.382779259406796, "RAIL_TRIP": 116.19715151310692, "UNKNOWN": 8.635659334356415}, "Total_Count": 47, "Total_Duration": 106272.258, "Total_Distance": 247.2263727658913, "Total_Emission": 15.638296720595964}, "start_percents_count": {"BIKE_TRIP": 0.0425531914893617, "FOOT": 0.7872340425531915, "PASSENGER_CAR": 0.2127659574468085, "RAIL_TRIP": 0.23404255319148937, "UNKNOWN": 0.02127659574468085}, "start_percents_duration": {"BIKE_TRIP": 0.016533308250587846, "FOOT": 0.7000522939862631, "PASSENGER_CAR": 0.09392408882476178, "RAIL_TRIP": 0.18588931271226025, "UNKNOWN": 0.003600996226127048}, "start_percents_distance": {"BIKE_TRIP": 0.017141463883456585, "FOOT": 0.23368445717530417, "PASSENGER_CAR": 0.24424084932308457, "RAIL_TRIP": 0.4700030591927938, "UNKNOWN": 0.034930170425361014}, "end": {"Count": {"BIKE_TRIP": 2, "BUS": 1, "FOOT": 46, "PASSENGER_CAR": 10, "RAIL_TRIP": 21}, "Duration": {"BIKE_TRIP": 3370.124, "BUS": 120.093, "FOOT": 105832.644, "PASSENGER_CAR": 14512.49, "RAIL_TRIP": 43770.855}, "Distance": {"BIKE_TRIP": 9.878382734725696, "BUS": 2.94249720268422, "FOOT": 110.04062435164768, "PASSENGER_CAR": 64.37658499754325, "RAIL_TRIP": 251.21012147045232}, "Total_Count": 51, "Total_Duration": 167606.206, "Total_Distance": 438.4482107570532, "Total_Emission": 17.440984113958876}, "end_percents_count": {"BIKE_TRIP": 0.0392156862745098, "BUS": 0.0196078431372549, "FOOT": 0.9019607843137255, "PASSENGER_CAR": 0.19607843137254902, "RAIL_TRIP": 0.4117647058823529}, "end_percents_duration": {"BIKE_TRIP": 0.02010739387537953, "BUS": 0.0007165188143450965, "FOOT": 0.6314363085099606, "PASSENGER_CAR": 0.08658682960701347, "RAIL_TRIP": 0.26115294919330134}, "end_percents_distance": {"BIKE_TRIP": 0.022530329677179065, "BUS": 0.006711162528417012, "FOOT": 0.25097747385408276, "PASSENGER_CAR": 0.1468282534130689, "RAIL_TRIP": 0.5729527805272523}}