{"start": {"Count": {"BIKE_TRIP": 6, "FOOT": 41, "HIGH_SPEED_TRAIN": 1, "MOTORCYCLE": 1, "PASSENGER_CAR": 9, "RAIL_TRIP": 19}, "Duration": {"BIKE_TRIP": 29568.596999999998, "FOOT": 63783.78, "HIGH_SPEED_TRAIN": 3515.534, "MOTORCYCLE": 922.726, "PASSENGER_CAR": 7416.381, "RAIL_TRIP": 21105.314}, "Distance": {"BIKE_TRIP": 49.483490306031506, "FOOT": 127.92950334867639, "HIGH_SPEED_TRAIN": 197.09590195726477, "MOTORCYCLE": 12.787489324209934, "PASSENGER_CAR": 40.039402644400866, "RAIL_TRIP": 119.45276134736825}, "Total_Count": 58, "Total_Duration": 126312.33200000001, "Total_Distance": 546.7885489279518, "Total_Emission": 12.179926437968945}, "start_percents_count": {"BIKE_TRIP": 0.10344827586206896, "FOOT": 0.7068965517241379, "HIGH_SPEED_TRAIN": 0.017241379310344827, "MOTORCYCLE": 0.017241379310344827, "PASSENGER_CAR": 0.15517241379310345, "RAIL_TRIP": 0.3275862068965517}, "start_percents_duration": {"BIKE_TRIP": 0.23409113371448162, "FOOT": 0.5049687468362154, "HIGH_SPEED_TRAIN": 0.027832072643548374, "MOTORCYCLE": 0.007305114119815315, "PASSENGER_CAR": 0.05871462336709926, "RAIL_TRIP": 0.1670883093188399}, "start_percents_distance": {"BIKE_TRIP": 0.0904984027245087, "FOOT": 0.23396522037540543, "HIGH_SPEED_TRAIN": 0.3604609173760063, "MOTORCYCLE": 0.02338653461064872, "PASSENGER_CAR": 0.07322648347867414, "RAIL_TRIP": 0.21846244143475668}, "end": {"Count": {"BIKE_TRIP": 6, "BUS": 1, "FOOT": 29, "MOTORCYCLE": 2, "PASSENGER_CAR": 10, "RAIL_TRIP": 37}, "Duration": {"BIKE_TRIP": 30677.310999999998, "BUS": 427.169, "FOOT": 69418.516, "MOTORCYCLE": 2313.126, "PASSENGER_CAR": 37747.263, "RAIL_TRIP": 48839.849}, "Distance": {"BIKE_TRIP": 54.27346222119089, "BUS": 2.137745529541329, "FOOT": 61.16088844305911, "MOTORCYCLE": 29.071931492786618, "PASSENGER_CAR": 51.084534920904275, "RAIL_TRIP": 218.9619729253971}, "Total_Count": 60, "Total_Duration": 189423.234, "Total_Distance": 416.6905355328794, "Total_Emission": 14.485891687921185}, "end_percents_count": {"BIKE_TRIP": 0.1, "BUS": 0.016666666666666666, "FOOT": 0.48333333333333334, "MOTORCYCLE": 0.03333333333333333, "PASSENGER_CAR": 0.16666666666666666, "RAIL_TRIP": 0.6166666666666667}, "end_percents_duration": {"BIKE_TRIP": 0.16195115220131864, "BUS": 0.00225510351069183, "FOOT": 0.36647308006577484, "MOTORCYCLE": 0.012211416472807133, "PASSENGER_CAR": 0.19927472571817667, "RAIL_TRIP": 0.25783452203123086}, "end_percents_distance": {"BIKE_TRIP": 0.1302488479892733, "BUS": 0.005130295380497424, "FOOT": 0.1467777240604812, "MOTORCYCLE": 0.06976863886675119, "PASSENGER_CAR": 0.12259586087208693, "RAIL_TRIP": 0.5254786328309098}}