{"start": {"Count": {"BIKE_TRIP": 3, "BUS": 1, "FOOT": 39, "PASSENGER_CAR": 18, "RAIL_TRIP": 35, "UNKNOWN": 2}, "Duration": {"BIKE_TRIP": 1973.285, "BUS": 120.175, "FOOT": 54791.34, "PASSENGER_CAR": 24999.663, "RAIL_TRIP": 69272.004, "UNKNOWN": 1105.479}, "Distance": {"BIKE_TRIP": 6.987945306828195, "BUS": 1.1616999811638318, "FOOT": 55.68188337282008, "PASSENGER_CAR": 224.36010102227044, "RAIL_TRIP": 404.527325508718, "UNKNOWN": 47.746777580265544}, "Total_Count": 58, "Total_Duration": 152261.946, "Total_Distance": 740.4657327720661, "Total_Emission": 51.26792711638567}, "start_percents_count": {"BIKE_TRIP": 0.05172413793103448, "BUS": 0.017241379310344827, "FOOT": 0.6724137931034483, "PASSENGER_CAR": 0.3103448275862069, "RAIL_TRIP": 0.603448275862069, "UNKNOWN": 0.034482758620689655}, "start_percents_duration": {"BIKE_TRIP": 0.012959804152246944, "BUS": 0.000789264837059156, "FOOT": 0.35984920355608746, "PASSENGER_CAR": 0.16418851628232836, "RAIL_TRIP": 0.45495283503075684, "UNKNOWN": 0.007260376141521271}, "start_percents_distance": {"BIKE_TRIP": 0.009437229837318156, "BUS": 0.001568877437197262, "FOOT": 0.075198460790839, "PASSENGER_CAR": 0.30299862788023724, "RAIL_TRIP": 0.5463147146516795, "UNKNOWN": 0.06448208940272891}, "end": {"Count": {"BIKE_TRIP": 3, "BUS": 1, "FOOT": 39, "MOTORCYCLE": 1, "PASSENGER_CAR": 22, "RAIL_TRIP": 37}, "Duration": {"BIKE_TRIP": 1611.147, "BUS": 240.403, "FOOT": 185705.793, "MOTORCYCLE": 611.586, "PASSENGER_CAR": 36432.26, "RAIL_TRIP": 58075.622}, "Distance": {"BIKE_TRIP": 7.544485742861305, "BUS": 2.011957523165719, "FOOT": 440.58170398391684, "MOTORCYCLE": 5.174017504563736, "PASSENGER_CAR": 288.56503467371317, "RAIL_TRIP": 319.7375062400217}, "Total_Count": 63, "Total_Duration": 282676.811, "Total_Distance": 1063.6147056682426, "Total_Emission": 64.59153201349524}, "end_percents_count": {"BIKE_TRIP": 0.047619047619047616, "BUS": 0.015873015873015872, "FOOT": 0.6190476190476191, "MOTORCYCLE": 0.015873015873015872, "PASSENGER_CAR": 0.3492063492063492, "RAIL_TRIP": 0.5873015873015873}, "end_percents_duration": {"BIKE_TRIP": 0.005699607952631106, "BUS": 0.0008504517903309728, "FOOT": 0.6569544645103557, "MOTORCYCLE": 0.0021635520714856234, "PASSENGER_CAR": 0.12888308691157552, "RAIL_TRIP": 0.20544883676362122}, "end_percents_distance": {"BIKE_TRIP": 0.00709325068810636, "BUS": 0.00189162251372, "FOOT": 0.4142305494987589, "MOTORCYCLE": 0.004864559954831604, "PASSENGER_CAR": 0.2713059843342566, "RAIL_TRIP": 0.3006140330103264}}