{"start": {"Count": {"FOOT": 2, "PASSENGER_CAR": 4}, "Duration": {"FOOT": 3426.75, "PASSENGER_CAR": 988.688}, "Distance": {"FOOT": 3.8557380330290725, "PASSENGER_CAR": 7.754140475874879}, "Total_Count": 5, "Total_Duration": 4415.438, "Total_Distance": 11.609878508903954, "Total_Emission": 1.7510330549217552}, "start_percents_count": {"FOOT": 0.4, "PASSENGER_CAR": 0.8}, "start_percents_duration": {"FOOT": 0.7760838222618005, "PASSENGER_CAR": 0.22391617773819947}, "start_percents_distance": {"FOOT": 0.3321083877037985, "PASSENGER_CAR": 0.6678916122962013}, "end": {"Count": {"FOOT": 2, "PASSENGER_CAR": 4}, "Duration": {"FOOT": 2765.03, "PASSENGER_CAR": 740.01}, "Distance": {"FOOT": 2.076773669103061, "PASSENGER_CAR": 6.901861389007935}, "Total_Count": 5, "Total_Duration": 3505.04, "Total_Distance": 8.978635058110997, "Total_Emission": 1.6246945889246702}, "end_percents_count": {"FOOT": 0.4, "PASSENGER_CAR": 0.8}, "end_percents_duration": {"FOOT": 0.7888725948919271, "PASSENGER_CAR": 0.21112740510807296}, "end_percents_distance": {"FOOT": 0.23130171297328467, "PASSENGER_CAR": 0.7686982870267152}}