{"start": {"Count": {"BIKE_TRIP": 2, "BUS": 1, "FOOT": 16, "MOTORCYCLE": 1, "PASSENGER_CAR": 21, "RAIL_TRIP": 21}, "Duration": {"BIKE_TRIP": 3472.053, "BUS": 206.531, "FOOT": 20059.836, "MOTORCYCLE": 300.967, "PASSENGER_CAR": 23990.115, "RAIL_TRIP": 29298.991}, "Distance": {"BIKE_TRIP": 13.629130036527219, "BUS": 1.9334455234246888, "FOOT": 38.781381217797545, "MOTORCYCLE": 7.639109894599552, "PASSENGER_CAR": 289.751105562281, "RAIL_TRIP": 309.6270962013062}, "Total_Count": 40, "Total_Duration": 77328.493, "Total_Distance": 661.3612684359363, "Total_Emission": 56.21957113557231}, "start_percents_count": {"BIKE_TRIP": 0.05, "BUS": 0.025, "FOOT": 0.4, "MOTORCYCLE": 0.025, "PASSENGER_CAR": 0.525, "RAIL_TRIP": 0.525}, "start_percents_duration": {"BIKE_TRIP": 0.04490004738615558, "BUS": 0.00267082665118018, "FOOT": 0.25941066768235094, "MOTORCYCLE": 0.00389205826111211, "PASSENGER_CAR": 0.31023642216847547, "RAIL_TRIP": 0.37888997785072576}, "start_percents_distance": {"BIKE_TRIP": 0.02060769308241918, "BUS": 0.002923433251537582, "FOOT": 0.05863872450455444, "MOTORCYCLE": 0.011550585525918994, "PASSENGER_CAR": 0.43811320588446007, "RAIL_TRIP": 0.46816635775110965}, "end": {"Count": {"BIKE_TRIP": 1, "BUS": 1, "FOOT": 19, "MOTORCYCLE": 1, "PASSENGER_CAR": 24, "RAIL_TRIP": 23, "UNKNOWN": 1}, "Duration": {"BIKE_TRIP": 309.399, "BUS": 120.101, "FOOT": 29961.438000000002, "MOTORCYCLE": 601.579, "PASSENGER_CAR": 52751.874, "RAIL_TRIP": 38217.79, "UNKNOWN": 1681.487}, "Distance": {"BIKE_TRIP": 1.7088626508541758, "BUS": 0.5467321904986654, "FOOT": 41.43836041850937, "MOTORCYCLE": 4.182755395960453, "PASSENGER_CAR": 572.3542047315756, "RAIL_TRIP": 398.02717772581195, "UNKNOWN": 38.12704123411274}, "Total_Count": 47, "Total_Duration": 123643.66799999999, "Total_Distance": 1056.385134347323, "Total_Emission": 99.74103994847992}, "end_percents_count": {"BIKE_TRIP": 0.02127659574468085, "BUS": 0.02127659574468085, "FOOT": 0.40425531914893614, "MOTORCYCLE": 0.02127659574468085, "PASSENGER_CAR": 0.5106382978723404, "RAIL_TRIP": 0.48936170212765956, "UNKNOWN": 0.02127659574468085}, "end_percents_duration": {"BIKE_TRIP": 0.0025023440747487372, "BUS": 0.00097134776040452, "FOOT": 0.24232084412118868, "MOTORCYCLE": 0.004865425053549851, "PASSENGER_CAR": 0.4266443632196354, "RAIL_TRIP": 0.30909621671851406, "UNKNOWN": 0.013599459051958893}, "end_percents_distance": {"BIKE_TRIP": 0.0016176511721835043, "BUS": 0.0005175500607895797, "FOOT": 0.03922656526600182, "MOTORCYCLE": 0.003959498538896732, "PASSENGER_CAR": 0.5418044859985642, "RAIL_TRIP": 0.376782259409329, "UNKNOWN": 0.03609198955423502}}