{"start": {"Count": {"FOOT": 5, "PASSENGER_CAR": 2, "RAIL_TRIP": 4}, "Duration": {"FOOT": 3664.722, "PASSENGER_CAR": 715.6600000000001, "RAIL_TRIP": 3066.0769999999998}, "Distance": {"FOOT": 5.019299393948996, "PASSENGER_CAR": 4.548213718514401, "RAIL_TRIP": 17.011597367455206}, "Total_Count": 11, "Total_Duration": 7446.459000000001, "Total_Distance": 26.579110479918604}, "start_percents_count": {"FOOT": 0.45454545454545453, "PASSENGER_CAR": 0.18181818181818182, "RAIL_TRIP": 0.36363636363636365}, "start_percents_duration": {"FOOT": 0.4921429098045124, "PASSENGER_CAR": 0.09610742501905939, "RAIL_TRIP": 0.4117496651764281}, "start_percents_distance": {"FOOT": 0.18884376878380646, "PASSENGER_CAR": 0.17111986204168597, "RAIL_TRIP": 0.6400363691745076}, "end": {"Count": {"BUS": 1, "FOOT": 10, "RAIL_TRIP": 6, "UNKNOWN": 1}, "Duration": {"BUS": 1764.846, "FOOT": 15034.451, "RAIL_TRIP": 6939.279, "UNKNOWN": 392.311}, "Distance": {"BUS": 8.143190210861633, "FOOT": 18.103757431825606, "RAIL_TRIP": 28.179488365383992, "UNKNOWN": 0.5114695445747611}, "Total_Count": 18, "Total_Duration": 24130.887000000002, "Total_Distance": 54.937905552646}, "end_percents_count": {"BUS": 0.05555555555555555, "FOOT": 0.5555555555555556, "RAIL_TRIP": 0.3333333333333333, "UNKNOWN": 0.05555555555555555}, "end_percents_duration": {"BUS": 0.07313639154665139, "FOOT": 0.6230376446584827, "RAIL_TRIP": 0.2875683351382815, "UNKNOWN": 0.016257628656584398}, "end_percents_distance": {"BUS": 0.14822534876321705, "FOOT": 0.3295312635185392, "RAIL_TRIP": 0.5129334306052148, "UNKNOWN": 0.009309957113028802}}