{"start": {"Count": {"BIKE_TRIP": 1, "FOOT": 23, "HIGH_SPEED_TRAIN": 1, "PASSENGER_CAR": 7, "RAIL_TRIP": 19}, "Duration": {"BIKE_TRIP": 300.622, "FOOT": 40809.964, "HIGH_SPEED_TRAIN": 1454.227, "PASSENGER_CAR": 7486.796, "RAIL_TRIP": 27616.655000000002}, "Distance": {"BIKE_TRIP": 1.3778065513422784, "FOOT": 59.330677612089275, "HIGH_SPEED_TRAIN": 8.991625951220904, "PASSENGER_CAR": 39.242172350584916, "RAIL_TRIP": 116.80399745761737}, "Total_Count": 30, "Total_Duration": 77668.264, "Total_Distance": 225.74627992285474, "Total_Emission": 8.309187939803948}, "start_percents_count": {"BIKE_TRIP": 0.03333333333333333, "FOOT": 0.7666666666666667, "HIGH_SPEED_TRAIN": 0.03333333333333333, "PASSENGER_CAR": 0.23333333333333334, "RAIL_TRIP": 0.6333333333333333}, "start_percents_duration": {"BIKE_TRIP": 0.0038705899233179722, "FOOT": 0.5254393737962265, "HIGH_SPEED_TRAIN": 0.01872356771100227, "PASSENGER_CAR": 0.09639453252103074, "RAIL_TRIP": 0.35557193604842263}, "start_percents_distance": {"BIKE_TRIP": 0.0061033411129216494, "FOOT": 0.26282017861984086, "HIGH_SPEED_TRAIN": 0.03983067164736292, "PASSENGER_CAR": 0.17383308537352338, "RAIL_TRIP": 0.5174127232463512}, "end": {"Count": {"BUS": 1, "FOOT": 25, "HIGH_SPEED_TRAIN": 1, "PASSENGER_CAR": 7, "RAIL_TRIP": 21}, "Duration": {"BUS": 2107.469, "FOOT": 48968.019, "HIGH_SPEED_TRAIN": 1454.227, "PASSENGER_CAR": 7635.44, "RAIL_TRIP": 35742.079}, "Distance": {"BUS": 2.510449567012373, "FOOT": 77.66892961321159, "HIGH_SPEED_TRAIN": 8.991625951220904, "PASSENGER_CAR": 68.85296215589887, "RAIL_TRIP": 198.31842320755612}, "Total_Count": 34, "Total_Duration": 95907.23400000001, "Total_Distance": 356.34239049489986, "Total_Emission": 15.645181509212259}, "end_percents_count": {"BUS": 0.029411764705882353, "FOOT": 0.7352941176470589, "HIGH_SPEED_TRAIN": 0.029411764705882353, "PASSENGER_CAR": 0.20588235294117646, "RAIL_TRIP": 0.6176470588235294}, "end_percents_duration": {"BUS": 0.02197403586886887, "FOOT": 0.5105769080985069, "HIGH_SPEED_TRAIN": 0.015162849968126491, "PASSENGER_CAR": 0.07961276414248375, "RAIL_TRIP": 0.37267344192201385}, "end_percents_distance": {"BUS": 0.007045048902337382, "FOOT": 0.21796152151682674, "HIGH_SPEED_TRAIN": 0.025233107794817907, "PASSENGER_CAR": 0.19322136235398107, "RAIL_TRIP": 0.5565389594320369}}