{"start": {"Count": {"BIKE_TRIP": 3, "BUS": 2, "FOOT": 15, "HIGH_SPEED_TRAIN": 1, "MOTORCYCLE": 1, "PASSENGER_CAR": 11, "RAIL_TRIP": 6}, "Duration": {"BIKE_TRIP": 3727.558, "BUS": 781.565, "FOOT": 78100.793, "HIGH_SPEED_TRAIN": 1019.526, "MOTORCYCLE": 2404.198, "PASSENGER_CAR": 75865.481, "RAIL_TRIP": 13253.512999999999}, "Distance": {"BIKE_TRIP": 30.682197440900932, "BUS": 3.592814168226246, "FOOT": 48.65789787114943, "HIGH_SPEED_TRAIN": 17.65735815870928, "MOTORCYCLE": 26.197969718603403, "PASSENGER_CAR": 172.9744040370342, "RAIL_TRIP": 63.83312025502469}, "Total_Count": 29, "Total_Duration": 175152.63400000002, "Total_Distance": 363.59576164964824, "Total_Emission": 39.55450843118571}, "start_percents_count": {"BIKE_TRIP": 0.10344827586206896, "BUS": 0.06896551724137931, "FOOT": 0.5172413793103449, "HIGH_SPEED_TRAIN": 0.034482758620689655, "MOTORCYCLE": 0.034482758620689655, "PASSENGER_CAR": 0.3793103448275862, "RAIL_TRIP": 0.20689655172413793}, "start_percents_duration": {"BIKE_TRIP": 0.02128176959074449, "BUS": 0.004462193814339098, "FOOT": 0.44590133311954644, "HIGH_SPEED_TRAIN": 0.005820786000854545, "MOTORCYCLE": 0.013726302283298804, "PASSENGER_CAR": 0.43313925270458675, "RAIL_TRIP": 0.0756683624866298}, "start_percents_distance": {"BIKE_TRIP": 0.08438546506068882, "BUS": 0.009881342268472842, "FOOT": 0.13382416134441896, "HIGH_SPEED_TRAIN": 0.048563157278283864, "MOTORCYCLE": 0.07205246177717305, "PASSENGER_CAR": 0.47573272926021615, "RAIL_TRIP": 0.1755606830107461}, "end": {"Count": {"BIKE_TRIP": 2, "BUS": 2, "FOOT": 29, "HIGH_SPEED_TRAIN": 1, "MOTORCYCLE": 1, "PASSENGER_CAR": 28, "RAIL_TRIP": 15, "UNKNOWN": 1}, "Duration": {"BIKE_TRIP": 721.186, "BUS": 1699.548, "FOOT": 64027.409, "HIGH_SPEED_TRAIN": 539.576, "MOTORCYCLE": 1262.947, "PASSENGER_CAR": 51940.099, "RAIL_TRIP": 21749.66, "UNKNOWN": 240.409}, "Distance": {"BIKE_TRIP": 1.9448544267421881, "BUS": 13.970539252128965, "FOOT": 109.71794244697021, "HIGH_SPEED_TRAIN": 9.873514465439628, "MOTORCYCLE": 11.154234071511596, "PASSENGER_CAR": 596.3382706052724, "RAIL_TRIP": 166.5116075848233, "UNKNOWN": 7.480928945663993}, "Total_Count": 49, "Total_Duration": 142180.83399999997, "Total_Distance": 916.9918917985524, "Total_Emission": 152.42271038427887}, "end_percents_count": {"BIKE_TRIP": 0.04081632653061224, "BUS": 0.04081632653061224, "FOOT": 0.5918367346938775, "HIGH_SPEED_TRAIN": 0.02040816326530612, "MOTORCYCLE": 0.02040816326530612, "PASSENGER_CAR": 0.5714285714285714, "RAIL_TRIP": 0.30612244897959184, "UNKNOWN": 0.02040816326530612}, "end_percents_duration": {"BIKE_TRIP": 0.0050723151616905, "BUS": 0.011953425452547285, "FOOT": 0.4503237686733502, "HIGH_SPEED_TRAIN": 0.0037949981359653587, "MOTORCYCLE": 0.008882681051090193, "PASSENGER_CAR": 0.3653101303372578, "RAIL_TRIP": 0.15297181334581286, "UNKNOWN": 0.0016908678422859725}, "end_percents_distance": {"BIKE_TRIP": 0.002120906895837024, "BUS": 0.015235182968442274, "FOOT": 0.11964985015491651, "HIGH_SPEED_TRAIN": 0.010767286552636904, "MOTORCYCLE": 0.012163939693767752, "PASSENGER_CAR": 0.6503201129026753, "RAIL_TRIP": 0.18158460186407308, "UNKNOWN": 0.008158118967651054}}