{"start": {"Count": {"BIKE_TRIP": 2, "FOOT": 13, "PASSENGER_CAR": 1, "RAIL_TRIP": 6}, "Duration": {"BIKE_TRIP": 2089.494, "FOOT": 26483.02, "PASSENGER_CAR": 240.711, "RAIL_TRIP": 11422.347}, "Distance": {"BIKE_TRIP": 2.6725702528293276, "FOOT": 51.20538477869622, "PASSENGER_CAR": 1.178364297980549, "RAIL_TRIP": 119.59217103899314}, "Total_Count": 15, "Total_Duration": 40235.572, "Total_Distance": 174.64849036849927, "Total_Emission": 0.868388432094815}, "start_percents_count": {"BIKE_TRIP": 0.13333333333333333, "FOOT": 0.8666666666666667, "PASSENGER_CAR": 0.06666666666666667, "RAIL_TRIP": 0.4}, "start_percents_duration": {"BIKE_TRIP": 0.051931509759572954, "FOOT": 0.6581991676420059, "PASSENGER_CAR": 0.0059825420153092395, "RAIL_TRIP": 0.2838867805831119}, "start_percents_distance": {"BIKE_TRIP": 0.015302567157553683, "FOOT": 0.2931911101587853, "PASSENGER_CAR": 0.006747062602684177, "RAIL_TRIP": 0.6847592600809767}, "end": {"Count": {"BIKE_TRIP": 1, "FOOT": 13, "RAIL_TRIP": 6}, "Duration": {"BIKE_TRIP": 617.981, "FOOT": 15620.776, "RAIL_TRIP": 6992.821}, "Distance": {"BIKE_TRIP": 1.5224003320859971, "FOOT": 17.611385113148337, "RAIL_TRIP": 31.225948709135878}, "Total_Count": 17, "Total_Duration": 23231.578, "Total_Distance": 50.35973415437021, "Total_Emission": 0.156129743545679}, "end_percents_count": {"BIKE_TRIP": 0.058823529411764705, "FOOT": 0.7647058823529411, "RAIL_TRIP": 0.35294117647058826}, "end_percents_duration": {"BIKE_TRIP": 0.026600905026770028, "FOOT": 0.6723941008225958, "RAIL_TRIP": 0.3010049941506341}, "end_percents_distance": {"BIKE_TRIP": 0.030230507719109623, "FOOT": 0.34971163785661136, "RAIL_TRIP": 0.6200578544242791}}