{"start": {"Count": {"FOOT": 8, "PASSENGER_CAR": 3, "RAIL_TRIP": 1}, "Duration": {"FOOT": 30283.508, "PASSENGER_CAR": 9720.121, "RAIL_TRIP": 1871.608}, "Distance": {"FOOT": 25.461520378347082, "PASSENGER_CAR": 223.18749292182576, "RAIL_TRIP": 12.904680809580077}, "Total_Count": 9, "Total_Duration": 41875.237, "Total_Distance": 261.5536941097529, "Total_Emission": 45.39828316573188}, "start_percents_count": {"FOOT": 0.8888888888888888, "PASSENGER_CAR": 0.3333333333333333, "RAIL_TRIP": 0.1111111111111111}, "start_percents_duration": {"FOOT": 0.7231841577398117, "PASSENGER_CAR": 0.23212097880186322, "RAIL_TRIP": 0.04469486345832502}, "start_percents_distance": {"FOOT": 0.09734720232115301, "PASSENGER_CAR": 0.8533142446390838, "RAIL_TRIP": 0.04933855303976333}, "end": {"Count": {"BIKE_TRIP": 1, "FOOT": 16, "PASSENGER_CAR": 6, "RAIL_TRIP": 9}, "Duration": {"BIKE_TRIP": 420.931, "FOOT": 34313.818, "PASSENGER_CAR": 11026.596, "RAIL_TRIP": 23433.124}, "Distance": {"BIKE_TRIP": 0.991630652960013, "FOOT": 34.84009659083182, "PASSENGER_CAR": 167.86085530972198, "RAIL_TRIP": 201.12279157105525}, "Total_Count": 19, "Total_Duration": 69194.469, "Total_Distance": 404.8153741245691, "Total_Emission": 29.17792257481911}, "end_percents_count": {"BIKE_TRIP": 0.05263157894736842, "FOOT": 0.8421052631578947, "PASSENGER_CAR": 0.3157894736842105, "RAIL_TRIP": 0.47368421052631576}, "end_percents_duration": {"BIKE_TRIP": 0.006083304143861557, "FOOT": 0.49590405845877655, "PASSENGER_CAR": 0.1593566098469518, "RAIL_TRIP": 0.33865602755041013}, "end_percents_distance": {"BIKE_TRIP": 0.0024495874325535624, "FOOT": 0.086064163610819, "PASSENGER_CAR": 0.4146602773492198, "RAIL_TRIP": 0.4968259716074076}}