{"start": {"Count": {"BUS": 1, "FOOT": 2, "PASSENGER_CAR": 2, "RAIL_TRIP": 5, "SCOOTER": 1}, "Duration": {"BUS": 230.178, "FOOT": 795.971, "PASSENGER_CAR": 3064.132, "RAIL_TRIP": 7699.584999999999, "SCOOTER": 2102.351}, "Distance": {"BUS": 1.638667746044384, "FOOT": 1.5072293507102943, "PASSENGER_CAR": 37.5565666389966, "RAIL_TRIP": 93.73111545040241, "SCOOTER": 5.895403834349959}, "Total_Count": 8, "Total_Duration": 13892.217, "Total_Distance": 140.32898302050364, "Total_Emission": 6.815707824833705}, "start_percents_count": {"BUS": 0.125, "FOOT": 0.25, "PASSENGER_CAR": 0.25, "RAIL_TRIP": 0.625, "SCOOTER": 0.125}, "start_percents_duration": {"BUS": 0.016568845706916326, "FOOT": 0.0572961824595743, "PASSENGER_CAR": 0.2205646514159691, "RAIL_TRIP": 0.5542373114384838, "SCOOTER": 0.1513330089790564}, "start_percents_distance": {"BUS": 0.01167732930698255, "FOOT": 0.010740684627423482, "PASSENGER_CAR": 0.2676322868634284, "RAIL_TRIP": 0.6679383932876307, "SCOOTER": 0.04201130591453495}, "end": {"Count": {"FOOT": 1, "PASSENGER_CAR": 1, "RAIL_TRIP": 2, "SCOOTER": 1}, "Duration": {"FOOT": 343.417, "PASSENGER_CAR": 1665.299, "RAIL_TRIP": 1321.702, "SCOOTER": 1321.28}, "Distance": {"FOOT": 1.3456806893461752, "PASSENGER_CAR": 6.9268843343368065, "RAIL_TRIP": 6.519073995162369, "SCOOTER": 4.600520499402023}, "Total_Count": 5, "Total_Duration": 4651.698, "Total_Distance": 19.39215951824737, "Total_Emission": 2.0571173240953495}, "end_percents_count": {"FOOT": 0.2, "PASSENGER_CAR": 0.2, "RAIL_TRIP": 0.4, "SCOOTER": 0.2}, "end_percents_duration": {"FOOT": 0.07382615982378907, "PASSENGER_CAR": 0.3579980901597653, "RAIL_TRIP": 0.28413323478867286, "SCOOTER": 0.28404251522777274}, "end_percents_distance": {"FOOT": 0.06939302907857862, "PASSENGER_CAR": 0.35720025548566886, "RAIL_TRIP": 0.3361706048791595, "SCOOTER": 0.23723611055659313}}