{"start": {"Count": {"BIKE_TRIP": 1, "BUS": 1, "FOOT": 21, "PASSENGER_CAR": 11, "RAIL_TRIP": 24}, "Duration": {"BIKE_TRIP": 752.977, "BUS": 1382.621, "FOOT": 80008.39300000001, "PASSENGER_CAR": 21949.117, "RAIL_TRIP": 32848.996}, "Distance": {"BIKE_TRIP": 1.947637507364648, "BUS": 8.35070735030106, "FOOT": 39.17433271444034, "PASSENGER_CAR": 388.561573704211, "RAIL_TRIP": 189.1507253434156}, "Total_Count": 40, "Total_Duration": 136942.10400000002, "Total_Distance": 627.1849766197327, "Total_Emission": 69.04509132063279}, "start_percents_count": {"BIKE_TRIP": 0.025, "BUS": 0.025, "FOOT": 0.525, "PASSENGER_CAR": 0.275, "RAIL_TRIP": 0.6}, "start_percents_duration": {"BIKE_TRIP": 0.005498506142420595, "BUS": 0.010096390807607278, "FOOT": 0.5842497717137455, "PASSENGER_CAR": 0.16028026705358633, "RAIL_TRIP": 0.23987506428264016}, "start_percents_distance": {"BIKE_TRIP": 0.0031053637761886575, "BUS": 0.013314584471247884, "FOOT": 0.062460572518132966, "PASSENGER_CAR": 0.6195326549408071, "RAIL_TRIP": 0.3015868242936234}, "end": {"Count": {"BIKE_TRIP": 2, "FOOT": 22, "PASSENGER_CAR": 13, "RAIL_TRIP": 27, "UNKNOWN": 2}, "Duration": {"BIKE_TRIP": 681.046, "FOOT": 42508.534999999996, "PASSENGER_CAR": 7185.186, "RAIL_TRIP": 33628.361, "UNKNOWN": 865.399}, "Distance": {"BIKE_TRIP": 5.1840022906841545, "FOOT": 57.1076366220332, "PASSENGER_CAR": 64.54749448440917, "RAIL_TRIP": 206.28011157889836, "UNKNOWN": 35.36501770083097}, "Total_Count": 40, "Total_Duration": 84868.527, "Total_Distance": 368.48426267685585, "Total_Emission": 15.320422260363857}, "end_percents_count": {"BIKE_TRIP": 0.05, "FOOT": 0.55, "PASSENGER_CAR": 0.325, "RAIL_TRIP": 0.675, "UNKNOWN": 0.05}, "end_percents_duration": {"BIKE_TRIP": 0.008024718044181443, "FOOT": 0.5008751359617682, "PASSENGER_CAR": 0.08466255105381998, "RAIL_TRIP": 0.3962406582124372, "UNKNOWN": 0.010196936727793095}, "end_percents_distance": {"BIKE_TRIP": 0.014068449634795643, "FOOT": 0.15497985234749098, "PASSENGER_CAR": 0.17517028818409655, "RAIL_TRIP": 0.559807113824551, "UNKNOWN": 0.09597429600906593}}